Personal Data,,,,,,,,Endorsement Data,,,,,,,,,,Electoral Data,,,,Factchecking Columns,,
Candidate,Incumbent,Open Primary,State,Primary Date,Office,District,Gender,EMILY's List,Justice Dems,Indivisible,PCCC,Our Revolution,Sanders,AOC,Party Committee,Biden,Obama,Primary %,Primary Outcome,"Checked? (not H, I, T)",,Man vs. Woman?,"Checked? inc. H, I, T, W",Notes
Chris Coons,Yes,No,Delaware,9/15/2020,Senator,N/A,Male,N/A,N/A,N/A,N/A,N/A,N/A,N/A,N/A,N/A,N/A,,,UPDATED,,,,
Jess Scarane,No,No,Delaware,9/15/2020,Senator,N/A,Female,N/A,N/A,N/A,N/A,N/A,N/A,N/A,N/A,N/A,N/A,,lost,UPDATED,,,,
Lisa Blunt Rochester,Yes,No,Delaware,9/15/2020,Representative,At-Large,Female,N/A,N/A,N/A,N/A,N/A,N/A,N/A,N/A,N/A,N/A,,won,UPDATED,,,,
John Carney,Yes,No,Delaware,9/15/2020,Governor,N/A,Male,N/A,N/A,N/A,N/A,N/A,N/A,N/A,N/A,N/A,N/A,,,UPDATED,,,,
David Lamar Williams Jr. ,No,No,Delaware,9/15/2020,Governor,N/A,Male,N/A,N/A,N/A,N/A,N/A,N/A,N/A,N/A,N/A,N/A,,,UPDATED,,,,
Tom Alciere,No,No,New Hampshire,9/8/2020,Senator,N/A,Male,No,N/A,N/A,N/A,N/A,N/A,N/A,N/A,N/A,N/A,,,UPDATED,,,,
Paul Krautmann,No,No,New Hampshire,9/8/2020,Senator,N/A,Male,No,N/A,N/A,N/A,N/A,N/A,N/A,N/A,N/A,N/A,,,UPDATED,,,,
Jeanne Shaheen,Yes,No,New Hampshire,9/8/2020,Senator,N/A,Female,Yes,N/A,N/A,N/A,N/A,N/A,N/A,N/A,N/A,N/A,,won,UPDATED,,,,
Chris Pappas,Yes,No,New Hampshire,9/8/2020,Representative,1,Male,N/A,N/A,N/A,N/A,N/A,N/A,N/A,N/A,N/A,N/A,,,UPDATED,,,,
Ann Kuster,Yes,No,New Hampshire,9/8/2020,Representative,2,Female,N/A,N/A,N/A,N/A,N/A,N/A,N/A,N/A,N/A,N/A,,won,UPDATED,,,,
Joseph Mirzoeff,No,No,New Hampshire,9/8/2020,Representative,2,Male,N/A,N/A,N/A,N/A,N/A,N/A,N/A,N/A,N/A,N/A,,,UPDATED,,,,
Dan Feltes,No,Yes,New Hampshire,9/8/2020,Governor,N/A,Male,N/A,N/A,N/A,N/A,N/A,N/A,N/A,N/A,N/A,N/A,,,UPDATED,,,,
Andru Volinsky,No,Yes,New Hampshire,9/8/2020,Governor,N/A,Male,N/A,N/A,N/A,N/A,N/A,N/A,N/A,N/A,N/A,N/A,,,UPDATED,,,,
Jack Reed,Yes,No,Rhode Island,9/8/2020,Senator,N/A,Male,N/A,N/A,N/A,N/A,N/A,N/A,N/A,N/A,N/A,N/A,,,UPDATED,,,,
David Cicilline,Yes,No,Rhode Island,9/8/2020,Representative,1,Male,N/A,N/A,N/A,N/A,N/A,N/A,N/A,N/A,N/A,N/A,,,UPDATED,,,,
Dylan Conley,No,No,Rhode Island,9/8/2020,Representative,2,Male,N/A,N/A,N/A,N/A,N/A,N/A,N/A,N/A,N/A,N/A,,,UPDATED,,,,
Jim Langevin,Yes,No,Rhode Island,9/8/2020,Representative,2,Male,N/A,N/A,N/A,N/A,N/A,N/A,N/A,N/A,N/A,N/A,,,UPDATED,,,,
Ed Markey,Yes,No,Massachusetts,9/1/2020,Senator,N/A,Male,,,,,,,,N/A,N/A,N/A,,,UPDATED,,,,
Joe Kennedy III,No,No,Massachusetts,9/1/2020,Senator,N/A,Male,,,,,,,,N/A,N/A,N/A,,,UPDATED,,,,
Richard Neal,Yes,No,Massachusetts,9/1/2020,Representative,1,Male,,,,,,,,,N/A,N/A,,,UPDATED,,,,
Alex Morse,No,No,Massachusetts,9/1/2020,Representative,1,Male,,,,,,,,,N/A,N/A,,,UPDATED,,,,
Jim McGovern,Yes,No,Massachusetts,9/1/2020,Representative,2,Male,,,,,,,,,N/A,N/A,,,UPDATED,,,,
Lori Trahan,Yes,No,Massachusetts,9/1/2020,Representative,3,Female,,,,,,,,,N/A,N/A,,won,UPDATED,,,,
Jake Auchincloss,No,Yes,Massachusetts,9/1/2020,Representative,4,Male,,,,,,,,,N/A,N/A,,,UPDATED,,,,
Dave Cavell,No,Yes,Massachusetts,9/1/2020,Representative,4,Male,,,,,,,,,N/A,N/A,,,UPDATED,,,,
Becky Grossman,No,Yes,Massachusetts,9/1/2020,Representative,4,Female,,,,,,,,,N/A,N/A,,lost,UPDATED,,,,
Alan Khazei,No,Yes,Massachusetts,9/1/2020,Representative,4,Male,,,,,,,,,N/A,N/A,,,UPDATED,,,,
Ihssane Leckey,No,Yes,Massachusetts,9/1/2020,Representative,4,Female,,,,,,,,,N/A,N/A,,lost,UPDATED,,,,
Natalia Linos,No,Yes,Massachusetts,9/1/2020,Representative,4,Female,,,,,,,,,N/A,N/A,,lost,UPDATED,,,,
Jesse Mermell,No,Yes,Massachusetts,9/1/2020,Representative,4,Female,,,,,,,,,N/A,N/A,,won,UPDATED,,,,
Ben Sigel,No,Yes,Massachusetts,9/1/2020,Representative,4,Male,,,,,,,,,N/A,N/A,,,UPDATED,,,,
Chris Zannetos,No,Yes,Massachusetts,9/1/2020,Representative,4,Male,,,,,,,,,N/A,N/A,,,UPDATED,,,,
Katherine Clark,Yes,No,Massachusetts,9/1/2020,Representative,5,Female,,,,,,,,,N/A,N/A,,lost,UPDATED,,,,
Seth Moulton,Yes,No,Massachusetts,9/1/2020,Representative,6,Male,,,,,,,,,N/A,N/A,,,UPDATED,,,,
Jamie Belsito,No,No,Massachusetts,9/1/2020,Representative,6,Female,,,,,,,,,N/A,N/A,,won,UPDATED,,,,
Angus McQuilken,No,No,Massachusetts,9/1/2020,Representative,6,Male,,,,,,,,,N/A,N/A,,,UPDATED,,,,
Ayanna Pressley,Yes,No,Massachusetts,9/1/2020,Representative,7,Female,,,,,,,,,N/A,N/A,,won,UPDATED,,,,
Stephen Lynch,Yes,No,Massachusetts,9/1/2020,Representative,8,Male,,,,,,,,,N/A,N/A,,,UPDATED,,,,
Robbie Goldstein,No,No,Massachusetts,9/1/2020,Representative,8,Male,,,,,,,,,N/A,N/A,,,UPDATED,,,,
Bill Keating,Yes,No,Massachusetts,9/1/2020,Representative,9,Male,,,,,,,,,N/A,N/A,,,UPDATED,,,,
Al Gross,No,Yes,Alaska,8/18/2020,Senator,N/A,Male,N/A,N/A,N/A,N/A,N/A,N/A,N/A,Yes,N/A,N/A,74,Won,yes,AlaskaSenatorN/A,No,,
John Wayne Howe,No,Yes,Alaska,8/18/2020,Senator,N/A,Male,N/A,N/A,N/A,N/A,N/A,N/A,N/A,No,N/A,N/A,10,Lost,UPDATED,AlaskaSenatorN/A,No,,
Chris Cumings,No,Yes,Alaska,8/18/2020,Senator,N/A,Male,N/A,N/A,N/A,N/A,N/A,N/A,N/A,No,N/A,N/A,6,Lost,UPDATED,AlaskaSenatorN/A,No,,
Edgar Blatchford,No,Yes,Alaska,8/18/2020,Senator,N/A,Male,N/A,N/A,N/A,N/A,N/A,N/A,N/A,No,N/A,N/A,10,Lost,UPDATED,AlaskaSenatorN/A,No,,
Alyse Galvin,No,Yes,Alaska,8/18/2020,Representative,At-Large,Female,N/A,N/A,N/A,N/A,N/A,N/A,N/A,Yes,N/A,N/A,80,Won,yes,AlaskaRepresentativeAt-Large,Yes,yes,
Ray Sean Tugatuk,No,Yes,Alaska,8/18/2020,Representative,At-Large,Male,N/A,N/A,N/A,N/A,N/A,N/A,N/A,No,N/A,N/A,11,Lost,UPDATED,AlaskaRepresentativeAt-Large,Yes,,
Bill Hibler,No,Yes,Alaska,8/18/2020,Representative,At-Large,Male,N/A,N/A,N/A,N/A,N/A,N/A,N/A,No,N/A,N/A,9,Lost,UPDATED,AlaskaRepresentativeAt-Large,Yes,,
Phil Ehr,No,Yes,Florida,8/18/2020,Representative,1,Male,N/A,N/A,N/A,N/A,N/A,N/A,N/A,N/A,N/A,N/A,100,Won,,FloridaRepresentative1,No,,
Adam Christensen,No,Yes,Florida,8/18/2020,Representative,3,Male,N/A,N/A,N/A,N/A,N/A,N/A,N/A,N/A,N/A,N/A,35,Won,UPDATED,FloridaRepresentative3,No,,
Philip Dodds,No,Yes,Florida,8/18/2020,Representative,3,Male,N/A,N/A,N/A,N/A,N/A,N/A,N/A,N/A,N/A,N/A,32,Lost,UPDATED,FloridaRepresentative3,No,,
Tom Wells,No,Yes,Florida,8/18/2020,Representative,3,Male,N/A,N/A,N/A,N/A,N/A,N/A,N/A,N/A,N/A,N/A,33,Lost,UPDATED,FloridaRepresentative3,No,,
Donna Deegan,No,Yes,Florida,8/18/2020,Representative,4,Female,N/A,N/A,N/A,N/A,N/A,N/A,N/A,N/A,N/A,N/A,100,Won,,FloridaRepresentative4,No,yes,
Albert Chester,No,No,Florida,8/18/2020,Representative,5,Male,N/A,N/A,N/A,N/A,N/A,N/A,N/A,N/A,N/A,N/A,26,Lost,,FloridaRepresentative5,Yes,,
"LaShonda ""L.J."" Holloway",No,No,Florida,8/18/2020,Representative,5,Female,N/A,N/A,N/A,N/A,N/A,N/A,N/A,N/A,N/A,N/A,18,Lost,,FloridaRepresentative5,Yes,yes,
Al Lawson,Yes,No,Florida,8/18/2020,Representative,5,Male,N/A,N/A,N/A,N/A,N/A,N/A,N/A,N/A,N/A,N/A,56,Won,,FloridaRepresentative5,Yes,,
Clint Curtis,No,Yes,Florida,8/18/2020,Representative,6,Male,N/A,N/A,N/A,N/A,N/A,N/A,N/A,N/A,N/A,N/A,52,Won,,FloridaRepresentative6,No,,
Richard Thripp,No,Yes,Florida,8/18/2020,Representative,6,Male,N/A,N/A,N/A,N/A,N/A,N/A,N/A,N/A,N/A,N/A,49,Lost,,FloridaRepresentative6,No,,
Stephanie Murphy,Yes,No,Florida,8/18/2020,Representative,7,Female,N/A,N/A,N/A,N/A,N/A,N/A,N/A,N/A,N/A,N/A,100,Won,,FloridaRepresentative7,No,yes,
Jim Kennedy,No,Yes,Florida,8/18/2020,Representative,8,Male,N/A,N/A,N/A,N/A,N/A,N/A,N/A,N/A,N/A,N/A,100,Won,,FloridaRepresentative8,No,,
Darren Soto,Yes,No,Florida,8/18/2020,Representative,9,Male,N/A,N/A,N/A,N/A,N/A,N/A,N/A,N/A,N/A,N/A,100,Won,,FloridaRepresentative9,No,,
Val Demings,Yes,No,Florida,8/18/2020,Representative,10,Female,N/A,N/A,N/A,N/A,N/A,N/A,N/A,N/A,N/A,N/A,100,Won,,FloridaRepresentative10,No,yes,
Dana Cottrell,No,Yes,Florida,8/18/2020,Representative,11,Female,N/A,N/A,N/A,N/A,N/A,N/A,N/A,N/A,N/A,N/A,100,Won,,FloridaRepresentative11,No,yes,
Kimberly Walker,No,Yes,Florida,8/18/2020,Representative,12,Female,N/A,N/A,N/A,N/A,N/A,N/A,N/A,N/A,N/A,N/A,100,Won,,FloridaRepresentative12,No,yes,
Charlie Crist,Yes,No,Florida,8/18/2020,Representative,13,Male,N/A,N/A,N/A,N/A,N/A,N/A,N/A,N/A,N/A,N/A,100,Won,,FloridaRepresentative13,No,,
Kathy Castor,Yes,No,Florida,8/18/2020,Representative,14,Female,N/A,N/A,N/A,N/A,N/A,N/A,N/A,N/A,N/A,N/A,100,Won,,FloridaRepresentative14,No,yes,
Alan Cohn,No,Yes,Florida,8/18/2020,Representative,15,Male,N/A,N/A,N/A,N/A,N/A,N/A,N/A,N/A,N/A,N/A,41,Won,,FloridaRepresentative15,No,,
Adam Hattersley,No,Yes,Florida,8/18/2020,Representative,15,Male,N/A,N/A,N/A,N/A,N/A,N/A,N/A,N/A,N/A,N/A,33,Lost,,FloridaRepresentative15,No,,
Jesse Philippe,No,Yes,Florida,8/18/2020,Representative,15,Male,N/A,N/A,N/A,N/A,N/A,N/A,N/A,N/A,N/A,N/A,26,Lost,,FloridaRepresentative15,No,,
Margaret Good,No,Yes,Florida,8/18/2020,Representative,16,Female,Yes,N/A,N/A,N/A,N/A,N/A,N/A,Yes,N/A,N/A,100,Won,yes,FloridaRepresentative16,No,yes,
Allen Ellison,No,Yes,Florida,8/18/2020,Representative,17,Male,N/A,N/A,N/A,N/A,N/A,N/A,N/A,N/A,N/A,N/A,100,Won,,FloridaRepresentative17,No,,
Pam Keith,No,Yes,Florida,8/18/2020,Representative,18,Female,Yes,N/A,N/A,N/A,N/A,N/A,N/A,N/A,N/A,N/A,80,Won,,FloridaRepresentative18,Yes,yes,
Oz Vazquez,No,Yes,Florida,8/18/2020,Representative,18,Male,No,N/A,N/A,N/A,N/A,N/A,N/A,N/A,N/A,N/A,20,Lost,,FloridaRepresentative18,Yes,,
Cindy Banyai,No,Yes,Florida,8/18/2020,Representative,19,Female,N/A,N/A,N/A,N/A,N/A,N/A,N/A,N/A,N/A,N/A,58,Won,,FloridaRepresentative19,Yes,yes,
David Holden,No,Yes,Florida,8/18/2020,Representative,19,Male,N/A,N/A,N/A,N/A,N/A,N/A,N/A,N/A,N/A,N/A,42,Lost,,FloridaRepresentative19,Yes,,
Sheila Cherfilus-McCormick,No,No,Florida,8/18/2020,Representative,20,Female,N/A,N/A,N/A,N/A,N/A,N/A,N/A,N/A,N/A,N/A,31,Lost,,FloridaRepresentative20,Yes,yes,
Alcee Hastings,Yes,No,Florida,8/18/2020,Representative,20,Male,N/A,N/A,N/A,N/A,N/A,N/A,N/A,N/A,N/A,N/A,69,Won,,FloridaRepresentative20,Yes,,
Lois Frankel,Yes,No,Florida,8/18/2020,Representative,21,Female,N/A,N/A,N/A,N/A,N/A,N/A,N/A,N/A,N/A,N/A,86,Won,,FloridaRepresentative21,Yes,yes,
Guido Weiss,No,No,Florida,8/18/2020,Representative,21,Male,N/A,N/A,N/A,N/A,N/A,N/A,N/A,N/A,N/A,N/A,14,Lost,,FloridaRepresentative21,Yes,,
Ted Deutch,Yes,No,Florida,8/18/2020,Representative,22,Male,N/A,N/A,N/A,N/A,N/A,N/A,N/A,N/A,N/A,N/A,100,Won,,FloridaRepresentative22,No,,
Jen Perelman,No,No,Florida,8/18/2020,Representative,23,Female,N/A,N/A,N/A,N/A,N/A,N/A,N/A,N/A,N/A,N/A,28,Lost,,FloridaRepresentative23,No,yes,
Debbie Wasserman Schultz,Yes,No,Florida,8/18/2020,Representative,23,Female,N/A,N/A,N/A,N/A,N/A,N/A,N/A,N/A,N/A,N/A,72,Won,,FloridaRepresentative23,No,yes,
Ricardo De La Fuente,No,No,Florida,8/18/2020,Representative,24,Male,N/A,N/A,N/A,N/A,N/A,N/A,N/A,N/A,N/A,N/A,8,Lost,,FloridaRepresentative24,Yes,,
Sakinah Lehtola,No,No,Florida,8/18/2020,Representative,24,Female,N/A,N/A,N/A,N/A,N/A,N/A,N/A,N/A,N/A,N/A,8,Lost,,FloridaRepresentative24,Yes,yes,
Frederica Wilson,Yes,No,Florida,8/18/2020,Representative,24,Female,N/A,N/A,N/A,N/A,N/A,N/A,N/A,N/A,N/A,N/A,85,Won,,FloridaRepresentative24,Yes,yes,
Debbie Mucarsel-Powell,Yes,No,Florida,8/18/2020,Representative,26,Female,Yes,N/A,N/A,N/A,N/A,N/A,N/A,N/A,N/A,N/A,100,Won,,FloridaRepresentative26,No,yes,
Donna Shalala,Yes,No,Florida,8/18/2020,Representative,27,Female,Yes,N/A,N/A,N/A,N/A,N/A,N/A,N/A,N/A,N/A,100,Won,,FloridaRepresentative27,No,yes,
James Kirk DeBrine,No,Yes,Wyoming,8/18/2020,Senator,N/A,Male,N/A,N/A,N/A,N/A,N/A,N/A,N/A,N/A,N/A,N/A,4,Lost,,WyomingSenatorN/A,Yes,,
Kenneth R. Casner,No,Yes,Wyoming,8/18/2020,Senator,N/A,Male,N/A,N/A,N/A,N/A,N/A,N/A,N/A,N/A,N/A,N/A,9,Lost,,WyomingSenatorN/A,Yes,,
Merav Ben-David,No,Yes,Wyoming,8/18/2020,Senator,N/A,Female,N/A,N/A,N/A,N/A,N/A,N/A,N/A,N/A,N/A,N/A,41,Won,,WyomingSenatorN/A,Yes,yes,
Nathan Wendt,No,Yes,Wyoming,8/18/2020,Senator,N/A,Male,N/A,N/A,N/A,N/A,N/A,N/A,N/A,N/A,N/A,N/A,18,Lost,,WyomingSenatorN/A,Yes,,
Rex Wilde,No,Yes,Wyoming,8/18/2020,Senator,N/A,Male,N/A,N/A,N/A,N/A,N/A,N/A,N/A,N/A,N/A,N/A,8,Lost,,WyomingSenatorN/A,Yes,,
Yana Ludwig,No,Yes,Wyoming,8/18/2020,Senator,N/A,Female,N/A,N/A,N/A,N/A,N/A,N/A,N/A,N/A,N/A,N/A,21,Lost,,WyomingSenatorN/A,Yes,yes,
Carl Beach,No,Yes,Wyoming,8/18/2020,Representative,At-Large,Male,N/A,N/A,N/A,N/A,N/A,N/A,N/A,N/A,N/A,N/A,18,Lost,,WyomingRepresentativeAt-Large,Yes,,
Carol Hafner,No,Yes,Wyoming,8/18/2020,Representative,At-Large,Female,N/A,N/A,N/A,N/A,N/A,N/A,N/A,N/A,N/A,N/A,22,Lost,,WyomingRepresentativeAt-Large,Yes,yes,
Lynnette Grey Bull,No,Yes,Wyoming,8/18/2020,Representative,At-Large,Female,N/A,N/A,N/A,N/A,N/A,N/A,N/A,N/A,N/A,N/A,60,Won,,WyomingRepresentativeAt-Large,Yes,yes,
John Larson,Yes,No,Connecticut,8/11/2020,Representative,1,Male,N/A,N/A,N/A,N/A,N/A,N/A,N/A,N/A,N/A,N/A,100,Won,,ConnecticutRepresentative1,No,,
Joe Courtney,Yes,No,Connecticut,8/11/2020,Representative,2,Male,N/A,N/A,N/A,N/A,N/A,N/A,N/A,N/A,N/A,N/A,100,Won,,ConnecticutRepresentative2,No,,
Rosa DeLauro,Yes,No,Connecticut,8/11/2020,Representative,3,Female,N/A,N/A,N/A,N/A,N/A,N/A,N/A,N/A,N/A,N/A,100,Won,,ConnecticutRepresentative3,No,yes,
Jim Himes,Yes,No,Connecticut,8/11/2020,Representative,4,Male,N/A,N/A,N/A,N/A,N/A,N/A,N/A,N/A,N/A,N/A,100,Won,,ConnecticutRepresentative4,No,,
Jahana Hayes,Yes,No,Connecticut,8/11/2020,Representative,5,Female,Yes,N/A,N/A,N/A,N/A,N/A,N/A,N/A,N/A,N/A,100,Won,,ConnecticutRepresentative5,No,yes,
Steve Carlson,No,No,Minnesota,8/11/2020,Senator,N/A,Male,No,N/A,N/A,N/A,N/A,N/A,N/A,N/A,N/A,N/A,3,Lost,,MinnesotaSenatorN/A,Yes,,
Ahmad Hassan,No,No,Minnesota,8/11/2020,Senator,N/A,Male,No,N/A,N/A,N/A,N/A,N/A,N/A,N/A,N/A,N/A,4,Lost,,MinnesotaSenatorN/A,Yes,,
Paula Overby,No,No,Minnesota,8/11/2020,Senator,N/A,Female,No,N/A,N/A,N/A,N/A,N/A,N/A,N/A,N/A,N/A,5,Lost,,MinnesotaSenatorN/A,Yes,yes,
Chris Seymore,No,No,Minnesota,8/11/2020,Senator,N/A,Male,No,N/A,N/A,N/A,N/A,N/A,N/A,N/A,N/A,N/A,1,Lost,,MinnesotaSenatorN/A,Yes,,
Tina Smith,Yes,No,Minnesota,8/11/2020,Senator,N/A,Female,Yes,N/A,N/A,N/A,N/A,N/A,N/A,N/A,N/A,N/A,87,Won,,MinnesotaSenatorN/A,Yes,yes,
Dan Feehan,No,Yes,Minnesota,8/11/2020,Representative,1,Male,N/A,N/A,N/A,N/A,N/A,N/A,N/A,Yes,N/A,N/A,100,Won,yes,MinnesotaRepresentative1,No,,
Angie Craig,Yes,No,Minnesota,8/11/2020,Representative,2,Female,Yes,N/A,N/A,N/A,N/A,N/A,N/A,N/A,N/A,N/A,100,Won,,MinnesotaRepresentative2,No,yes,
Dean Phillips,Yes,No,Minnesota,8/11/2020,Representative,3,Male,N/A,N/A,N/A,N/A,N/A,N/A,N/A,N/A,N/A,N/A,91,Won,,MinnesotaRepresentative3,No,,
Cole Young,No,No,Minnesota,8/11/2020,Representative,3,Male,N/A,N/A,N/A,N/A,N/A,N/A,N/A,N/A,N/A,N/A,9,Lost,,MinnesotaRepresentative3,No,,
Tiffini Flynn Forslund,No,No,Minnesota,8/11/2020,Representative,4,Female,N/A,N/A,N/A,N/A,N/A,N/A,N/A,N/A,N/A,N/A,5,Lost,,MinnesotaRepresentative4,Yes,yes,
Alberder Gillespie,No,No,Minnesota,8/11/2020,Representative,4,Female,N/A,N/A,N/A,N/A,N/A,N/A,N/A,N/A,N/A,N/A,7,Lost,,MinnesotaRepresentative4,Yes,yes,
Betty McCollum,Yes,No,Minnesota,8/11/2020,Representative,4,Female,N/A,N/A,N/A,N/A,N/A,N/A,N/A,N/A,N/A,N/A,84,Won,,MinnesotaRepresentative4,Yes,yes,
Reid Rossell,No,No,Minnesota,8/11/2020,Representative,4,Male,N/A,N/A,N/A,N/A,N/A,N/A,N/A,N/A,N/A,N/A,1,Lost,,MinnesotaRepresentative4,Yes,,
David Sandbeck,No,No,Minnesota,8/11/2020,Representative,4,Male,N/A,N/A,N/A,N/A,N/A,N/A,N/A,N/A,N/A,N/A,4,Lost,,MinnesotaRepresentative4,Yes,,
Les Lester,No,No,Minnesota,8/11/2020,Representative,5,Male,N/A,No,No,No,No,No,No,N/A,N/A,N/A,1,Lost,,MinnesotaRepresentative5,Yes,,
John Mason,No,No,Minnesota,8/11/2020,Representative,5,Male,N/A,No,No,No,No,No,No,N/A,N/A,N/A,2,Lost,,MinnesotaRepresentative5,Yes,,
Daniel Patrick McCarthy,No,No,Minnesota,8/11/2020,Representative,5,Male,N/A,No,No,No,No,No,No,N/A,N/A,N/A,1,Lost,,MinnesotaRepresentative5,Yes,,
Antone Melton-Meaux,No,No,Minnesota,8/11/2020,Representative,5,Male,N/A,No,No,No,No,No,No,N/A,N/A,N/A,39,Lost,,MinnesotaRepresentative5,Yes,,
Ilhan Omar,Yes,No,Minnesota,8/11/2020,Representative,5,Female,N/A,Yes,Yes,Yes,Yes,Yes,Yes,N/A,N/A,N/A,58,Won,yes,MinnesotaRepresentative5,Yes,yes,
Tawnja Zahradka,No,Yes,Minnesota,8/11/2020,Representative,6,Female,N/A,N/A,N/A,N/A,N/A,N/A,N/A,N/A,N/A,N/A,100,Won,,MinnesotaRepresentative6,No,yes,
Stephen A. Emery,No,No,Minnesota,8/11/2020,Representative,7,Male,N/A,N/A,N/A,N/A,N/A,N/A,N/A,N/A,N/A,N/A,8,Lost,,MinnesotaRepresentative7,Yes,,
Alycia R. Gruenhagen,No,No,Minnesota,8/11/2020,Representative,7,Female,N/A,N/A,N/A,N/A,N/A,N/A,N/A,N/A,N/A,N/A,17,Lost,,MinnesotaRepresentative7,Yes,yes,
Collin Peterson,Yes,No,Minnesota,8/11/2020,Representative,7,Male,N/A,N/A,N/A,N/A,N/A,N/A,N/A,N/A,N/A,N/A,76,Won,,MinnesotaRepresentative7,Yes,,
Quinn Nystrom,No,Yes,Minnesota,8/11/2020,Representative,8,Female,Yes,N/A,N/A,N/A,N/A,N/A,N/A,N/A,N/A,N/A,100,Won,,MinnesotaRepresentative8,No,yes,
"Ralph ""Carcajou"" Corbo",No,No,Vermont,8/11/2020,Representative,At-Large,Male,N/A,N/A,N/A,N/A,No,No,N/A,N/A,N/A,N/A,4,Lost,,VermontRepresentativeAt-Large,No,,
Peter Welch,Yes,No,Vermont,8/11/2020,Representative,At-Large,Male,N/A,N/A,N/A,N/A,Yes,Yes,N/A,N/A,N/A,N/A,93,Won,yes,VermontRepresentativeAt-Large,No,,
"Ralph ""Carcajou"" Corbo",No,Yes,Vermont,8/11/2020,Governor,N/A,Male,No,N/A,N/A,N/A,No,No,N/A,N/A,N/A,N/A,1,Lost,,VermontGovernorN/A,Yes,,
Rebecca Holcombe,No,Yes,Vermont,8/11/2020,Governor,N/A,Female,Yes,N/A,N/A,N/A,No,No,N/A,N/A,N/A,N/A,34,Lost,,VermontGovernorN/A,Yes,yes,
Patrick Winburn,No,Yes,Vermont,8/11/2020,Governor,N/A,Male,No,N/A,N/A,N/A,No,No,N/A,N/A,N/A,N/A,7,Lost,,VermontGovernorN/A,Yes,,
David Zuckerman,No,Yes,Vermont,8/11/2020,Governor,N/A,Male,No,N/A,N/A,N/A,Yes,Yes,N/A,N/A,N/A,N/A,44,Won,yes,VermontGovernorN/A,Yes,,
Josh Pade,No,Yes,Wisconsin,8/11/2020,Representative,1,Male,N/A,N/A,N/A,N/A,N/A,N/A,N/A,N/A,N/A,N/A,42,Lost,,WisconsinRepresentative1,No,,
Roger Polack,No,Yes,Wisconsin,8/11/2020,Representative,1,Male,N/A,N/A,N/A,N/A,N/A,N/A,N/A,N/A,N/A,N/A,58,Won,,WisconsinRepresentative1,No,,
Mark Pocan,Yes,No,Wisconsin,8/11/2020,Representative,2,Male,N/A,N/A,N/A,N/A,Yes,Yes,Yes,N/A,N/A,N/A,100,Won,yes,WisconsinRepresentative2,No,,
Mark Neumann,No,No,Wisconsin,8/11/2020,Representative,3,Male,N/A,N/A,N/A,N/A,N/A,N/A,N/A,N/A,N/A,N/A,19,Lost,,WisconsinRepresentative3,No,,
Ron Kind,Yes,No,Wisconsin,8/11/2020,Representative,3,Male,N/A,N/A,N/A,N/A,N/A,N/A,N/A,N/A,N/A,N/A,81,Won,,WisconsinRepresentative3,No,,
Gwen Moore,Yes,No,Wisconsin,8/11/2020,Representative,4,Female,N/A,N/A,N/A,N/A,N/A,N/A,N/A,N/A,N/A,N/A,100,Won,,WisconsinRepresentative4,No,yes,
Tom Palzewicz,No,Yes,Wisconsin,8/11/2020,Representative,5,Male,N/A,N/A,N/A,N/A,N/A,N/A,N/A,N/A,N/A,N/A,100,Won,,WisconsinRepresentative5,No,,
Matthew Boor,No,Yes,Wisconsin,8/11/2020,Representative,6,Male,N/A,N/A,N/A,N/A,N/A,N/A,N/A,N/A,N/A,N/A,9,Lost,,WisconsinRepresentative6,Yes,,
Michael Beardsley,No,Yes,Wisconsin,8/11/2020,Representative,6,Male,N/A,N/A,N/A,N/A,N/A,N/A,N/A,N/A,N/A,N/A,16,Lost,,WisconsinRepresentative6,Yes,,
Jessica King,No,Yes,Wisconsin,8/11/2020,Representative,6,Female,N/A,N/A,N/A,N/A,N/A,N/A,N/A,N/A,N/A,N/A,75,Won,,WisconsinRepresentative6,Yes,yes,
Tricia Zunker,No,Yes,Wisconsin,8/11/2020,Representative,7,Female,N/A,N/A,N/A,N/A,N/A,N/A,N/A,N/A,N/A,N/A,100,Won,,WisconsinRepresentative7,No,yes,
Amanda Stuck,No,Yes,Wisconsin,8/11/2020,Representative,8,Female,N/A,N/A,Yes,N/A,N/A,N/A,N/A,N/A,N/A,N/A,100,Won,yes,WisconsinRepresentative8,No,yes,
Ed Case,Yes,No,Hawaii,8/8/2020,Representative,1,Male,N/A,N/A,N/A,N/A,N/A,N/A,N/A,N/A,N/A,N/A,100,Won,,HawaiiRepresentative1,No,,
Brian Evans,No,Yes,Hawaii,8/8/2020,Representative,2,Male,N/A,N/A,N/A,No,N/A,N/A,N/A,N/A,N/A,N/A,9,Lost,,HawaiiRepresentative2,Yes,,
Noelle Famera,No,Yes,Hawaii,8/8/2020,Representative,2,Female,N/A,N/A,N/A,No,N/A,N/A,N/A,N/A,N/A,N/A,6,Lost,,HawaiiRepresentative2,Yes,yes,
Kai Kahele,No,Yes,Hawaii,8/8/2020,Representative,2,Male,N/A,N/A,N/A,Yes,N/A,N/A,N/A,N/A,N/A,N/A,76,Won,yes,HawaiiRepresentative2,Yes,,
Brenda L. Machado Lee,No,Yes,Hawaii,8/8/2020,Representative,2,Female,N/A,N/A,N/A,No,N/A,N/A,N/A,N/A,N/A,N/A,8,Lost,,HawaiiRepresentative2,Yes,yes,
Marquita Bradshaw,No,Yes,Tennessee,8/6/2020,Senator,N/A,Female,N/A,N/A,N/A,N/A,N/A,N/A,N/A,No,N/A,N/A,36,Won,,TennesseeSenatorN/A,Yes,yes,
Gary Davis,No,Yes,Tennessee,8/6/2020,Senator,N/A,Male,N/A,N/A,N/A,N/A,N/A,N/A,N/A,No,N/A,N/A,9,Lost,,TennesseeSenatorN/A,Yes,,
Robin Kimbrough,No,Yes,Tennessee,8/6/2020,Senator,N/A,Female,N/A,N/A,N/A,N/A,N/A,N/A,N/A,No,N/A,N/A,27,Lost,,TennesseeSenatorN/A,Yes,yes,
James Mackler,No,Yes,Tennessee,8/6/2020,Senator,N/A,Male,N/A,N/A,N/A,N/A,N/A,N/A,N/A,Yes,N/A,N/A,24,Lost,yes,TennesseeSenatorN/A,Yes,,
Mark Pickrell,No,Yes,Tennessee,8/6/2020,Senator,N/A,Male,N/A,N/A,N/A,N/A,N/A,N/A,N/A,No,N/A,N/A,5,Lost,,TennesseeSenatorN/A,Yes,,
Chris Rowe,No,Yes,Tennessee,8/6/2020,Representative,1,Male,N/A,N/A,N/A,N/A,N/A,N/A,N/A,N/A,N/A,N/A,34,Lost,,TennesseeRepresentative1,Yes,,
Larry Smith,No,Yes,Tennessee,8/6/2020,Representative,1,Male,N/A,N/A,N/A,N/A,N/A,N/A,N/A,N/A,N/A,N/A,14,Lost,,TennesseeRepresentative1,Yes,,
Blair Walsingham,No,Yes,Tennessee,8/6/2020,Representative,1,Female,N/A,N/A,N/A,N/A,N/A,N/A,N/A,N/A,N/A,N/A,53,Won,,TennesseeRepresentative1,Yes,yes,
Chance Brown,No,Yes,Tennessee,8/6/2020,Representative,2,Male,N/A,N/A,No,N/A,N/A,N/A,N/A,N/A,N/A,N/A,13,Lost,,TennesseeRepresentative2,Yes,,
Renee Hoyos,No,Yes,Tennessee,8/6/2020,Representative,2,Female,N/A,N/A,Yes,N/A,N/A,N/A,N/A,N/A,N/A,N/A,87,Won,yes,TennesseeRepresentative2,Yes,yes,
Meg Gorman,No,Yes,Tennessee,8/6/2020,Representative,3,Female,N/A,N/A,N/A,N/A,N/A,N/A,N/A,N/A,N/A,N/A,100,Won,,TennesseeRepresentative3,No,yes,
Noelle Bivens,No,Yes,Tennessee,8/6/2020,Representative,4,Female,N/A,N/A,N/A,N/A,N/A,N/A,N/A,N/A,N/A,N/A,41,Lost,,TennesseeRepresentative4,Yes,yes,
Christopher Hale,No,Yes,Tennessee,8/6/2020,Representative,4,Male,N/A,N/A,N/A,N/A,N/A,N/A,N/A,N/A,N/A,N/A,59,Won,,TennesseeRepresentative4,Yes,,
Jim Cooper,Yes,No,Tennessee,8/6/2020,Representative,5,Male,N/A,N/A,No,No,No,N/A,N/A,N/A,N/A,N/A,57,Won,,TennesseeRepresentative5,Yes,,
Keeda J. Haynes,No,No,Tennessee,8/6/2020,Representative,5,Female,N/A,N/A,Yes,Yes,Yes,N/A,N/A,N/A,N/A,N/A,40,Lost,yes,TennesseeRepresentative5,Yes,yes,didn't confirm middle initial
Joshua Rawlings,No,No,Tennessee,8/6/2020,Representative,5,Male,N/A,N/A,No,No,No,N/A,N/A,N/A,N/A,N/A,3,Lost,,TennesseeRepresentative5,Yes,,
Christopher Finley,No,Yes,Tennessee,8/6/2020,Representative,6,Male,N/A,N/A,N/A,N/A,N/A,N/A,N/A,N/A,N/A,N/A,100,Won,,TennesseeRepresentative6,No,,
Kiran Sreepada,No,Yes,Tennessee,8/6/2020,Representative,7,Male,N/A,N/A,N/A,N/A,N/A,N/A,N/A,N/A,N/A,N/A,100,Won,,TennesseeRepresentative7,No,,
Erika Stotts Pearson,No,Yes,Tennessee,8/6/2020,Representative,8,Female,N/A,N/A,N/A,N/A,N/A,N/A,N/A,N/A,N/A,N/A,51,Won,,TennesseeRepresentative8,Yes,yes,
Larry Pivnick,No,Yes,Tennessee,8/6/2020,Representative,8,Male,N/A,N/A,N/A,N/A,N/A,N/A,N/A,N/A,N/A,N/A,16,Lost,,TennesseeRepresentative8,Yes,,
Hollis Skinner,No,Yes,Tennessee,8/6/2020,Representative,8,Male,N/A,N/A,N/A,N/A,N/A,N/A,N/A,N/A,N/A,N/A,12,Lost,,TennesseeRepresentative8,Yes,,
Savannah Williamson,No,Yes,Tennessee,8/6/2020,Representative,8,Male,N/A,N/A,N/A,N/A,N/A,N/A,N/A,N/A,N/A,N/A,20,Lost,,TennesseeRepresentative8,Yes,,
Leo Awgowhat,No,No,Tennessee,8/6/2020,Representative,9,Male,N/A,N/A,N/A,N/A,N/A,N/A,N/A,N/A,N/A,N/A,1,Lost,,TennesseeRepresentative9,No,,
Steve Cohen,Yes,No,Tennessee,8/6/2020,Representative,9,Male,N/A,N/A,N/A,N/A,N/A,N/A,N/A,N/A,N/A,N/A,84,Won,,TennesseeRepresentative9,No,,
Corey Strong,No,No,Tennessee,8/6/2020,Representative,9,Male,N/A,N/A,N/A,N/A,N/A,N/A,N/A,N/A,N/A,N/A,15,Lost,,TennesseeRepresentative9,No,,
Mark Kelly,No,Yes,Arizona,8/4/2020,Senator,N/A,Male,N/A,N/A,N/A,N/A,N/A,N/A,N/A,Yes,N/A,N/A,100,Won,yes,ArizonaSenatorN/A,No,,
Tom O'Halleran,Yes,No,Arizona,8/4/2020,Representative,1,Male,N/A,N/A,N/A,N/A,No,N/A,N/A,N/A,N/A,N/A,59,Won,,ArizonaRepresentative1,Yes,,
Eva Putzova,No,No,Arizona,8/4/2020,Representative,1,Female,N/A,N/A,N/A,N/A,Yes,N/A,N/A,N/A,N/A,N/A,41,Lost,yes,ArizonaRepresentative1,Yes,yes,
Ann Kirkpatrick,Yes,No,Arizona,8/4/2020,Representative,2,Female,Yes,N/A,N/A,N/A,N/A,N/A,N/A,N/A,N/A,N/A,76,Won,,ArizonaRepresentative2,Yes,yes,
Peter Quilter,No,No,Arizona,8/4/2020,Representative,2,Male,No,N/A,N/A,N/A,N/A,N/A,N/A,N/A,N/A,N/A,24,Lost,,ArizonaRepresentative2,Yes,,
Raúl Grijalva,Yes,No,Arizona,8/4/2020,Representative,3,Male,N/A,Yes,N/A,N/A,Yes,N/A,N/A,N/A,N/A,N/A,100,Won,yes,ArizonaRepresentative3,No,,
Delina DiSanto,No,Yes,Arizona,8/4/2020,Representative,4,Female,N/A,N/A,N/A,N/A,N/A,N/A,N/A,N/A,N/A,N/A,74,Won,,ArizonaRepresentative4,Yes,yes,
Stuart Starky,No,Yes,Arizona,8/4/2020,Representative,4,Male,N/A,N/A,N/A,N/A,N/A,N/A,N/A,N/A,N/A,N/A,26,Lost,,ArizonaRepresentative4,Yes,,
Joan Greene,No,Yes,Arizona,8/4/2020,Representative,5,Female,N/A,N/A,N/A,N/A,N/A,N/A,N/A,N/A,N/A,N/A,50,Won,,ArizonaRepresentative5,Yes,yes,
Jon Ireland,No,Yes,Arizona,8/4/2020,Representative,5,Male,N/A,N/A,N/A,N/A,N/A,N/A,N/A,N/A,N/A,N/A,11,Lost,,ArizonaRepresentative5,Yes,,
Javier Ramos,No,Yes,Arizona,8/4/2020,Representative,5,Male,N/A,N/A,N/A,N/A,N/A,N/A,N/A,N/A,N/A,N/A,39,Lost,,ArizonaRepresentative5,Yes,,
Karl Gentles,No,Yes,Arizona,8/4/2020,Representative,6,Male,No,N/A,N/A,N/A,N/A,N/A,N/A,No,N/A,N/A,5,Lost,,ArizonaRepresentative6,Yes,,
Anita Malik,No,Yes,Arizona,8/4/2020,Representative,6,Female,No,N/A,N/A,N/A,N/A,N/A,N/A,No,N/A,N/A,37,Lost,,ArizonaRepresentative6,Yes,yes,
Stephanie Rimmer,No,Yes,Arizona,8/4/2020,Representative,6,Female,No,N/A,N/A,N/A,N/A,N/A,N/A,No,N/A,N/A,6,Lost,,ArizonaRepresentative6,Yes,yes,
Hiral Tipirneni,No,Yes,Arizona,8/4/2020,Representative,6,Female,Yes,N/A,N/A,N/A,N/A,N/A,N/A,Yes,N/A,N/A,53,Won,yes,ArizonaRepresentative6,Yes,yes,
Ruben Gallego,Yes,No,Arizona,8/4/2020,Representative,7,Male,N/A,N/A,N/A,N/A,N/A,N/A,N/A,N/A,N/A,N/A,100,Won,,ArizonaRepresentative7,No,,
Michael Muscato,No,Yes,Arizona,8/4/2020,Representative,8,Male,N/A,N/A,N/A,N/A,N/A,N/A,N/A,N/A,N/A,N/A,54,Won,,ArizonaRepresentative8,No,,
Bob Musselwhite,No,Yes,Arizona,8/4/2020,Representative,8,Male,N/A,N/A,N/A,N/A,N/A,N/A,N/A,N/A,N/A,N/A,15,Lost,,ArizonaRepresentative8,No,,
Bob Olsen,No,Yes,Arizona,8/4/2020,Representative,8,Male,N/A,N/A,N/A,N/A,N/A,N/A,N/A,N/A,N/A,N/A,31,Lost,,ArizonaRepresentative8,No,,
Greg Stanton,Yes,No,Arizona,8/4/2020,Representative,9,Male,N/A,N/A,N/A,N/A,N/A,N/A,N/A,N/A,N/A,N/A,100,Won,,ArizonaRepresentative9,No,,
Barbara Bollier,No,Yes,Kansas,8/4/2020,Senator,N/A,Female,Yes,N/A,N/A,N/A,N/A,N/A,N/A,Yes,N/A,N/A,85,Won,yes,KansasSenatorN/A,Yes,yes,
Robert Tillman,No,Yes,Kansas,8/4/2020,Senator,N/A,Male,No,N/A,N/A,N/A,N/A,N/A,N/A,No,N/A,N/A,15,Lost,,KansasSenatorN/A,Yes,,
Kali Barnett,No,Yes,Kansas,8/4/2020,Representative,1,Female,N/A,N/A,N/A,N/A,N/A,N/A,N/A,N/A,N/A,N/A,63,Won,,KansasRepresentative1,No,yes,
Christy Cauble Davis,No,Yes,Kansas,8/4/2020,Representative,1,Female,N/A,N/A,N/A,N/A,N/A,N/A,N/A,N/A,N/A,N/A,37,Lost,,KansasRepresentative1,No,yes,
Michelle De La Isla,No,Yes,Kansas,8/4/2020,Representative,2,Female,Yes,N/A,N/A,N/A,N/A,N/A,N/A,Yes,N/A,N/A,75,Won,yes,KansasRepresentative2,Yes,yes,
James Windholz,No,Yes,Kansas,8/4/2020,Representative,2,Male,No,N/A,N/A,N/A,N/A,N/A,N/A,No,N/A,N/A,25,Lost,,KansasRepresentative2,Yes,,
Sharice Davids,Yes,No,Kansas,8/4/2020,Representative,3,Female,Yes,N/A,N/A,N/A,N/A,N/A,N/A,N/A,N/A,N/A,100,Won,,KansasRepresentative3,No,yes,
Laura Lombard,No,Yes,Kansas,8/4/2020,Representative,4,Female,N/A,N/A,N/A,N/A,N/A,N/A,N/A,N/A,N/A,N/A,100,Won,,KansasRepresentative4,No,yes,
Gary Peters,Yes,No,Michigan,8/4/2020,Senator,N/A,Male,N/A,N/A,N/A,N/A,N/A,N/A,N/A,N/A,N/A,N/A,100,Won,,MichiganSenatorN/A,No,,
Dana Ferguson,No,Yes,Michigan,8/4/2020,Representative,1,Male,N/A,N/A,N/A,N/A,N/A,N/A,N/A,N/A,N/A,N/A,64,Won,,MichiganRepresentative1,Yes,,
Linda O'Dell,No,Yes,Michigan,8/4/2020,Representative,1,Female,N/A,N/A,N/A,N/A,N/A,N/A,N/A,N/A,N/A,N/A,36,Lost,,MichiganRepresentative1,Yes,yes,
Bryan Berghoef,No,Yes,Michigan,8/4/2020,Representative,2,Male,N/A,N/A,N/A,N/A,N/A,N/A,N/A,N/A,N/A,N/A,100,Won,,MichiganRepresentative2,No,,
Hillary Scholten,No,Yes,Michigan,8/4/2020,Representative,3,Female,Yes,N/A,N/A,N/A,N/A,N/A,N/A,Yes,N/A,N/A,100,Won,yes,MichiganRepresentative3,No,yes,
Anthony Feig,No,Yes,Michigan,8/4/2020,Representative,4,Male,N/A,N/A,N/A,N/A,N/A,N/A,N/A,N/A,N/A,N/A,46,Lost,,MichiganRepresentative4,No,,
Jerry Hilliard,No,Yes,Michigan,8/4/2020,Representative,4,Male,N/A,N/A,N/A,N/A,N/A,N/A,N/A,N/A,N/A,N/A,54,Won,,MichiganRepresentative4,No,,
Dan Kildee,Yes,No,Michigan,8/4/2020,Representative,5,Male,N/A,N/A,N/A,N/A,N/A,N/A,N/A,N/A,N/A,N/A,100,Won,,MichiganRepresentative5,No,,
Jon Hoadley,No,Yes,Michigan,8/4/2020,Representative,6,Male,N/A,N/A,N/A,Yes,N/A,N/A,N/A,Yes,N/A,N/A,52,Won,yes,MichiganRepresentative6,Yes,,
Jen Richardson,No,Yes,Michigan,8/4/2020,Representative,6,Female,N/A,N/A,N/A,No,N/A,N/A,N/A,No,N/A,N/A,48,Lost,,MichiganRepresentative6,Yes,yes,
Gretchen Driskell,No,Yes,Michigan,8/4/2020,Representative,7,Female,N/A,N/A,N/A,N/A,N/A,N/A,N/A,N/A,N/A,N/A,100,Won,,MichiganRepresentative7,No,yes,
Elissa Slotkin,Yes,No,Michigan,8/4/2020,Representative,8,Female,Yes,N/A,N/A,N/A,N/A,N/A,N/A,N/A,N/A,N/A,100,Won,,MichiganRepresentative8,No,yes,
Andy Levin,Yes,No,Michigan,8/4/2020,Representative,9,Male,N/A,N/A,N/A,Yes,N/A,N/A,N/A,N/A,N/A,N/A,100,Won,yes,MichiganRepresentative9,No,,
Kimberly Bizon,No,Yes,Michigan,8/4/2020,Representative,10,Female,N/A,N/A,N/A,N/A,N/A,N/A,N/A,N/A,N/A,N/A,54,Won,,MichiganRepresentative10,No,yes,
Kelly Noland,No,Yes,Michigan,8/4/2020,Representative,10,Female,N/A,N/A,N/A,N/A,N/A,N/A,N/A,N/A,N/A,N/A,46,Lost,,MichiganRepresentative10,No,yes,
Haley Stevens,Yes,No,Michigan,8/4/2020,Representative,11,Female,Yes,N/A,N/A,N/A,N/A,N/A,N/A,N/A,N/A,N/A,100,Won,,MichiganRepresentative11,No,yes,
Debbie Dingell,Yes,No,Michigan,8/4/2020,Representative,12,Female,N/A,N/A,N/A,N/A,N/A,N/A,N/A,N/A,N/A,N/A,81,Won,,MichiganRepresentative12,Yes,yes,
Solomon Rajput,No,No,Michigan,8/4/2020,Representative,12,Male,N/A,N/A,N/A,N/A,N/A,N/A,N/A,N/A,N/A,N/A,19,Lost,,MichiganRepresentative12,Yes,,
Brenda Jones,No,No,Michigan,8/4/2020,Representative,13,Female,N/A,No,N/A,No,No,No,No,N/A,N/A,N/A,34,Lost,,MichiganRepresentative13,No,yes,
Rashida Tlaib,Yes,No,Michigan,8/4/2020,Representative,13,Female,N/A,Yes,N/A,Yes,Yes,Yes,Yes,N/A,N/A,N/A,66,Won,yes,MichiganRepresentative13,No,yes,
Brenda Lawrence,Yes,No,Michigan,8/4/2020,Representative,14,Female,N/A,N/A,N/A,N/A,N/A,N/A,N/A,N/A,N/A,N/A,93,Won,,MichiganRepresentative14,Yes,yes,
Terrance Morrison,No,No,Michigan,8/4/2020,Representative,14,Male,N/A,N/A,N/A,N/A,N/A,N/A,N/A,N/A,N/A,N/A,7,Lost,,MichiganRepresentative14,Yes,,
Cori Bush,No,No,Missouri,8/4/2020,Representative,1,Female,N/A,Yes,N/A,N/A,Yes,Yes,N/A,N/A,N/A,N/A,49,Won,yes,MissouriRepresentative1,Yes,yes,
Lacy Clay,Yes,No,Missouri,8/4/2020,Representative,1,Male,N/A,No,N/A,N/A,No,No,N/A,N/A,N/A,N/A,46,Lost,,MissouriRepresentative1,Yes,,
Kat Bruckner,No,No,Missouri,8/4/2020,Representative,1,Female,N/A,No,N/A,N/A,No,No,N/A,N/A,N/A,N/A,6,Lost,,MissouriRepresentative1,Yes,yes,
Jill Schupp,No,Yes,Missouri,8/4/2020,Representative,2,Female,Yes,N/A,N/A,N/A,N/A,N/A,N/A,Yes,N/A,N/A,100,Won,yes,MissouriRepresentative2,No,yes,
Megan Rezabek,No,Yes,Missouri,8/4/2020,Representative,3,Female,N/A,N/A,N/A,N/A,N/A,N/A,N/A,N/A,N/A,N/A,67,Won,,MissouriRepresentative3,Yes,yes,
Dennis Oglesby,No,Yes,Missouri,8/4/2020,Representative,3,Male,N/A,N/A,N/A,N/A,N/A,N/A,N/A,N/A,N/A,N/A,33,Lost,,MissouriRepresentative3,Yes,,
Lindsey Simmons,No,Yes,Missouri,8/4/2020,Representative,4,Female,N/A,N/A,N/A,N/A,N/A,N/A,N/A,N/A,N/A,N/A,100,Won,,MissouriRepresentative4,No,yes,
Emanuel Cleaver,Yes,No,Missouri,8/4/2020,Representative,5,Male,N/A,N/A,N/A,N/A,N/A,N/A,N/A,N/A,N/A,N/A,85,Won,,MissouriRepresentative5,Yes,,
Maite Salazar,No,No,Missouri,8/4/2020,Representative,5,Female,N/A,N/A,N/A,N/A,N/A,N/A,N/A,N/A,N/A,N/A,15,Lost,,MissouriRepresentative5,Yes,yes,
Ramona Farris,No,Yes,Missouri,8/4/2020,Representative,6,Female,N/A,N/A,N/A,N/A,N/A,N/A,N/A,N/A,N/A,N/A,27,Lost,,MissouriRepresentative6,Yes,yes,
Charles West,No,Yes,Missouri,8/4/2020,Representative,6,Male,N/A,N/A,N/A,N/A,N/A,N/A,N/A,N/A,N/A,N/A,16,Lost,,MissouriRepresentative6,Yes,,
Gena Ross,No,Yes,Missouri,8/4/2020,Representative,6,Female,N/A,N/A,N/A,N/A,N/A,N/A,N/A,N/A,N/A,N/A,33,Won,,MissouriRepresentative6,Yes,yes,
Henry Martin,No,Yes,Missouri,8/4/2020,Representative,6,Male,N/A,N/A,N/A,N/A,N/A,N/A,N/A,N/A,N/A,N/A,21,Lost,,MissouriRepresentative6,Yes,,
Donald Robert Sartain,No,Yes,Missouri,8/4/2020,Representative,6,Male,N/A,N/A,N/A,N/A,N/A,N/A,N/A,N/A,N/A,N/A,3,Lost,,MissouriRepresentative6,Yes,,
Teresa Montseny,No,Yes,Missouri,8/4/2020,Representative,7,Female,N/A,N/A,N/A,N/A,N/A,N/A,N/A,N/A,N/A,N/A,100,Won,,MissouriRepresentative7,No,yes,
Kathy Ellis,No,Yes,Missouri,8/4/2020,Representative,8,Female,N/A,N/A,N/A,N/A,N/A,N/A,N/A,N/A,N/A,N/A,100,Won ,,MissouriRepresentative8,No,yes,
Nicole Galloway,No,Yes,Missouri,8/4/2020,Governor,N/A,Female,Yes,N/A,N/A,N/A,N/A,N/A,N/A,N/A,N/A,N/A,85,Won,,MissouriGovernorN/A,Yes,yes,
Jimmie Matthews,No,Yes,Missouri,8/4/2020,Governor,N/A,Male,No,N/A,N/A,N/A,N/A,N/A,N/A,N/A,N/A,N/A,4,Lost,,MissouriGovernorN/A,Yes,,
Antoin Johnson,No,Yes,Missouri,8/4/2020,Governor,N/A,Male,No,N/A,N/A,N/A,N/A,N/A,N/A,N/A,N/A,N/A,4,Lost,,MissouriGovernorN/A,Yes,,
Eric Morrison,No,Yes,Missouri,8/4/2020,Governor,N/A,Male,No,N/A,N/A,N/A,N/A,N/A,N/A,N/A,N/A,N/A,6,Lost,,MissouriGovernorN/A,Yes,,
Robin Van Quaethem,No,Yes,Missouri,8/4/2020,Governor,N/A,Male,No,N/A,N/A,N/A,N/A,N/A,N/A,N/A,N/A,N/A,2,Lost,,MissouriGovernorN/A,Yes,,
Suzan DelBene,Yes,No,Washington,8/4/2020,Representative,1,Female,N/A,N/A,N/A,N/A,N/A,N/A,N/A,N/A,N/A,N/A,100,Advanced,,WashingtonRepresentative1,No,yes,
Rick Larsen,Yes,No,Washington,8/4/2020,Representative,2,Male,N/A,N/A,N/A,N/A,No,N/A,N/A,N/A,N/A,N/A,78,Advanced,,WashingtonRepresentative2,No,,
Jason Call,No,No,Washington,8/4/2020,Representative,2,Male,N/A,N/A,N/A,N/A,Yes,N/A,N/A,N/A,N/A,N/A,22,Lost,yes,WashingtonRepresentative2,No,,
Davy Ray,No,Yes,Washington,8/4/2020,Representative,3,Male,No,N/A,N/A,N/A,N/A,N/A,N/A,No,N/A,N/A,3,Lost,,WashingtonRepresentative3,Yes,,
Carolyn Long,No,Yes,Washington,8/4/2020,Representative,3,Female,Yes,N/A,N/A,N/A,N/A,N/A,N/A,Yes,N/A,N/A,95,Advanced,yes,WashingtonRepresentative3,Yes,yes,
Devin Gray,No,Yes,Washington,8/4/2020,Representative,3,Male,No,N/A,N/A,N/A,N/A,N/A,N/A,No,N/A,N/A,2,Lost,,WashingtonRepresentative3,Yes,,
Doug McKinley,No,Yes,Washington,8/4/2020,Representative,4,Male,N/A,N/A,N/A,N/A,N/A,N/A,N/A,N/A,N/A,N/A,100,Advanced,,WashingtonRepresentative4,No,,
Chris Armitage,No,Yes,Washington,8/4/2020,Representative,5,Male,N/A,N/A,N/A,N/A,N/A,N/A,N/A,N/A,N/A,N/A,33,Lost,,WashingtonRepresentative5,No,,
Dave Wilson,No,Yes,Washington,8/4/2020,Representative,5,Male,N/A,N/A,N/A,N/A,N/A,N/A,N/A,N/A,N/A,N/A,67,Advanced,,WashingtonRepresentative5,No,,
Rebecca Parson,No,No,Washington,8/4/2020,Representative,6,Female,N/A,N/A,N/A,N/A,Yes,N/A,N/A,N/A,N/A,N/A,22,Lost,yes,WashingtonRepresentative6,Yes,yes,
Derek Kilmer,Yes,No,Washington,8/4/2020,Representative,6,Male,N/A,N/A,N/A,N/A,No,N/A,N/A,N/A,N/A,N/A,78,Advanced,,WashingtonRepresentative6,Yes,,
Jack Hughes-Hageman,No,No,Washington,8/4/2020,Representative,7,Male,N/A,No,N/A,No,No,No,No,N/A,N/A,N/A,4,Lost,,WashingtonRepresentative7,Yes,,
Pramila Jayapal,Yes,No,Washington,8/4/2020,Representative,7,Female,N/A,Yes,N/A,Yes,Yes,Yes,Yes,N/A,N/A,N/A,96,Advanced,yes,WashingtonRepresentative7,Yes,yes,
James Mitchell,No,No,Washington,8/4/2020,Representative,8,Male,No,N/A,N/A,N/A,N/A,N/A,N/A,N/A,N/A,N/A,5,Lost,,WashingtonRepresentative8,Yes,,
Kim Schrier,Yes,No,Washington,8/4/2020,Representative,8,Female,Yes,N/A,N/A,N/A,N/A,N/A,N/A,N/A,N/A,N/A,91,Advanced,,WashingtonRepresentative8,Yes,yes,
Keith Arnold,No,No,Washington,8/4/2020,Representative,8,Male,No,N/A,N/A,N/A,N/A,N/A,N/A,N/A,N/A,N/A,4,Lost,,WashingtonRepresentative8,Yes,,
Adam Smith,Yes,No,Washington,8/4/2020,Representative,9,Male,N/A,N/A,N/A,N/A,N/A,N/A,N/A,N/A,N/A,N/A,100,Advanced,,WashingtonRepresentative9,No,,
Kristine Reeves,No,Yes,Washington,8/4/2020,Representative,10,Female,N/A,N/A,N/A,No,N/A,No,N/A,N/A,N/A,N/A,24,Lost,,WashingtonRepresentative10,Yes,yes,
Mary Bacon,No,Yes,Washington,8/4/2020,Representative,10,Female,N/A,N/A,N/A,No,N/A,No,N/A,N/A,N/A,N/A,3,Lost,,WashingtonRepresentative10,Yes,yes,
Beth Doglio,No,Yes,Washington,8/4/2020,Representative,10,Female,N/A,N/A,N/A,Yes,N/A,Yes,N/A,N/A,N/A,N/A,28,Advanced,yes,WashingtonRepresentative10,Yes,yes,
Phil Gardner,No,Yes,Washington,8/4/2020,Representative,10,Male,N/A,N/A,N/A,No,N/A,No,N/A,N/A,N/A,N/A,4,Lost,,WashingtonRepresentative10,Yes,,
Eric LeMay,No,Yes,Washington,8/4/2020,Representative,10,Male,N/A,N/A,N/A,No,N/A,No,N/A,N/A,N/A,N/A,2,Lost,,WashingtonRepresentative10,Yes,,
Marilyn Strickland,No,Yes,Washington,8/4/2020,Representative,10,Female,N/A,N/A,N/A,No,N/A,No,N/A,N/A,N/A,N/A,37,Advanced,,WashingtonRepresentative10,Yes,yes,
Sam Wright,No,Yes,Washington,8/4/2020,Representative,10,Male,N/A,N/A,N/A,No,N/A,No,N/A,N/A,N/A,N/A,1,Lost,,WashingtonRepresentative10,Yes,,
Randy Bell,No,Yes,Washington,8/4/2020,Representative,10,Male,N/A,N/A,N/A,No,N/A,No,N/A,N/A,N/A,N/A,0,Lost,,WashingtonRepresentative10,Yes,,
Omari Tahir-Garrett,No,No,Washington,8/4/2020,Governor,N/A,Male,N/A,N/A,N/A,N/A,N/A,N/A,N/A,N/A,N/A,N/A,1,Lost,,WashingtonGovernorN/A,No,,
Don L. Rivers,No,No,Washington,8/4/2020,Governor,N/A,Male,N/A,N/A,N/A,N/A,N/A,N/A,N/A,N/A,N/A,N/A,2,Lost,,WashingtonGovernorN/A,No,,
Gene Hart,No,No,Washington,8/4/2020,Governor,N/A,Male,N/A,N/A,N/A,N/A,N/A,N/A,N/A,N/A,N/A,N/A,1,Lost,,WashingtonGovernorN/A,No,,
Cairo D'Almeida,No,No,Washington,8/4/2020,Governor,N/A,Male,N/A,N/A,N/A,N/A,N/A,N/A,N/A,N/A,N/A,N/A,1,Lost,,WashingtonGovernorN/A,No,,
Jay Inslee,Yes,No,Washington,8/4/2020,Governor,N/A,Male,N/A,N/A,N/A,N/A,N/A,N/A,N/A,N/A,N/A,N/A,95,Advanced,,WashingtonGovernorN/A,No,,
Sara Gideon,No,Yes,Maine,7/14/2020,Senator,N/A,Female,Yes,No,N/A,N/A,No,N/A,N/A,Yes,N/A,N/A,71,Won,yes,MaineSenatorN/A,No,yes,
Bre Kidman,No,Yes,Maine,7/14/2020,Senator,N/A,N/A,No,No,N/A,N/A,No,N/A,N/A,No,N/A,N/A,6,Lost,,MaineSenatorN/A,No,yes,
Betsy Sweet,No,Yes,Maine,7/14/2020,Senator,N/A,Female,No,Yes,N/A,N/A,Yes,N/A,N/A,No,N/A,N/A,23,Lost,yes,MaineSenatorN/A,No,yes,
Chellie Pingree,Yes,No,Maine,7/14/2020,Representative,1,Female,N/A,N/A,N/A,N/A,N/A,N/A,N/A,N/A,N/A,N/A,100,Won,,MaineRepresentative1,No,yes,
Jared Golden,Yes,No,Maine,7/14/2020,Representative,2,Male,N/A,N/A,N/A,N/A,N/A,N/A,N/A,N/A,N/A,N/A,100,Won,,MaineRepresentative2,No,,
Cory Booker,Yes,No,New Jersey,7/7/2020,Senator,N/A,Male,N/A,N/A,N/A,N/A,N/A,N/A,N/A,N/A,N/A,N/A,88,Won,,New JerseySenatorN/A,No,,
Lawrence Hamm,No,No,New Jersey,7/7/2020,Senator,N/A,Male,N/A,N/A,N/A,N/A,N/A,N/A,N/A,N/A,N/A,N/A,12,Lost,,New JerseySenatorN/A,No,,
Donald Norcross,Yes,No,New Jersey,7/7/2020,Representative,1,Male,N/A,N/A,N/A,N/A,N/A,N/A,N/A,N/A,N/A,N/A,100,Won,,New JerseyRepresentative1,No,,
Will Cunningham,No,Yes,New Jersey,7/7/2020,Representative,2,Male,N/A,N/A,N/A,N/A,N/A,N/A,N/A,N/A,N/A,N/A,13,Lost,,New JerseyRepresentative2,Yes,,
John Francis,No,Yes,New Jersey,7/7/2020,Representative,2,Male,N/A,N/A,N/A,N/A,N/A,N/A,N/A,N/A,N/A,N/A,2,Lost,,New JerseyRepresentative2,Yes,,
Brigid Callahan Harrison,No,Yes,New Jersey,7/7/2020,Representative,2,Female,N/A,N/A,N/A,N/A,N/A,N/A,N/A,N/A,N/A,N/A,22,Lost,,New JerseyRepresentative2,Yes,yes,
Amy Kennedy,No,Yes,New Jersey,7/7/2020,Representative,2,Female,N/A,N/A,N/A,N/A,N/A,N/A,N/A,N/A,N/A,N/A,62,Won,,New JerseyRepresentative2,Yes,yes,
Robert Turkavage,No,Yes,New Jersey,7/7/2020,Representative,2,Male,N/A,N/A,N/A,N/A,N/A,N/A,N/A,N/A,N/A,N/A,1,Lost,,New JerseyRepresentative2,Yes,,
Andy KIm,Yes,No,New Jersey,7/7/2020,Representative,3,Male,N/A,N/A,N/A,N/A,N/A,N/A,N/A,N/A,N/A,N/A,100,Won,,New JerseyRepresentative3,No,,
David Applefield,No,Yes,New Jersey,7/7/2020,Representative,4,Male,N/A,N/A,N/A,N/A,N/A,N/A,N/A,N/A,N/A,N/A,7,Lost,,New JerseyRepresentative4,Yes,,
Christine Conforti,No,Yes,New Jersey,7/7/2020,Representative,4,Female,N/A,N/A,N/A,N/A,N/A,N/A,N/A,N/A,N/A,N/A,25,Lost,,New JerseyRepresentative4,Yes,yes,
Stephanie Schmid,No,Yes,New Jersey,7/7/2020,Representative,4,Female,N/A,N/A,N/A,N/A,N/A,N/A,N/A,N/A,N/A,N/A,67,Won,,New JerseyRepresentative4,Yes,yes,
Josh Gottheimer,Yes,No,New Jersey,7/7/2020,Representative,5,Male,N/A,N/A,No,No,N/A,No,N/A,N/A,N/A,N/A,66,Won,,New JerseyRepresentative5,Yes,,
Arati Kreibich,No,No,New Jersey,7/7/2020,Representative,5,Female,N/A,N/A,Yes,Yes,N/A,Yes,N/A,N/A,N/A,N/A,34,Lost,yes,New JerseyRepresentative5,Yes,yes,
Frank Pallone,Yes,No,New Jersey,7/7/2020,Representative,6,Male,N/A,N/A,N/A,N/A,N/A,N/A,N/A,N/A,N/A,N/A,79,Won,,New JerseyRepresentative6,Yes,,
Amani Al-Khatahtbeh,No,No,New Jersey,7/7/2020,Representative,6,Female,N/A,N/A,N/A,N/A,N/A,N/A,N/A,N/A,N/A,N/A,4,Lost,,New JerseyRepresentative6,Yes,yes,
Russ Cirincione,No,No,New Jersey,7/7/2020,Representative,6,Male,N/A,N/A,N/A,N/A,N/A,N/A,N/A,N/A,N/A,N/A,17,Lost,,New JerseyRepresentative6,Yes,,
Tom Malinowski,Yes,No,New Jersey,7/7/2020,Representative,7,Male,N/A,N/A,N/A,N/A,N/A,N/A,N/A,N/A,N/A,N/A,100,Won,,New JerseyRepresentative7,No,,
Albio Sires,Yes,No,New Jersey,7/7/2020,Representative,8,Male,N/A,N/A,N/A,N/A,N/A,N/A,N/A,N/A,N/A,N/A,70,Won,,New JerseyRepresentative8,No,,
Hector Oseguera,No,No,New Jersey,7/7/2020,Representative,8,Male,N/A,N/A,N/A,N/A,N/A,N/A,N/A,N/A,N/A,N/A,27,Lost,,New JerseyRepresentative8,No,,
Will Sheehan,No,No,New Jersey,7/7/2020,Representative,8,Male,N/A,N/A,N/A,N/A,N/A,N/A,N/A,N/A,N/A,N/A,2,Lost,,New JerseyRepresentative8,No,,
Bill Pascrell,Yes,No,New Jersey,7/7/2020,Representative,9,Male,N/A,N/A,N/A,N/A,N/A,N/A,N/A,N/A,N/A,N/A,81,Won,,New JerseyRepresentative9,Yes,,
Alp Basaran,No,No,New Jersey,7/7/2020,Representative,9,Male,N/A,N/A,N/A,N/A,N/A,N/A,N/A,N/A,N/A,N/A,2,Lost,,New JerseyRepresentative9,Yes,,
Zina Spezakis,No,No,New Jersey,7/7/2020,Representative,9,Female,N/A,N/A,N/A,N/A,N/A,N/A,N/A,N/A,N/A,N/A,17,Lost,,New JerseyRepresentative9,Yes,yes,
Donald Payne,Yes,No,New Jersey,7/7/2020,Representative,10,Male,N/A,N/A,N/A,N/A,N/A,N/A,N/A,N/A,N/A,N/A,88,Won,,New JerseyRepresentative10,No,,
John Flora,No,No,New Jersey,7/7/2020,Representative,10,Male,N/A,N/A,N/A,N/A,N/A,N/A,N/A,N/A,N/A,N/A,4,Lost,,New JerseyRepresentative10,No,,
Eugene Mazo,No,No,New Jersey,7/7/2020,Representative,10,Male,N/A,N/A,N/A,N/A,N/A,N/A,N/A,N/A,N/A,N/A,7,Lost,,New JerseyRepresentative10,No,,
Mikie Sherrill,Yes,No,New Jersey,7/7/2020,Representative,11,Female,Yes,N/A,N/A,N/A,N/A,N/A,N/A,N/A,N/A,N/A,100,Won,,New JerseyRepresentative11,No,yes,
Bonnie Watson Coleman,Yes,No,New Jersey,7/7/2020,Representative,12,Female,N/A,N/A,N/A,N/A,N/A,Yes,N/A,N/A,N/A,N/A,89,Won,yes,New JerseyRepresentative12,No,yes,
Lisa McCormick,No,No,New Jersey,7/7/2020,Representative,12,Female,N/A,N/A,N/A,N/A,N/A,No,N/A,N/A,N/A,N/A,11,Lost,,New JerseyRepresentative12,No,yes,
Andrew Romanoff,No,Yes,Colorado,6/30/2020,Senator,N/A,Male,N/A,N/A,N/A,N/A,Yes,N/A,N/A,No,N/A,N/A,41,Lost,yes,ColoradoSenatorN/A,No,,
John Hickenlooper,No,Yes,Colorado,6/30/2020,Senator,N/A,Male,N/A,N/A,N/A,N/A,No,N/A,N/A,Yes,N/A,N/A,59,Won,yes,ColoradoSenatorN/A,No,,
Diana DeGette,Yes,No,Colorado,6/30/2020,Representative,1,Female,N/A,N/A,N/A,N/A,N/A,N/A,N/A,N/A,N/A,N/A,100,Won,,ColoradoRepresentative1,No,yes,
Joe Neguse,Yes,No,Colorado,6/30/2020,Representative,2,Male,N/A,N/A,N/A,N/A,N/A,N/A,N/A,N/A,N/A,N/A,100,Won,,ColoradoRepresentative2,No,,
James Iacino,No,Yes,Colorado,6/30/2020,Representative,3,Male,N/A,N/A,N/A,N/A,N/A,N/A,N/A,N/A,N/A,N/A,39,Lost,,ColoradoRepresentative3,Yes,,
Diane Mitsch Bush,No,Yes,Colorado,6/30/2020,Representative,3,Female,N/A,N/A,N/A,N/A,N/A,N/A,N/A,N/A,N/A,N/A,61,Won,,ColoradoRepresentative3,Yes,yes,
Ike McCorkle,No,Yes,Colorado,6/30/2020,Representative,4,Male,N/A,N/A,N/A,N/A,N/A,N/A,N/A,N/A,N/A,N/A,100,Won,,ColoradoRepresentative4,No,,
Jillian Freeland,No,Yes,Colorado,6/30/2020,Representative,5,Female,N/A,N/A,Yes,N/A,N/A,N/A,N/A,N/A,N/A,N/A,100,Won,yes,ColoradoRepresentative5,No,yes,
Jason Crow,Yes,No,Colorado,6/30/2020,Representative,6,Male,N/A,N/A,N/A,N/A,N/A,N/A,N/A,N/A,N/A,N/A,100,Won,,ColoradoRepresentative6,No,,
Ed Perlmutter,Yes,No,Colorado,6/30/2020,Representative,7,Male,N/A,N/A,N/A,N/A,N/A,N/A,N/A,N/A,N/A,N/A,100,Won,,ColoradoRepresentative7,No,,
Sheila Bilyeu,No,Yes,Oklahoma,6/30/2020,Senator,N/A,Female,N/A,N/A,N/A,N/A,N/A,N/A,N/A,N/A,N/A,N/A,12,Lost,,OklahomaSenatorN/A,Yes,yes,
Abby Broyles,No,Yes,Oklahoma,6/30/2020,Senator,N/A,Female,N/A,N/A,N/A,N/A,N/A,N/A,N/A,N/A,N/A,N/A,60,Won,,OklahomaSenatorN/A,Yes,yes,
Elysabeth Britt,No,Yes,Oklahoma,6/30/2020,Senator,N/A,Female,N/A,N/A,N/A,N/A,N/A,N/A,N/A,N/A,N/A,N/A,17,Lost,,OklahomaSenatorN/A,Yes,yes,
R.O. “Joe” Cassity Jr.,No,Yes,Oklahoma,6/30/2020,Senator,N/A,Male,N/A,N/A,N/A,N/A,N/A,N/A,N/A,N/A,N/A,N/A,11,Lost,,OklahomaSenatorN/A,Yes,,
Kojo Asamoa-Caesar,No,Yes,Oklahoma,6/30/2020,Representative,1,Male,N/A,N/A,N/A,N/A,N/A,N/A,N/A,N/A,N/A,N/A,64,Won,,OklahomaRepresentative1,No,,
Mark Keeter,No,Yes,Oklahoma,6/30/2020,Representative,1,Male,N/A,N/A,N/A,N/A,N/A,N/A,N/A,N/A,N/A,N/A,36,Lost,,OklahomaRepresentative1,No,,
Danyell Lanier,No,Yes,Oklahoma,6/30/2020,Representative,2,Female,N/A,N/A,N/A,N/A,N/A,N/A,N/A,N/A,N/A,N/A,100,Won,,OklahomaRepresentative2,No,yes,
Zoe Midyett,No,Yes,Oklahoma,6/30/2020,Representative,3,Female,N/A,N/A,N/A,N/A,N/A,N/A,N/A,N/A,N/A,N/A,100,Won,,OklahomaRepresentative3,No,yes,
Mary Brannon,No,Yes,Oklahoma,6/30/2020,Representative,4,Female,N/A,N/A,N/A,N/A,N/A,N/A,N/A,N/A,N/A,N/A,64,Won,,OklahomaRepresentative4,Yes,yes,
John Argo,No,Yes,Oklahoma,6/30/2020,Representative,4,Male,N/A,N/A,N/A,N/A,N/A,N/A,N/A,N/A,N/A,N/A,17,Lost,,OklahomaRepresentative4,Yes,,
David Slemmons,No,Yes,Oklahoma,6/30/2020,Representative,4,Male,N/A,N/A,N/A,N/A,N/A,N/A,N/A,N/A,N/A,N/A,19,Lost,,OklahomaRepresentative4,Yes,,
Tom Guild,No,No,Oklahoma,6/30/2020,Representative,5,Male,No,N/A,N/A,N/A,N/A,N/A,N/A,N/A,N/A,N/A,14,Lost,,OklahomaRepresentative5,Yes,,
Kendra Horn,Yes,No,Oklahoma,6/30/2020,Representative,5,Female,Yes,N/A,N/A,N/A,N/A,N/A,N/A,N/A,N/A,N/A,86,Won,,OklahomaRepresentative5,Yes,yes,
Darren Parry,No,Yes,Utah,6/30/2020,Representative,1,Male,N/A,N/A,N/A,N/A,N/A,N/A,N/A,N/A,N/A,N/A,51,Won,,UtahRepresentative1,Yes,,
Jamie Cheek,No,Yes,Utah,6/30/2020,Representative,1,Female,N/A,N/A,N/A,N/A,N/A,N/A,N/A,N/A,N/A,N/A,49,Lost,,UtahRepresentative1,Yes,yes,
Jimmy Ausbrooks,No,Yes,Kentucky,6/23/2020,Senator,N/A,Male,N/A,N/A,No,No,No,No,No,No,N/A,N/A,1,Lost,,KentuckySenatorN/A,Yes,,
Charles Booker,No,Yes,Kentucky,6/23/2020,Senator,N/A,Male,N/A,N/A,Yes,Yes,Yes,Yes,Yes,No,N/A,N/A,43,Lost,yes,KentuckySenatorN/A,Yes,,
Mike Broihier,No,Yes,Kentucky,6/23/2020,Senator,N/A,Male,N/A,N/A,No,No,No,No,No,No,N/A,N/A,5,Lost,,KentuckySenatorN/A,Yes,,
Maggie Jo Hilliard,No,Yes,Kentucky,6/23/2020,Senator,N/A,Female,N/A,N/A,No,No,No,No,No,No,N/A,N/A,1,Lost,,KentuckySenatorN/A,Yes,yes,
Andrew J. Maynard,No,Yes,Kentucky,6/23/2020,Senator,N/A,Male,N/A,N/A,No,No,No,No,No,No,N/A,N/A,1,Lost,,KentuckySenatorN/A,Yes,,
Amy McGrath,No,Yes,Kentucky,6/23/2020,Senator,N/A,Female,N/A,N/A,No,No,No,No,No,Yes,N/A,N/A,45,Won,yes,KentuckySenatorN/A,Yes,yes,
Eric Rothmuller,No,Yes,Kentucky,6/23/2020,Senator,N/A,Male,N/A,N/A,No,No,No,No,No,No,N/A,N/A,1,Lost,,KentuckySenatorN/A,Yes,,
John R. Sharpensteen,No,Yes,Kentucky,6/23/2020,Senator,N/A,Male,N/A,N/A,No,No,No,No,No,No,N/A,N/A,1,Lost,,KentuckySenatorN/A,Yes,,
Bennie J. Smith,No,Yes,Kentucky,6/23/2020,Senator,N/A,Male,N/A,N/A,No,No,No,No,No,No,N/A,N/A,1,Lost,,KentuckySenatorN/A,Yes,,
Mary Ann Tobin,No,Yes,Kentucky,6/23/2020,Senator,N/A,Female,N/A,N/A,No,No,No,No,No,No,N/A,N/A,2,Lost,,KentuckySenatorN/A,Yes,yes,
James Rhodes,No,Yes,Kentucky,6/23/2020,Representative,1,Male,N/A,N/A,N/A,N/A,N/A,N/A,N/A,N/A,N/A,N/A,100,Won,,KentuckyRepresentative1,No,,
Hank Linderman,No,Yes,Kentucky,6/23/2020,Representative,2,Male,N/A,N/A,Yes,N/A,N/A,N/A,N/A,N/A,N/A,N/A,100,Won,yes,KentuckyRepresentative2,No,,
John Yarmuth,Yes,No,Kentucky,6/23/2020,Representative,3,Male,N/A,N/A,N/A,N/A,N/A,N/A,N/A,N/A,N/A,N/A,100,Won,,KentuckyRepresentative3,No,,
Shannon Fabert,No,Yes,Kentucky,6/23/2020,Representative,4,Female,N/A,N/A,N/A,N/A,N/A,N/A,N/A,N/A,N/A,N/A,42,Lost,,KentuckyRepresentative4,No,yes,
Alexandra Owensby,No,Yes,Kentucky,6/23/2020,Representative,4,Female,N/A,N/A,N/A,N/A,N/A,N/A,N/A,N/A,N/A,N/A,58,Won,,KentuckyRepresentative4,No,yes,
Matthew Ryan Best,No,Yes,Kentucky,6/23/2020,Representative,5,Male,N/A,N/A,N/A,N/A,N/A,N/A,N/A,N/A,N/A,N/A,100,Won,,KentuckyRepresentative5,No,,
Josh Hicks,No,Yes,Kentucky,6/23/2020,Representative,6,Male,N/A,N/A,N/A,N/A,N/A,N/A,N/A,N/A,N/A,N/A,72,Won,,KentuckyRepresentative6,No,,
Daniel Kemph,No,Yes,Kentucky,6/23/2020,Representative,6,Male,N/A,N/A,N/A,N/A,N/A,N/A,N/A,N/A,N/A,N/A,28,Lost,,KentuckyRepresentative6,No,,
Greg Fischer,No,Yes,New York,6/23/2020,Representative,1,Male,No,N/A,N/A,N/A,N/A,N/A,N/A,N/A,N/A,N/A,,Lost,,New YorkRepresentative1,Yes,,
Bridget Fleming,No,Yes,New York,6/23/2020,Representative,1,Female,No,N/A,N/A,N/A,N/A,N/A,N/A,N/A,N/A,N/A,,Lost,,New YorkRepresentative1,Yes,yes,
Perry Gershon,No,Yes,New York,6/23/2020,Representative,1,Male,No,N/A,N/A,N/A,N/A,N/A,N/A,N/A,N/A,N/A,,Lost,,New YorkRepresentative1,Yes,,
Nancy Goroff,No,Yes,New York,6/23/2020,Representative,1,Female,Yes,N/A,N/A,N/A,N/A,N/A,N/A,N/A,N/A,N/A,,Won,,New YorkRepresentative1,Yes,yes,
Jackie Gordon,No,Yes,New York,6/23/2020,Representative,2,Female,Yes,N/A,N/A,N/A,N/A,N/A,N/A,Yes,N/A,N/A,,Won,yes,New YorkRepresentative2,No,yes,
Patricia Maher,No,Yes,New York,6/23/2020,Representative,2,Female,No,N/A,N/A,N/A,N/A,N/A,N/A,No,N/A,N/A,,Lost,,New YorkRepresentative2,No,yes,
Michael Weinstock,No,No,New York,6/23/2020,Representative,3,Male,N/A,N/A,No,N/A,N/A,N/A,N/A,N/A,N/A,N/A,,Lost,,New YorkRepresentative3,Yes,,
Melanie D'Arrigo,No,No,New York,6/23/2020,Representative,3,Female,N/A,N/A,Yes,N/A,N/A,N/A,N/A,N/A,N/A,N/A,,Lost,yes,New YorkRepresentative3,Yes,yes,
Tom Suozzi,Yes,No,New York,6/23/2020,Representative,3,Male,N/A,N/A,No,N/A,N/A,N/A,N/A,N/A,N/A,N/A,,Won,,New YorkRepresentative3,Yes,,
Kathleen Rice,Yes,No,New York,6/23/2020,Representative,4,Female,N/A,N/A,N/A,N/A,N/A,N/A,N/A,N/A,N/A,N/A,,Won,,New YorkRepresentative4,No,yes,
Shaniyat Chowdhury,No,No,New York,6/23/2020,Representative,5,Male,N/A,N/A,N/A,N/A,N/A,N/A,N/A,N/A,N/A,N/A,,Lost,,New YorkRepresentative5,No,,
Gregory Meeks,Yes,No,New York,6/23/2020,Representative,5,Male,N/A,N/A,N/A,N/A,N/A,N/A,N/A,N/A,N/A,N/A,,Won,,New YorkRepresentative5,No,,
Sandra Choi,No,No,New York,6/23/2020,Representative,6,Female,N/A,N/A,N/A,N/A,N/A,N/A,N/A,N/A,N/A,N/A,,Lost,,New YorkRepresentative6,Yes,yes,
Grace Meng,Yes,No,New York,6/23/2020,Representative,6,Female,N/A,N/A,N/A,N/A,N/A,N/A,N/A,N/A,N/A,N/A,,Won,,New YorkRepresentative6,Yes,yes,
Melquiades Gagarin,No,No,New York,6/23/2020,Representative,6,Male,N/A,N/A,N/A,N/A,N/A,N/A,N/A,N/A,N/A,N/A,,Lost,,New YorkRepresentative6,Yes,,
Nydia Velazquez,Yes,No,New York,6/23/2020,Representative,7,Female,N/A,N/A,N/A,N/A,N/A,N/A,N/A,N/A,N/A,N/A,,Won,,New YorkRepresentative7,Yes,yes,
Paperboy Love Prince,No,No,New York,6/23/2020,Representative,7,Male,N/A,N/A,N/A,N/A,N/A,N/A,N/A,N/A,N/A,N/A,,Lost,,New YorkRepresentative7,Yes,,
Hakeem Jeffries,Yes,No,New York,6/23/2020,Representative,8,Male,N/A,N/A,N/A,N/A,N/A,N/A,N/A,N/A,N/A,N/A,,Won,,New YorkRepresentative8,No,,
Chaim Deutsch,No,No,New York,6/23/2020,Representative,9,Male,N/A,N/A,No,N/A,N/A,N/A,N/A,N/A,N/A,N/A,,Lost,,New YorkRepresentative9,Yes,,
Yvette Clarke,Yes,No,New York,6/23/2020,Representative,9,Female,N/A,N/A,No,N/A,N/A,N/A,N/A,N/A,N/A,N/A,,Won,,New YorkRepresentative9,Yes,yes,
Isiah James,No,No,New York,6/23/2020,Representative,9,Male,N/A,N/A,No,N/A,N/A,N/A,N/A,N/A,N/A,N/A,,Lost,,New YorkRepresentative9,Yes,,
Adem Bunkeddeko,No,No,New York,6/23/2020,Representative,9,Male,N/A,N/A,Yes,N/A,N/A,N/A,N/A,N/A,N/A,N/A,,Lost,yes,New YorkRepresentative9,Yes,,
Lutchi Gayot ,No,No,New York,6/23/2020,Representative,9,Male,N/A,N/A,No,N/A,N/A,N/A,N/A,N/A,N/A,N/A,,Lost,,New YorkRepresentative9,Yes,,
Jerry Nadler,Yes,No,New York,6/23/2020,Representative,10,Male,N/A,N/A,N/A,N/A,N/A,N/A,N/A,N/A,N/A,N/A,,Won,,New YorkRepresentative10,Yes,,
Lindsey Boylan,No,No,New York,6/23/2020,Representative,10,Female,N/A,N/A,N/A,N/A,N/A,N/A,N/A,N/A,N/A,N/A,,Lost,,New YorkRepresentative10,Yes,yes,
Jonathan Herzog,No,No,New York,6/23/2020,Representative,10,Male,N/A,N/A,N/A,N/A,N/A,N/A,N/A,N/A,N/A,N/A,,Lost,,New YorkRepresentative10,Yes,,
Max Rose,Yes,No,New York,6/23/2020,Representative,11,Male,N/A,N/A,N/A,N/A,N/A,N/A,N/A,N/A,N/A,N/A,,Won,,New YorkRepresentative11,No,,
Carolyn Maloney,Yes,No,New York,6/23/2020,Representative,12,Female,N/A,N/A,N/A,N/A,N/A,N/A,N/A,N/A,N/A,N/A,,Won,,New YorkRepresentative12,Yes,yes,
Peter Harrison,No,No,New York,6/23/2020,Representative,12,Male,N/A,N/A,N/A,N/A,N/A,N/A,N/A,N/A,N/A,N/A,,Lost,,New YorkRepresentative12,Yes,,
Lauren Ashcraft,No,No,New York,6/23/2020,Representative,12,Female,N/A,N/A,N/A,N/A,N/A,N/A,N/A,N/A,N/A,N/A,,Lost,,New YorkRepresentative12,Yes,yes,
Suraj Patel,No,No,New York,6/23/2020,Representative,12,Male,N/A,N/A,N/A,N/A,N/A,N/A,N/A,N/A,N/A,N/A,,Lost,,New YorkRepresentative12,Yes,,
Adriano Espaillat,Yes,No,New York,6/23/2020,Representative,13,Male,N/A,N/A,N/A,N/A,N/A,N/A,N/A,N/A,N/A,N/A,,Won,,New YorkRepresentative13,No,,
James Felton Keith,No,No,New York,6/23/2020,Representative,13,Male,N/A,N/A,N/A,N/A,N/A,N/A,N/A,N/A,N/A,N/A,,Lost,,New YorkRepresentative13,No,,
Ramon Rodriguez,No,No,New York,6/23/2020,Representative,13,Male,N/A,N/A,N/A,N/A,N/A,N/A,N/A,N/A,N/A,N/A,,Lost,,New YorkRepresentative13,No,,
Michelle Caruso-Cabrera,No,No,New York,6/23/2020,Representative,14,Female,N/A,No,N/A,No,No,No,N/A,N/A,N/A,N/A,,Lost,,New YorkRepresentative14,Yes,yes,
Badrun Khan,No,No,New York,6/23/2020,Representative,14,Female,N/A,No,N/A,No,No,No,N/A,N/A,N/A,N/A,,Lost,,New YorkRepresentative14,Yes,yes,
Alexandria Ocasio-Cortez,Yes,No,New York,6/23/2020,Representative,14,Female,N/A,Yes,N/A,Yes,Yes,Yes,N/A,N/A,N/A,N/A,,Won,yes,New YorkRepresentative14,Yes,yes,
Sam Sloan,No,No,New York,6/23/2020,Representative,14,Male,N/A,No,N/A,No,No,No,N/A,N/A,N/A,N/A,,Lost,,New YorkRepresentative14,Yes,,
Ruben Diaz Sr.,No,Yes,New York,6/23/2020,Representative,15,Male,N/A,N/A,N/A,N/A,No,No,No,N/A,N/A,N/A,,Lost,,New YorkRepresentative15,Yes,,
Michael Blake,No,Yes,New York,6/23/2020,Representative,15,Male,N/A,N/A,N/A,N/A,No,No,No,N/A,N/A,N/A,,Lost,,New YorkRepresentative15,Yes,,
Frangell Basora,No,Yes,New York,6/23/2020,Representative,15,Male,N/A,N/A,N/A,N/A,No,No,No,N/A,N/A,N/A,,Lost,,New YorkRepresentative15,Yes,,
Melissa Mark-Viverito,No,Yes,New York,6/23/2020,Representative,15,Female,N/A,N/A,N/A,N/A,No,No,No,N/A,N/A,N/A,,Lost,,New YorkRepresentative15,Yes,yes,
Ritchie Torres,No,Yes,New York,6/23/2020,Representative,15,Male,N/A,N/A,N/A,N/A,No,No,No,N/A,N/A,N/A,,Won,,New YorkRepresentative15,Yes,,
Julio Pabón,No,Yes,New York,6/23/2020,Representative,15,Male,N/A,N/A,N/A,N/A,No,No,No,N/A,N/A,N/A,,Lost,,New YorkRepresentative15,Yes,,
Mark Escoffery-Bey,No,Yes,New York,6/23/2020,Representative,15,Male,N/A,N/A,N/A,N/A,No,No,No,N/A,N/A,N/A,,Lost,,New YorkRepresentative15,Yes,,
Marlene Tapper,No,Yes,New York,6/23/2020,Representative,15,Female,N/A,N/A,N/A,N/A,No,No,No,N/A,N/A,N/A,,Lost,,New YorkRepresentative15,Yes,yes,
Samelys López,No,Yes,New York,6/23/2020,Representative,15,Female,N/A,N/A,N/A,N/A,Yes,Yes,Yes,N/A,N/A,N/A,,Lost,yes,New YorkRepresentative15,Yes,yes,
Chivona Newsome,No,Yes,New York,6/23/2020,Representative,15,Female,N/A,N/A,N/A,N/A,No,No,No,N/A,N/A,N/A,,Lost,,New YorkRepresentative15,Yes,yes,
Ydanis Rodriguez,No,Yes,New York,6/23/2020,Representative,15,Male,N/A,N/A,N/A,N/A,No,No,No,N/A,N/A,N/A,,Lost,,New YorkRepresentative15,Yes,,
Tomas Ramos,No,Yes,New York,6/23/2020,Representative,15,Male,N/A,N/A,N/A,N/A,No,No,No,N/A,N/A,N/A,,Lost,,New YorkRepresentative15,Yes,,
Eliot Engel,Yes,No,New York,6/23/2020,Representative,16,Male,N/A,No,N/A,No,No,No,No,N/A,N/A,N/A,,Lost,,New YorkRepresentative16,No,,
Sammy Ravelo,No,No,New York,6/23/2020,Representative,16,Male,N/A,No,N/A,No,No,No,No,N/A,N/A,N/A,,Lost,,New YorkRepresentative16,No,,
Chris Fink,No,No,New York,6/23/2020,Representative,16,Male,N/A,No,N/A,No,No,No,No,N/A,N/A,N/A,,Lost,,New YorkRepresentative16,No,,
Andom Ghebreghiorgis,No,No,New York,6/23/2020,Representative,16,Male,N/A,No,N/A,No,No,No,No,N/A,N/A,N/A,,Lost,,New YorkRepresentative16,No,,
Jamaal Bowman,No,No,New York,6/23/2020,Representative,16,Male,N/A,Yes,N/A,Yes,Yes,Yes,Yes,N/A,N/A,N/A,,Won,yes,New YorkRepresentative16,No,,
Catherine Parker,No,Yes,New York,6/23/2020,Representative,17,Female,No,N/A,N/A,No,No,No,No,N/A,N/A,N/A,,Lost,,New YorkRepresentative17,Yes,yes,
Mondaire Jones,No,Yes,New York,6/23/2020,Representative,17,Male,No,N/A,N/A,Yes,Yes,Yes,Yes,N/A,N/A,N/A,,Won,yes,New YorkRepresentative17,Yes,,
Adam Schleifer,No,Yes,New York,6/23/2020,Representative,17,Male,No,N/A,N/A,No,No,No,No,N/A,N/A,N/A,,Lost,,New YorkRepresentative17,Yes,,
Allison Fine,No,Yes,New York,6/23/2020,Representative,17,Female,No,N/A,N/A,No,No,No,No,N/A,N/A,N/A,,Lost,,New YorkRepresentative17,Yes,yes,
Asha Castleberry-Hernandez,No,Yes,New York,6/23/2020,Representative,17,Female,No,N/A,N/A,No,No,No,No,N/A,N/A,N/A,,Lost,,New YorkRepresentative17,Yes,yes,
David Buchwald,No,Yes,New York,6/23/2020,Representative,17,Male,No,N/A,N/A,No,No,No,No,N/A,N/A,N/A,,Lost,,New YorkRepresentative17,Yes,,
Evelyn Farkas,No,Yes,New York,6/23/2020,Representative,17,Female,Yes,N/A,N/A,No,No,No,No,N/A,N/A,N/A,,Lost,,New YorkRepresentative17,Yes,yes,
David Carlucci,No,Yes,New York,6/23/2020,Representative,17,Male,No,N/A,N/A,No,No,No,No,N/A,N/A,N/A,,Lost,,New YorkRepresentative17,Yes,,
Sean Maloney,Yes,No,New York,6/23/2020,Representative,18,Male,N/A,N/A,N/A,N/A,N/A,N/A,N/A,N/A,N/A,N/A,,Won,,New YorkRepresentative18,No,,
Antonio Delgado,Yes,No,New York,6/23/2020,Representative,19,Male,N/A,N/A,N/A,N/A,N/A,N/A,N/A,N/A,N/A,N/A,,Won,,New YorkRepresentative19,No,,
Paul Tonko,Yes,No,New York,6/23/2020,Representative,20,Male,N/A,N/A,N/A,N/A,N/A,N/A,N/A,N/A,N/A,N/A,,Won,,New YorkRepresentative20,No,,
Tedra Cobb,No,Yes,New York,6/23/2020,Representative,21,Female,Yes,N/A,N/A,N/A,N/A,N/A,N/A,N/A,N/A,N/A,,Won,,New YorkRepresentative21,No,yes,
Anthony Brindisi,Yes,No,New York,6/23/2020,Representative,22,Male,N/A,N/A,N/A,N/A,N/A,N/A,N/A,N/A,N/A,N/A,,Won,,New YorkRepresentative22,No,,
Tracy Mitrano,No,Yes,New York,6/23/2020,Representative,23,Female,N/A,N/A,N/A,N/A,N/A,N/A,N/A,N/A,N/A,N/A,,Won,,New YorkRepresentative23,No,yes,
Francis Conole,No,Yes,New York,6/23/2020,Representative,24,Male,No,N/A,No,No,N/A,N/A,N/A,N/A,N/A,N/A,,Lost,,New YorkRepresentative24,Yes,,
Dana Balter,No,Yes,New York,6/23/2020,Representative,24,Female,Yes,N/A,Yes,Yes,N/A,N/A,N/A,N/A,N/A,N/A,,Won,yes,New YorkRepresentative24,Yes,yes,
Joe Morelle,Yes,No,New York,6/23/2020,Representative,25,Male,N/A,N/A,N/A,N/A,N/A,N/A,N/A,N/A,N/A,N/A,,Won,,New YorkRepresentative25,Yes,,
Robin Wilt,No,No,New York,6/23/2020,Representative,25,Female,N/A,N/A,N/A,N/A,N/A,N/A,N/A,N/A,N/A,N/A,,Lost,,New YorkRepresentative25,Yes,yes,
Brian Higgins,Yes,No,New York,6/23/2020,Representative,26,Male,N/A,N/A,N/A,N/A,N/A,N/A,N/A,N/A,N/A,N/A,,Won,,New YorkRepresentative26,No,,
Nate McMurray,No,Yes,New York,6/23/2020,Representative,27,Male,N/A,N/A,N/A,N/A,N/A,N/A,N/A,N/A,N/A,N/A,,Won,,New YorkRepresentative27,No,,
Mark Warner,Yes,No,Virginia,6/23/2020,Senator,N/A,Male,N/A,N/A,N/A,N/A,N/A,N/A,N/A,N/A,N/A,N/A,100,Won,,VirginiaSenatorN/A,No,,
Qasim Rashid,No,Yes,Virginia,6/23/2020,Representative,1,Male,N/A,N/A,N/A,N/A,N/A,N/A,N/A,N/A,N/A,N/A,53,Won,,VirginiaRepresentative1,Yes,,
Vangie Williams,No,Yes,Virginia,6/23/2020,Representative,1,Female,N/A,N/A,N/A,N/A,N/A,N/A,N/A,N/A,N/A,N/A,47,Lost,,VirginiaRepresentative1,Yes,yes,
Elaine Luria,Yes,No,Virginia,6/23/2020,Representative,2,Female,Yes,N/A,N/A,N/A,N/A,N/A,N/A,N/A,N/A,N/A,100,Won,,VirginiaRepresentative2,No,yes,
Bobby Scott,Yes,No,Virginia,6/23/2020,Representative,3,Male,N/A,N/A,N/A,N/A,N/A,N/A,N/A,N/A,N/A,N/A,100,Won,,VirginiaRepresentative3,No,,
Donald McEachin,Yes,No,Virginia,6/23/2020,Representative,4,Male,N/A,N/A,N/A,N/A,N/A,N/A,N/A,N/A,N/A,N/A,80,Won,,VirginiaRepresentative4,Yes,,
Cazel Levine,No,No,Virginia,6/23/2020,Representative,4,Female,N/A,N/A,N/A,N/A,N/A,N/A,N/A,N/A,N/A,N/A,20,Lost,,VirginiaRepresentative4,Yes,yes,
RD Huffstetler,No,Yes,Virginia,6/23/2020,Representative,5,Male,No,N/A,N/A,N/A,N/A,N/A,N/A,N/A,N/A,N/A,10,Lost,,VirginiaRepresentative5,Yes,,
Cameron Webb,No,Yes,Virginia,6/23/2020,Representative,5,Male,No,N/A,N/A,N/A,N/A,N/A,N/A,N/A,N/A,N/A,67,Won,,VirginiaRepresentative5,Yes,,
Claire Russo,No,Yes,Virginia,6/23/2020,Representative,5,Female,Yes,N/A,N/A,N/A,N/A,N/A,N/A,N/A,N/A,N/A,18,Lost,,VirginiaRepresentative5,Yes,yes,
John Lesinski,No,Yes,Virginia,6/23/2020,Representative,5,Male,No,N/A,N/A,N/A,N/A,N/A,N/A,N/A,N/A,N/A,5,Lost,,VirginiaRepresentative5,Yes,,
Abigail Spanberger,Yes,No,Virginia,6/23/2020,Representative,7,Female,Yes,N/A,N/A,N/A,N/A,N/A,N/A,N/A,N/A,N/A,100,Won,,VirginiaRepresentative7,No,yes,
Don Beyer,Yes,No,Virginia,6/23/2020,Representative,8,Male,N/A,N/A,N/A,N/A,N/A,N/A,N/A,N/A,N/A,N/A,100,Won,,VirginiaRepresentative8,No,,
Jennifer Wexton,Yes,No,Virginia,6/23/2020,Representative,10,Female,Yes,N/A,N/A,N/A,N/A,N/A,N/A,N/A,N/A,N/A,100,Won,,VirginiaRepresentative10,No,yes,
Gerry Connolly,Yes,No,Virginia,6/23/2020,Representative,11,Male,N/A,N/A,N/A,N/A,N/A,N/A,N/A,N/A,N/A,N/A,78,Won,,VirginiaRepresentative11,Yes,,
Zainab Mohsini,No,No,Virginia,6/23/2020,Representative,11,Female,N/A,N/A,N/A,N/A,N/A,N/A,N/A,N/A,N/A,N/A,22,Lost,,VirginiaRepresentative11,Yes,yes,
Sarah Riggs Amico,No,Yes,Georgia,6/9/2020,Senator,N/A,Female,N/A,N/A,N/A,N/A,N/A,N/A,N/A,N/A,N/A,N/A,12,Lost,,GeorgiaSenatorN/A,Yes,yes,
Marckeith DeJesus,No,Yes,Georgia,6/9/2020,Senator,N/A,Male,N/A,N/A,N/A,N/A,N/A,N/A,N/A,N/A,N/A,N/A,4,Lost,,GeorgiaSenatorN/A,Yes,,
James Knox,No,Yes,Georgia,6/9/2020,Senator,N/A,Male,N/A,N/A,N/A,N/A,N/A,N/A,N/A,N/A,N/A,N/A,4,Lost,,GeorgiaSenatorN/A,Yes,,
Tricia Carpenter McCracken,No,Yes,Georgia,6/9/2020,Senator,N/A,Female,N/A,N/A,N/A,N/A,N/A,N/A,N/A,N/A,N/A,N/A,3,Lost,,GeorgiaSenatorN/A,Yes,yes,
Jon Ossoff,No,Yes,Georgia,6/9/2020,Senator,N/A,Male,N/A,N/A,N/A,N/A,N/A,N/A,N/A,N/A,N/A,N/A,53,Won,,GeorgiaSenatorN/A,Yes,,
Maya Dillard Smith,No,Yes,Georgia,6/9/2020,Senator,N/A,Female,N/A,N/A,N/A,N/A,N/A,N/A,N/A,N/A,N/A,N/A,9,Lost,,GeorgiaSenatorN/A,Yes,yes,
Teresa Tomlinson,No,Yes,Georgia,6/9/2020,Senator,N/A,Female,N/A,N/A,N/A,N/A,N/A,N/A,N/A,N/A,N/A,N/A,16,Lost,,GeorgiaSenatorN/A,Yes,yes,
Joyce Marie Griggs,No,Yes,Georgia,6/9/2020,Representative,1,Female,N/A,N/A,N/A,N/A,N/A,N/A,N/A,N/A,N/A,N/A,41,Won,,GeorgiaRepresentative1,No,yes,
Lisa Ring,No,Yes,Georgia,6/9/2020,Representative,1,Female,N/A,N/A,N/A,N/A,N/A,N/A,N/A,N/A,N/A,N/A,46,Lost,,GeorgiaRepresentative1,No,yes,
Barbara Seidman,No,Yes,Georgia,6/9/2020,Representative,1,Female,N/A,N/A,N/A,N/A,N/A,N/A,N/A,N/A,N/A,N/A,13,Lost,,GeorgiaRepresentative1,No,yes,
Sanford Bishop,Yes,No,Georgia,6/9/2020,Representative,2,Male,N/A,N/A,N/A,N/A,N/A,N/A,N/A,N/A,N/A,N/A,100,Won,,GeorgiaRepresentative2,No,,
Val Almonord,No,Yes,Georgia,6/9/2020,Representative,3,Male,N/A,N/A,N/A,N/A,N/A,N/A,N/A,N/A,N/A,N/A,100,Won,,GeorgiaRepresentative3,No,,
William Haston,No,No,Georgia,6/9/2020,Representative,4,Male,N/A,N/A,N/A,N/A,N/A,N/A,N/A,N/A,N/A,N/A,13,Lost,,GeorgiaRepresentative4,Yes,,
Hank Johnson,Yes,No,Georgia,6/9/2020,Representative,4,Male,N/A,N/A,N/A,N/A,N/A,N/A,N/A,N/A,N/A,N/A,68,Won,,GeorgiaRepresentative4,Yes,,
Elaine Amankwah Nietmann,No,No,Georgia,6/9/2020,Representative,4,Female,N/A,N/A,N/A,N/A,N/A,N/A,N/A,N/A,N/A,N/A,18,Lost,,GeorgiaRepresentative4,Yes,yes,
John Lewis,Yes,No,Georgia,6/9/2020,Representative,5,Male,N/A,N/A,N/A,N/A,N/A,N/A,N/A,N/A,N/A,N/A,88,Won,,GeorgiaRepresentative5,No,,
Barrington Martin II,No,No,Georgia,6/9/2020,Representative,5,Male,N/A,N/A,N/A,N/A,N/A,N/A,N/A,N/A,N/A,N/A,12,Lost,,GeorgiaRepresentative5,No,,
Lucy McBath,Yes,No,Georgia,6/9/2020,Representative,6,Female,Yes,N/A,N/A,N/A,N/A,N/A,N/A,N/A,N/A,N/A,100,Won,,GeorgiaRepresentative6,No,yes,
Carolyn Bourdeaux,No,Yes,Georgia,6/9/2020,Representative,7,Female,N/A,N/A,N/A,N/A,No,N/A,No,N/A,N/A,N/A,53,Won,,GeorgiaRepresentative7,Yes,yes,
John Eaves,No,Yes,Georgia,6/9/2020,Representative,7,Male,N/A,N/A,N/A,N/A,No,N/A,No,N/A,N/A,N/A,8,Lost,,GeorgiaRepresentative7,Yes,,
Nabilah Islam,No,Yes,Georgia,6/9/2020,Representative,7,Female,N/A,N/A,N/A,N/A,Yes,N/A,Yes,N/A,N/A,N/A,12,Lost,yes,GeorgiaRepresentative7,Yes,yes,
Zahra Karinshak,No,Yes,Georgia,6/9/2020,Representative,7,Female,N/A,N/A,N/A,N/A,No,N/A,No,N/A,N/A,N/A,7,Lost,,GeorgiaRepresentative7,Yes,yes,
Brenda Lopez Romero,No,Yes,Georgia,6/9/2020,Representative,7,Female,N/A,N/A,N/A,N/A,No,N/A,No,N/A,N/A,N/A,12,Lost,,GeorgiaRepresentative7,Yes,yes,
Rashid Malik,No,Yes,Georgia,6/9/2020,Representative,7,Male,N/A,N/A,N/A,N/A,No,N/A,No,N/A,N/A,N/A,8,Lost,,GeorgiaRepresentative7,Yes,,
"Lindsay ""Doc"" Holliday",No,Yes,Georgia,6/9/2020,Representative,8,Male,N/A,N/A,N/A,N/A,N/A,N/A,N/A,N/A,N/A,N/A,100,Won,,GeorgiaRepresentative8,No,,
Devin Pandy,No,Yes,Georgia,6/9/2020,Representative,9,Male,N/A,N/A,N/A,N/A,N/A,N/A,N/A,N/A,N/A,N/A,34,Won,,GeorgiaRepresentative9,Yes,,
Brooke Siskin,No,Yes,Georgia,6/9/2020,Representative,9,Female,N/A,N/A,N/A,N/A,N/A,N/A,N/A,N/A,N/A,N/A,41,Lost,,GeorgiaRepresentative9,Yes,yes,
Dan Wilson,No,Yes,Georgia,6/9/2020,Representative,9,Male,N/A,N/A,N/A,N/A,N/A,N/A,N/A,N/A,N/A,N/A,25,Lost,,GeorgiaRepresentative9,Yes,,
Andrew Ferguson,No,Yes,Georgia,6/9/2020,Representative,10,Male,N/A,N/A,N/A,N/A,N/A,N/A,N/A,N/A,N/A,N/A,34,Lost,,GeorgiaRepresentative10,Yes,,
Tabitha Johnson-Green,No,Yes,Georgia,6/9/2020,Representative,10,Female,N/A,N/A,N/A,N/A,N/A,N/A,N/A,N/A,N/A,N/A,66,Won,,GeorgiaRepresentative10,Yes,yes,
Dana Barrett,No,Yes,Georgia,6/9/2020,Representative,11,Female,N/A,N/A,N/A,N/A,N/A,N/A,N/A,N/A,N/A,N/A,100,Won,,GeorgiaRepresentative11,No,yes,
Liz Johnson,No,Yes,Georgia,6/9/2020,Representative,12,Female,N/A,N/A,N/A,N/A,N/A,N/A,N/A,N/A,N/A,N/A,84,Won,,GeorgiaRepresentative12,Yes,yes,
Dan Steiner,No,Yes,Georgia,6/9/2020,Representative,12,Male,N/A,N/A,N/A,N/A,N/A,N/A,N/A,N/A,N/A,N/A,16,Lost,,GeorgiaRepresentative12,Yes,,
Michael Owens,No,No,Georgia,6/9/2020,Representative,13,Male,N/A,N/A,N/A,N/A,N/A,N/A,N/A,N/A,N/A,N/A,13,Lost,UPDATED,GeorgiaRepresentative13,Yes,,
Jannquell Peters,No,No,Georgia,6/9/2020,Representative,13,Female,N/A,N/A,N/A,N/A,N/A,N/A,N/A,N/A,N/A,N/A,8,Lost,yes,GeorgiaRepresentative13,Yes,yes,
David Scott,Yes,No,Georgia,6/9/2020,Representative,13,Male,N/A,N/A,N/A,N/A,N/A,N/A,N/A,N/A,N/A,N/A,53,Won,UPDATED,GeorgiaRepresentative13,Yes,,
Keisha Waites,No,No,Georgia,6/9/2020,Representative,13,Female,N/A,N/A,N/A,N/A,N/A,N/A,N/A,N/A,N/A,N/A,25,Lost,yes,GeorgiaRepresentative13,Yes,yes,
Kevin Van Ausdal,No,Yes,Georgia,6/9/2020,Representative,14,Male,N/A,N/A,N/A,N/A,N/A,N/A,N/A,N/A,N/A,N/A,100,Won,,GeorgiaRepresentative14,No,,
Allen Rheinhart,No,No,Nevada,6/9/2020,Representative,1,Male,N/A,N/A,N/A,N/A,N/A,N/A,N/A,N/A,N/A,N/A,6,Lost,,NevadaRepresentative1,Yes,,
Anthony Thomas Jr.,No,No,Nevada,6/9/2020,Representative,1,Male,N/A,N/A,N/A,N/A,N/A,N/A,N/A,N/A,N/A,N/A,11,Lost,,NevadaRepresentative1,Yes,,
Dina Titus,Yes,No,Nevada,6/9/2020,Representative,1,Female,N/A,N/A,N/A,N/A,N/A,N/A,N/A,N/A,N/A,N/A,83,Won,,NevadaRepresentative1,Yes,yes,
Patricia Ackerman,No,Yes,Nevada,6/9/2020,Representative,2,Female,N/A,N/A,N/A,N/A,N/A,N/A,N/A,N/A,N/A,N/A,49,Won,,NevadaRepresentative2,Yes,yes,
Ed Cohen,No,Yes,Nevada,6/9/2020,Representative,2,Male,N/A,N/A,N/A,N/A,N/A,N/A,N/A,N/A,N/A,N/A,13,Lost,,NevadaRepresentative2,Yes,,
Reynaldo Hernandez,No,Yes,Nevada,6/9/2020,Representative,2,Male,N/A,N/A,N/A,N/A,N/A,N/A,N/A,N/A,N/A,N/A,5,Lost,,NevadaRepresentative2,Yes,,
Clint Koble,No,Yes,Nevada,6/9/2020,Representative,2,Male,N/A,N/A,N/A,N/A,N/A,N/A,N/A,N/A,N/A,N/A,23,Lost,,NevadaRepresentative2,Yes,,
Ian Luetkehans,No,Yes,Nevada,6/9/2020,Representative,2,Male,N/A,N/A,N/A,N/A,N/A,N/A,N/A,N/A,N/A,N/A,1,Lost,,NevadaRepresentative2,Yes,,
"Steve ""Pragmatic"" Schiffman",No,Yes,Nevada,6/9/2020,Representative,2,Male,N/A,N/A,N/A,N/A,N/A,N/A,N/A,N/A,N/A,N/A,2,Lost,,NevadaRepresentative2,Yes,,
Rick Shepherd,No,Yes,Nevada,6/9/2020,Representative,2,Male,N/A,N/A,N/A,N/A,N/A,N/A,N/A,N/A,N/A,N/A,7,Lost,,NevadaRepresentative2,Yes,,
Susie Lee,Yes,No,Nevada,6/9/2020,Representative,3,Female,Yes,N/A,N/A,N/A,N/A,N/A,N/A,N/A,N/A,N/A,83,Won,,NevadaRepresentative3,Yes,yes,
Dennis Sullivan,No,No,Nevada,6/9/2020,Representative,3,Male,No,N/A,N/A,N/A,N/A,N/A,N/A,N/A,N/A,N/A,10,Lost,,NevadaRepresentative3,Yes,,
Tiffany Ann Watson,No,No,Nevada,6/9/2020,Representative,3,Female,No,N/A,N/A,N/A,N/A,N/A,N/A,N/A,N/A,N/A,7,Lost,,NevadaRepresentative3,Yes,yes,
George Brucato,No,No,Nevada,6/9/2020,Representative,4,Male,N/A,N/A,N/A,N/A,N/A,N/A,N/A,N/A,N/A,N/A,3,Lost,,NevadaRepresentative4,Yes,,
Chris Colley,No,No,Nevada,6/9/2020,Representative,4,Male,N/A,N/A,N/A,N/A,N/A,N/A,N/A,N/A,N/A,N/A,3,Lost,,NevadaRepresentative4,Yes,,
Brie d'Ayr,No,No,Nevada,6/9/2020,Representative,4,Female,N/A,N/A,N/A,N/A,N/A,N/A,N/A,N/A,N/A,N/A,7,Lost,,NevadaRepresentative4,Yes,yes,
Jennifer Eason,No,No,Nevada,6/9/2020,Representative,4,Female,N/A,N/A,N/A,N/A,N/A,N/A,N/A,N/A,N/A,N/A,9,Lost,,NevadaRepresentative4,Yes,yes,
Steven Horsford,Yes,No,Nevada,6/9/2020,Representative,4,Male,N/A,N/A,N/A,N/A,N/A,N/A,N/A,N/A,N/A,N/A,75,Won,,NevadaRepresentative4,Yes,,
Gregory Kempton,No,No,Nevada,6/9/2020,Representative,4,Male,N/A,N/A,N/A,N/A,N/A,N/A,N/A,N/A,N/A,N/A,3,Lost,,NevadaRepresentative4,Yes,,
Zach Raknerud,No,Yes,North Dakota,6/9/2020,Representative,At-Large,Male,N/A,N/A,N/A,N/A,N/A,N/A,N/A,N/A,N/A,N/A,62,Won,,North DakotaRepresentativeAt-Large,No,,
Roland Riemers,No,Yes,North Dakota,6/9/2020,Representative,At-Large,Male,N/A,N/A,N/A,N/A,N/A,N/A,N/A,N/A,N/A,N/A,37,Lost,,North DakotaRepresentativeAt-Large,No,,
Shelley Lenz,No,Yes,North Dakota,6/9/2020,Governor,N/A,Female,N/A,N/A,N/A,N/A,N/A,N/A,N/A,N/A,N/A,N/A,99,Won,,North DakotaGovernorN/A,No,yes,
Jaime Harrison,No,Yes,South Carolina,6/9/2020,Senator,N/A,Male,N/A,N/A,N/A,N/A,N/A,N/A,N/A,Yes,N/A,N/A,100,Won,yes,South CarolinaSenatorN/A,No,,
Joe Cunningham,Yes,No,South Carolina,6/9/2020,Representative,1,Male,N/A,N/A,N/A,N/A,N/A,N/A,N/A,N/A,N/A,N/A,100,Won,,South CarolinaRepresentative1,No,,
Adair Boroughs,No,Yes,South Carolina,6/9/2020,Representative,2,Female,N/A,N/A,N/A,N/A,N/A,N/A,N/A,N/A,N/A,N/A,100,Won,,South CarolinaRepresentative2,No,yes,
Hosea Cleveland,No,Yes,South Carolina,6/9/2020,Representative,3,Male,N/A,N/A,N/A,N/A,N/A,N/A,N/A,N/A,N/A,N/A,57,Won,,South CarolinaRepresentative3,No,,
Mark D. Welch,No,Yes,South Carolina,6/9/2020,Representative,3,Male,N/A,N/A,N/A,N/A,N/A,N/A,N/A,N/A,N/A,N/A,43,Lost,,South CarolinaRepresentative3,No,,
Kim Nelson,No,Yes,South Carolina,6/9/2020,Representative,4,Female,N/A,N/A,N/A,N/A,N/A,N/A,N/A,N/A,N/A,N/A,100,Won,,South CarolinaRepresentative4,No,yes,
Moe Brown,No,Yes,South Carolina,6/9/2020,Representative,5,Male,N/A,N/A,N/A,N/A,N/A,N/A,N/A,N/A,N/A,N/A,68,Won,,South CarolinaRepresentative5,No,,
Sidney Moore,No,Yes,South Carolina,6/9/2020,Representative,5,Male,N/A,N/A,N/A,N/A,N/A,N/A,N/A,N/A,N/A,N/A,32,Lost,,South CarolinaRepresentative5,No,,
Jim Clyburn,Yes,No,South Carolina,6/9/2020,Representative,6,Male,N/A,N/A,N/A,N/A,N/A,N/A,N/A,N/A,N/A,N/A,100,Won,,South CarolinaRepresentative6,No,,
Robert Williams,No,Yes,South Carolina,6/9/2020,Representative,7,Male,N/A,N/A,N/A,N/A,N/A,N/A,N/A,N/A,N/A,N/A,41,Lost,,South CarolinaRepresentative7,Yes,,
"William H. ""Cowboy"" Williams",No,Yes,South Carolina,6/9/2020,Representative,7,Male,N/A,N/A,N/A,N/A,N/A,N/A,N/A,N/A,N/A,N/A,7,Lost,,South CarolinaRepresentative7,Yes,,
Melissa Watson,No,Yes,South Carolina,6/9/2020,Representative,7,Female,N/A,N/A,N/A,N/A,N/A,N/A,N/A,N/A,N/A,N/A,51,Won,,South CarolinaRepresentative7,Yes,yes,
Richard Ojeda,No,Yes,West Virginia,6/9/2020,Senator,N/A,Male,N/A,N/A,N/A,N/A,N/A,No,N/A,N/A,N/A,N/A,33,Lost,,West VirginiaSenatorN/A,Yes,,
Richie Robb,No,Yes,West Virginia,6/9/2020,Senator,N/A,Male,N/A,N/A,N/A,N/A,N/A,No,N/A,N/A,N/A,N/A,29,Lost,,West VirginiaSenatorN/A,Yes,,
Paula Jean Swearengin,No,Yes,West Virginia,6/9/2020,Senator,N/A,Female,N/A,N/A,N/A,N/A,N/A,Yes,N/A,N/A,N/A,N/A,38,Won,yes,West VirginiaSenatorN/A,Yes,yes,
Natalie Cline,No,Yes,West Virginia,6/9/2020,Representative,1,Female,N/A,N/A,N/A,N/A,N/A,N/A,N/A,N/A,N/A,N/A,75,Won,,West VirginiaRepresentative1,Yes,yes,
Tom Payne,No,Yes,West Virginia,6/9/2020,Representative,1,Male,N/A,N/A,N/A,N/A,N/A,N/A,N/A,N/A,N/A,N/A,25,Lost,,West VirginiaRepresentative1,Yes,,
Cathy Kunkel,No,Yes,West Virginia,6/9/2020,Representative,2,Female,N/A,N/A,N/A,N/A,N/A,N/A,N/A,N/A,N/A,N/A,100,Won,,West VirginiaRepresentative2,No,yes,
Paul E. Davis,No,Yes,West Virginia,6/9/2020,Representative,3,Male,N/A,N/A,N/A,N/A,N/A,N/A,N/A,N/A,N/A,N/A,25,Lost,,West VirginiaRepresentative3,Yes,,
Jeff Lewis,No,Yes,West Virginia,6/9/2020,Representative,3,Male,N/A,N/A,N/A,N/A,N/A,N/A,N/A,N/A,N/A,N/A,17,Lost,,West VirginiaRepresentative3,Yes,,
Hilary Turner,No,Yes,West Virginia,6/9/2020,Representative,3,Female,N/A,N/A,N/A,N/A,N/A,N/A,N/A,N/A,N/A,N/A,29,Won,,West VirginiaRepresentative3,Yes,yes,
Lacy Watson,No,Yes,West Virginia,6/9/2020,Representative,3,Male,N/A,N/A,N/A,N/A,N/A,N/A,N/A,N/A,N/A,N/A,29,Lost,,West VirginiaRepresentative3,Yes,,
Douglas Hughes,No,Yes,West Virginia,6/9/2020,Governor,N/A,Male,N/A,N/A,N/A,No,No,N/A,N/A,N/A,N/A,N/A,5,Lost,,West VirginiaGovernorN/A,No,,
Jody Murphy,No,Yes,West Virginia,6/9/2020,Governor,N/A,Male,N/A,N/A,N/A,No,No,N/A,N/A,N/A,N/A,N/A,9,Lost,,West VirginiaGovernorN/A,No,,
Ben Salango,No,Yes,West Virginia,6/9/2020,Governor,N/A,Male,N/A,N/A,N/A,No,No,N/A,N/A,N/A,N/A,N/A,39,Won,,West VirginiaGovernorN/A,No,,
Stephen Smith,No,Yes,West Virginia,6/9/2020,Governor,N/A,Male,N/A,N/A,N/A,Yes,Yes,N/A,N/A,N/A,N/A,N/A,34,Lost,yes,West VirginiaGovernorN/A,No,,
Ron Stollings,No,Yes,West Virginia,6/9/2020,Governor,N/A,Male,N/A,N/A,N/A,No,No,N/A,N/A,N/A,N/A,N/A,13,Lost,,West VirginiaGovernorN/A,No,,
Jim Vandermaas,No,Yes,Idaho,6/2/2020,Senator,N/A,Male,N/A,N/A,N/A,N/A,No,N/A,N/A,N/A,N/A,N/A,14,Lost,,IdahoSenatorN/A,Yes,,
Paulette Jordan,No,Yes,Idaho,6/2/2020,Senator,N/A,Female,N/A,N/A,N/A,N/A,Yes,N/A,N/A,N/A,N/A,N/A,86,Won,yes,IdahoSenatorN/A,Yes,yes,
Staniela Nikolova,No,Yes,Idaho,6/2/2020,Representative,1,Female,N/A,N/A,N/A,N/A,N/A,N/A,N/A,N/A,N/A,N/A,34,Lost,,IdahoRepresentative1,Yes,yes,
Rudy Soto,No,Yes,Idaho,6/2/2020,Representative,1,Male,N/A,N/A,N/A,N/A,N/A,N/A,N/A,N/A,N/A,N/A,66,Won,,IdahoRepresentative1,Yes,,
Aaron Swisher,No,Yes,Idaho,6/2/2020,Representative,2,Male,N/A,N/A,N/A,N/A,N/A,N/A,N/A,N/A,N/A,N/A,100,Won,,IdahoRepresentative2,No,,
Woody Myers,No,Yes,Indiana,6/2/2020,Governor,N/A,Male,N/A,N/A,N/A,N/A,N/A,N/A,N/A,N/A,N/A,N/A,100,Won,,IndianaGovernorN/A,No,,
Melissa Borom,No,Yes,Indiana,6/2/2020,Representative,1,Female,N/A,N/A,N/A,N/A,No,N/A,N/A,N/A,N/A,N/A,9,Lost,,IndianaRepresentative1,Yes,yes,
Carrie Castro,No,Yes,Indiana,6/2/2020,Representative,1,Female,N/A,N/A,N/A,N/A,No,N/A,N/A,N/A,N/A,N/A,2,Lost,,IndianaRepresentative1,Yes,yes,
Scott Costello,No,Yes,Indiana,6/2/2020,Representative,1,Male,N/A,N/A,N/A,N/A,No,N/A,N/A,N/A,N/A,N/A,1,Lost,,IndianaRepresentative1,Yes,,
Tony Daggett Sr.,No,Yes,Indiana,6/2/2020,Representative,1,Male,N/A,N/A,N/A,N/A,No,N/A,N/A,N/A,N/A,N/A,1,Lost,,IndianaRepresentative1,Yes,,
Ryan Farrar,No,Yes,Indiana,6/2/2020,Representative,1,Male,N/A,N/A,N/A,N/A,No,N/A,N/A,N/A,N/A,N/A,0,Lost,,IndianaRepresentative1,Yes,,
Sabrina Haake,No,Yes,Indiana,6/2/2020,Representative,1,Female,N/A,N/A,N/A,N/A,No,N/A,N/A,N/A,N/A,N/A,5,Lost,,IndianaRepresentative1,Yes,yes,
John Henry Hall,No,Yes,Indiana,6/2/2020,Representative,1,Male,N/A,N/A,N/A,N/A,No,N/A,N/A,N/A,N/A,N/A,1,Lost,,IndianaRepresentative1,Yes,,
Jim Harper,No,Yes,Indiana,6/2/2020,Representative,1,Male,N/A,N/A,N/A,N/A,Yes,N/A,N/A,N/A,N/A,N/A,10,Lost,yes,IndianaRepresentative1,Yes,,
Thomas McDermott Jr.,No,Yes,Indiana,6/2/2020,Representative,1,Male,N/A,N/A,N/A,N/A,No,N/A,N/A,N/A,N/A,N/A,28,Lost,,IndianaRepresentative1,Yes,,
Wendell Mosby,No,Yes,Indiana,6/2/2020,Representative,1,Male,N/A,N/A,N/A,N/A,No,N/A,N/A,N/A,N/A,N/A,1,Lost,,IndianaRepresentative1,Yes,,
Frank Mrvan,No,Yes,Indiana,6/2/2020,Representative,1,Male,N/A,N/A,N/A,N/A,No,N/A,N/A,N/A,N/A,N/A,33,Won,,IndianaRepresentative1,Yes,,
Mara Candelaria Reardon,No,Yes,Indiana,6/2/2020,Representative,1,Female,N/A,N/A,N/A,N/A,No,N/A,N/A,N/A,N/A,N/A,8,Lost,,IndianaRepresentative1,Yes,yes,
Jayson Reeves,No,Yes,Indiana,6/2/2020,Representative,1,Male,N/A,N/A,N/A,N/A,No,N/A,N/A,N/A,N/A,N/A,1,Lost,,IndianaRepresentative1,Yes,,
Andrew Sylwestrowicz,No,Yes,Indiana,6/2/2020,Representative,1,Male,N/A,N/A,N/A,N/A,No,N/A,N/A,N/A,N/A,N/A,0,Lost,,IndianaRepresentative1,Yes,,
Pat Hackett,No,Yes,Indiana,6/2/2020,Representative,2,Female,N/A,N/A,N/A,N/A,N/A,N/A,N/A,N/A,N/A,N/A,78,Won,,IndianaRepresentative2,No,yes,
Ellen Marks,No,Yes,Indiana,6/2/2020,Representative,2,Female,N/A,N/A,N/A,N/A,N/A,N/A,N/A,N/A,N/A,N/A,22,Lost,,IndianaRepresentative2,No,yes,
Chip Coldiron,No,Yes,Indiana,6/2/2020,Representative,3,Male,N/A,N/A,N/A,N/A,N/A,N/A,N/A,N/A,N/A,N/A,39,Won,,IndianaRepresentative3,No,,
Jean-Paul (JP) B. Kalonji,No,Yes,Indiana,6/2/2020,Representative,3,Male,N/A,N/A,N/A,N/A,N/A,N/A,N/A,N/A,N/A,N/A,14,Lost,,IndianaRepresentative3,No,,
Carlos Marcano Jr.,No,Yes,Indiana,6/2/2020,Representative,3,Male,N/A,N/A,N/A,N/A,N/A,N/A,N/A,N/A,N/A,N/A,31,Lost,,IndianaRepresentative3,No,,
Tommy Schrader,No,Yes,Indiana,6/2/2020,Representative,3,Male,N/A,N/A,N/A,N/A,N/A,N/A,N/A,N/A,N/A,N/A,16,Lost,,IndianaRepresentative3,No,,
Benjamin Frederick,No,Yes,Indiana,6/2/2020,Representative,4,Male,N/A,N/A,N/A,N/A,N/A,N/A,N/A,N/A,N/A,N/A,13,Lost,,IndianaRepresentative4,Yes,,
Joe Mackey,No,Yes,Indiana,6/2/2020,Representative,4,Male,N/A,N/A,N/A,N/A,N/A,N/A,N/A,N/A,N/A,N/A,54,Won,,IndianaRepresentative4,Yes,,
Howard Pollchik,No,Yes,Indiana,6/2/2020,Representative,4,Male,N/A,N/A,N/A,N/A,N/A,N/A,N/A,N/A,N/A,N/A,4,Lost,,IndianaRepresentative4,Yes,,
Veronikka Ziol,No,Yes,Indiana,6/2/2020,Representative,4,Female,N/A,N/A,N/A,N/A,N/A,N/A,N/A,N/A,N/A,N/A,29,Lost,,IndianaRepresentative4,Yes,yes,
Jennifer Christie,No,Yes,Indiana,6/2/2020,Representative,5,Female,No,N/A,N/A,N/A,N/A,N/A,N/A,No,N/A,N/A,18,Lost,,IndianaRepresentative5,Yes,yes,
Christina Hale,No,Yes,Indiana,6/2/2020,Representative,5,Female,Yes,N/A,N/A,N/A,N/A,N/A,N/A,Yes,N/A,N/A,41,Won,yes,IndianaRepresentative5,Yes,yes,
Andy Jacobs,No,Yes,Indiana,6/2/2020,Representative,5,Male,No,N/A,N/A,N/A,N/A,N/A,N/A,No,N/A,N/A,13,Lost,,IndianaRepresentative5,Yes,,
Ralph Spelbring,No,Yes,Indiana,6/2/2020,Representative,5,Male,No,N/A,N/A,N/A,N/A,N/A,N/A,No,N/A,N/A,1,Lost,,IndianaRepresentative5,Yes,,
Dee Thornton,No,Yes,Indiana,6/2/2020,Representative,5,Female,No,N/A,N/A,N/A,N/A,N/A,N/A,No,N/A,N/A,27,Lost,,IndianaRepresentative5,Yes,yes,
George Holland,No,Yes,Indiana,6/2/2020,Representative,6,Male,N/A,N/A,N/A,N/A,N/A,N/A,N/A,N/A,N/A,N/A,15,Lost,,IndianaRepresentative6,Yes,,
Jeannine Lee Lake,No,Yes,Indiana,6/2/2020,Representative,6,Female,N/A,N/A,N/A,N/A,N/A,N/A,N/A,N/A,N/A,N/A,70,Won,,IndianaRepresentative6,Yes,yes,
Barry Welsh,No,Yes,Indiana,6/2/2020,Representative,6,Male,N/A,N/A,N/A,N/A,N/A,N/A,N/A,N/A,N/A,N/A,15,Lost,,IndianaRepresentative6,Yes,,
André Carson,Yes,No,Indiana,6/2/2020,Representative,7,Male,N/A,N/A,N/A,N/A,N/A,N/A,N/A,N/A,N/A,N/A,92,Won,,IndianaRepresentative7,No,,
Pierre Quincy Pullins,No,No,Indiana,6/2/2020,Representative,7,Male,N/A,N/A,N/A,N/A,N/A,N/A,N/A,N/A,N/A,N/A,8,Lost,,IndianaRepresentative7,No,,
Ron Drake,No,Yes,Indiana,6/2/2020,Representative,8,Male,N/A,N/A,No,N/A,N/A,N/A,N/A,N/A,N/A,N/A,31,Lost,,IndianaRepresentative8,Yes,,
E. Thomasina Marsili,No,Yes,Indiana,6/2/2020,Representative,8,Female,N/A,N/A,Yes,N/A,N/A,N/A,N/A,N/A,N/A,N/A,36,Won,yes,IndianaRepresentative8,Yes,yes,
Mike Webster,No,Yes,Indiana,6/2/2020,Representative,8,Male,N/A,N/A,No,N/A,N/A,N/A,N/A,N/A,N/A,N/A,33,Lost,,IndianaRepresentative8,Yes,,
D. Liam Dorris,No,Yes,Indiana,6/2/2020,Representative,9,Male,N/A,N/A,N/A,N/A,N/A,N/A,N/A,N/A,N/A,N/A,16,Lost,,IndianaRepresentative9,No,,
Brandon Hood,No,Yes,Indiana,6/2/2020,Representative,9,Male,N/A,N/A,N/A,N/A,N/A,N/A,N/A,N/A,N/A,N/A,14,Lost,,IndianaRepresentative9,No,,
James O'Gabhann III,No,Yes,Indiana,6/2/2020,Representative,9,Male,N/A,N/A,N/A,N/A,N/A,N/A,N/A,N/A,N/A,N/A,7,Lost,,IndianaRepresentative9,No,,
Mark J. Powell,No,Yes,Indiana,6/2/2020,Representative,9,Male,N/A,N/A,N/A,N/A,N/A,N/A,N/A,N/A,N/A,N/A,20,Lost,,IndianaRepresentative9,No,,
Andy Ruff,No,Yes,Indiana,6/2/2020,Representative,9,Male,N/A,N/A,N/A,N/A,N/A,N/A,N/A,N/A,N/A,N/A,44,Won,,IndianaRepresentative9,No,,
Michael Franken,No,Yes,Iowa,6/2/2020,Senator,N/A,Male,No,N/A,N/A,N/A,N/A,N/A,N/A,No,N/A,N/A,25,Lost,,IowaSenatorN/A,Yes,,
Kimberly Graham,No,Yes,Iowa,6/2/2020,Senator,N/A,Female,No,N/A,N/A,N/A,N/A,N/A,N/A,No,N/A,N/A,15,Lost,,IowaSenatorN/A,Yes,yes,
Theresa Greenfield,No,Yes,Iowa,6/2/2020,Senator,N/A,Female,Yes,N/A,N/A,N/A,N/A,N/A,N/A,Yes,N/A,N/A,48,Won,yes,IowaSenatorN/A,Yes,yes,
Eddie Mauro,No,Yes,Iowa,6/2/2020,Senator,N/A,Male,No,N/A,N/A,N/A,N/A,N/A,N/A,No,N/A,N/A,11,Lost,,IowaSenatorN/A,Yes,,
Cal Woods,No,Yes,Iowa,6/2/2020,Senator,N/A,Male,No,N/A,N/A,N/A,N/A,N/A,N/A,No,N/A,N/A,1,Lost,,IowaSenatorN/A,Yes,,
Abby Finkenauer,Yes,No,Iowa,6/2/2020,Representative,1,Female,Yes,N/A,N/A,N/A,N/A,N/A,N/A,N/A,N/A,N/A,99,Won,,IowaRepresentative1,No,yes,
Rita Hart,No,Yes,Iowa,6/2/2020,Representative,2,Female,Yes,N/A,N/A,N/A,N/A,N/A,N/A,Yes,N/A,N/A,100,Won,yes,IowaRepresentative2,No,yes,
Cindy Axne,Yes,No,Iowa,6/2/2020,Representative,3,Female,Yes,N/A,N/A,N/A,N/A,N/A,N/A,N/A,N/A,N/A,99,Won,,IowaRepresentative3,No,yes,
J.D. Scholten,No,Yes,Iowa,6/2/2020,Representative,4,Male,N/A,N/A,N/A,Yes,N/A,N/A,N/A,N/A,N/A,N/A,100,Won,yes,IowaRepresentative4,No,,
Allison Galbraith,No,Yes,Maryland,6/2/2020,Representative,1,Female,N/A,N/A,N/A,N/A,N/A,N/A,N/A,N/A,N/A,N/A,37,Lost,,MarylandRepresentative1,No,yes,
Mia Mason,No,Yes,Maryland,6/2/2020,Representative,1,Female,N/A,N/A,N/A,N/A,N/A,N/A,N/A,N/A,N/A,N/A,43,Won,,MarylandRepresentative1,No,yes,
Jennifer Pingley,No,Yes,Maryland,6/2/2020,Representative,1,Female,N/A,N/A,N/A,N/A,N/A,N/A,N/A,N/A,N/A,N/A,20,Lost,,MarylandRepresentative1,No,yes,
Dutch Ruppersberger,Yes,No,Maryland,6/2/2020,Representative,2,Male,N/A,N/A,N/A,N/A,N/A,N/A,N/A,N/A,N/A,N/A,73,Won,,MarylandRepresentative2,No,,
Michael Feldman,No,No,Maryland,6/2/2020,Representative,2,Male,N/A,N/A,N/A,N/A,N/A,N/A,N/A,N/A,N/A,N/A,18,Lost,,MarylandRepresentative2,No,,
Jake Pretot,No,No,Maryland,6/2/2020,Representative,2,Male,N/A,N/A,N/A,N/A,N/A,N/A,N/A,N/A,N/A,N/A,9,Lost,,MarylandRepresentative2,No,,
John Sarbanes,Yes,No,Maryland,6/2/2020,Representative,3,Male,N/A,N/A,N/A,N/A,N/A,N/A,N/A,N/A,N/A,N/A,83,Won,,MarylandRepresentative3,No,,
Joe Ardito,No,No,Maryland,6/2/2020,Representative,3,Male,N/A,N/A,N/A,N/A,N/A,N/A,N/A,N/A,N/A,N/A,13,Lost,,MarylandRepresentative3,No,,
John Rea,No,No,Maryland,6/2/2020,Representative,3,Male,N/A,N/A,N/A,N/A,N/A,N/A,N/A,N/A,N/A,N/A,4,Lost,,MarylandRepresentative3,No,,
Anthony Brown,Yes,No,Maryland,6/2/2020,Representative,4,Male,N/A,N/A,N/A,N/A,N/A,N/A,N/A,N/A,N/A,N/A,78,Won,,MarylandRepresentative4,Yes,,
Sheila Bryant,No,No,Maryland,6/2/2020,Representative,4,Female,N/A,N/A,N/A,N/A,N/A,N/A,N/A,N/A,N/A,N/A,19,Lost,,MarylandRepresentative4,Yes,yes,
Kim Shelton,No,No,Maryland,6/2/2020,Representative,4,Female,N/A,N/A,N/A,N/A,N/A,N/A,N/A,N/A,N/A,N/A,4,Lost,,MarylandRepresentative4,Yes,yes,
Steny Hoyer,Yes,No,Maryland,6/2/2020,Representative,5,Male,N/A,N/A,N/A,N/A,N/A,N/A,N/A,N/A,N/A,N/A,64,Won,,MarylandRepresentative5,Yes,,
William Devine III,No,No,Maryland,6/2/2020,Representative,5,Male,N/A,N/A,N/A,N/A,N/A,N/A,N/A,N/A,N/A,N/A,2,Lost,,MarylandRepresentative5,Yes,,
Vanessa Hoffman,No,No,Maryland,6/2/2020,Representative,5,Female,N/A,N/A,N/A,N/A,N/A,N/A,N/A,N/A,N/A,N/A,4,Lost,,MarylandRepresentative5,Yes,yes,
Briana Urbina,No,No,Maryland,6/2/2020,Representative,5,Female,N/A,N/A,N/A,N/A,N/A,N/A,N/A,N/A,N/A,N/A,3,Lost,,MarylandRepresentative5,Yes,yes,
Mckayla Wilkes,No,No,Maryland,6/2/2020,Representative,5,Female,N/A,N/A,N/A,N/A,N/A,N/A,N/A,N/A,N/A,N/A,27,Lost,,MarylandRepresentative5,Yes,yes,
David Trone,Yes,No,Maryland,6/2/2020,Representative,6,Male,N/A,N/A,N/A,N/A,N/A,N/A,N/A,N/A,N/A,N/A,72,Won,,MarylandRepresentative6,No,,
Maxwell Bero,No,No,Maryland,6/2/2020,Representative,6,Male,N/A,N/A,N/A,N/A,N/A,N/A,N/A,N/A,N/A,N/A,28,Lost,,MarylandRepresentative6,No,,
Kweisi Mfume,Yes,No,Maryland,6/2/2020,Representative,7,Male,N/A,N/A,N/A,N/A,No,N/A,N/A,N/A,N/A,N/A,74,Won,,MarylandRepresentative7,Yes,,
T. Dan Baker,No,No,Maryland,6/2/2020,Representative,7,Male,N/A,N/A,N/A,N/A,No,N/A,N/A,N/A,N/A,N/A,1,Lost,,MarylandRepresentative7,Yes,,
Alicia Brown,No,No,Maryland,6/2/2020,Representative,7,Female,N/A,N/A,N/A,N/A,No,N/A,N/A,N/A,N/A,N/A,1,Lost,,MarylandRepresentative7,Yes,yes,
Jill Carter,No,No,Maryland,6/2/2020,Representative,7,Female,N/A,N/A,N/A,N/A,Yes,N/A,N/A,N/A,N/A,N/A,9,Lost,yes,MarylandRepresentative7,Yes,yes,
Matko Lee Chullin III,No,No,Maryland,6/2/2020,Representative,7,Male,N/A,N/A,N/A,N/A,No,N/A,N/A,N/A,N/A,N/A,0,Lost,,MarylandRepresentative7,Yes,,
Michael Davidson,No,No,Maryland,6/2/2020,Representative,7,Male,N/A,N/A,N/A,N/A,No,N/A,N/A,N/A,N/A,N/A,0,Lost,,MarylandRepresentative7,Yes,,
Darryl Gonzalez,No,No,Maryland,6/2/2020,Representative,7,Male,N/A,N/A,N/A,N/A,No,N/A,N/A,N/A,N/A,N/A,0,Lost,,MarylandRepresentative7,Yes,,
Mark Gosnell,No,No,Maryland,6/2/2020,Representative,7,Male,N/A,N/A,N/A,N/A,No,N/A,N/A,N/A,N/A,N/A,1,Lost,,MarylandRepresentative7,Yes,,
Dan Hiegel,No,No,Maryland,6/2/2020,Representative,7,Male,N/A,N/A,N/A,N/A,No,N/A,N/A,N/A,N/A,N/A,0,Lost,,MarylandRepresentative7,Yes,,
Michael Howard Jr.,No,No,Maryland,6/2/2020,Representative,7,Male,N/A,N/A,N/A,N/A,No,N/A,N/A,N/A,N/A,N/A,0,Lost,,MarylandRepresentative7,Yes,,
Jay Jalisi,No,No,Maryland,6/2/2020,Representative,7,Male,N/A,N/A,N/A,N/A,No,N/A,N/A,N/A,N/A,N/A,1,Lost,,MarylandRepresentative7,Yes,,
Adrian Petrus,No,No,Maryland,6/2/2020,Representative,7,Male,N/A,N/A,N/A,N/A,No,N/A,N/A,N/A,N/A,N/A,0,Lost,,MarylandRepresentative7,Yes,,
Saafir Rabb,No,No,Maryland,6/2/2020,Representative,7,Male,N/A,N/A,N/A,N/A,No,N/A,N/A,N/A,N/A,N/A,1,Lost,,MarylandRepresentative7,Yes,,
Maya Rockeymoore Cummings,No,No,Maryland,6/2/2020,Representative,7,Female,N/A,N/A,N/A,N/A,No,N/A,N/A,N/A,N/A,N/A,10,Lost,,MarylandRepresentative7,Yes,yes,
Gary Schuman,No,No,Maryland,6/2/2020,Representative,7,Male,N/A,N/A,N/A,N/A,No,N/A,N/A,N/A,N/A,N/A,0,Lost,,MarylandRepresentative7,Yes,,
Charles Smith,No,No,Maryland,6/2/2020,Representative,7,Male,N/A,N/A,N/A,N/A,No,N/A,N/A,N/A,N/A,N/A,0,Lost,,MarylandRepresentative7,Yes,,
Harry Spikes,No,No,Maryland,6/2/2020,Representative,7,Male,N/A,N/A,N/A,N/A,No,N/A,N/A,N/A,N/A,N/A,1,Lost,,MarylandRepresentative7,Yes,,
Charles Stokes,No,No,Maryland,6/2/2020,Representative,7,Male,N/A,N/A,N/A,N/A,No,N/A,N/A,N/A,N/A,N/A,1,Lost,,MarylandRepresentative7,Yes,,
Jeffrey Woodard,No,No,Maryland,6/2/2020,Representative,7,Male,N/A,N/A,N/A,N/A,No,N/A,N/A,N/A,N/A,N/A,0,Lost,,MarylandRepresentative7,Yes,,
Jamie Raskin,Yes,No,Maryland,6/2/2020,Representative,8,Male,N/A,N/A,N/A,Yes,Yes,N/A,N/A,N/A,N/A,N/A,87,Won,yes,MarylandRepresentative8,Yes,,
Marcia Morgan,No,No,Maryland,6/2/2020,Representative,8,Female,N/A,N/A,N/A,No,N/A,N/A,N/A,N/A,N/A,N/A,8,Lost,,MarylandRepresentative8,Yes,yes,
Utam Paul,No,No,Maryland,6/2/2020,Representative,8,Male,N/A,N/A,N/A,No,N/A,N/A,N/A,N/A,N/A,N/A,2,Lost,,MarylandRepresentative8,Yes,,
Lih Young,No,No,Maryland,6/2/2020,Representative,8,Female,N/A,N/A,N/A,No,N/A,N/A,N/A,N/A,N/A,N/A,4,Lost,,MarylandRepresentative8,Yes,yes,
Steve Bullock,No,Yes,Montana,6/2/2020,Senator,N/A,Male,N/A,N/A,N/A,N/A,N/A,N/A,N/A,N/A,N/A,N/A,95,Won,,MontanaSenatorN/A,No,,
Mike Knoles,No,Yes,Montana,6/2/2020,Senator,N/A,Male,N/A,N/A,N/A,N/A,N/A,N/A,N/A,N/A,N/A,N/A,2,Lost,,MontanaSenatorN/A,No,,
John Mues,No,Yes,Montana,6/2/2020,Senator,N/A,Male,N/A,N/A,N/A,N/A,N/A,N/A,N/A,N/A,N/A,N/A,2,Lost,,MontanaSenatorN/A,No,,
Kathleen Williams,No,Yes,Montana,6/2/2020,Representative,At-Large,Female,Yes,N/A,N/A,N/A,No,N/A,N/A,Yes,N/A,N/A,89,Won,yes,MontanaRepresentativeAt-Large,Yes,yes,
Tom Winter,No,Yes,Montana,6/2/2020,Representative,At-Large,Male,No,N/A,N/A,N/A,Yes,N/A,N/A,No,N/A,N/A,11,Lost,yes,MontanaRepresentativeAt-Large,Yes,,
Mike Cooney,No,Yes,Montana,6/2/2020,Governor,N/A,Male,No,N/A,N/A,N/A,N/A,N/A,N/A,N/A,N/A,N/A,55,Won,,MontanaGovernorN/A,Yes,,
Whitney Williams ,No,Yes,Montana,6/2/2020,Governor,N/A,Female,Yes,N/A,N/A,N/A,N/A,N/A,N/A,N/A,N/A,N/A,45,Lost,,MontanaGovernorN/A,Yes,yes,
Ben Ray Luján,No,Yes,New Mexico,6/2/2020,Senator,N/A,Male,N/A,N/A,Yes,N/A,N/A,N/A,N/A,Yes,N/A,N/A,100,Won,yes,New MexicoSenatorN/A,No,,
Deb Haaland,Yes,No,New Mexico,6/2/2020,Representative,1,Female,N/A,N/A,N/A,Yes,N/A,N/A,N/A,N/A,N/A,N/A,100,Won,yes,New MexicoRepresentative1,No,yes,
Xochitl Torres Small,Yes,No,New Mexico,6/2/2020,Representative,2,Female,Yes,N/A,N/A,N/A,N/A,N/A,N/A,N/A,N/A,N/A,100,Won,,New MexicoRepresentative2,No,yes,
Teresa Leger Fernandez,No,Yes,New Mexico,6/2/2020,Representative,3,Female,Yes,N/A,N/A,N/A,N/A,N/A,Yes,N/A,N/A,N/A,43,Won,yes,New MexicoRepresentative3,Yes,yes,
Laura Montoya,No,Yes,New Mexico,6/2/2020,Representative,3,Female,No,N/A,N/A,N/A,N/A,N/A,No,N/A,N/A,N/A,6,Lost,,New MexicoRepresentative3,Yes,yes,
Marco Serna,No,Yes,New Mexico,6/2/2020,Representative,3,Male,No,N/A,N/A,N/A,N/A,N/A,No,N/A,N/A,N/A,8,Lost,,New MexicoRepresentative3,Yes,,
Joseph Sanchez,No,Yes,New Mexico,6/2/2020,Representative,3,Male,No,N/A,N/A,N/A,N/A,N/A,No,N/A,N/A,N/A,12,Lost,,New MexicoRepresentative3,Yes,,
Valerie Plame,No,Yes,New Mexico,6/2/2020,Representative,3,Female,No,N/A,N/A,N/A,N/A,N/A,No,N/A,N/A,N/A,25,Lost,,New MexicoRepresentative3,Yes,yes,
John Blair,No,Yes,New Mexico,6/2/2020,Representative,3,Male,No,N/A,N/A,N/A,N/A,N/A,No,N/A,N/A,N/A,4,Lost,,New MexicoRepresentative3,Yes,,
Kyle Tisdel,No,Yes,New Mexico,6/2/2020,Representative,3,Male,No,N/A,N/A,N/A,N/A,N/A,No,N/A,N/A,N/A,2,Lost,,New MexicoRepresentative3,Yes,,
Skylar Hurwitz,No,Yes,Pennsylvania,6/2/2020,Representative,1,Male,N/A,N/A,N/A,N/A,N/A,N/A,N/A,N/A,N/A,N/A,22,Lost,,PennsylvaniaRepresentative1,Yes,,
Christina Finello,No,Yes,Pennsylvania,6/2/2020,Representative,1,Female,N/A,N/A,N/A,N/A,N/A,N/A,N/A,N/A,N/A,N/A,78,Won,,PennsylvaniaRepresentative1,Yes,yes,
Brendan Boyle,Yes,No,Pennsylvania,6/2/2020,Representative,2,Male,N/A,N/A,N/A,N/A,N/A,N/A,N/A,N/A,N/A,N/A,100,Won,,PennsylvaniaRepresentative2,No,,
Dwight Evans,Yes,No,Pennsylvania,6/2/2020,Representative,3,Male,N/A,N/A,N/A,N/A,N/A,N/A,N/A,N/A,N/A,N/A,100,Won,,PennsylvaniaRepresentative3,No,,
Madeleine Dean,Yes,No,Pennsylvania,6/2/2020,Representative,4,Female,N/A,N/A,N/A,N/A,N/A,N/A,N/A,N/A,N/A,N/A,100,Won,,PennsylvaniaRepresentative4,No,yes,
Mary Gay Scanlon,Yes,No,Pennsylvania,6/2/2020,Representative,5,Female,N/A,N/A,N/A,N/A,N/A,N/A,N/A,N/A,N/A,N/A,100,Won,,PennsylvaniaRepresentative5,No,yes,
Chrissy Houlahan,Yes,No,Pennsylvania,6/2/2020,Representative,6,Female,Yes,N/A,N/A,N/A,N/A,N/A,N/A,N/A,N/A,N/A,100,Won,,PennsylvaniaRepresentative6,No,yes,
Susan Wild,Yes,No,Pennsylvania,6/2/2020,Representative,7,Female,Yes,N/A,N/A,N/A,N/A,N/A,N/A,N/A,N/A,N/A,100,Won,,PennsylvaniaRepresentative7,No,yes,
Matt Cartwright,Yes,No,Pennsylvania,6/2/2020,Representative,8,Male,N/A,N/A,N/A,N/A,N/A,N/A,N/A,N/A,N/A,N/A,100,Won,,PennsylvaniaRepresentative8,No,,
Laura Quick,No,Yes,Pennsylvania,6/2/2020,Representative,9,Female,N/A,N/A,N/A,N/A,N/A,N/A,N/A,N/A,N/A,N/A,49,Lost,,PennsylvaniaRepresentative9,Yes,yes,
Gary Wegman,No,Yes,Pennsylvania,6/2/2020,Representative,9,Male,N/A,N/A,N/A,N/A,N/A,N/A,N/A,N/A,N/A,N/A,51,Won,,PennsylvaniaRepresentative9,Yes,,
Tom Brier,No,Yes,Pennsylvania,6/2/2020,Representative,10,Male,N/A,N/A,N/A,N/A,N/A,N/A,N/A,No,N/A,N/A,43,Lost,,PennsylvaniaRepresentative10,No,,
Eugene DePasquale,No,Yes,Pennsylvania,6/2/2020,Representative,10,Male,N/A,N/A,N/A,N/A,N/A,N/A,N/A,Yes,N/A,N/A,57,Won,yes,PennsylvaniaRepresentative10,No,,
Paul Daigle,No,Yes,Pennsylvania,6/2/2020,Representative,11,Male,N/A,N/A,N/A,N/A,N/A,N/A,N/A,N/A,N/A,N/A,28,Lost,,PennsylvaniaRepresentative11,Yes,,
Sarah Hammond,No,Yes,Pennsylvania,6/2/2020,Representative,11,Female,N/A,N/A,N/A,N/A,N/A,N/A,N/A,N/A,N/A,N/A,72,Won,,PennsylvaniaRepresentative11,Yes,yes,
Lee Griffin,No,Yes,Pennsylvania,6/2/2020,Representative,12,Male,N/A,N/A,N/A,N/A,N/A,N/A,N/A,N/A,N/A,N/A,100,Won,,PennsylvaniaRepresentative12,No,,
Todd Rowley,No,Yes,Pennsylvania,6/2/2020,Representative,13,Male,N/A,N/A,N/A,N/A,N/A,N/A,N/A,N/A,N/A,N/A,100,Won,,PennsylvaniaRepresentative13,No,,
Bill Marx,No,Yes,Pennsylvania,6/2/2020,Representative,14,Male,N/A,N/A,N/A,N/A,N/A,N/A,N/A,N/A,N/A,N/A,100,Won,,PennsylvaniaRepresentative14,No,,
Robert Williams,No,Yes,Pennsylvania,6/2/2020,Representative,15,Male,N/A,N/A,N/A,N/A,N/A,N/A,N/A,N/A,N/A,N/A,100,Won,,PennsylvaniaRepresentative15,No,,
Kristy Gnibus,No,Yes,Pennsylvania,6/2/2020,Representative,16,Female,N/A,N/A,N/A,N/A,N/A,N/A,N/A,N/A,N/A,N/A,100,Won,,PennsylvaniaRepresentative16,No,yes,
Conor Lamb,Yes,No,Pennsylvania,6/2/2020,Representative,17,Male,N/A,N/A,N/A,N/A,N/A,N/A,N/A,N/A,N/A,N/A,100,Won,,PennsylvaniaRepresentative17,No,,
Jerry Dickinson,No,No,Pennsylvania,6/2/2020,Representative,18,Male,N/A,N/A,N/A,N/A,N/A,N/A,N/A,N/A,N/A,N/A,33,Lost,,PennsylvaniaRepresentative18,No,,
Mike Doyle,Yes,No,Pennsylvania,6/2/2020,Representative,18,Male,N/A,N/A,N/A,N/A,N/A,N/A,N/A,N/A,N/A,N/A,67,Won,,PennsylvaniaRepresentative18,No,,
Dan Ahlers,No,Yes,South Dakota,6/2/2020,Senator,N/A,Male,N/A,N/A,N/A,N/A,N/A,N/A,N/A,N/A,N/A,N/A,100,Won,,South DakotaSenatorN/A,No,,
Jeff Merkley,Yes,No,Oregon,5/19/2020,Senator,N/A,Male,N/A,N/A,N/A,N/A,Yes,N/A,N/A,N/A,N/A,N/A,99,Won,yes,OregonSenatorN/A,No,,
Heidi Briones,No,No,Oregon,5/19/2020,Representative,1,Female,N/A,N/A,N/A,N/A,N/A,N/A,N/A,N/A,N/A,N/A,7,Lost,,OregonRepresentative1,Yes,yes,
Suzanne Bonamici,Yes,No,Oregon,5/19/2020,Representative,1,Female,N/A,N/A,N/A,N/A,N/A,N/A,N/A,N/A,N/A,N/A,84,Won,,OregonRepresentative1,Yes,yes,
Ricky Barajas,No,No,Oregon,5/19/2020,Representative,1,Male,N/A,N/A,N/A,N/A,N/A,N/A,N/A,N/A,N/A,N/A,2,Lost,,OregonRepresentative1,Yes,,
Amanda Siebe,No,No,Oregon,5/19/2020,Representative,1,Female,N/A,N/A,N/A,N/A,N/A,N/A,N/A,N/A,N/A,N/A,7,Lost,,OregonRepresentative1,Yes,yes,
Jack Howard,No,Yes,Oregon,5/19/2020,Representative,2,Male,N/A,N/A,N/A,N/A,N/A,N/A,N/A,N/A,N/A,N/A,8,Lost,,OregonRepresentative2,Yes,,
John Holm,No,Yes,Oregon,5/19/2020,Representative,2,Male,N/A,N/A,N/A,N/A,N/A,N/A,N/A,N/A,N/A,N/A,8,Lost,,OregonRepresentative2,Yes,,
Nik Heuertz,No,Yes,Oregon,5/19/2020,Representative,2,Male,N/A,N/A,N/A,N/A,N/A,N/A,N/A,N/A,N/A,N/A,31,Lost,,OregonRepresentative2,Yes,,
Alex Spenser,No,Yes,Oregon,5/19/2020,Representative,2,Female,N/A,N/A,N/A,N/A,N/A,N/A,N/A,N/A,N/A,N/A,32,Won,,OregonRepresentative2,Yes,yes,
Chris Vaughn,No,Yes,Oregon,5/19/2020,Representative,2,Male,N/A,N/A,N/A,N/A,N/A,N/A,N/A,N/A,N/A,N/A,18,Lost,,OregonRepresentative2,Yes,,
Earl Blumenauer,Yes,No,Oregon,5/19/2020,Representative,3,Male,N/A,N/A,N/A,N/A,No,N/A,N/A,N/A,N/A,N/A,81,Won,,OregonRepresentative3,No,,
Charles Rand Barnett,No,No,Oregon,5/19/2020,Representative,3,Male,N/A,N/A,N/A,N/A,No,N/A,N/A,N/A,N/A,N/A,1,Lost,,OregonRepresentative3,No,,
Dane Wilcox,No,No,Oregon,5/19/2020,Representative,3,Male,N/A,N/A,N/A,N/A,No,N/A,N/A,N/A,N/A,N/A,1,Lost,,OregonRepresentative3,No,,
Albert Lee,No,No,Oregon,5/19/2020,Representative,3,Male,N/A,N/A,N/A,N/A,Yes,N/A,N/A,N/A,N/A,N/A,17,Lost,yes,OregonRepresentative3,No,,
Matthew Davis,No,No,Oregon,5/19/2020,Representative,3,Male,N/A,N/A,N/A,N/A,No,N/A,N/A,N/A,N/A,N/A,1,Lost,,OregonRepresentative3,No,,
Peter DeFazio,Yes,No,Oregon,5/19/2020,Representative,4,Male,N/A,N/A,N/A,N/A,N/A,N/A,N/A,N/A,N/A,N/A,84,Won,,OregonRepresentative4,Yes,,
Doyle Canning,No,No,Oregon,5/19/2020,Representative,4,Female,N/A,N/A,N/A,N/A,N/A,N/A,N/A,N/A,N/A,N/A,15,Lost,,OregonRepresentative4,Yes,yes,
Blair Reynolds,No,No,Oregon,5/19/2020,Representative,5,Male,N/A,N/A,N/A,N/A,No,N/A,N/A,N/A,N/A,N/A,7,Lost,,OregonRepresentative5,No,,
Kurt Schrader,Yes,No,Oregon,5/19/2020,Representative,5,Male,N/A,N/A,N/A,N/A,No,N/A,N/A,N/A,N/A,N/A,69,Won,,OregonRepresentative5,No,,
Mark Gamba,No,No,Oregon,5/19/2020,Representative,5,Male,N/A,N/A,N/A,N/A,Yes,N/A,N/A,N/A,N/A,N/A,23,Lost,yes,OregonRepresentative5,No,,
Dennis Frank Maček,No,Yes,Nebraska,5/12/2020,Senator,N/A,Male,N/A,N/A,N/A,N/A,N/A,N/A,N/A,N/A,N/A,N/A,3,Lost,,NebraskaSenatorN/A,Yes,,
Chris Janicek,No,Yes,Nebraska,5/12/2020,Senator,N/A,Male,N/A,N/A,N/A,N/A,N/A,N/A,N/A,N/A,N/A,N/A,31,Won,,NebraskaSenatorN/A,Yes,,
Larry Marvin,No,Yes,Nebraska,5/12/2020,Senator,N/A,Male,N/A,N/A,N/A,N/A,N/A,N/A,N/A,N/A,N/A,N/A,5,Lost,,NebraskaSenatorN/A,Yes,,
Angie Philips,No,Yes,Nebraska,5/12/2020,Senator,N/A,Female,N/A,N/A,N/A,N/A,N/A,N/A,N/A,N/A,N/A,N/A,24,Lost,,NebraskaSenatorN/A,Yes,yes,
Alisha Shelton,No,Yes,Nebraska,5/12/2020,Senator,N/A,Female,N/A,N/A,N/A,N/A,N/A,N/A,N/A,N/A,N/A,N/A,23,Lost,,NebraskaSenatorN/A,Yes,yes,
Dan Wik,No,Yes,Nebraska,5/12/2020,Senator,N/A,Male,N/A,N/A,N/A,N/A,N/A,N/A,N/A,N/A,N/A,N/A,4,Lost,,NebraskaSenatorN/A,Yes,,
Andy Stock,No,Yes,Nebraska,5/12/2020,Senator,N/A,Male,N/A,N/A,N/A,N/A,N/A,N/A,N/A,N/A,N/A,N/A,11,Lost,,NebraskaSenatorN/A,Yes,,
Babs Ramsey,No,Yes,Nebraska,5/12/2020,Representative,1,Female,N/A,N/A,N/A,N/A,N/A,N/A,N/A,N/A,N/A,N/A,22,Lost,,NebraskaRepresentative1,No,yes,
Kate Bolz,No,Yes,Nebraska,5/12/2020,Representative,1,Female,N/A,N/A,N/A,N/A,N/A,N/A,N/A,N/A,N/A,N/A,78,Won,,NebraskaRepresentative1,No,yes,
Kara Eastman,No,Yes,Nebraska,5/12/2020,Representative,2,Female,N/A,Yes,N/A,Yes,N/A,N/A,Yes,N/A,N/A,N/A,62,Won,yes,NebraskaRepresentative2,No,yes,
Ann Ashford,No,Yes,Nebraska,5/12/2020,Representative,2,Female,N/A,No,N/A,No,N/A,N/A,No,N/A,N/A,N/A,31,Lost,,NebraskaRepresentative2,No,yes,
Gladys Harrison,No,Yes,Nebraska,5/12/2020,Representative,2,Female,N/A,No,N/A,No,N/A,N/A,No,N/A,N/A,N/A,7,Lost,,NebraskaRepresentative2,No,yes,
Mark Elworth Jr.,No,Yes,Nebraska,5/12/2020,Representative,3,Male,N/A,N/A,N/A,N/A,N/A,N/A,N/A,N/A,N/A,N/A,100,Won,,NebraskaRepresentative3,No,,
Nikki Foster,No,Yes,Ohio,4/28/2020,Representative,1,Female,N/A,N/A,N/A,N/A,N/A,N/A,N/A,N/A,N/A,N/A,32,Lost,,OhioRepresentative1,No,yes,
Kate Schroder,No,Yes,Ohio,4/28/2020,Representative,1,Female,N/A,N/A,N/A,N/A,N/A,N/A,N/A,N/A,N/A,N/A,68,Won,,OhioRepresentative1,No,yes,
Jaime Castle,No,Yes,Ohio,4/28/2020,Representative,2,Female,N/A,N/A,N/A,N/A,N/A,N/A,N/A,N/A,N/A,N/A,100,Won,,OhioRepresentative2,No,yes,
Joyce Beatty,Yes,No,Ohio,4/28/2020,Representative,3,Female,N/A,No,N/A,No,No,N/A,N/A,N/A,N/A,N/A,68,Won,,OhioRepresentative3,No,yes,
Morgan Harper,No,No,Ohio,4/28/2020,Representative,3,Female,N/A,Yes,N/A,Yes,Yes,N/A,N/A,N/A,N/A,N/A,32,Lost,yes,OhioRepresentative3,No,yes,
Shannon Freshour,No,Yes,Ohio,4/28/2020,Representative,4,Female,N/A,N/A,N/A,N/A,N/A,N/A,N/A,N/A,N/A,N/A,48,Won,,OhioRepresentative4,Yes,yes,
Mike Larsen,No,Yes,Ohio,4/28/2020,Representative,4,Male,N/A,N/A,N/A,N/A,N/A,N/A,N/A,N/A,N/A,N/A,24,Lost,,OhioRepresentative4,Yes,,
Jeffrey Sites,No,Yes,Ohio,4/28/2020,Representative,4,Male,N/A,N/A,N/A,N/A,N/A,N/A,N/A,N/A,N/A,N/A,29,Lost,,OhioRepresentative4,Yes,,
M. Xavier Carrigan,No,Yes,Ohio,4/28/2020,Representative,5,Male,N/A,N/A,N/A,N/A,N/A,N/A,N/A,N/A,N/A,N/A,23,Lost,,OhioRepresentative5,No,,
Gene Redinger,No,Yes,Ohio,4/28/2020,Representative,5,Male,N/A,N/A,N/A,N/A,N/A,N/A,N/A,N/A,N/A,N/A,26,Lost,,OhioRepresentative5,No,,
Nick Rubando,No,Yes,Ohio,4/28/2020,Representative,5,Male,N/A,N/A,N/A,N/A,N/A,N/A,N/A,N/A,N/A,N/A,51,Won,,OhioRepresentative5,No,,
Shawna Roberts,No,Yes,Ohio,4/28/2020,Representative,6,Female,N/A,N/A,N/A,N/A,N/A,N/A,N/A,N/A,N/A,N/A,100,Won,,OhioRepresentative6,No,yes,
Vanessa Enoch,No,Yes,Ohio,4/28/2020,Representative,8,Female,N/A,N/A,N/A,N/A,N/A,N/A,N/A,N/A,N/A,N/A,79,Won,,OhioRepresentative8,Yes,yes,
Matthew Guyette,No,Yes,Ohio,4/28/2020,Representative,8,Male,N/A,N/A,N/A,N/A,N/A,N/A,N/A,N/A,N/A,N/A,21,Lost,,OhioRepresentative8,Yes,,
Marcy Kaptur,Yes,No,Ohio,4/28/2020,Representative,9,Female,N/A,N/A,N/A,N/A,N/A,N/A,N/A,N/A,N/A,N/A,91,Won,,OhioRepresentative9,Yes,yes,
Peter Rosewicz,No,No,Ohio,4/28/2020,Representative,9,Male,N/A,N/A,N/A,N/A,N/A,N/A,N/A,N/A,N/A,N/A,9,Lost,,OhioRepresentative9,Yes,,
Eric Moyer,No,Yes,Ohio,4/28/2020,Representative,10,Male,N/A,N/A,N/A,N/A,N/A,N/A,N/A,N/A,N/A,N/A,30,Lost,,OhioRepresentative10,Yes,,
Desiree Tims,No,Yes,Ohio,4/28/2020,Representative,10,Female,N/A,N/A,N/A,N/A,N/A,N/A,N/A,N/A,N/A,N/A,70,Won,,OhioRepresentative10,Yes,yes,
James Jerome Bell,No,No,Ohio,4/28/2020,Representative,11,Male,N/A,N/A,N/A,N/A,N/A,N/A,N/A,N/A,N/A,N/A,3,Lost,,OhioRepresentative11,Yes,,
Marcia Fudge,Yes,No,Ohio,4/28/2020,Representative,11,Female,N/A,N/A,N/A,N/A,N/A,N/A,N/A,N/A,N/A,N/A,90,Won,,OhioRepresentative11,Yes,yes,
Michael Hood,No,No,Ohio,4/28/2020,Representative,11,Male,N/A,N/A,N/A,N/A,N/A,N/A,N/A,N/A,N/A,N/A,3,Lost,,OhioRepresentative11,Yes,,
Tariq K. Shabazz,No,No,Ohio,4/28/2020,Representative,11,Male,N/A,N/A,N/A,N/A,N/A,N/A,N/A,N/A,N/A,N/A,4,Lost,,OhioRepresentative11,Yes,,
Jenny Bell,No,Yes,Ohio,4/28/2020,Representative,12,Female,N/A,N/A,N/A,N/A,N/A,N/A,N/A,N/A,N/A,N/A,42,Lost,,OhioRepresentative12,No,yes,
Alaina Shearer,No,Yes,Ohio,4/28/2020,Representative,12,Female,N/A,N/A,N/A,N/A,N/A,N/A,N/A,N/A,N/A,N/A,58,Won,,OhioRepresentative12,No,yes,
Tim Ryan,Yes,No,Ohio,4/28/2020,Representative,13,Male,N/A,N/A,N/A,N/A,N/A,N/A,N/A,N/A,N/A,N/A,100,Won,,OhioRepresentative13,No,,
Hillary O'Connor Mueri,No,Yes,Ohio,4/28/2020,Representative,14,Female,N/A,N/A,N/A,N/A,N/A,N/A,N/A,N/A,N/A,N/A,100,Won,,OhioRepresentative14,No,yes,
Daniel Kilgore,No,Yes,Ohio,4/28/2020,Representative,15,Male,N/A,N/A,N/A,N/A,Yes,N/A,N/A,N/A,N/A,N/A,34,Lost,yes,OhioRepresentative15,No,,
Joel Newby,No,Yes,Ohio,4/28/2020,Representative,15,Male,N/A,N/A,N/A,N/A,No,N/A,N/A,N/A,N/A,N/A,66,Won,,OhioRepresentative15,No,,
Aaron Paul Godfrey,No,Yes,Ohio,4/28/2020,Representative,16,Male,N/A,N/A,N/A,N/A,N/A,N/A,N/A,N/A,N/A,N/A,68,Won,,OhioRepresentative16,No,,
Ronald Karpus III,No,Yes,Ohio,4/28/2020,Representative,16,Male,N/A,N/A,N/A,N/A,N/A,N/A,N/A,N/A,N/A,N/A,32,Lost,,OhioRepresentative16,No,,
Dick Durbin,Yes,No,Illinois,3/17/2020,Senator,N/A,Male,N/A,N/A,N/A,N/A,N/A,N/A,N/A,N/A,N/A,N/A,100,Won,,IllinoisSenatorN/A,No,,
Bobby Rush,Yes,No,Illinois,3/17/2020,Representative,1,Male,N/A,N/A,N/A,N/A,No,N/A,N/A,N/A,N/A,N/A,72,Won,,IllinoisRepresentative1,Yes,,
Sarah Gad,No,No,Illinois,3/17/2020,Representative,1,Female,N/A,N/A,N/A,N/A,No,N/A,N/A,N/A,N/A,N/A,10,Lost,,IllinoisRepresentative1,Yes,yes,
Robert Emmons Jr.,No,No,Illinois,3/17/2020,Representative,1,Male,N/A,N/A,N/A,N/A,Yes,N/A,N/A,N/A,N/A,N/A,10,Lost,yes,IllinoisRepresentative1,Yes,,
Ameena Nuur Matthews,No,No,Illinois,3/17/2020,Representative,1,Female,N/A,N/A,N/A,N/A,No,N/A,N/A,N/A,N/A,N/A,8,Lost,,IllinoisRepresentative1,Yes,yes,
Robin Kelly,Yes,No,Illinois,3/17/2020,Representative,2,Female,N/A,N/A,N/A,N/A,N/A,N/A,N/A,N/A,N/A,N/A,85,Won,yes,IllinoisRepresentative2,Yes,yes,
Marcus Lewis,No,No,Illinois,3/17/2020,Representative,2,Male,N/A,N/A,N/A,N/A,N/A,N/A,N/A,N/A,N/A,N/A,15,Lost,UPDATED,IllinoisRepresentative2,Yes,,
Marie Newman,No,No,Illinois,3/17/2020,Representative,3,Female,Yes,Yes,Yes,Yes,Yes,Yes,Yes,N/A,N/A,N/A,47,Won,yes,IllinoisRepresentative3,Yes,yes,
Dan Lipinski,Yes,No,Illinois,3/17/2020,Representative,3,Male,No,No,No,No,No,No,No,N/A,N/A,N/A,45,Lost,,IllinoisRepresentative3,Yes,,
Rush Darwish,No,No,Illinois,3/17/2020,Representative,3,Male,No,No,No,No,No,No,No,N/A,N/A,N/A,6,Lost,,IllinoisRepresentative3,Yes,,
Charles M. Hughes,No,No,Illinois,3/17/2020,Representative,3,Male,No,No,No,No,No,No,No,N/A,N/A,N/A,2,Lost,,IllinoisRepresentative3,Yes,,
Chuy Garcia,Yes,No,Illinois,3/17/2020,Representative,4,Male,N/A,N/A,N/A,N/A,Yes,N/A,N/A,N/A,N/A,N/A,100,Won,yes,IllinoisRepresentative4,No,,
Mike Quigley,Yes,No,Illinois,3/17/2020,Representative,5,Male,N/A,N/A,N/A,N/A,N/A,N/A,N/A,N/A,N/A,N/A,75,Won,,IllinoisRepresentative5,No,,
Brian Burns,No,No,Illinois,3/17/2020,Representative,5,Male,N/A,N/A,N/A,N/A,N/A,N/A,N/A,N/A,N/A,N/A,25,Lost,,IllinoisRepresentative5,No,,
Sean Casten,Yes,No,Illinois,3/17/2020,Representative,6,Male,N/A,N/A,N/A,N/A,N/A,N/A,N/A,N/A,N/A,N/A,100,Won,,IllinoisRepresentative6,No,,
Danny Davis,Yes,No,Illinois,3/17/2020,Representative,7,Male,N/A,N/A,N/A,N/A,N/A,N/A,N/A,N/A,N/A,N/A,60,Won,,IllinoisRepresentative7,Yes,,
Kina Collins,No,No,Illinois,3/17/2020,Representative,7,Female,N/A,N/A,N/A,N/A,N/A,N/A,N/A,N/A,N/A,N/A,14,Lost,,IllinoisRepresentative7,Yes,yes,
Anthony Clark,No,No,Illinois,3/17/2020,Representative,7,Male,N/A,N/A,N/A,N/A,N/A,N/A,N/A,N/A,N/A,N/A,13,Lost,,IllinoisRepresentative7,Yes,,
Kristine Schanbacher,No,No,Illinois,3/17/2020,Representative,7,Female,N/A,N/A,N/A,N/A,N/A,N/A,N/A,N/A,N/A,N/A,13,Lost,,IllinoisRepresentative7,Yes,yes,
Raja Krishnamoorthi,Yes,No,Illinois,3/17/2020,Representative,8,Male,N/A,N/A,N/A,N/A,N/A,N/A,N/A,N/A,N/A,N/A,80,Won,,IllinoisRepresentative8,No,,
William Olson,No,No,Illinois,3/17/2020,Representative,8,Male,N/A,N/A,N/A,N/A,N/A,N/A,N/A,N/A,N/A,N/A,13,Lost,,IllinoisRepresentative8,No,,
Inam Hussain,No,No,Illinois,3/17/2020,Representative,8,Male,N/A,N/A,N/A,N/A,N/A,N/A,N/A,N/A,N/A,N/A,7,Lost,,IllinoisRepresentative8,No,,
Jan Schakowsky,Yes,No,Illinois,3/17/2020,Representative,9,Female,N/A,N/A,N/A,N/A,N/A,N/A,N/A,N/A,N/A,N/A,100,Won,,IllinoisRepresentative9,No,yes,
Brad Schneider,Yes,No,Illinois,3/17/2020,Representative,10,Male,N/A,N/A,N/A,N/A,N/A,N/A,N/A,N/A,N/A,N/A,100,Won,,IllinoisRepresentative10,No,,
Bill Foster,Yes,No,Illinois,3/17/2020,Representative,11,Male,N/A,N/A,N/A,N/A,No,N/A,N/A,N/A,N/A,N/A,59,Won,,IllinoisRepresentative11,Yes,,
Rachel Ventura,No,No,Illinois,3/17/2020,Representative,11,Female,N/A,N/A,N/A,N/A,Yes,N/A,N/A,N/A,N/A,N/A,41,Lost,yes,IllinoisRepresentative11,Yes,yes,
Ray Lenzi,No,Yes,Illinois,3/17/2020,Representative,12,Male,N/A,N/A,N/A,N/A,N/A,N/A,N/A,N/A,N/A,N/A,50,Won,,IllinoisRepresentative12,No,,
Joel Funk,No,Yes,Illinois,3/17/2020,Representative,12,Male,N/A,N/A,N/A,N/A,N/A,N/A,N/A,N/A,N/A,N/A,50,Lost,,IllinoisRepresentative12,No,,
Betsy Dirksen Londrigan,No,Yes,Illinois,3/17/2020,Representative,13,Female,Yes,N/A,N/A,N/A,N/A,N/A,N/A,Yes,N/A,N/A,76,Won,yes,IllinoisRepresentative13,No,yes,
Stefanie Smith,No,Yes,Illinois,3/17/2020,Representative,13,Female,No,N/A,N/A,N/A,N/A,N/A,N/A,No,N/A,N/A,24,Lost,yes,IllinoisRepresentative13,No,yes,
Lauren Underwood,Yes,No,Illinois,3/17/2020,Representative,14,Female,Yes,N/A,N/A,N/A,N/A,N/A,N/A,N/A,N/A,N/A,100,Won,,IllinoisRepresentative14,No,yes,
Erika Weaver,No,Yes,Illinois,3/17/2020,Representative,15,Female,N/A,N/A,N/A,N/A,N/A,N/A,N/A,N/A,N/A,N/A,52,Won,,IllinoisRepresentative15,Yes,yes,
Kevin Gaither,No,Yes,Illinois,3/17/2020,Representative,15,Male,N/A,N/A,N/A,N/A,N/A,N/A,N/A,N/A,N/A,N/A,22,Lost,,IllinoisRepresentative15,Yes,,
Craig Morton,No,Yes,Illinois,3/17/2020,Representative,15,Male,N/A,N/A,N/A,N/A,N/A,N/A,N/A,N/A,N/A,N/A,19,Lost,,IllinoisRepresentative15,Yes,,
John W. Hursey Jr.,No,Yes,Illinois,3/17/2020,Representative,15,Male,N/A,N/A,N/A,N/A,N/A,N/A,N/A,N/A,N/A,N/A,7,Lost,,IllinoisRepresentative15,Yes,,
Dani Brzozowski,No,Yes,Illinois,3/17/2020,Representative,16,Female,N/A,N/A,N/A,N/A,N/A,N/A,N/A,N/A,N/A,N/A,100,Won,,IllinoisRepresentative16,No,yes,
Cheri Bustos,Yes,No,Illinois,3/17/2020,Representative,17,Female,N/A,N/A,N/A,N/A,N/A,N/A,N/A,N/A,N/A,N/A,100,Won,,IllinoisRepresentative17,No,yes,
Tobey Bartee,No,Yes,Mississippi,3/10/2020,Senator,N/A,Male,N/A,N/A,N/A,N/A,N/A,N/A,N/A,No,N/A,N/A,4,Lost,,MississippiSenatorN/A,No,,
Jensen Bohren,No,Yes,Mississippi,3/10/2020,Senator,N/A,Male,N/A,N/A,N/A,N/A,N/A,N/A,N/A,No,N/A,N/A,3,Lost,,MississippiSenatorN/A,No,,
Mike Espy,No,Yes,Mississippi,3/10/2020,Senator,N/A,Male,N/A,N/A,N/A,N/A,N/A,N/A,N/A,Yes,N/A,N/A,93,Won,yes,MississippiSenatorN/A,No,,
Antonia Eliason,No,Yes,Mississippi,3/10/2020,Representative,1,Female,N/A,N/A,N/A,N/A,N/A,N/A,N/A,N/A,N/A,N/A,100,Won,,MississippiRepresentative1,No,yes,
Sonia Rathburn,No,No,Mississippi,3/10/2020,Representative,2,Female,N/A,N/A,N/A,N/A,N/A,N/A,N/A,N/A,N/A,N/A,6,Lost,,MississippiRepresentative2,Yes,yes,
Bennie Thompson,Yes,No,Mississippi,3/10/2020,Representative,2,Male,N/A,N/A,N/A,N/A,N/A,N/A,N/A,N/A,N/A,N/A,94,Won,,MississippiRepresentative2,Yes,,
Dorothy “Dot” Benford,No,Yes,Mississippi,3/10/2020,Representative,3,Female,N/A,N/A,N/A,N/A,N/A,N/A,N/A,N/A,N/A,N/A,64,Won,,MississippiRepresentative3,No,yes,
Katelyn Lee,No,Yes,Mississippi,3/10/2020,Representative,3,Female,N/A,N/A,N/A,N/A,N/A,N/A,N/A,N/A,N/A,N/A,36,Lost,,MississippiRepresentative3,No,yes,
Doug Jones,Yes,No,Alabama,3/3/2020,Senator,N/A,Male,N/A,N/A,N/A,N/A,N/A,N/A,N/A,N/A,N/A,N/A,100,Won,,AlabamaSenatorN/A,No,,
James Averhart,No,Yes,Alabama,3/3/2020,Representative,1,Male,N/A,N/A,N/A,N/A,N/A,N/A,N/A,N/A,N/A,N/A,40,Won,,AlabamaRepresentative1,Yes,,
Rick Collins,No,Yes,Alabama,3/3/2020,Representative,1,Male,N/A,N/A,N/A,N/A,N/A,N/A,N/A,N/A,N/A,N/A,16,Lost,,AlabamaRepresentative1,Yes,,
Kiani Gardner,No,Yes,Alabama,3/3/2020,Representative,1,Female,N/A,N/A,N/A,N/A,N/A,N/A,N/A,N/A,N/A,N/A,44,Lost,,AlabamaRepresentative1,Yes,yes,
Phyllis Harvey-Hall,No,Yes,Alabama,3/3/2020,Representative,2,Female,N/A,N/A,N/A,N/A,N/A,N/A,N/A,N/A,N/A,N/A,59,Won,,AlabamaRepresentative2,Yes,yes,
Nathan Mathis,No,Yes,Alabama,3/3/2020,Representative,2,Male,N/A,N/A,N/A,N/A,N/A,N/A,N/A,N/A,N/A,N/A,41,Lost,,AlabamaRepresentative2,Yes,,
Adia Winfrey,No,Yes,Alabama,3/3/2020,Representative,3,Female,N/A,N/A,N/A,N/A,N/A,N/A,N/A,N/A,N/A,N/A,100,Won,,AlabamaRepresentative3,No,yes,
Rick Neighbors,No,Yes,Alabama,3/3/2020,Representative,4,Male,N/A,N/A,N/A,N/A,N/A,N/A,N/A,N/A,N/A,N/A,100,Won,,AlabamaRepresentative4,No,,
Terri Sewell,Yes,No,Alabama,3/3/2020,Representative,7,Female,N/A,N/A,N/A,N/A,N/A,N/A,N/A,N/A,N/A,N/A,100,Won,,AlabamaRepresentative7,No,yes,
Joyce Elliott,No,Yes,Arkansas,3/3/2020,Representative,2,Female,N/A,N/A,N/A,N/A,N/A,N/A,N/A,N/A,N/A,N/A,100,Won,,ArkansasRepresentative2,No,yes,
Celeste Williams,No,Yes,Arkansas,3/3/2020,Representative,3,Female,N/A,N/A,N/A,N/A,N/A,N/A,N/A,N/A,N/A,N/A,100,Won,,ArkansasRepresentative3,No,yes,
William Hanson,No,Yes,Arkansas,3/3/2020,Representative,4,Male,N/A,N/A,N/A,N/A,N/A,N/A,N/A,N/A,N/A,N/A,100,Won,,ArkansasRepresentative4,No,,
Audrey Denney,No,Yes,California,3/3/2020,Representative,1,Female,N/A,N/A,N/A,N/A,N/A,N/A,N/A,N/A,N/A,N/A,91,Advanced,,CaliforniaRepresentative1,Yes,yes,
Rob Lydon,No,Yes,California,3/3/2020,Representative,1,Male,N/A,N/A,N/A,N/A,N/A,N/A,N/A,N/A,N/A,N/A,9,Lost,,CaliforniaRepresentative1,Yes,,
Jared Huffman,Yes,No,California,3/3/2020,Representative,2,Male,N/A,N/A,N/A,N/A,N/A,N/A,N/A,N/A,N/A,N/A,90,Advanced,,CaliforniaRepresentative2,Yes,,
Rachel Moniz,No,No,California,3/3/2020,Representative,2,Female,N/A,N/A,N/A,N/A,N/A,N/A,N/A,N/A,N/A,N/A,10,Lost,,CaliforniaRepresentative2,Yes,yes,
John Garamendi,Yes,No,California,3/3/2020,Representative,3,Male,N/A,N/A,N/A,N/A,N/A,N/A,N/A,N/A,N/A,N/A,100,Advanced,,CaliforniaRepresentative3,No,,
Brynne Kennedy,No,Yes,California,3/3/2020,Representative,4,Female,N/A,N/A,N/A,N/A,N/A,N/A,N/A,N/A,N/A,N/A,100,Advanced,,CaliforniaRepresentative4,No,yes,
Mike Thompson,Yes,No,California,3/3/2020,Representative,5,Male,N/A,N/A,N/A,N/A,N/A,N/A,N/A,N/A,N/A,N/A,85,Advanced,,CaliforniaRepresentative5,No,,
Jason Kishineff,No,No,California,3/3/2020,Representative,5,Male,N/A,N/A,N/A,N/A,N/A,N/A,N/A,N/A,N/A,N/A,3,Lost,,CaliforniaRepresentative5,No,,
John Wesley Tyler,No,No,California,3/3/2020,Representative,5,Male,N/A,N/A,N/A,N/A,N/A,N/A,N/A,N/A,N/A,N/A,12,Lost,,CaliforniaRepresentative5,No,,
Doris Matsui,Yes,No,California,3/3/2020,Representative,6,Female,N/A,N/A,N/A,N/A,N/A,N/A,N/A,N/A,N/A,N/A,90,Advanced,,CaliforniaRepresentative6,Yes,yes,
Benjamin Emard,No,No,California,3/3/2020,Representative,6,Male,N/A,N/A,N/A,N/A,N/A,N/A,N/A,N/A,N/A,N/A,10,Lost,,CaliforniaRepresentative6,Yes,,
Ami Bera,Yes,No,California,3/3/2020,Representative,7,Male,N/A,N/A,N/A,N/A,N/A,N/A,N/A,N/A,N/A,N/A,88,Advanced,,CaliforniaRepresentative7,No,yes,
Jeff Burdick,No,No,California,3/3/2020,Representative,7,Male,N/A,N/A,N/A,N/A,N/A,N/A,N/A,N/A,N/A,N/A,12,Lost,,CaliforniaRepresentative7,No,,
Christine Bubser,No,Yes,California,3/3/2020,Representative,8,Female,N/A,N/A,N/A,N/A,N/A,N/A,N/A,N/A,N/A,N/A,76,Advanced,,CaliforniaRepresentative8,Yes,yes,
Bob Conaway,No,Yes,California,3/3/2020,Representative,8,Male,N/A,N/A,N/A,N/A,N/A,N/A,N/A,N/A,N/A,N/A,17,Lost,,CaliforniaRepresentative8,Yes,,
James Ellars,No,Yes,California,3/3/2020,Representative,8,Male,N/A,N/A,N/A,N/A,N/A,N/A,N/A,N/A,N/A,N/A,7,Lost,,CaliforniaRepresentative8,Yes,,
Jerry McNerney,Yes,No,California,3/3/2020,Representative,9,Male,N/A,N/A,N/A,N/A,N/A,N/A,N/A,N/A,N/A,N/A,100,Advanced,,CaliforniaRepresentative9,No,,
Mike Barkley,No,No,California,3/3/2020,Representative,10,Male,N/A,N/A,N/A,N/A,N/A,N/A,N/A,N/A,N/A,N/A,7,Lost,,CaliforniaRepresentative10,No,,
Josh Harder,Yes,No,California,3/3/2020,Representative,10,Male,N/A,N/A,N/A,N/A,N/A,N/A,N/A,N/A,N/A,N/A,88,Advanced,,CaliforniaRepresentative10,No,,
Ryan Blevins,No,No,California,3/3/2020,Representative,10,Male,N/A,N/A,N/A,N/A,N/A,N/A,N/A,N/A,N/A,N/A,4,Lost,,CaliforniaRepresentative10,No,,
Mark DeSaulnier,Yes,No,California,3/3/2020,Representative,11,Male,N/A,N/A,N/A,N/A,N/A,N/A,N/A,N/A,N/A,N/A,100,Advanced,,CaliforniaRepresentative11,No,,
Nancy Pelosi,Yes,No,California,3/3/2020,Representative,12,Female,N/A,N/A,N/A,N/A,N/A,N/A,N/A,N/A,N/A,N/A,82,Advanced,,CaliforniaRepresentative12,Yes,yes,
Agatha Bacelar,No,No,California,3/3/2020,Representative,12,Female,N/A,N/A,N/A,N/A,N/A,N/A,N/A,N/A,N/A,N/A,2,Lost,,CaliforniaRepresentative12,Yes,yes,
Shahid Buttar,No,No,California,3/3/2020,Representative,12,Male,N/A,N/A,N/A,N/A,N/A,N/A,N/A,N/A,N/A,N/A,14,Advanced,,CaliforniaRepresentative12,Yes,,
Tom Gallagher,No,No,California,3/3/2020,Representative,12,Male,N/A,N/A,N/A,N/A,N/A,N/A,N/A,N/A,N/A,N/A,2,Lost,,CaliforniaRepresentative12,Yes,,
Barbara Lee,Yes,No,California,3/3/2020,Representative,13,Female,N/A,N/A,N/A,N/A,Yes,N/A,N/A,N/A,N/A,N/A,100,Advanced,yes,CaliforniaRepresentative13,No,yes,
Jackie Speier,Yes,No,California,3/3/2020,Representative,14,Female,N/A,N/A,N/A,N/A,N/A,N/A,N/A,N/A,N/A,N/A,95,Advanced,,CaliforniaRepresentative14,Yes,yes,
Cristos Goodrow,No,No,California,3/3/2020,Representative,14,Male,N/A,N/A,N/A,N/A,N/A,N/A,N/A,N/A,N/A,N/A,5,Lost,,CaliforniaRepresentative14,Yes,,
Austin Intal,No,No,California,3/3/2020,Representative,15,Male,N/A,N/A,N/A,N/A,N/A,N/A,N/A,N/A,N/A,N/A,2,Lost,,CaliforniaRepresentative15,Yes,,
Samantha Campbell,No,No,California,3/3/2020,Representative,15,Female,N/A,N/A,N/A,N/A,N/A,N/A,N/A,N/A,N/A,N/A,13,Lost,,CaliforniaRepresentative15,Yes,yes,
Tuan Phan,No,No,California,3/3/2020,Representative,15,Male,N/A,N/A,N/A,N/A,N/A,N/A,N/A,N/A,N/A,N/A,5,Lost,,CaliforniaRepresentative15,Yes,,
Eric Swalwell,Yes,No,California,3/3/2020,Representative,15,Male,N/A,N/A,N/A,N/A,N/A,N/A,N/A,N/A,N/A,N/A,80,Advanced,,CaliforniaRepresentative15,Yes,,
Jim Costa,Yes,No,California,3/3/2020,Representative,16,Male,N/A,N/A,N/A,N/A,N/A,N/A,N/A,N/A,N/A,N/A,58,Advanced,,CaliforniaRepresentative16,Yes,,
Esmeralda Soria,No,No,California,3/3/2020,Representative,16,Female,N/A,N/A,N/A,N/A,N/A,N/A,N/A,N/A,N/A,N/A,33,Lost,,CaliforniaRepresentative16,Yes,yes,
Kim Williams,No,No,California,3/3/2020,Representative,16,Female,N/A,N/A,N/A,N/A,N/A,N/A,N/A,N/A,N/A,N/A,9,Lost,,CaliforniaRepresentative16,Yes,yes,
Stephen Forbes,No,No,California,3/3/2020,Representative,17,Male,N/A,No,N/A,N/A,No,No,No,N/A,N/A,N/A,10,Lost,,CaliforniaRepresentative17,No,,
Ro Khanna,Yes,No,California,3/3/2020,Representative,17,Male,N/A,Yes,N/A,N/A,Yes,Yes,Yes,N/A,N/A,N/A,90,Advanced,yes,CaliforniaRepresentative17,No,,
Anna Eshoo,Yes,No,California,3/3/2020,Representative,18,Female,N/A,N/A,N/A,N/A,N/A,N/A,N/A,N/A,N/A,N/A,79,Advanced,,CaliforniaRepresentative18,Yes,yes,
Rishi Kumar,No,No,California,3/3/2020,Representative,18,Male,N/A,N/A,N/A,N/A,N/A,N/A,N/A,N/A,N/A,N/A,21,Advanced,,CaliforniaRepresentative18,Yes,,
Zoe Lofgren,Yes,No,California,3/3/2020,Representative,19,Female,N/A,N/A,N/A,N/A,N/A,N/A,N/A,N/A,N/A,N/A,85,Advanced,,CaliforniaRepresentative19,Yes,yes,
Ivan Torres,No,No,California,3/3/2020,Representative,19,Male,N/A,N/A,N/A,N/A,N/A,N/A,N/A,N/A,N/A,N/A,15,Lost,,CaliforniaRepresentative19,Yes,,
Jimmy Panetta,Yes,No,California,3/3/2020,Representative,20,Male,N/A,N/A,N/A,N/A,N/A,N/A,N/A,N/A,N/A,N/A,83,Advanced,,CaliforniaRepresentative20,No,,
Adam Bolaños Scow,No,No,California,3/3/2020,Representative,20,Male,N/A,N/A,N/A,N/A,N/A,N/A,N/A,N/A,N/A,N/A,17,Lost,,CaliforniaRepresentative20,No,,
TJ Cox,Yes,No,California,3/3/2020,Representative,21,Male,N/A,N/A,Yes,N/A,N/A,N/A,N/A,N/A,N/A,N/A,81,Advanced,yes,CaliforniaRepresentative21,No,,
Ricardo De La Fuente,No,No,California,3/3/2020,Representative,21,Male,N/A,N/A,No,N/A,N/A,N/A,N/A,N/A,N/A,N/A,19,Lost,,CaliforniaRepresentative21,No,,
Phil Arballo,No,Yes,California,3/3/2020,Representative,22,Male,N/A,N/A,N/A,N/A,N/A,N/A,N/A,N/A,N/A,N/A,61,Advanced,,CaliforniaRepresentative22,No,,
Bobby Bliatout,No,Yes,California,3/3/2020,Representative,22,Male,N/A,N/A,N/A,N/A,N/A,N/A,N/A,N/A,N/A,N/A,32,Lost,,CaliforniaRepresentative22,No,,
Dary Rezvani,No,Yes,California,3/3/2020,Representative,22,Male,N/A,N/A,N/A,N/A,N/A,N/A,N/A,N/A,N/A,N/A,8,Lost,,CaliforniaRepresentative22,No,,
Kim Mangone,No,Yes,California,3/3/2020,Representative,23,Female,N/A,N/A,N/A,N/A,N/A,N/A,N/A,N/A,N/A,N/A,100,Advanced,,CaliforniaRepresentative23,No,yes,
Salud Carbajal,Yes,No,California,3/3/2020,Representative,24,Male,N/A,N/A,N/A,N/A,N/A,N/A,N/A,N/A,N/A,N/A,100,Advanced,,CaliforniaRepresentative24,No,,
Robert Cooper III,No,Yes,California,3/3/2020,Representative,25,Male,No,N/A,No,N/A,N/A,N/A,N/A,No,N/A,N/A,6,Lost,,CaliforniaRepresentative25,Yes,,
Getro Elize,No,Yes,California,3/3/2020,Representative,25,Male,No,N/A,No,N/A,N/A,N/A,N/A,No,N/A,N/A,8,Lost,,CaliforniaRepresentative25,Yes,,
Christopher Smith,No,Yes,California,3/3/2020,Representative,25,Male,No,N/A,No,N/A,N/A,N/A,N/A,No,N/A,N/A,3,Lost,,CaliforniaRepresentative25,Yes,,
Cenk Uygur,No,Yes,California,3/3/2020,Representative,25,Male,No,N/A,No,N/A,N/A,N/A,N/A,No,N/A,N/A,12,Lost,,CaliforniaRepresentative25,Yes,,
Aníbal Valdéz-Ortega,No,Yes,California,3/3/2020,Representative,25,Male,No,N/A,No,N/A,N/A,N/A,N/A,No,N/A,N/A,6,Lost,,CaliforniaRepresentative25,Yes,,
Christy Smith,No,Yes,California,3/3/2020,Representative,25,Female,Yes,N/A,Yes,N/A,N/A,N/A,N/A,Yes,N/A,N/A,65,Advanced,yes,CaliforniaRepresentative25,Yes,yes,
Enrique Petris,No,No,California,3/3/2020,Representative,26,Male,N/A,N/A,N/A,N/A,N/A,N/A,N/A,N/A,N/A,N/A,3,Lost,,CaliforniaRepresentative26,Yes,,
Julia Brownley,Yes,No,California,3/3/2020,Representative,26,Female,N/A,N/A,N/A,N/A,N/A,N/A,N/A,N/A,N/A,N/A,87,Advanced,,CaliforniaRepresentative26,Yes,yes,
Robert Salas,No,No,California,3/3/2020,Representative,26,Male,N/A,N/A,N/A,N/A,N/A,N/A,N/A,N/A,N/A,N/A,10,Lost,,CaliforniaRepresentative26,Yes,,
Judy Chu,Yes,No,California,3/3/2020,Representative,27,Female,N/A,N/A,N/A,N/A,N/A,N/A,N/A,N/A,N/A,N/A,100,Advanced,,CaliforniaRepresentative27,No,yes,
Chad Anderson,No,No,California,3/3/2020,Representative,28,Male,N/A,N/A,N/A,N/A,N/A,N/A,N/A,N/A,N/A,N/A,2,Lost,,CaliforniaRepresentative28,Yes,,
Sal Genovese,No,No,California,3/3/2020,Representative,28,Male,N/A,N/A,N/A,N/A,N/A,N/A,N/A,N/A,N/A,N/A,4,Lost,,CaliforniaRepresentative28,Yes,,
Ara Manoogian,No,No,California,3/3/2020,Representative,28,Male,N/A,N/A,N/A,N/A,N/A,N/A,N/A,N/A,N/A,N/A,2,Lost,,CaliforniaRepresentative28,Yes,,
"G. ""Maebe A. Girl"" Pudlo",No,No,California,3/3/2020,Representative,28,Female,N/A,N/A,N/A,N/A,N/A,N/A,N/A,N/A,N/A,N/A,15,Lost,,CaliforniaRepresentative28,Yes,yes,
Adam Schiff,Yes,No,California,3/3/2020,Representative,28,Male,N/A,N/A,N/A,N/A,N/A,N/A,N/A,N/A,N/A,N/A,76,Advanced,,CaliforniaRepresentative28,Yes,,
Tony Cardenas,Yes,No,California,3/3/2020,Representative,29,Male,N/A,N/A,N/A,N/A,N/A,N/A,N/A,N/A,N/A,N/A,69,Advanced,,CaliforniaRepresentative29,Yes,,
Angélica Dueñas,No,No,California,3/3/2020,Representative,29,Female,N/A,N/A,N/A,N/A,N/A,N/A,N/A,N/A,N/A,N/A,27,Advanced,,CaliforniaRepresentative29,Yes,yes,
Michael R. Guzik,No,No,California,3/3/2020,Representative,29,Male,N/A,N/A,N/A,N/A,N/A,N/A,N/A,N/A,N/A,N/A,4,Lost,,CaliforniaRepresentative29,Yes,,
Raji Rab,No,No,California,3/3/2020,Representative,30,Male,N/A,N/A,N/A,N/A,N/A,N/A,N/A,N/A,N/A,N/A,6,Lost,,CaliforniaRepresentative30,No,,
CJ Berina,No,No,California,3/3/2020,Representative,30,Male,N/A,N/A,N/A,N/A,N/A,N/A,N/A,N/A,N/A,N/A,14,Lost,,CaliforniaRepresentative30,No,,
Brian T. Carroll,No,No,California,3/3/2020,Representative,30,Male,N/A,N/A,N/A,N/A,N/A,N/A,N/A,N/A,N/A,N/A,5,Lost,,CaliforniaRepresentative30,No,,
Brad Sherman,Yes,No,California,3/3/2020,Representative,30,Male,N/A,N/A,N/A,N/A,N/A,N/A,N/A,N/A,N/A,N/A,75,Advanced,,CaliforniaRepresentative30,No,,
Pete Aguilar,Yes,No,California,3/3/2020,Representative,31,Male,N/A,N/A,N/A,N/A,N/A,N/A,N/A,N/A,N/A,N/A,100,Advanced,,CaliforniaRepresentative31,No,,
Grace Napolitano,Yes,No,California,3/3/2020,Representative,32,Female,N/A,N/A,N/A,N/A,N/A,N/A,N/A,N/A,N/A,N/A,72,Advanced,,CaliforniaRepresentative32,Yes,yes,
"Meshal ""Kash"" Kashifalghita",No,No,California,3/3/2020,Representative,32,Male,N/A,N/A,N/A,N/A,N/A,N/A,N/A,N/A,N/A,N/A,11,Lost,,CaliforniaRepresentative32,Yes,,
Emanuel Gonzales,No,No,California,3/3/2020,Representative,32,Male,N/A,N/A,N/A,N/A,N/A,N/A,N/A,N/A,N/A,N/A,17,Lost,,CaliforniaRepresentative32,Yes,,
Ted Lieu,Yes,No,California,3/3/2020,Representative,33,Male,N/A,N/A,N/A,N/A,N/A,N/A,N/A,N/A,N/A,N/A,84,Advanced,,CaliforniaRepresentative33,Yes,,
Liz Barris,No,No,California,3/3/2020,Representative,33,Female,N/A,N/A,N/A,N/A,N/A,N/A,N/A,N/A,N/A,N/A,10,Lost,,CaliforniaRepresentative33,Yes,yes,
Albert Maxwell Goldberg,No,No,California,3/3/2020,Representative,33,Male,N/A,N/A,N/A,N/A,N/A,N/A,N/A,N/A,N/A,N/A,6,Lost,,CaliforniaRepresentative33,Yes,,
Jimmy Gomez,Yes,No,California,3/3/2020,Representative,34,Male,N/A,N/A,N/A,N/A,N/A,N/A,N/A,N/A,N/A,N/A,56,Advanced,,CaliforniaRepresentative34,Yes,,
David Kim,No,No,California,3/3/2020,Representative,34,Male,N/A,N/A,N/A,N/A,N/A,N/A,N/A,N/A,N/A,N/A,23,Advanced,,CaliforniaRepresentative34,Yes,,
Frances Yasmeen Motiwalla,No,No,California,3/3/2020,Representative,34,Female,N/A,N/A,N/A,N/A,N/A,N/A,N/A,N/A,N/A,N/A,15,Lost,,CaliforniaRepresentative34,Yes,yes,
Keanakay Scott,No,No,California,3/3/2020,Representative,34,Female,N/A,N/A,N/A,N/A,N/A,N/A,N/A,N/A,N/A,N/A,6,Lost,,CaliforniaRepresentative34,Yes,yes,
Norma Torres,Yes,No,California,3/3/2020,Representative,35,Female,N/A,N/A,N/A,N/A,N/A,N/A,N/A,N/A,N/A,N/A,100,Advanced,,CaliforniaRepresentative35,No,yes,
Raul Ruiz,Yes,No,California,3/3/2020,Representative,36,Male,N/A,N/A,N/A,N/A,N/A,N/A,N/A,N/A,N/A,N/A,100,Advanced,,CaliforniaRepresentative36,No,,
Karen Bass,Yes,No,California,3/3/2020,Representative,37,Female,N/A,N/A,N/A,N/A,N/A,N/A,N/A,N/A,N/A,N/A,100,Advanced,,CaliforniaRepresentative37,No,yes,
Linda Sánchez,Yes,No,California,3/3/2020,Representative,38,Female,N/A,N/A,N/A,N/A,N/A,N/A,N/A,N/A,N/A,N/A,78,Advanced,,CaliforniaRepresentative38,Yes,yes,
Michael Tolar,No,No,California,3/3/2020,Representative,38,Male,N/A,N/A,N/A,N/A,N/A,N/A,N/A,N/A,N/A,N/A,22,Advanced,,CaliforniaRepresentative38,Yes,,
Gil Cisneros,Yes,No,California,3/3/2020,Representative,39,Male,N/A,N/A,N/A,N/A,N/A,N/A,N/A,N/A,N/A,N/A,100,Advanced,,CaliforniaRepresentative39,No,,
Anthony Felix Jr.,No,No,California,3/3/2020,Representative,40,Male,N/A,N/A,N/A,N/A,N/A,N/A,N/A,N/A,N/A,N/A,16,Lost,,CaliforniaRepresentative40,Yes,,
David Sanchez,No,No,California,3/3/2020,Representative,40,Male,N/A,N/A,N/A,N/A,N/A,N/A,N/A,N/A,N/A,N/A,18,Lost,,CaliforniaRepresentative40,Yes,,
Lucille Roybal-Allard,Yes,No,California,3/3/2020,Representative,40,Female,N/A,N/A,N/A,N/A,N/A,N/A,N/A,N/A,N/A,N/A,66,Advanced,,CaliforniaRepresentative40,Yes,yes,
Mark Takano,Yes,No,California,3/3/2020,Representative,41,Male,N/A,N/A,N/A,N/A,N/A,N/A,N/A,N/A,N/A,N/A,76,Advanced,,CaliforniaRepresentative41,Yes,,
Grace Williams,No,No,California,3/3/2020,Representative,41,Female,N/A,N/A,N/A,N/A,N/A,N/A,N/A,N/A,N/A,N/A,24,Lost,,CaliforniaRepresentative41,Yes,yes,
Regina Marston,No,Yes,California,3/3/2020,Representative,42,Female,N/A,N/A,N/A,N/A,N/A,N/A,N/A,N/A,N/A,N/A,45,Lost,,CaliforniaRepresentative42,Yes,yes,
Liam O'Mara,No,Yes,California,3/3/2020,Representative,42,Male,N/A,N/A,N/A,N/A,N/A,N/A,N/A,N/A,N/A,N/A,55,Advanced,,CaliforniaRepresentative42,Yes,,
Maxine Waters,Yes,No,California,3/3/2020,Representative,43,Female,N/A,N/A,N/A,N/A,N/A,N/A,N/A,N/A,N/A,N/A,100,Advanced,,CaliforniaRepresentative43,No,yes,
Morris Griffin,No,No,California,3/3/2020,Representative,44,Male,N/A,N/A,N/A,N/A,N/A,N/A,N/A,N/A,N/A,N/A,10,Lost,,CaliforniaRepresentative44,Yes,,
Nanette Diaz Barragan,Yes,No,California,3/3/2020,Representative,44,Female,N/A,N/A,N/A,N/A,N/A,N/A,N/A,N/A,N/A,N/A,73,Advanced,,CaliforniaRepresentative44,Yes,yes,
Analilia Joya,No,No,California,3/3/2020,Representative,44,Female,N/A,N/A,N/A,N/A,N/A,N/A,N/A,N/A,N/A,N/A,17,Advanced,,CaliforniaRepresentative44,Yes,yes,
Katie Porter,Yes,No,California,3/3/2020,Representative,45,Female,Yes,N/A,N/A,Yes,N/A,N/A,Yes,N/A,N/A,N/A,100,Advanced,yes,CaliforniaRepresentative45,No,yes,
Lou Correa,Yes,No,California,3/3/2020,Representative,46,Male,N/A,N/A,N/A,N/A,N/A,N/A,N/A,N/A,N/A,N/A,87,Advanced,,CaliforniaRepresentative46,No,,
Pablo Mendiolea,No,No,California,3/3/2020,Representative,46,Male,N/A,N/A,N/A,N/A,N/A,N/A,N/A,N/A,N/A,N/A,13,Lost,,CaliforniaRepresentative46,No,,
Peter Mathews,No,No,California,3/3/2020,Representative,47,Male,N/A,N/A,N/A,N/A,N/A,N/A,N/A,N/A,N/A,N/A,17,Lost,,CaliforniaRepresentative47,No,,
Alan Lowenthal,Yes,No,California,3/3/2020,Representative,47,Male,N/A,N/A,N/A,N/A,N/A,N/A,N/A,N/A,N/A,N/A,70,Advanced,,CaliforniaRepresentative47,No,,
Jalen McLeod,No,No,California,3/3/2020,Representative,47,Male,N/A,N/A,N/A,N/A,N/A,N/A,N/A,N/A,N/A,N/A,13,Lost,,CaliforniaRepresentative47,No,,
Harley Rouda,Yes,No,California,3/3/2020,Representative,48,Male,N/A,N/A,N/A,N/A,N/A,N/A,N/A,N/A,N/A,N/A,100,Advanced,,CaliforniaRepresentative48,No,,
Mike Levin,Yes,No,California,3/3/2020,Representative,49,Male,N/A,N/A,N/A,Yes,N/A,N/A,Yes,N/A,N/A,N/A,100,Advanced,yes,CaliforniaRepresentative49,No,,
Marisa Calderon,No,Yes,California,3/3/2020,Representative,50,Female,N/A,N/A,No,N/A,N/A,N/A,N/A,N/A,N/A,N/A,13,Lost,,CaliforniaRepresentative50,Yes,yes,
Ammar Campa-Najjar,No,Yes,California,3/3/2020,Representative,50,Male,N/A,N/A,Yes,N/A,N/A,N/A,N/A,N/A,N/A,N/A,87,Advanced,yes,CaliforniaRepresentative50,Yes,,
Juan Vargas,Yes,No,California,3/3/2020,Representative,51,Male,N/A,N/A,N/A,N/A,N/A,N/A,N/A,N/A,N/A,N/A,100,Advanced,,CaliforniaRepresentative51,No,,
Scott Peters,Yes,No,California,3/3/2020,Representative,52,Male,N/A,N/A,N/A,N/A,N/A,N/A,N/A,N/A,N/A,N/A,75,Advanced,,CaliforniaRepresentative52,Yes,,
Nancy Casady,No,No,California,3/3/2020,Representative,52,Female,N/A,N/A,N/A,N/A,N/A,N/A,N/A,N/A,N/A,N/A,25,Lost,,CaliforniaRepresentative52,Yes,yes,
John Brooks,No,Yes,California,3/3/2020,Representative,53,Male,N/A,No,N/A,No,No,No,No,N/A,N/A,N/A,2,Lost,,CaliforniaRepresentative53,Yes,,
Jose Caballero,No,Yes,California,3/3/2020,Representative,53,Male,N/A,No,N/A,No,No,No,No,N/A,N/A,N/A,2,Lost,,CaliforniaRepresentative53,Yes,,
Joseph R. Fountain,No,Yes,California,3/3/2020,Representative,53,Male,N/A,No,N/A,No,No,No,No,N/A,N/A,N/A,3,Lost,,CaliforniaRepresentative53,Yes,,
Janessa Goldbeck,No,Yes,California,3/3/2020,Representative,53,Female,N/A,No,N/A,No,No,No,No,N/A,N/A,N/A,12,Lost,,CaliforniaRepresentative53,Yes,yes,
Georgette Gómez,No,Yes,California,3/3/2020,Representative,53,Female,N/A,Yes,N/A,Yes,Yes,Yes,Yes,N/A,N/A,N/A,28,Advanced,yes,CaliforniaRepresentative53,Yes,yes,
Sara Jacobs,No,Yes,California,3/3/2020,Representative,53,Female,N/A,No,N/A,No,No,No,No,N/A,N/A,N/A,41,Advanced,,CaliforniaRepresentative53,Yes,yes,
Eric Kutner,No,Yes,California,3/3/2020,Representative,53,Male,N/A,No,N/A,No,No,No,No,N/A,N/A,N/A,1,Lost,,CaliforniaRepresentative53,Yes,,
Annette Meza,No,Yes,California,3/3/2020,Representative,53,Female,N/A,No,N/A,No,No,No,No,N/A,N/A,N/A,3,Lost,,CaliforniaRepresentative53,Yes,yes,
Suzette Santori,No,Yes,California,3/3/2020,Representative,53,Female,N/A,No,N/A,No,No,No,No,N/A,N/A,N/A,1,Lost,,CaliforniaRepresentative53,Yes,yes,
Joaquín Vazquez,No,Yes,California,3/3/2020,Representative,53,Male,N/A,No,N/A,No,No,No,No,N/A,N/A,N/A,2,Lost,,CaliforniaRepresentative53,Yes,,
Tom Wong,No,Yes,California,3/3/2020,Representative,53,Male,N/A,No,N/A,No,No,No,No,N/A,N/A,N/A,5,Lost,,CaliforniaRepresentative53,Yes,,
Cal Cunningham,No,Yes,North Carolina,3/3/2020,Senator,N/A,Male,N/A,N/A,N/A,N/A,N/A,N/A,N/A,Yes,N/A,N/A,57,Won,yes,North CarolinaSenatorN/A,Yes,,
Erica Smith,No,Yes,North Carolina,3/3/2020,Senator,N/A,Female,N/A,N/A,N/A,N/A,N/A,N/A,N/A,No,N/A,N/A,35,Lost,,North CarolinaSenatorN/A,Yes,yes,
Trevor Fuller,No,Yes,North Carolina,3/3/2020,Senator,N/A,Male,N/A,N/A,N/A,N/A,N/A,N/A,N/A,No,N/A,N/A,4,Lost,,North CarolinaSenatorN/A,Yes,,
Steve Swenson,No,Yes,North Carolina,3/3/2020,Senator,N/A,Male,N/A,N/A,N/A,N/A,N/A,N/A,N/A,No,N/A,N/A,3,Lost,,North CarolinaSenatorN/A,Yes,,
Atul Goel,No,Yes,North Carolina,3/3/2020,Senator,N/A,Male,N/A,N/A,N/A,N/A,N/A,N/A,N/A,No,N/A,N/A,2,Lost,,North CarolinaSenatorN/A,Yes,,
G. K. Butterfield,Yes,No,North Carolina,3/3/2020,Representative,1,Male,N/A,N/A,N/A,N/A,N/A,N/A,N/A,N/A,N/A,N/A,100,Won,,North CarolinaRepresentative1,No,,
Deborah Ross,No,Yes,North Carolina,3/3/2020,Representative,2,Female,N/A,N/A,N/A,N/A,N/A,N/A,N/A,N/A,N/A,N/A,70,Won,,North CarolinaRepresentative2,Yes,yes,
Monika Johnson-Hostler,No,Yes,North Carolina,3/3/2020,Representative,2,Female,N/A,N/A,N/A,N/A,N/A,N/A,N/A,N/A,N/A,N/A,23,Lost,,North CarolinaRepresentative2,Yes,yes,
Andy Terrell,No,Yes,North Carolina,3/3/2020,Representative,2,Male,N/A,N/A,N/A,N/A,N/A,N/A,N/A,N/A,N/A,N/A,6,Lost,,North CarolinaRepresentative2,Yes,,
Ollie Nelson,No,Yes,North Carolina,3/3/2020,Representative,2,Male,N/A,N/A,N/A,N/A,N/A,N/A,N/A,N/A,N/A,N/A,2,Lost,,North CarolinaRepresentative2,Yes,,
Daryl Farrow,No,Yes,North Carolina,3/3/2020,Representative,3,Male,N/A,N/A,N/A,N/A,N/A,N/A,N/A,N/A,N/A,N/A,100,Won,,North CarolinaRepresentative3,No,,
David Price,Yes,No,North Carolina,3/3/2020,Representative,4,Male,N/A,N/A,N/A,N/A,N/A,N/A,N/A,N/A,N/A,N/A,87,Won,,North CarolinaRepresentative4,No,,
Daniel Ulysses Lockwood,No,No,North Carolina,3/3/2020,Representative,4,Male,N/A,N/A,N/A,N/A,N/A,N/A,N/A,N/A,N/A,N/A,13,Lost,,North CarolinaRepresentative4,No,,
David Wilson Brown,No,Yes,North Carolina,3/3/2020,Representative,5,Male,N/A,N/A,N/A,N/A,N/A,N/A,N/A,N/A,N/A,N/A,68,Won,,North CarolinaRepresentative5,No,,
Eric Nathan Hughes,No,Yes,North Carolina,3/3/2020,Representative,5,Male,N/A,N/A,N/A,N/A,N/A,N/A,N/A,N/A,N/A,N/A,32,Lost,,North CarolinaRepresentative5,No,,
Kathy Manning,No,Yes,North Carolina,3/3/2020,Representative,6,Female,N/A,N/A,N/A,N/A,N/A,N/A,N/A,N/A,N/A,N/A,48,Won,,North CarolinaRepresentative6,Yes,yes,
Rhonda Foxx,No,Yes,North Carolina,3/3/2020,Representative,6,Female,N/A,N/A,N/A,N/A,N/A,N/A,N/A,N/A,N/A,N/A,20,Lost,,North CarolinaRepresentative6,Yes,yes,
Bruce Davis,No,Yes,North Carolina,3/3/2020,Representative,6,Male,N/A,N/A,N/A,N/A,N/A,N/A,N/A,N/A,N/A,N/A,15,Lost,,North CarolinaRepresentative6,Yes,,
Derwin Montgomery,No,Yes,North Carolina,3/3/2020,Representative,6,Male,N/A,N/A,N/A,N/A,N/A,N/A,N/A,N/A,N/A,N/A,12,Lost,,North CarolinaRepresentative6,Yes,,
Edward Hanes Jr.,No,Yes,North Carolina,3/3/2020,Representative,6,Male,N/A,N/A,N/A,N/A,N/A,N/A,N/A,N/A,N/A,N/A,4,Lost,,North CarolinaRepresentative6,Yes,,
Chris Ward,No,Yes,North Carolina,3/3/2020,Representative,7,Male,N/A,N/A,N/A,N/A,N/A,N/A,N/A,N/A,N/A,N/A,46,Won,,North CarolinaRepresentative7,No,,
Mark Judson,No,Yes,North Carolina,3/3/2020,Representative,7,Male,N/A,N/A,N/A,N/A,N/A,N/A,N/A,N/A,N/A,N/A,36,Lost,,North CarolinaRepresentative7,No,,
Robert Colon,No,Yes,North Carolina,3/3/2020,Representative,7,Male,N/A,N/A,N/A,N/A,N/A,N/A,N/A,N/A,N/A,N/A,17,Lost,,North CarolinaRepresentative7,No,,
Pat Timmons-Goodson,No,Yes,North Carolina,3/3/2020,Representative,8,Female,N/A,N/A,N/A,N/A,N/A,N/A,N/A,N/A,N/A,N/A,100,Won,,North CarolinaRepresentative8,No,yes,
Cynthia Wallace,No,Yes,North Carolina,3/3/2020,Representative,9,Female,N/A,N/A,N/A,N/A,N/A,N/A,N/A,N/A,N/A,N/A,56,Won,,North CarolinaRepresentative9,Yes,yes,
Harry Southerland,No,Yes,North Carolina,3/3/2020,Representative,9,Male,N/A,N/A,N/A,N/A,N/A,N/A,N/A,N/A,N/A,N/A,16,Lost,,North CarolinaRepresentative9,Yes,,
Clayton Brooks,No,Yes,North Carolina,3/3/2020,Representative,9,Male,N/A,N/A,N/A,N/A,N/A,N/A,N/A,N/A,N/A,N/A,15,Lost,,North CarolinaRepresentative9,Yes,,
Marcus W. Williams,No,Yes,North Carolina,3/3/2020,Representative,9,Male,N/A,N/A,N/A,N/A,N/A,N/A,N/A,N/A,N/A,N/A,13,Lost,,North CarolinaRepresentative9,Yes,,
David Parker,No,Yes,North Carolina,3/3/2020,Representative,10,Male,N/A,N/A,N/A,N/A,N/A,N/A,N/A,N/A,N/A,N/A,100,Won,,North CarolinaRepresentative10,No,,
Moe Davis,No,Yes,North Carolina,3/3/2020,Representative,11,Male,N/A,N/A,N/A,N/A,N/A,N/A,N/A,N/A,N/A,N/A,47,Won,,North CarolinaRepresentative11,Yes,,
Gina Collias,No,Yes,North Carolina,3/3/2020,Representative,11,Female,N/A,N/A,N/A,N/A,N/A,N/A,N/A,N/A,N/A,N/A,23,Lost,,North CarolinaRepresentative11,Yes,yes,
Phillip Price,No,Yes,North Carolina,3/3/2020,Representative,11,Male,N/A,N/A,N/A,N/A,N/A,N/A,N/A,N/A,N/A,N/A,11,Lost,,North CarolinaRepresentative11,Yes,,
Michael O'Shea,No,Yes,North Carolina,3/3/2020,Representative,11,Male,N/A,N/A,N/A,N/A,N/A,N/A,N/A,N/A,N/A,N/A,11,Lost,,North CarolinaRepresentative11,Yes,,
Steve Woodsmall,No,Yes,North Carolina,3/3/2020,Representative,11,Male,N/A,N/A,N/A,N/A,N/A,N/A,N/A,N/A,N/A,N/A,8,Lost,,North CarolinaRepresentative11,Yes,,
Alma Adams,Yes,No,North Carolina,3/3/2020,Representative,12,Female,N/A,N/A,N/A,N/A,N/A,N/A,N/A,N/A,N/A,N/A,88,Won,,North CarolinaRepresentative12,Yes,yes,
Keith Cradle,No,No,North Carolina,3/3/2020,Representative,12,Male,N/A,N/A,N/A,N/A,N/A,N/A,N/A,N/A,N/A,N/A,12,Lost,,North CarolinaRepresentative12,Yes,,
Scott Huffman,No,Yes,North Carolina,3/3/2020,Representative,13,Male,N/A,N/A,N/A,N/A,N/A,N/A,N/A,N/A,N/A,N/A,100,Won,,North CarolinaRepresentative13,No,,
Roy Cooper,Yes,No,North Carolina,3/3/2020,Governor,N/A,Male,N/A,N/A,N/A,N/A,N/A,N/A,N/A,N/A,N/A,N/A,87,Won,,North CarolinaGovernorN/A,No,,
Ernest T. Reeves,No,No,North Carolina,3/3/2020,Governor,N/A,Male,N/A,N/A,N/A,N/A,N/A,N/A,N/A,N/A,N/A,N/A,13,Lost,,North CarolinaGovernorN/A,No,,
Chris Bell,No,Yes,Texas,3/3/2020,Senator,N/A,Male,No,N/A,N/A,N/A,N/A,N/A,No,No,N/A,N/A,9,Lost,,TexasSenatorN/A,Yes,,
Michael Cooper,No,Yes,Texas,3/3/2020,Senator,N/A,Male,No,N/A,N/A,N/A,N/A,N/A,No,No,N/A,N/A,5,Lost,,TexasSenatorN/A,Yes,,
Amanda K. Edwards,No,Yes,Texas,3/3/2020,Senator,N/A,Female,No,N/A,N/A,N/A,N/A,N/A,No,No,N/A,N/A,10,Lost,,TexasSenatorN/A,Yes,yes,
Jack Daniel Foster Jr.,No,Yes,Texas,3/3/2020,Senator,N/A,Male,No,N/A,N/A,N/A,N/A,N/A,No,No,N/A,N/A,2,Lost,,TexasSenatorN/A,Yes,,
"Annie ""Mamá"" Garcia",No,Yes,Texas,3/3/2020,Senator,N/A,Female,No,N/A,N/A,N/A,N/A,N/A,No,No,N/A,N/A,10,Lost,,TexasSenatorN/A,Yes,yes,
Victor Harris,No,Yes,Texas,3/3/2020,Senator,N/A,Male,No,N/A,N/A,N/A,N/A,N/A,No,No,N/A,N/A,3,Lost,,TexasSenatorN/A,Yes,,
MJ Hegar,No,Yes,Texas,3/3/2020,Senator,N/A,Female,Yes,N/A,N/A,N/A,N/A,N/A,No,Yes,N/A,N/A,22,Won,yes,TexasSenatorN/A,Yes,yes,
Sema Hernandez,No,Yes,Texas,3/3/2020,Senator,N/A,Female,No,N/A,N/A,N/A,N/A,N/A,No,No,N/A,N/A,7,Lost,,TexasSenatorN/A,Yes,yes,
D.R. Hunter,No,Yes,Texas,3/3/2020,Senator,N/A,Male,No,N/A,N/A,N/A,N/A,N/A,No,No,N/A,N/A,1,Lost,,TexasSenatorN/A,Yes,,
Adrian Ocegueda,No,Yes,Texas,3/3/2020,Senator,N/A,Male,No,N/A,N/A,N/A,N/A,N/A,No,No,N/A,N/A,2,Lost,,TexasSenatorN/A,Yes,,
Cristina Tzintzún Ramirez,No,Yes,Texas,3/3/2020,Senator,N/A,Female,No,N/A,N/A,N/A,N/A,N/A,Yes,No,N/A,N/A,13,Lost,yes,TexasSenatorN/A,Yes,yes,
Royce West,No,Yes,Texas,3/3/2020,Senator,N/A,Male,No,N/A,N/A,N/A,N/A,N/A,No,No,N/A,N/A,15,Lost,,TexasSenatorN/A,Yes,,
Hank Gilbert,No,Yes,Texas,3/3/2020,Representative,1,Male,N/A,N/A,N/A,N/A,N/A,N/A,N/A,N/A,N/A,N/A,100,Won,,TexasRepresentative1,No,,
Sima Ladjevardian,No,Yes,Texas,3/3/2020,Representative,2,Female,N/A,N/A,N/A,N/A,N/A,N/A,N/A,N/A,N/A,N/A,69,Won,,TexasRepresentative2,Yes,yes,
Travis Olsen,No,Yes,Texas,3/3/2020,Representative,2,Male,N/A,N/A,N/A,N/A,N/A,N/A,N/A,N/A,N/A,N/A,31,Lost,,TexasRepresentative2,Yes,,
Tanner Do,No,Yes,Texas,3/3/2020,Representative,3,Male,N/A,N/A,N/A,N/A,N/A,N/A,N/A,N/A,N/A,N/A,12,Lost,,TexasRepresentative3,Yes,,
Sean McCaffity,No,Yes,Texas,3/3/2020,Representative,3,Male,N/A,N/A,N/A,N/A,N/A,N/A,N/A,N/A,N/A,N/A,44,Lost,,TexasRepresentative3,Yes,,
Lulu Seikaly,No,Yes,Texas,3/3/2020,Representative,3,Female,N/A,N/A,N/A,N/A,N/A,N/A,N/A,N/A,N/A,N/A,45,Won,,TexasRepresentative3,Yes,yes,
Russell Foster,No,Yes,Texas,3/3/2020,Representative,4,Male,N/A,N/A,N/A,N/A,N/A,N/A,N/A,N/A,N/A,N/A,100,Won,,TexasRepresentative4,No,,
Carolyn Salter,No,Yes,Texas,3/3/2020,Representative,5,Female,N/A,N/A,N/A,N/A,N/A,N/A,N/A,N/A,N/A,N/A,100,Won,,TexasRepresentative5,No,yes,
Stephen Daniel,No,Yes,Texas,3/3/2020,Representative,6,Male,N/A,N/A,N/A,N/A,N/A,N/A,N/A,N/A,N/A,N/A,100,Won,,TexasRepresentative6,No,,
Lizzie Fletcher,Yes,No,Texas,3/3/2020,Representative,7,Female,Yes,N/A,N/A,N/A,N/A,N/A,N/A,N/A,N/A,N/A,100,Won,,TexasRepresentative7,No,yes,
Elizabeth Hernandez,No,Yes,Texas,3/3/2020,Representative,8,Female,N/A,N/A,N/A,N/A,N/A,N/A,N/A,N/A,N/A,N/A,60,Won,,TexasRepresentative8,No,yes,
Laura Jones,No,Yes,Texas,3/3/2020,Representative,8,Female,N/A,N/A,N/A,N/A,N/A,N/A,N/A,N/A,N/A,N/A,40,Lost,,TexasRepresentative8,No,yes,
Al Green,Yes,No,Texas,3/3/2020,Representative,9,Male,N/A,N/A,N/A,N/A,N/A,N/A,N/A,N/A,N/A,N/A,84,Won,,TexasRepresentative9,Yes,,
Melissa Wilson,No,No,Texas,3/3/2020,Representative,9,Female,N/A,N/A,N/A,N/A,N/A,N/A,N/A,N/A,N/A,N/A,16,Lost,,TexasRepresentative9,Yes,yes,
Pritesh Gandhi,No,Yes,Texas,3/3/2020,Representative,10,Male,No,N/A,N/A,No,No,No,N/A,N/A,N/A,N/A,33,Lost,,TexasRepresentative10,Yes,UPDATED,
Shannon Hutcheson,No,Yes,Texas,3/3/2020,Representative,10,Female,Yes,N/A,N/A,No,No,No,N/A,N/A,N/A,N/A,23,Lost,,TexasRepresentative10,Yes,yes,
Mike Siegel,No,Yes,Texas,3/3/2020,Representative,10,Male,No,N/A,N/A,Yes,Yes,Yes,N/A,N/A,N/A,N/A,44,Won,yes,TexasRepresentative10,Yes,UPDATED,
Jon Mark Hogg,No,Yes,Texas,3/3/2020,Representative,11,Male,N/A,N/A,N/A,N/A,N/A,N/A,N/A,N/A,N/A,N/A,100,Won,,TexasRepresentative11,No,,
Danny Anderson,No,Yes,Texas,3/3/2020,Representative,12,Male,N/A,N/A,N/A,N/A,N/A,N/A,N/A,N/A,N/A,N/A,19,Lost,,TexasRepresentative12,Yes,,
Lisa Welch,No,Yes,Texas,3/3/2020,Representative,12,Female,N/A,N/A,N/A,N/A,N/A,N/A,N/A,N/A,N/A,N/A,81,Won,,TexasRepresentative12,Yes,yes,
Timothy Gassaway,No,Yes,Texas,3/3/2020,Representative,13,Male,N/A,N/A,N/A,N/A,N/A,N/A,N/A,N/A,N/A,N/A,23,Lost,,TexasRepresentative13,No,,
Greg Sagan,No,Yes,Texas,3/3/2020,Representative,13,Male,N/A,N/A,N/A,N/A,N/A,N/A,N/A,N/A,N/A,N/A,35,Lost,,TexasRepresentative13,No,,
Gus Trujillo,No,Yes,Texas,3/3/2020,Representative,13,Male,N/A,N/A,N/A,N/A,N/A,N/A,N/A,N/A,N/A,N/A,42,Won,,TexasRepresentative13,No,,
Sanjanetta Barnes,No,Yes,Texas,3/3/2020,Representative,14,Female,N/A,N/A,N/A,N/A,N/A,N/A,N/A,N/A,N/A,N/A,11,Lost,,TexasRepresentative14,Yes,yes,
Adrienne Bell,No,Yes,Texas,3/3/2020,Representative,14,Female,N/A,N/A,N/A,N/A,N/A,N/A,N/A,N/A,N/A,N/A,62,Won,,TexasRepresentative14,Yes,yes,
Eddie Fisher,No,Yes,Texas,3/3/2020,Representative,14,Male,N/A,N/A,N/A,N/A,N/A,N/A,N/A,N/A,N/A,N/A,12,Lost,,TexasRepresentative14,Yes,,
"Robert ""Puga"" Thomas",No,Yes,Texas,3/3/2020,Representative,14,Male,N/A,N/A,N/A,N/A,N/A,N/A,N/A,N/A,N/A,N/A,6,Lost,,TexasRepresentative14,Yes,,
Mikal Williams,No,Yes,Texas,3/3/2020,Representative,14,Male,N/A,N/A,N/A,N/A,N/A,N/A,N/A,N/A,N/A,N/A,10,Lost,,TexasRepresentative14,Yes,,
Vicente Gonzalez,Yes,No,Texas,3/3/2020,Representative,15,Male,N/A,N/A,N/A,N/A,N/A,N/A,N/A,N/A,N/A,N/A,100,Won,,TexasRepresentative15,No,,
Veronica Escobar,Yes,No,Texas,3/3/2020,Representative,16,Female,N/A,N/A,N/A,Yes,N/A,N/A,N/A,N/A,N/A,N/A,100,Won,yes,TexasRepresentative16,No,yes,
William Foster III,No,Yes,Texas,3/3/2020,Representative,17,Male,N/A,N/A,N/A,N/A,N/A,N/A,N/A,N/A,N/A,N/A,17,Lost,,TexasRepresentative17,No,,
David Anthony Jaramillo,No,Yes,Texas,3/3/2020,Representative,17,Male,N/A,N/A,N/A,N/A,N/A,N/A,N/A,N/A,N/A,N/A,35,Lost,,TexasRepresentative17,No,,
Rick Kennedy,No,Yes,Texas,3/3/2020,Representative,17,Male,N/A,N/A,N/A,N/A,N/A,N/A,N/A,N/A,N/A,N/A,48,Won,,TexasRepresentative17,No,,
Michael Allen,No,No,Texas,3/3/2020,Representative,18,Male,N/A,N/A,N/A,N/A,N/A,N/A,N/A,N/A,N/A,N/A,3,Lost,,TexasRepresentative18,Yes,,
Donovan Boson,No,No,Texas,3/3/2020,Representative,18,Male,N/A,N/A,N/A,N/A,N/A,N/A,N/A,N/A,N/A,N/A,1,Lost,,TexasRepresentative18,Yes,,
Marc Flores,No,No,Texas,3/3/2020,Representative,18,Male,N/A,N/A,N/A,N/A,N/A,N/A,N/A,N/A,N/A,N/A,8,Lost,,TexasRepresentative18,Yes,,
Jerry Ford Sr.,No,No,Texas,3/3/2020,Representative,18,Male,N/A,N/A,N/A,N/A,N/A,N/A,N/A,N/A,N/A,N/A,4,Lost,,TexasRepresentative18,Yes,,
Sheila Jackson Lee,Yes,No,Texas,3/3/2020,Representative,18,Female,N/A,N/A,N/A,N/A,N/A,N/A,N/A,N/A,N/A,N/A,77,Won,,TexasRepresentative18,Yes,yes,
Stevens Orozco,No,No,Texas,3/3/2020,Representative,18,Male,N/A,N/A,N/A,N/A,N/A,N/A,N/A,N/A,N/A,N/A,3,Lost,,TexasRepresentative18,Yes,,
Bimal Patel,No,No,Texas,3/3/2020,Representative,18,Male,N/A,N/A,N/A,N/A,N/A,N/A,N/A,N/A,N/A,N/A,4,Lost,,TexasRepresentative18,Yes,,
Tom Watson,No,Yes,Texas,3/3/2020,Representative,19,Male,N/A,N/A,N/A,N/A,N/A,N/A,N/A,N/A,N/A,N/A,100,Won,,TexasRepresentative19,No,,
Joaquin Castro,Yes,No,Texas,3/3/2020,Representative,20,Male,N/A,N/A,N/A,N/A,N/A,N/A,N/A,N/A,N/A,N/A,92,Won,,TexasRepresentative20,No,,
Rob Hostetler,No,No,Texas,3/3/2020,Representative,20,Male,N/A,N/A,N/A,N/A,N/A,N/A,N/A,N/A,N/A,N/A,3,Lost,,TexasRepresentative20,No,,
Justin Lecea,No,No,Texas,3/3/2020,Representative,20,Male,N/A,N/A,N/A,N/A,N/A,N/A,N/A,N/A,N/A,N/A,5,Lost,,TexasRepresentative20,No,,
Wendy Davis,No,Yes,Texas,3/3/2020,Representative,21,Female,Yes,N/A,N/A,N/A,N/A,N/A,N/A,Yes,N/A,N/A,86,Won,yes,TexasRepresentative21,No,yes,
Jennie Lou Leeder,No,Yes,Texas,3/3/2020,Representative,21,Female,No,N/A,N/A,N/A,N/A,N/A,N/A,No,N/A,N/A,14,Lost,yes,TexasRepresentative21,No,yes,
Sri Preston Kulkarni,No,Yes,Texas,3/3/2020,Representative,22,Male,N/A,N/A,N/A,N/A,N/A,N/A,N/A,N/A,N/A,N/A,53,Won,,TexasRepresentative22,Yes,,
Nyanza Davis Moore,No,Yes,Texas,3/3/2020,Representative,22,Female,N/A,N/A,N/A,N/A,N/A,N/A,N/A,N/A,N/A,N/A,14,Lost,,TexasRepresentative22,Yes,yes,
Carmine Petrillo III,No,Yes,Texas,3/3/2020,Representative,22,Male,N/A,N/A,N/A,N/A,N/A,N/A,N/A,N/A,N/A,N/A,8,Lost,,TexasRepresentative22,Yes,,
Derrick Reed,No,Yes,Texas,3/3/2020,Representative,22,Male,N/A,N/A,N/A,N/A,N/A,N/A,N/A,N/A,N/A,N/A,25,Lost,,TexasRepresentative22,Yes,,
Rosey Ramos Abuabara,No,Yes,Texas,3/3/2020,Representative,23,Female,No,N/A,N/A,N/A,N/A,N/A,N/A,No,N/A,N/A,11,Lost,,TexasRepresentative23,Yes,yes,
Jaime Escuder,No,Yes,Texas,3/3/2020,Representative,23,Male,No,N/A,N/A,N/A,N/A,N/A,N/A,No,N/A,N/A,4,Lost,,TexasRepresentative23,Yes,,
Gina Ortiz Jones,No,Yes,Texas,3/3/2020,Representative,23,Female,Yes,N/A,N/A,N/A,N/A,N/A,N/A,Yes,N/A,N/A,66,Won,yes,TexasRepresentative23,Yes,yes,
Ricardo Madrid,No,Yes,Texas,3/3/2020,Representative,23,Male,No,N/A,N/A,N/A,N/A,N/A,N/A,No,N/A,N/A,7,Lost,,TexasRepresentative23,Yes,,
Efrain Valdez,No,Yes,Texas,3/3/2020,Representative,23,Male,No,N/A,N/A,N/A,N/A,N/A,N/A,No,N/A,N/A,11,Lost,,TexasRepresentative23,Yes,,
John Biggan,No,Yes,Texas,3/3/2020,Representative,24,Male,No,N/A,N/A,No,N/A,N/A,N/A,N/A,N/A,N/A,3,Lost,,TexasRepresentative24,Yes,,
Richard Fleming,No,Yes,Texas,3/3/2020,Representative,24,Male,No,N/A,N/A,No,N/A,N/A,N/A,N/A,N/A,N/A,5,Lost,,TexasRepresentative24,Yes,,
Crystal Fletcher,No,Yes,Texas,3/3/2020,Representative,24,Female,No,N/A,N/A,No,N/A,N/A,N/A,N/A,N/A,N/A,6,Lost,,TexasRepresentative24,Yes,yes,
Jan McDowell,No,Yes,Texas,3/3/2020,Representative,24,Female,No,N/A,N/A,No,N/A,N/A,N/A,N/A,N/A,N/A,10,Lost,,TexasRepresentative24,Yes,yes,
Kim Olson,No,Yes,Texas,3/3/2020,Representative,24,Female,No,N/A,N/A,No,N/A,N/A,N/A,N/A,N/A,N/A,41,Lost,,TexasRepresentative24,Yes,yes,
Candace Valenzuela,No,Yes,Texas,3/3/2020,Representative,24,Female,Yes,N/A,N/A,Yes,N/A,N/A,N/A,N/A,N/A,N/A,30,Won,yes,TexasRepresentative24,Yes,yes,
Sam Vega,No,Yes,Texas,3/3/2020,Representative,24,Male,No,N/A,N/A,No,N/A,N/A,N/A,N/A,N/A,N/A,5,Lost,,TexasRepresentative24,Yes,,
Julie Oliver,No,Yes,Texas,3/3/2020,Representative,25,Female,N/A,N/A,N/A,N/A,N/A,N/A,N/A,N/A,N/A,N/A,70,Won,yes,TexasRepresentative25,No,yes,
Heidi Sloan,No,Yes,Texas,3/3/2020,Representative,25,Female,N/A,N/A,N/A,N/A,N/A,N/A,N/A,N/A,N/A,N/A,30,Lost,yes,TexasRepresentative25,No,yes,
Neil Durrance,No,Yes,Texas,3/3/2020,Representative,26,Male,N/A,N/A,N/A,N/A,N/A,N/A,N/A,N/A,N/A,N/A,17,Lost,,TexasRepresentative26,Yes,,
Carol H. Iannuzzi,No,Yes,Texas,3/3/2020,Representative,26,Female,N/A,N/A,N/A,N/A,N/A,N/A,N/A,N/A,N/A,N/A,55,Won,,TexasRepresentative26,Yes,yes,
Mat Pruneda,No,Yes,Texas,3/3/2020,Representative,26,Male,N/A,N/A,N/A,N/A,N/A,N/A,N/A,N/A,N/A,N/A,28,Lost,,TexasRepresentative26,Yes,,
Ricardo De La Fuente,No,Yes,Texas,3/3/2020,Representative,27,Male,N/A,N/A,N/A,N/A,N/A,N/A,N/A,N/A,N/A,N/A,61,Won,,TexasRepresentative27,No,,
Charlie Jackson,No,Yes,Texas,3/3/2020,Representative,27,Male,N/A,N/A,N/A,N/A,N/A,N/A,N/A,N/A,N/A,N/A,39,Lost,,TexasRepresentative27,No,,
Jessica Cisneros,No,No,Texas,3/3/2020,Representative,28,Female,Yes,Yes,N/A,Yes,Yes,Yes,Yes,N/A,N/A,N/A,48,Lost,yes,TexasRepresentative28,Yes,yes,
Henry Cuellar,Yes,No,Texas,3/3/2020,Representative,28,Male,No,No,N/A,No,No,No,No,N/A,N/A,N/A,52,Won,,TexasRepresentative28,Yes,,
Sylvia Garcia,Yes,No,Texas,3/3/2020,Representative,29,Female,N/A,N/A,N/A,N/A,N/A,N/A,N/A,N/A,N/A,N/A,100,Won,,TexasRepresentative29,No,yes,
Hasani Burton,No,No,Texas,3/3/2020,Representative,30,Male,N/A,N/A,N/A,N/A,N/A,N/A,N/A,N/A,N/A,N/A,3,Lost,,TexasRepresentative30,Yes,,
Barbara Mallory Caraway,No,No,Texas,3/3/2020,Representative,30,Female,N/A,N/A,N/A,N/A,N/A,N/A,N/A,N/A,N/A,N/A,13,Lost,,TexasRepresentative30,Yes,yes,
Shenita Cleveland,No,No,Texas,3/3/2020,Representative,30,Female,N/A,N/A,N/A,N/A,N/A,N/A,N/A,N/A,N/A,N/A,14,Lost,,TexasRepresentative30,Yes,yes,
Eddie Bernice Johnson,Yes,No,Texas,3/3/2020,Representative,30,Female,N/A,N/A,N/A,N/A,N/A,N/A,N/A,N/A,N/A,N/A,71,Won,,TexasRepresentative30,Yes,yes,
Michael Edward Grimes,No,Yes,Texas,3/3/2020,Representative,31,Male,N/A,N/A,N/A,N/A,N/A,N/A,N/A,N/A,N/A,N/A,11,Lost,,TexasRepresentative31,Yes,,
Eric Hanke,No,Yes,Texas,3/3/2020,Representative,31,Male,N/A,N/A,N/A,N/A,N/A,N/A,N/A,N/A,N/A,N/A,6,Lost,,TexasRepresentative31,Yes,,
Donna Imam,No,Yes,Texas,3/3/2020,Representative,31,Female,N/A,N/A,N/A,N/A,N/A,N/A,N/A,N/A,N/A,N/A,31,Won,,TexasRepresentative31,Yes,yes,
Dan Janjigian,No,Yes,Texas,3/3/2020,Representative,31,Male,N/A,N/A,N/A,N/A,N/A,N/A,N/A,N/A,N/A,N/A,4,Lost,,TexasRepresentative31,Yes,,
Christine Eady Mann,No,Yes,Texas,3/3/2020,Representative,31,Female,N/A,N/A,N/A,N/A,N/A,N/A,N/A,N/A,N/A,N/A,35,Lost,,TexasRepresentative31,Yes,yes,
Tammy Young,No,Yes,Texas,3/3/2020,Representative,31,Female,N/A,N/A,N/A,N/A,N/A,N/A,N/A,N/A,N/A,N/A,14,Lost,,TexasRepresentative31,Yes,yes,
Colin Allred,Yes,No,Texas,3/3/2020,Representative,32,Male,N/A,N/A,N/A,N/A,N/A,N/A,N/A,N/A,N/A,N/A,100,Won,,TexasRepresentative32,No,,
Sean Paul Segura,No,No,Texas,3/3/2020,Representative,33,Male,N/A,N/A,N/A,N/A,N/A,N/A,N/A,N/A,N/A,N/A,36,Lost,,TexasRepresentative33,No,,
Marc Veasey,Yes,No,Texas,3/3/2020,Representative,33,Male,N/A,N/A,N/A,N/A,N/A,N/A,N/A,N/A,N/A,N/A,64,Won,,TexasRepresentative33,No,,
Osbert Rodriguez Haro,No,No,Texas,3/3/2020,Representative,34,Male,N/A,N/A,N/A,N/A,N/A,N/A,N/A,N/A,N/A,N/A,6,Lost,,TexasRepresentative34,No,,
Filemon Vela,Yes,No,Texas,3/3/2020,Representative,34,Male,N/A,N/A,N/A,N/A,N/A,N/A,N/A,N/A,N/A,N/A,75,Won,,TexasRepresentative34,No,,
Diego Zavala,No,No,Texas,3/3/2020,Representative,34,Male,N/A,N/A,N/A,N/A,N/A,N/A,N/A,N/A,N/A,N/A,18,Lost,,TexasRepresentative34,No,,
Rafael Alcoser III,No,No,Texas,3/3/2020,Representative,35,Male,N/A,N/A,N/A,N/A,N/A,N/A,N/A,N/A,N/A,N/A,27,Lost,,TexasRepresentative35,No,,
Lloyd Doggett,Yes,No,Texas,3/3/2020,Representative,35,Male,N/A,N/A,N/A,N/A,N/A,N/A,N/A,N/A,N/A,N/A,73,Won,,TexasRepresentative35,No,,
Rashad Lewis,No,Yes,Texas,3/3/2020,Representative,36,Male,N/A,N/A,N/A,N/A,N/A,N/A,N/A,N/A,N/A,N/A,100,Won,,TexasRepresentative36,No,,