CAND_ID,CAND_NAME,CAND_ICI,PTY_CD,CAND_PTY_AFFILIATION,TTL_RECEIPTS,TRANS_FROM_AUTH,TTL_DISB,TRANS_TO_AUTH,COH_BOP,COH_COP,CAND_CONTRIB,CAND_LOANS,OTHER_LOANS,CAND_LOAN_REPAY,OTHER_LOAN_REPAY,DEBTS_OWED_BY,TTL_INDIV_CONTRIB,CAND_OFFICE_ST,CAND_OFFICE_DISTRICT,SPEC_ELECTION,PRIM_ELECTION,RUN_ELECTION,GEN_ELECTION,GEN_ELECTION_PRECENT,OTHER_POL_CMTE_CONTRIB,POL_PTY_CONTRIB,CVG_END_DT,INDIV_REFUNDS,CMTE_REFUNDS
H2AK00200,"CONSTANT, CHRISTOPHER",C,1,DEM,$0,0,0,0,0,0,0,0,0,0,0,143180.09,0,AK,0,,,,,,0,0,06/30/2026,0,0
H2AK01158,"PELTOLA, MARY",C,1,DEM,"$152,305",0,232791.29,0,83969.49,3483.06,0,0,0,0,0,0,63252.17,AK,0,,,,,,13500,0,02/13/2026,18521.85,0
H6AK01084,"SCHULTZ, MATTHEW DAMIAN",C,1,DEM,"$865,433",0,394752.27,1075,0,470681.03,0,0,0,0,0,0,858713.3,AK,0,,,,,,5250,0,06/30/2026,160,0
H2AK01083,"BEGICH, NICHOLAS III",I,2,REP,"$5,470,446",1601616.78,2455618.51,0,104330.06,3119157.79,0,0,0,199236.07,0,225763.93,2784023.76,AK,0,,,,,,1028577,5000,07/29/2026,65885.84,4382.86
H4AL01255,"HOLMES, THOMAS BETHUNE MR.",C,1,DEM,$0,0,415.13,0,0.01,-415.03,0,0,0,0,0,0,0,AL,1,,,,,,0,0,03/31/2025,0,0
H6AL01094,"JONES, CLYDE W MR. JR",O,1,DEM,"$85,968",0,57937.52,0,0,28030.11,0,0,0,0,0,0,83967.63,AL,1,,,,,,2000,0,07/22/2026,3575,0
H0AL01055,"CARL, JERRY LEE, JR",O,2,REP,"$1,162,583",183453.86,865256.75,0,69290.42,366616.47,0,0,0,0,0,254535.87,674069.54,AL,1,,,,,,303059.4,0,07/22/2026,14500,1000
H6AL01102,"SIDWELL, AUSTIN",O,2,REP,"$199,458",0,194147.65,0,0,5310.35,6078,129000,0,0,0,129000,64280,AL,1,,,,,,0,0,07/22/2026,5950,0
H6AL01136,"MILLS, RALPH JOHN III",O,2,REP,"$18,262",0,15206.09,0,2057.94,5113.85,0,16500,0,362.23,0,110903.76,1762,AL,1,,,,,,0,0,07/22/2026,0,0
H8AL02171,"MOORE, FELIX BARRY",I,2,REP,"$3,765,805",221043.41,3263547.01,0,125131.66,627389.17,0,50000,0,0,0,360928.39,2607502.03,AL,1,,,,,,881597.83,0,06/30/2026,33000,2500
H0AL01097,"AVERHART, JAMES",C,1,DEM,$0,0,0,0,2757.53,2757.53,0,0,0,0,0,34403.22,0,AL,2,,,,,,0,0,04/15/2025,0,0
H4AL02113,"GRAY, JEREMY",C,1,DEM,$649,0,1400.39,0,751.44,0,648.95,0,0,0,0,0,0,AL,2,,,,,,0,0,08/05/2025,0,0
H4AL02162,"DANIELS, ANTHONY",C,1,DEM,"$29,500",0,31289.31,0,3587.4,1798.09,0,0,0,0,0,34355.66,15500,AL,2,,,,,,14000,0,06/30/2026,0,0
H4AL02170,"FIGURES, SHOMARI C.",I,1,DEM,"$1,355,789",23682.63,716297.31,0,23108.87,662600.18,0,0,0,0,0,12000,490903.4,AL,2,,,,,,830337.65,42.02,07/22/2026,696.77,5000
H4AL02139,"HARRIS, HAMPTON",C,2,REP,"$245,500",0,82193.16,0,0,163307.14,0,205510,0,0,0,266000.56,38740.3,AL,2,,,,,,1250,0,07/22/2026,1,0
H4AL02220,"DOBSON, CAROLEENE",C,2,REP,"$8,654",0,11584.91,0,2931.19,0,0,0,0,2761.56,0,2135238.44,148.86,AL,2,,,,,,5300,0,06/30/2026,-3723.32,0
H6AL01086,"MARQUES, RHETT",O,2,REP,"$1,318,574",0,1130855.74,0,0,187717.81,0,0,0,0,0,0,1130104.85,AL,2,,,,,,188468.7,0,07/22/2026,0,0
H6AL01128,"RICHARDSON, JAMES",O,2,REP,"$7,676",0,7649.62,0,0,26.66,5766.28,0,0,0,0,0,1910,AL,2,,,,,,0,0,07/22/2026,0,0
H6AL02175,"MCKEE, JOSHUA LOGAN",O,2,REP,"$521,070",61811.26,524941.66,0,0,-3871.73,0,171397.59,0,94826.36,0,76571.23,274861.08,AL,2,,,,,,10500,0,07/22/2026,102501,1500
H6AL02217,"MATTHEWS, DAVID",C,2,REP,"$53,869",0,53868.98,0,0,0,2052.47,0,0,0,0,0,51816.43,AL,2,,,,,,0,0,08/31/2026,0,0
H6AL03199,"MCINNIS, VICTOR LEE",C,1,DEM,"$60,787",0,28899.83,0,0,9461.79,0,0,0,0,0,0,60787.05,AL,3,,,,,,0,0,09/30/2026,0,0
H8AL03062,"WINFREY, ADIA",C,1,DEM,$0,0,0,0,0,0,0,0,0,0,0,0,0,AL,3,,,,,,0,0,06/30/2026,0,0
H2AL03032,"ROGERS, MICHAEL",I,2,REP,"$2,133,554",2891.29,1464924.63,132125.86,1922334.3,2590964.04,0,0,0,0,0,0,1356433.59,AL,3,,,,,,721704.5,14000,06/30/2026,916.6,15000
H6AL03181,"LAPOINT, TERRI",C,2,REP,"$14,803",0,14717.44,0,0,85.46,0,0,0,0,0,0,14802.9,AL,3,,,,,,0,0,06/30/2026,0,0
H6AL04163,"WEAVER, MICHAEL SHANE",C,1,DEM,"$7,520",0,5535.88,0,0,-136.72,0,1977.1,0,0,0,0,5543.21,AL,4,,,,,,0,0,04/29/2026,0,0
H6AL05228,"PUSCZEK, AMANDA NOELLE",C,1,DEM,"$15,591",0,14623.54,0,-946.91,395.79,0,0,0,0,0,12000,15462,AL,4,,,,,,0,0,06/30/2026,25,0
H6AL04098,"ADERHOLT, ROBERT B. REP.",I,2,REP,"$1,022,664",23167.44,1239900.72,2368.92,966896.34,749659.68,0,0,0,0,0,0,523823.01,AL,4,,,,,,422278.2,0,06/30/2026,14627.75,5000
H6AL04155,"BARNES, THOMAS GARY",C,2,REP,"$73,224",0,73223.8,0,0,0,6300,0,0,0,0,0,66923.8,AL,4,,,,,,0,0,10/01/2026,0,0
H6AL05210,"HOWARD, GREG MR JR",C,1,DEM,"$2,776",2276.23,2189.95,0,0,586.28,0,0,0,0,0,0,500,AL,5,,,,,,0,0,06/30/2025,0,0
H6AL05236,"DEVITO, JEREMY",C,1,DEM,"$32,286",0,22415.3,0,0,4139.35,0,0,0,0,0,0,32285.5,AL,5,,,,,,0,0,03/31/2026,0,0
H6AL05244,"SNEED, ANDREW RANKIN GUYTON",C,1,DEM,"$646,512",0,476792.19,0,0,169719.84,20000,0,0,0,0,0,618618.06,AL,5,,,,,,2350,0,06/30/2026,10500,500
H6AL05251,"DUVIEILH, CANDICE",C,1,DEM,"$38,333",0,35668.19,0,0,2664.97,0,0,0,0,0,6700,37771.2,AL,5,,,,,,0,0,06/29/2026,0,0
H2AL05102,"STRONG, DALE WHITNEY",I,2,REP,"$1,477,819",133936.19,682462.45,0,628977.42,1424334.38,0,0,0,0,0,240000,687028.52,AL,5,,,,,,631300,0,06/30/2026,13800,10500
H4AL06189,"ANDERSON, ELIZABETH",C,1,DEM,"$15,899",0,48622.35,0,35510.85,2787.46,0,0,0,0,0,0,9501,AL,6,,,,,,0,0,03/15/2026,7274,0
H6AL06168,"KENNEDY, KIMBERLY ASHTYN",C,1,DEM,"$9,914",0,9346.1,0,0,567.8,0,0,3480,0,3480,0,6433.9,AL,6,,,,,,0,0,07/22/2026,0,0
H6AL06184,"MERCER, MAURICE",C,1,DEM,"$6,539",0,4675.66,0,0,1863.3,0,0,0,0,0,0,4180,AL,6,,,,,,0,0,06/30/2026,0,0
H4AL06098,"PALMER, GARY",I,2,REP,"$1,053,566",32149.97,946083.49,0,153239.32,260721.4,0,0,0,0,0,0,550131.2,AL,6,,,,,,464000,0,07/22/2026,28700,0
H6AL06135,"DIXON, CASE",C,2,REP,"$25,194",0,24614.51,0,0,579.09,186.91,8600,0,0,0,8600,15880.32,AL,6,,,,,,0,0,07/22/2026,0,0
H0AL07086,"SEWELL, TERRI A.",I,1,DEM,"$1,961,991",0,1678201.88,0,3470560.9,3754349.74,0,0,0,0,0,0,370052.62,AL,7,,,,,,1589750,0,07/22/2026,781,0
H4AL07104,"LITAKER, ROBIN DR.",C,2,REP,$0,0,0,0,0,0,0,0,0,0,0,17577.39,0,AL,7,,,,,,0,0,01/11/2025,0,0
H6AL07190,"MURPHY, MORGAN W. W.",C,2,REP,"$1,281,322",148651.95,1175905.86,29500,0,105415.93,0,100000,250000,100000,250000,75028.88,737956.56,AL,7,,,,,,12000,0,07/22/2026,41000,0
H6AL07208,"AKIN, AMMIE",C,2,REP,"$150,730",0,34794.29,0,0,115936.15,0,100000,0,0,0,100000,50730.44,AL,7,,,,,,0,0,07/22/2026,500,0
H6AR01155,"GREEN, TERRI YARBROUGH DR.",C,1,DEM,"$65,149",0,53191.65,0,0,11957.61,0,14395.26,3442.47,0,0,17837.73,42411.53,AR,1,,,,,,1250,3650,06/30/2026,0,0
H0AR01083,"CRAWFORD, ERIC ALAN RICK",I,2,REP,"$944,302",0,743498.3,0,830826.86,1031630.59,0,0,0,0,0,0,340155.71,AR,1,,,,,,557750,0,06/30/2026,0,0
H0AR01125,"SMITH, PRINCELLA D",O,2,REP,$0,0,0,0,4,4,0,0,0,0,0,0,0,AR,1,,,,,,0,0,06/30/2026,0,0
H4AR02232,"JONES, MARCUS",C,1,DEM,$0,0,2723.53,0,3549.66,826.13,0,0,0,0,0,0,0,AR,2,,,,,,0,0,06/30/2026,0,0
H6AR02286,"JONES, CHRIS",C,1,DEM,"$1,174,414",0,983015.95,0,0,191398.37,0,0,0,0,0,17800.54,1137965.66,AR,2,,,,,,26250,1500,06/30/2026,-342,5500
H6AR02294,"HUFFMAN, ZACKARY BLAKE",C,1,DEM,"$12,403",0,12402.59,0,0,0,2827.93,1380,0,1380,0,0,6190.14,AR,2,,,,,,1250,0,04/18/2026,0,0
H2AR02103,"REYNOLDS, CONRAD E",C,2,REP,$0,0,1029.01,0,1029.01,0,0,0,0,0,0,21442.67,0,AR,2,,,,,,0,0,06/30/2026,0,0
H4AR02141,"HILL, JAMES FRENCH",I,2,REP,"$4,421,510",1167374.36,2830320.69,0,1376352.19,2967541.43,0,0,0,0,0,0,1792110.49,AR,2,,,,,,1457367.48,0,06/30/2026,10950,0
H6AR02278,"MCDOWELL, CHASE",C,2,REP,"$163,105",0,163105.11,0,0,0,0,0,0,0,0,0,163105.11,AR,2,,,,,,0,0,04/12/2026,60,0
H0AR03030,"WHITAKER, DAVID JEFFREY",O,1,DEM,$0,0,0,0,3367.43,3367.43,0,0,0,0,0,18457.09,0,AR,3,,,,,,0,0,06/30/2026,0,0
H6AR03128,"RYERSE, ROBB",C,1,DEM,"$120,526",0,114575.79,0,0,5950.56,250,0,0,0,0,20587.84,114390.67,AR,3,,,,,,2185.68,3700,06/30/2026,165,0
H6AR03136,"LAWRENCE, DIANA LYNNE",C,1,DEM,"$12,931",0,12930.72,0,0,9820.28,0,10309.45,0,489.17,0,9820.28,2621.27,AR,3,,,,,,0,0,06/30/2026,0,0
H0AR03055,"WOMACK, STEPHEN A THE HON",I,2,REP,"$1,871,761",7712,1183378.23,0,1715893.66,2404276.17,0,0,0,0,0,0,879733.85,AR,3,,,,,,877500,0,06/30/2026,6566.34,0
H4AR03073,"PENZO, CLINT",C,2,REP,"$1,025",0,39.4,0,6453.16,7438.48,0,0,0,0,0,30000,1000,AR,3,,,,,,0,0,06/30/2026,0,0
H4AR04089,"HOWARD, RISI",C,1,DEM,$80,0,357,0,2287.3,2010.3,0,0,0,0,0,624.1,0,AR,4,,,,,,0,0,06/30/2026,0,0
H6AR04084,"RUSSELL, JAMES RICHARD MR III",C,1,DEM,"$5,853",0,5627.98,0,682.01,907.45,0,0,0,0,0,1051.52,4353.42,AR,4,,,,,,1500,0,06/30/2026,0,0
H2AR04083,"COTTON, THOMAS",C,2,REP,"$6,233,117",1373299.48,3752101.46,5991.12,7450869.83,9931884.93,0,0,0,0,0,73959,3174164.47,AR,4,,,,,,1129500,62000,06/30/2026,66082.5,7500
H4AR04048,"WESTERMAN, BRUCE",I,2,REP,"$2,562,973",531115.71,928087.2,0,3033560.4,4668446.56,0,0,0,0,0,0,863973.98,AR,4,,,,,,1053550,0,06/30/2026,22750,750
H4AS00036,"AMATA, AUMUA",I,2,REP,"$39,216",1316.44,36603.94,0,1656.14,4268.64,0,0,0,0,0,0,20400,AS,0,,,,,,17500,0,06/30/2026,0,0
H4AZ01194,"SHAH, AMISH DR.",O,1,DEM,"$1,830,193",56299.81,1520250.65,33333.33,91801.9,401744.74,4885.19,425769.51,0,219000,0,210069.51,1194233.07,AZ,1,,,,,,146250,0,07/01/2026,1773.83,0
H4AZ01202,"CHERNY, ANDREI",C,1,DEM,"$10,000",0,15366.08,0,5366.08,0,0,0,0,0,0,0,0,AZ,1,,,,,,0,0,04/30/2025,-9900,0
H4AZ01228,"GALAN-WOODS, MARLENE",,1,DEM,"$2,185,747",0,1646653.44,0,0,539093.43,7409.87,0,0,0,0,0,1951474.16,AZ,1,,,,,,215201.57,0,07/01/2026,25268.36,0
H4AZ01244,"O'CALLAGHAN, CONOR",C,1,DEM,$0,0,0,0,0,0,0,0,0,0,0,1008210.62,0,AZ,1,,,,,,0,0,03/31/2025,0,0
H6AZ01272,"DEL VECCHIO, BRIAN A",O,1,DEM,"$15,333",0,15332.78,0,0,0,0,5497.78,0,5497.78,0,0,9835,AZ,1,,,,,,0,0,08/17/2025,0,0
H6AZ01298,"TREBLE, JONATHAN",O,1,DEM,"$3,979,424",0,3320813.73,0,0,658610.09,2292208.16,0,0,0,0,0,1571555.27,AZ,1,,,,,,19550,0,07/01/2026,6426,0
H6AZ01306,"MCCARTNEY, RICK",O,1,DEM,"$1,277,575",0,1025935.91,0,0,251639.5,144698.2,664000,0,0,0,670043.77,462666.31,AZ,1,,,,,,5000,0,07/01/2026,110,0
H6AZ01314,"GORDON, MARK ROBERT",O,1,DEM,"$299,117",0,236666.66,0,0,61924.21,5433.49,6538.03,0,6538.03,0,0,276895.36,AZ,1,,,,,,10250,0,07/01/2026,130,0
H6AZ01330,"LUCIO, DANIEL LEE",O,1,DEM,"$2,787",0,1712.09,0,0,1074.57,0,1351.66,0,0.25,0,1351.41,1435,AZ,1,,,,,,0,0,06/30/2026,0,0
H6AZ01413,"MONTOYA, ANGIE",O,1,DEM,"$4,214",0,4090.62,0,0,628.01,3110.62,0,0,0,0,0,1103,AZ,1,,,,,,0,0,06/30/2026,0,0
H2AZ01172,"RENZI, RICHARD G.",I,2,REP,$0,0,0,0,0,0,0,0,0,0,0,456157.37,0,AZ,1,,,,,,0,0,03/31/2026,0,0
H2AZ06247,"NORTON, ELIJAH",C,2,REP,"$67,612",0,69429.05,0,1816.69,0,0,67612.36,0,0,0,4772612.36,0,AZ,1,,,,,,0,0,12/31/2025,0,0
H4AZ01293,"GEORGE, KIMBERLY",C,2,REP,$115,0,917.29,0,802.45,0,114.84,0,0,0,0,0,0,AZ,1,,,,,,0,0,07/05/2025,0,0
H4AZ06045,"SCHWEIKERT, DAVID S.",I,2,REP,"$1,704,579",421839.3,1737694.29,0,49823.92,16708.28,0,0,0,90836.62,0,81613.84,611706.21,AZ,1,,,,,,663227,5000,06/30/2026,186152.43,48977
H6AZ01371,"SOWERS, BRANDON",O,2,REP,"$17,877",0,15635.25,0,0,0,13244.42,0,0,0,0,0,4632.52,AZ,1,,,,,,0,0,04/10/2026,0,0
H6AZ01389,"REEVS, PAUL C",O,2,REP,"$110,600",0,110600.15,0,0,0,5150,82750,0,49170.39,0,0,22700,AZ,1,,,,,,0,0,01/26/2026,22700,0
H6AZ01405,"SWOBODA, GINA",O,2,REP,"$222,185",0,222185,0,0,0,2730,0,0,0,0,0,213455,AZ,1,,,,,,6000,0,05/08/2026,113100,0
H6AZ01447,"TROBOUGH, JOHN",O,2,REP,"$1,158,469",0,1073570.89,0,0,84897.8,212984.31,794800,0,250000,0,544800,150141.15,AZ,1,,,,,,0,0,07/01/2026,3500,0
H6AZ01454,"CHAPLIK, JOSEPH",O,2,REP,"$604,971",0,475451.12,0,0,129519.8,0,300000,0,0,0,300000,304470.92,AZ,1,,,,,,500,0,07/01/2026,0,0
H6AZ05190,"FEELY, THOMAS JAMES",O,2,REP,"$2,528,497",591672.34,1734022.22,1030.9,0,794474.88,0,330000,0,0,0,330000,1278495.21,AZ,1,,,,,,323329.55,5000,07/31/2026,8490.68,1000
H4AZ02184,"NEZ, JONATHAN MICHAEL",C,1,DEM,"$3,519,760",74373,1674073.46,0,65175.96,1910990.15,0,0,0,0,0,0,3207490.98,AZ,2,,,,,,213050,220.79,07/01/2026,31065.77,7000
H6AZ02221,"DESCHEENIE, ERIC",C,1,DEM,"$4,063",0,1865.88,0,0,2197.03,0,0,0,0,0,3000,4062.91,AZ,2,,,,,,0,0,07/01/2026,0,0
H8AZ02136,"HEINZ, MATTHEW GERALD",O,1,DEM,$0,0,0,0,0,0,0,0,0,0,0,250000,0,AZ,2,,,,,,0,0,06/30/2026,0,0
H2AZ01354,"CRANE, ELI",I,2,REP,"$9,481,428",812976.77,6957053.15,0,317370.07,2841744.86,0,0,0,0,0,0,8581510.99,AZ,2,,,,,,85500,1000,07/01/2026,43331.71,0
H2AZ02402,"DELUZIO, MARK",O,2,REP,$0,0,275,0,4608.32,4333.32,0,0,0,0,0,1125000,0,AZ,2,,,,,,0,0,06/30/2026,0,0
H4AZ02192,"SMITH, JACK",C,2,REP,$0,0,738.13,0,738.13,0,0,0,0,0,0,0,0,AZ,2,,,,,,0,0,04/10/2025,0,0
H4AZ03109,"ANSARI, YASSAMIN",I,1,DEM,"$1,436,333",15265.69,899422.65,0,10410.71,547320.83,35704.6,30000,0,2500,0,70000,1122769.98,AZ,3,,,,,,226033,0,07/01/2026,16047.74,1000
H4AZ03133,"PASTOR, LAURA",O,1,DEM,$0,0,0,0,616.31,616.31,0,0,0,0,0,0,0,AZ,3,,,,,,0,0,12/31/2025,0,0
H4AZ03141,"WOOTEN, DUANE M MD",O,1,DEM,$0,0,0,0,3583.13,3583.13,0,0,0,0,0,0,0,AZ,3,,,,,,0,0,02/17/2025,0,0
H4AZ07043,"GALLEGO, RUBEN",I,1,DEM,"$4,345,411",296384.63,2475393,0,211152.7,2081170.73,0,0,0,0,0,0,3519260.17,AZ,3,,,,,,446662.83,0,06/30/2026,55414.21,1700
H2AZ07187,"ZINK, JEFFREY NELSON MR",O,2,REP,$0,0,151.5,0,559.74,408.24,0,0,0,0,0,70000,0,AZ,3,,,,,,0,0,06/30/2026,0,0
H4AZ03158,"MENDOZA, JESUS DAVID",O,2,REP,$0,0,52.39,0,1190.82,1138.43,0,0,0,0,0,0,0,AZ,3,,,,,,0,0,06/30/2026,26.35,0
H6AZ04250,"NEWKIRK, KAI",C,1,DEM,"$151,143",0,60278.02,0,0,90864.55,543.99,0,0,0,0,0,145598.58,AZ,4,,,,,,5000,0,07/01/2026,2750,0
H8AZ09040,"STANTON, GREG",I,1,DEM,"$2,117,114",0,1112555.97,0,1015730.46,2020288.72,0,0,0,0,0,0,1477893.54,AZ,4,,,,,,638725,37.68,07/01/2026,8206,0
H2AZ04135,"GOULD, RON",C,2,REP,$0,0,0,0,4473.28,4473.28,0,0,0,0,0,141741.2,0,AZ,4,,,,,,0,0,06/30/2026,0,0
H2AZ09183,"DAVISON, JERONE",C,2,REP,"$3,871",0,940.09,824.91,-2930.41,0,0,0,0,0,0,0,3870.5,AZ,4,,,,,,0,0,04/05/2026,0,0
H2AZ09191,"COOPER, KELLY",C,2,REP,$0,0,30190.18,0,30190.18,0,0,0,0,23800,0,0,0,AZ,4,,,,,,0,0,01/30/2025,0,0
H4AZ04115,"JASSER, M. ZUHDI",C,2,REP,"$564,641",0,222989.52,0,0,341651.14,10000,0,0,0,0,0,549443.66,AZ,4,,,,,,5000,0,07/01/2026,5906.15,0
H6AZ04219,"HONER, BRADLEY J",C,2,REP,$10,0,888.39,0,0,-878.39,0,0,0,0,0,0,10,AZ,4,,,,,,0,0,04/05/2025,0,0
H6AZ04227,"DAVISON, JERONE",C,2,REP,"$240,850",0,239677.67,0,0,1171.86,0,0,0,0,0,0,240273.38,AZ,4,,,,,,0,0,07/01/2026,0,0
H6AZ05174,"STOVALL, ALEX NICOLAS",C,2,REP,"$64,879",0,64879.47,0,0,0,1300,0,0,0,0,0,60013.22,AZ,4,,,,,,2500,0,03/17/2026,4202,0
H6AZ05208,"BRACHT, BLAKE",O,1,DEM,"$9,539",0,9538.65,0,0,0,232.18,5226.52,0,352.96,0,0,4079.82,AZ,5,,,,,,0,0,07/08/2026,0,0
H6AZ05216,"JAMES, CHRISTOPHER LEE",O,1,DEM,"$134,852",0,127919.33,0,0,6932.96,5065.3,18322.47,0,6000,0,12522.47,92049.52,AZ,5,,,,,,19415,0,07/01/2026,46,0
H6AZ05224,"HUALDE, BRIAN",O,1,DEM,"$53,005",0,47547.05,0,0,5457.58,0,29600,0,0,0,29600,23404.63,AZ,5,,,,,,0,0,07/01/2026,0,0
H6AZ05240,"LEE, ELIZABETH",O,1,DEM,"$153,111",500,126371.04,0,0,26739.58,0,5000,0,0,0,5000,147610.62,AZ,5,,,,,,0,0,07/01/2026,0,0
H2AZ06155,"GRANTHAM, TRAVIS W.",O,2,REP,"$613,369",0,558997.95,0,148.99,54520.17,3500,250000,0,250000,0,311911.5,352869.13,AZ,5,,,,,,7000,0,06/30/2026,7720,0
H6AZ05083,"BIGGS, ANDY",I,2,REP,"$28,246",1435.05,125280.02,0,458877.56,361843.37,0,0,0,0,0,0,18325.78,AZ,5,,,,,,7000,0,06/30/2026,500,0
H6AZ05091,"OLSON, JUSTIN",O,2,REP,$0,0,0,0,1000,1000,0,0,0,0,0,99296.77,0,AZ,5,,,,,,0,0,06/30/2026,0,0
H6AZ05182,"KEENAN, DANIEL",O,2,REP,"$1,851,302",69888.28,1804526.51,391,0,46775.86,0,1650620,0,0,0,1650620,29708.12,AZ,5,,,,,,9000,0,07/01/2026,26,0
H6AZ05265,"LAMB, MARK",O,2,REP,"$1,222,217",0,978790.79,0,0,243425.85,46.61,40000,0,40000,0,0,1111290.56,AZ,5,,,,,,70400,0,07/01/2026,0,0
H6AZ06099,"MENDOZA, JOANNA",C,1,DEM,"$7,354,808",913670.08,4093931.72,0,0,3260876.6,0,0,0,0,0,3300,5923485.74,AZ,6,,,,,,516581.41,220.79,07/01/2026,35520.94,0
H6AZ06107,"DONAT, CHRIS",C,1,DEM,"$21,062",0,21061.96,0,0,0,1752.94,0,0,0,0,0,19309.02,AZ,6,,,,,,0,0,04/13/2026,3500,0
H0AZ01184,"FLAKE, JEFF MR.",C,2,REP,$0,0,11000,0,821352.48,810352.48,0,0,0,0,0,0,0,AZ,6,,,,,,0,0,06/30/2026,0,0
H2AZ02360,"CISCOMANI, JUAN",I,2,REP,"$6,172,867",2206402.66,2274264.76,0,236560.89,4135162.85,0,0,0,0,0,0,2300890.11,AZ,6,,,,,,1650409.54,5000,07/01/2026,69270.83,7000.15
H6AZ07105,"HERNANDEZ, DANIEL",O,1,DEM,"$1,136,880",0,1136879.97,0,0,0,0,42500,0,3786.75,0,0,937379.28,AZ,7,,,,,,157000,0,07/31/2025,19230,10000
H6AZ07121,"GRIJALVA, ADELITA",I,1,DEM,"$2,285,639",0,1857662.75,0,0,427976.51,0,0,0,0,0,0,1841371.59,AZ,7,,,,,,435938.72,0,07/01/2026,23558.26,18500
H6AZ07139,"OPERANA-FOXX, DEJA CHERISE",O,1,DEM,"$1,055,051",0,1055050.68,0,0,0,1008.17,0,0,0,0,0,1033984.67,AZ,7,,,,,,18545.35,0,06/30/2026,4689.1,45.35
H4AZ07134,"BUTIEREZ, DANIEL",C,2,REP,"$224,367",0,213560.33,0,592.14,11399.21,38737.47,136470,0,0,0,144120,39892.43,AZ,7,,,,,,2000,0,07/01/2026,0,0
H6AZ07055,"RIVAS, JORGE",C,2,REP,"$11,853",0,12001.97,0,0,0,5625,0,0,0,0,0,6227.51,AZ,7,,,,,,0,0,07/26/2025,0,0
H4AZ08082,"GREENE PLACENTIA, BERNADETTE",C,1,DEM,"$209,358",0,17589.1,0,0,190393.83,0,0,0,0,0,0,209257.94,AZ,8,,,,,,0,100,03/31/2026,0,0
H6AZ08269,"KEELER, RAYMOND CHARLES",C,1,DEM,"$39,356",0,40862.85,0,0,-1506.85,0,6500,0,0,0,6500,32856,AZ,8,,,,,,0,0,07/01/2026,0,0
H4AZ08108,"HAMADEH, ABRAHAM",I,2,REP,"$1,206,361",377528.33,858584.53,0,36408.6,384185.2,0,0,0,356959.71,0,103414.48,558599.65,AZ,8,,,,,,269960,0,07/01/2026,500,0
H4AZ08124,"MASTERS, BLAKE",O,2,REP,"$27,052",0,4878.03,0,7060.53,29234.33,0,0,0,0,0,3626074.42,16037.59,AZ,8,,,,,,0,0,06/30/2026,0,0
H4AZ08132,"KERN, ANTHONY",O,2,REP,$0,0,396.83,0,396.83,0,0,0,0,0,0,47000,0,AZ,8,,,,,,0,0,01/16/2025,0,0
H4AZ08157,"FRANKS, TRENT",O,2,REP,"$6,500",0,10728.3,0,5577.34,1349.04,0,0,0,0,0,600000,0,AZ,8,,,,,,0,0,06/30/2026,9850,0
H0AZ03248,"SCHARER, GENE PAUL",C,1,DEM,$561,0,896.48,0,0,152.54,503,0,0,0,0,0,57.9,AZ,9,,,,,,0,0,12/31/2025,0,0
H2AZ09019,"SINEMA, KYRSTEN",I,1,DEM,"$162,530",0,4439410.31,0,4276880.44,0,0,0,0,0,0,0,0,AZ,9,,,,,,0,0,06/30/2026,-475068.34,-119200
H2AZ09043,"CHERNY, ANDREI",C,1,DEM,"$10,000",0,15366.08,0,5366.08,0,0,0,0,0,0,0,0,AZ,9,,,,,,0,0,04/30/2025,-9900,0
H4AZ09049,"SMITH, QUACY L",C,1,DEM,$345,0,987.77,0,32268.36,36597.73,0,0,0,0,0,64410,345,AZ,9,,,,,,0,0,06/30/2026,0,0
H6AZ09085,"STERBINSKY, DANIELLE",C,1,DEM,"$354,383",0,332315.71,0,-115,25744.84,250,0,0,0,0,0,354107.15,AZ,9,,,,,,0,0,07/01/2026,0,0
H0AZ01259,"GOSAR, PAUL DR.",I,2,REP,"$580,043",0,368425.78,0,91596.98,303213.7,0,0,0,0,0,6958.18,490055.85,AZ,9,,,,,,85000,0,07/01/2026,630.92,0
H0AZ03321,"PARKER, VERNON",C,2,REP,$0,0,0,0,4619.9,4619.9,0,0,0,0,0,15813.62,0,AZ,9,,,,,,0,0,06/30/2026,0,0
H2AZ09209,"KUTZ, RANDY",C,2,REP,$0,0,0,0,0,0,0,0,0,0,0,44833.21,0,AZ,9,,,,,,0,0,06/30/2026,0,0
H4CA01140,"YEE, ROSE PENELOPE",C,1,DEM,$0,0,1080,0,7427.61,6347.61,0,0,0,0,0,20000,0,CA,1,,,,,,0,0,07/11/2025,0,0
H6CA01228,"SALEGUI, JAMES",C,1,DEM,"$8,824",0,3516.65,0,0,5307.35,0,0,0,0,0,0,8824,CA,1,,,,,,0,0,06/30/2026,0,0
H6CA01251,"DENNEY, AUDREY",C,1,DEM,"$904,202",9021.92,895536.95,0,0,8665.27,1,0,0,0,0,13168.25,850355.67,CA,1,,,,,,18000,0,06/30/2026,59713,0
H6CA01269,"MCGUIRE, MIKE",C,1,DEM,"$1,827,711",0,1675105.4,0,0,152605.64,0,0,0,0,0,0,1527504.6,CA,1,,,,,,300069.51,0,06/30/2026,35155,12000
H6CA02267,"WILSON, KYLE",C,1,DEM,"$5,428",0,6529.23,0,0,0,101.96,0,0,0,0,0,5226.42,CA,1,,,,,,0,0,05/05/2026,0,0
H2CA02142,"LAMALFA, DOUG",I,2,REP,"$770,764",0,735248.65,0,684441.94,719957.24,0,0,0,0,0,0,487462.76,CA,1,,,,,,282438.21,0,06/30/2026,139600.1,3000
H6CA01285,"GALLAGHER, JAMES",C,2,REP,"$1,488,906",244754,1156006.5,287329,0,332899.18,0,0,0,0,0,33633.38,959754.47,CA,1,,,,,,275863,7000,06/30/2026,1029.25,0
H2CA01268,"YEE, ROSE PENELOPE LAGOC",C,1,DEM,"$67,427",0,70436.03,0,3267.02,250.42,0,33500,10000,0,0,43500,23737.26,CA,2,,,,,,0,0,06/30/2026,38.5,0
H2CA06259,"HUFFMAN, JARED",I,1,DEM,"$978,277",0,886963.6,0,984642.94,1075956.32,0,0,0,0,0,2131.08,607581.82,CA,2,,,,,,316244.87,0,06/30/2026,7455,0
H0CA01205,"SAULSBURY, PAUL W",C,2,REP,"$10,126",0,9625.16,0,521.06,149.02,0,9625.16,0,0,0,1290.66,501,CA,2,,,,,,0,0,05/13/2026,0,0
H2CA01250,"GEIST, TIMOTHY DAVID MR",C,2,REP,"$15,685",0,15188.4,0,0,496.99,6039.02,9646.37,0,0,0,9646.37,0,CA,2,,,,,,0,0,06/30/2026,0,0
H2CA02241,"COULOMBE, CHRIS MR",C,2,REP,"$1,610",0,2505.17,0,917.01,21.84,0,1600,0,0,0,33139.07,10,CA,2,,,,,,0,0,06/30/2026,0,0
H4CA02098,"MENSING, DALE KENNETH",C,2,REP,$0,0,306.68,0,306.68,0,0,0,0,0,0,0,0,CA,2,,,,,,0,0,03/31/2026,0,0
H4CA02130,"GIBBS JENSEN, TIEF",C,2,REP,$0,0,374.48,0,374.48,0,0,0,0,0,0,0,0,CA,2,,,,,,0,0,03/14/2025,0,0
H0CA03078,"BERA, AMERISH",I,1,DEM,"$1,250,126",0,1293160.46,0,1873371.71,1830337.53,0,0,0,107800,0,105000,571221.94,CA,3,,,,,,649068.4,0,06/30/2026,1265,0
H6CA03133,"HALL, HEIDI",C,1,DEM,"$588,427",0,581412.78,0,2456.47,9470.72,7020,85000,0,0,0,85000,476798.62,CA,3,,,,,,14789.47,0,06/30/2026,7747,2000
H6CA03166,"CERVANTES, LYNDON",C,1,DEM,"$57,328",0,55046.11,0,0,2281.39,0,40000,0,0,0,40000,17327.5,CA,3,,,,,,0,0,05/13/2026,0,0
H6CA06268,"BENNETT, CHRISTOPHER JERMAN",C,1,DEM,"$221,875",0,197661.77,0,0,24213.16,20020,50000,0,0,0,86666.92,144104.93,CA,3,,,,,,7000,0,06/30/2026,25,0
H8CA04210,"MORSE, JESSICA",C,1,DEM,"$10,687",0,22843.37,0,24339.74,12182.94,0,0,0,0,0,0,0,CA,3,,,,,,0,0,06/30/2026,0,0
H0CA06170,"BISH, CHRISTINE S",C,2,REP,"$144,007",0,143870.86,0,50.14,186.44,0,94465.03,0,21257.59,0,34072.41,36558.62,CA,3,,,,,,0,0,06/30/2026,700,0
H6CA03174,"TUCKER, ROBB",C,2,REP,"$258,139",0,242139.34,0,0,15999.67,0,205000,0,0,0,205000,51399,CA,3,,,,,,0,0,06/30/2026,500,0
H6CA04222,"JONES, ERIC",C,1,DEM,"$8,378,929",0,7723210.3,0,0,655718.27,5364133.1,0,0,0,0,190535.11,3007228.97,CA,4,,,,,,0,0,06/30/2026,257001,0
H6CA04230,"MERRELL, TREVOR",C,1,DEM,"$6,435",0,6459.23,0,0,-24.11,1669.12,0,0,0,0,0,4766,CA,4,,,,,,0,0,03/31/2026,0,0
H8CA01109,"THOMPSON, MIKE MR.",I,1,DEM,"$4,204,013",31098.93,4337764.87,0,1209488.4,1075736.66,0,0,0,0,0,37711.59,2282283.3,CA,4,,,,,,1847811,1834.72,06/30/2026,34543,5500
H4CA06156,"RIEHLE, RAYMOND",C,2,REP,"$114,861",0,111158.73,0,539.83,4242.43,1,0,0,0,0,25238.17,114722.83,CA,4,,,,,,0,0,06/30/2026,2851.69,0
H6CA04198,"MACKENZIE, LAURIE JOHN",C,2,REP,"$14,129",0,6044.85,0,0,8084.2,0,0,0,0,0,0,14129.05,CA,4,,,,,,0,0,06/30/2026,0,0
H6CA04206,"BROWN, SHARON",C,2,REP,"$7,000",0,7000,0,0,0,0,0,0,0,0,0,7000,CA,4,,,,,,0,0,06/25/2026,0,0
H6CA04248,"URIBE, CHARLES MR. JR.",C,2,REP,$0,0,1.1,0,0,-1.1,0,0,0,0,0,0,0,CA,4,,,,,,0,0,06/30/2026,0,0
H6CA08223,"GHUSAR, MANDY",C,2,REP,"$7,000",0,7000,0,0,0,0,0,0,0,0,0,7000,CA,4,,,,,,0,0,06/20/2026,0,0
H2CA00096,"BARKLEY, MICHAEL JAMES MR.",C,1,DEM,"$57,195",0,58728.7,0,4738.88,3205.07,0,56029.89,0,0,0,593305.75,1145,CA,5,,,,,,0,0,06/30/2026,0,0
H6CA05377,"MASUDA, MICHAEL",C,1,DEM,"$361,735",0,272283.71,0,0,89451.51,0,0,0,0,0,27145.64,340049.25,CA,5,,,,,,18750,0,06/30/2026,460,0
H6CA05385,"SILLS, KATELYN ANNE",C,1,DEM,"$15,965",0,15965.45,0,0,0,984.45,0,0,0,0,0,14981,CA,5,,,,,,0,0,03/31/2026,3845.93,0
H6CA05393,"DANBOM, PAUL",C,1,DEM,"$20,030",0,20030,0,0,0,0,0,20000,0,6800.78,0,30,CA,5,,,,,,0,0,03/09/2026,0,0
H2CA05111,"MAIN, DAVID NATHAN",C,2,REP,$0,0,0,0,0,3120,0,0,0,0,0,0,0,CA,5,,,,,,0,0,03/31/2026,0,0
H8CA04152,"MCCLINTOCK, THOMAS",I,2,REP,"$928,788",0,875520.62,0,148204.99,201471.98,0,0,0,0,0,5105.94,770054.44,CA,5,,,,,,156551,0,06/30/2026,374,0
H6CA03141,"VANDENBERG, TYLER ISAAC",C,1,DEM,"$122,558",0,122557.52,0,0,0,28955.37,5000,0,5000,0,0,88602.15,CA,6,,,,,,0,0,06/30/2026,1500,0
H6CA03158,"PAN, RICHARD DR.",C,1,DEM,"$1,098,283",18998.91,739150.71,22222.22,0,359131.99,0,0,0,0,0,117141.4,769475.7,CA,6,,,,,,307996.05,201.56,06/30/2026,629.34,0
H6CA06219,"JEFFERSON, DELMA",C,1,DEM,$0,0,0,0,-10512.74,-10512.74,0,0,0,0,0,0,0,CA,6,,,,,,0,0,06/30/2026,0,0
H6CA06276,"BABB TOMLINSON, LAUREN",C,1,DEM,"$565,065",0,555630.41,0,0,9434.81,5700,0,0,0,0,0,457931.36,CA,6,,,,,,101433,0,06/30/2026,35139,16500
H6CA06284,"HO, THIEN",C,1,DEM,"$911,698",0,875235.36,625,0,36463.01,0,0,0,0,0,0,865378.57,CA,6,,,,,,42999,0,06/30/2026,124965,5000
H6CA06318,"GUERRERO, MARTHA",C,1,DEM,"$204,970",0,204845.33,0,0,124.17,21761.6,20000,0,0,0,0,153707,CA,6,,,,,,9500.9,0,07/24/2026,60,0
H4CA06149,"DELUZ, CRAIG",C,2,REP,$0,0,47.09,0,47.09,0,0,0,0,0,0,0,0,CA,6,,,,,,0,0,12/31/2025,0,0
H6CA06292,"STANSFIELD, MICHAEL",C,2,REP,"$17,441",0,17441,0,0,0,17441,0,0,0,0,0,0,CA,6,,,,,,0,0,03/31/2026,0,0
H4CA07097,"MANDEL, DAVID",C,1,DEM,$0,0,0,0,-2853.66,-2853.66,0,0,0,0,0,20000,0,CA,7,,,,,,0,0,06/30/2026,0,0
H6CA05195,"MATSUI, DORIS",I,1,DEM,"$3,192,087",0,3031300.44,0,306668.8,467455.75,15100,1400000,0,0,0,1400563.12,840023.57,CA,7,,,,,,936963.82,0,06/30/2026,10383,1000
H6CA07142,"LEE, ERICA",C,1,DEM,"$14,731",0,10173.3,0,0,4557.72,0,0,0,0,0,0,14731.02,CA,7,,,,,,0,0,06/30/2026,250,0
H6CA07159,"MORIN, ROBERT",C,1,DEM,"$30,255",0,6590.69,0,0,23664.18,0,0,0,0,0,20470,30254.87,CA,7,,,,,,0,0,06/30/2026,100,0
H6CA07175,"VANG, MAI",C,1,DEM,"$1,086,084",5913.93,980548.31,0,0,105536.01,0,0,0,0,0,19908.31,1025372.25,CA,7,,,,,,53827.31,0,06/30/2026,5780,0
H0CA11352,"EMKEN, ELIZABETH",C,2,REP,$0,0,0,0,365.71,365.71,0,0,0,0,0,32000,0,CA,7,,,,,,0,0,06/30/2026,0,0
H4CA07055,"BIRMAN, IGOR A",C,2,REP,$0,0,0,0,128.82,128.82,0,0,0,0,0,85084.75,0,CA,7,,,,,,0,0,06/30/2026,0,0
H6CA07183,"MING, KATHRYN S",C,2,REP,$25,0,25,0,0,0,0,0,25,0,25,0,0,CA,7,,,,,,0,0,01/28/2026,0,0
H0CA08226,"GOMEZ, BLANCA",C,1,DEM,$0,0,228.53,0,228.53,0,0,0,0,0,0,0,0,CA,8,,,,,,0,0,06/30/2025,0,0
H0CA10149,"GARAMENDI, JOHN",I,1,DEM,"$489,135",0,557834.27,0,1264717.73,1196018.11,0,0,0,0,0,0,154592.65,CA,8,,,,,,334500,0,06/30/2026,3.22,5000
H6CA08231,"CARJUZAA, NICOLAS",C,1,DEM,"$33,434",0,28590.84,0,0,4843.42,3005.76,4200,0,0,0,0,25928.5,CA,8,,,,,,0,0,06/30/2026,0,0
H6CA08249,"LAMBA, HARINDER SINGH",C,1,DEM,"$14,403",0,14402.8,0,0,0,6092.8,6800,0,0,0,0,1510,CA,8,,,,,,0,0,04/15/2026,0,0
H6CA08256,"ROWDEN, AARON B",C,1,DEM,"$14,976",0,13443.07,0,0,250.89,943.12,2640,0,1400,0,0,11392.5,CA,8,,,,,,0,0,06/30/2026,0,0
H0CA08127,"STAAT, JEREMY",O,2,REP,$0,0,0,0,0,0,0,0,0,0,0,4000,0,CA,8,,,,,,0,0,06/30/2026,0,0
H2CA00153,"RECILE, RUDY",C,2,REP,"$8,576",0,8072.87,0,1037.74,1540.87,0,25,0,468.83,0,31272.83,8551,CA,8,,,,,,0,0,06/30/2026,0,0
H4CA11081,"MCNERNEY, JERRY",I,1,DEM,$0,0,0,0,769.94,769.94,0,0,0,0,0,0,0,CA,9,,,,,,0,0,06/30/2026,0,0
H8CA10126,"HARDER, JOSH",I,1,DEM,"$4,083,528",141542.79,1032871.24,51080,1688831.72,4739488.08,0,0,0,0,0,0,2899433.12,CA,9,,,,,,506622,2192.74,06/30/2026,44186.73,1000
H4CA09101,"MCBRIDE, JOHN",C,2,REP,"$52,178",21986.06,33569.2,19882.14,30,18738.45,0,0,0,0,0,23490.91,10309.45,CA,9,,,,,,19882.14,0,06/30/2026,0,0
H6CA09122,"SHOEMAKER, JAMES H",C,2,REP,"$29,268",0,29267.99,0,0,0,0,2000,104.59,0,104.59,15731.62,26640.95,CA,9,,,,,,0,0,07/08/2026,0,0
H6CA09130,"SINGH, PARMINDER",C,2,REP,$401,0,339.87,0,0,61.13,0,0,0,0,0,0,401,CA,9,,,,,,0,0,06/30/2026,0,0
H0CA10073,"DESAULNIER, MARK",I,1,DEM,"$567,258",0,609747.82,0,628987.32,586497.44,0,0,0,0,0,0,260665.22,CA,10,,,,,,304982.55,0,06/30/2026,800,0
H6CA10161,"HAMILTON, JOSHUA",C,1,DEM,"$7,486",0,6405.51,0,0,1080.49,0,0,0,0,0,0,7486,CA,10,,,,,,0,0,06/30/2026,0,0
H6CA10179,"MAISLER, MITCHELL DAVID",C,1,DEM,"$10,048",0,10567.14,0,5,-513.89,7900,0,0,0,0,0,2148.25,CA,10,,,,,,0,0,05/13/2026,0,0
H0CA19173,"DENHAM, JEFF",C,2,REP,$0,0,38717.07,0,94493.15,55776.08,0,0,0,0,0,0,0,CA,10,,,,,,0,0,06/30/2026,0,0
H4CA10109,"PICCININI, KATHERINE",C,2,REP,"$21,074",0,16320.01,0,2082.23,6836.36,0,0,0,0,0,9625.33,20905.48,CA,10,,,,,,0,0,06/30/2026,22,0
H6CA10195,"GRIFFITHS, ANGELA",C,2,REP,"$11,811",0,7900.08,0,0,3910.88,0,100,0,0,0,100,11710.96,CA,10,,,,,,0,0,06/30/2026,0,0
H6CA11243,"HELTON, DARREN WAYNE",O,1,DEM,"$5,247",0,5247.31,0,0,0,0,5247.31,0,0,0,0,0,CA,11,,,,,,0,0,03/31/2026,0,0
H6CA11268,"CHAN, CONNIE",O,1,DEM,"$1,094,321",0,732236.42,525,0,362084.64,0,0,0,0,0,25000,940671.06,CA,11,,,,,,152500,0,06/30/2026,5641.39,1500
H6CA11284,"HAMID, OMED",O,1,DEM,"$44,997",0,34968,0,0,10029,0,34968,0,0,0,34968,10029,CA,11,,,,,,0,0,03/31/2026,0,0
H6CA11318,"HURABIELL, MARIE",O,1,DEM,"$861,376",0,792934.69,0,0,68441.31,18000,370000,0,0,0,379331.45,473976,CA,11,,,,,,-600,0,06/30/2026,30750,0
H8CA05035,"PELOSI, NANCY",I,1,DEM,"$2,465,830",141138.4,3863683.3,0,2078066.46,680213.4,0,0,0,0,0,0,2220123.4,CA,11,,,,,,33000,0,06/30/2026,105796.9,6000
H8CA11116,"WIENER, SCOTT",O,1,DEM,"$4,561,120",0,3326427.62,0,0,1234692.45,0,0,0,0,0,157266.82,4450683.11,CA,11,,,,,,93675.78,0,06/30/2026,134272,9500
H8CA12262,"BUTTAR, SHAHID",C,1,DEM,$0,0,0,0,377.44,377.44,0,0,0,0,0,24056.2,0,CA,11,,,,,,0,0,03/31/2025,0,0
H0CA15262,"SHARMA, NISHA",O,2,REP,$0,0,353,0,1854.76,1501.76,0,0,0,0,0,0,0,CA,11,,,,,,0,0,06/30/2026,0,0
H6CA11235,"GANEZER, DAVID L",O,2,REP,$60,0,52.37,0,0,7.96,0,0,0,0,0,0,60.09,CA,11,,,,,,0,0,06/30/2026,1,0
H2CA12190,"CURRY, ERIC",C,1,DEM,"$2,000",0,2000,0,0,0,0,0,0,0,0,4416.15,2000,CA,12,,,,,,0,0,06/30/2026,0,0
H4CA12154,"SIMON, LATEEFAH",I,1,DEM,"$1,449,191",44929.65,957256.32,0,285654.71,777589.88,0,0,0,0,0,0,1127684.29,CA,12,,,,,,261420.93,0,06/30/2026,398,3000
H4CA12196,"TRAN, JENNIFER",O,1,DEM,$0,0,11092.87,0,11092.87,0,0,0,0,5277.95,0,0,0,CA,12,,,,,,0,0,02/14/2025,0,0
H6CA12209,"JOYCE, JAMIE",C,1,DEM,"$31,247",0,22446.95,0,0,8800.3,247.25,0,0,0,0,0,31000,CA,12,,,,,,0,0,06/30/2026,200,0
H0CA22102,"ARBALLO, PHIL",C,1,DEM,$0,0,0,0,16833.47,16833.47,0,0,0,0,0,0,0,CA,13,,,,,,0,0,06/30/2026,0,0
H2CA13115,"GRAY, ADAM C.",I,1,DEM,"$4,191,397",481019.33,2311243.57,0,191957.72,2072111.19,0,0,0,0,0,0,2422914.26,CA,13,,,,,,1265075.01,4808.4,06/30/2026,28999.59,15000
H2CA13123,"MARTINEZ, DIEGO J",C,2,REP,$0,0,130.7,0,130.7,0,0,0,0,0,0,0,0,CA,13,,,,,,0,0,02/21/2026,0,0
H2CA13131,"DUARTE, JOHN",I,2,REP,"$9,616",3826.37,204569.19,0,214758.3,19804.92,0,0,0,0,0,0,2073.21,CA,13,,,,,,0,0,06/30/2026,245.33,0
H4CA09093,"LINCOLN, KEVIN J II",C,2,REP,"$2,237,084",787964.87,1423322.68,80658.28,24124.13,837885.23,0,0,0,0,0,126125.12,1194408.82,CA,13,,,,,,251621.33,0,06/30/2026,16254.38,0
H4CA14093,"KRUTTIVENTI, VIN",C,2,REP,"$3,686,567",0,3686250.8,0,5799.65,6116.11,2951827.7,400000,0,1100000,0,5073.75,322422.18,CA,13,,,,,,10000,0,06/30/2026,96348.62,0
H6CA13181,"LOPEZ, JAVIER B",C,2,REP,"$146,135",0,145515.41,0,0,619.39,0,0,0,0,0,21599.37,120124.8,CA,13,,,,,,26010,0,06/30/2026,212.38,7000
H0CA15213,"WAHAB, AISHA",O,1,DEM,"$635,249",0,484982.85,0,0,150265.79,3500,35000,0,0,0,43900.11,440722.94,CA,14,,,,,,155983.03,0,07/29/2026,4500,0
H2CA15094,"SWALWELL, ERIC MICHAEL",I,1,DEM,"$1,730,927",0,2019892.73,0,300002.78,11037.27,0,0,0,0,0,0,1480227.21,CA,14,,,,,,178451.75,779.17,06/30/2026,188002.5,3600
H6CA14130,"QADIR, ABRAR",O,1,DEM,"$26,938",0,26224.34,0,0,-16866.14,1139.39,0,0,0,0,0,25798.64,CA,14,,,,,,0,0,04/15/2026,7000,0
H6CA14155,"ORTEGA, MATT",O,1,DEM,"$38,436",0,38435.58,0,0,0,0,0,0,0,0,0,33096.92,CA,14,,,,,,0,0,06/30/2026,50,0
H6CA14163,"HERNANDEZ, MELISSA",O,1,DEM,"$1,534,263",0,1358126.92,0,0,176136.34,0,0,0,0,0,97633.85,1464162.77,CA,14,,,,,,70000,0,07/29/2026,6630,0
H6CA14171,"ISRANI, RAKHI",O,1,DEM,"$2,400,234",0,2348998.77,0,0,51235.63,7000,1398000,0,0,0,1442857.02,975234.4,CA,14,,,,,,20000,0,06/30/2026,6608,0
H6CA14189,"ELAM, CARIN",O,1,DEM,"$32,693",0,32692.75,0,0,0,175,25000,0,2645.22,0,0,6324,CA,14,,,,,,0,0,06/30/2026,0,0
H6CA14221,"WIECKOWSKI, BOB",O,1,DEM,$0,0,0,0,0,0,0,0,0,0,0,0,0,CA,14,,,,,,0,0,04/27/2026,0,0
H6CA14239,"RIDENOUR, SHERIENE",O,1,DEM,"$38,590",0,199,0,0,38391.07,0,33837.61,0,0,0,33837.61,4752.46,CA,14,,,,,,0,0,06/30/2026,0,0
H6CA14148,"HUANG, WENDY FIONA MS.",O,2,REP,"$41,023",0,34738.62,0,0,6284.38,0,30207,0,0,0,30207,10816,CA,14,,,,,,0,0,06/30/2026,0,0
H2CA14162,"MULLIN, KEVIN",I,1,DEM,"$819,662",0,651698.03,0,51771.24,219735.09,0,0,0,0,0,5325.25,347324.85,CA,15,,,,,,470711.77,0,06/30/2026,6200,0
H6CA15186,"KUMAR, MANTOSH",C,1,DEM,"$22,337",0,15143.87,0,0,7193.05,519.92,6000,0,0,0,6000,15817,CA,15,,,,,,0,0,06/30/2026,5,0
H6CA15202,"DANG, ANTHONY VAN",C,1,DEM,"$15,622",0,3309.2,0,0,12317.72,11740.92,0,0,0,0,0,3881,CA,15,,,,,,0,0,06/30/2026,0,0
H4CA15074,"KRAMER, ANNA",C,2,REP,"$5,350",0,7037.73,0,1687.73,0,5250,0,0,0,0,18400,0,CA,15,,,,,,0,0,03/31/2025,0,0
H0CA15171,"SIMITIAN, S JOSEPH",O,1,DEM,"$238,861",0,287645.23,0,48784.32,0,237760.91,0,0,250000,0,0,-1900,CA,16,,,,,,0,0,03/31/2025,1000,0
H0CA18068,"KUMAR, RISHI",O,1,DEM,$973,0,2285.81,0,1312.84,0.03,0,973,0,0,0,303573,0,CA,16,,,,,,0,0,03/31/2026,0,0
H2CA18148,"RADING, AJWANG",O,1,DEM,$0,0,0,0,2049.45,2049.45,0,0,0,0,0,0,0,CA,16,,,,,,0,0,03/31/2025,0,0
H4CA16197,"LICCARDO, SAM T.",I,1,DEM,"$3,489,298",1294853.98,1426732.34,7000,90392.1,2152957.41,0,0,0,0,0,840,1505069.67,CA,16,,,,,,662750,0,06/30/2026,13800,5000
H4CA16239,"LOW, EVAN",O,1,DEM,"$26,235",0,79143.42,0,81235.26,28327.31,0,0,0,0,0,0,0,CA,16,,,,,,0,0,06/30/2026,1400,0
H4CA16247,"DIXON, PETER",C,1,DEM,$0,0,1038.33,0,1038.33,0,0,0,0,0,0,0,0,CA,16,,,,,,0,0,03/20/2025,0,0
H8CA12098,"ESHOO, ANNA G",I,1,DEM,$717,0,87413.93,0,86697.18,0,0,0,0,0,0,0,0,CA,16,,,,,,0,0,06/30/2026,0,0
H2CA16100,"TACHERRA, JOHNNY",C,2,REP,$0,0,0,0,0,0,0,0,0,0,0,58772.54,0,CA,16,,,,,,0,0,06/30/2026,0,0
H4CA16163,"OHTAKI, PETER I",O,2,REP,"$36,685",0,36814.84,0,130.19,0,36684.65,0,0,0,0,0,0,CA,16,,,,,,0,0,04/15/2025,0,0
H6CA16176,"SOULE, PETER SUNDIN MR.",C,2,REP,$400,0,0,0,0,400,100,0,0,0,0,0,300,CA,16,,,,,,0,0,06/30/2026,0,0
H0CA15148,"HONDA, MIKE",I,1,DEM,$0,0,2100,0,8106.51,6006.51,0,0,0,0,0,105815.19,0,CA,17,,,,,,0,0,06/30/2026,0,0
H0CA17201,"PARK, JASON ISAAC",,1,DEM,$580,0,574.21,0,0,5.79,0,0,0,0,0,0,580,CA,17,,,,,,0,0,06/30/2026,0,0
H4CA12055,"KHANNA, ROHIT",I,1,DEM,"$13,761,491",0,7540830.12,0,10709091.4,16929752.19,0,0,0,0,0,89348.3,12735789.84,CA,17,,,,,,1000,0,06/30/2026,281378.41,500
H6CA17216,"AGARWAL, ETHAN",C,1,DEM,"$832,856",0,562184.7,0,0,270670.96,0,16900,83000,0,83000,261678.96,732551.75,CA,17,,,,,,0,0,06/30/2026,9188.69,0
H6CA17224,"KATZ, MIKE",C,1,DEM,"$10,312",0,9866.86,0,0,445.14,0,0,0,0,0,5989.8,10312,CA,17,,,,,,0,0,06/30/2026,0,0
H0CA17193,"TANDON, RITESH",C,2,REP,"$37,653",0,36762.76,0,0,890.72,25,0,0,0,0,0,37628.48,CA,17,,,,,,0,0,06/30/2026,200,0
H4CA17310,"CHEN, ANITA S",C,2,REP,$950,0,2020.78,0,1070.78,0,0,0,0,0,0,0,950,CA,17,,,,,,0,0,03/03/2025,0,0
H2CA18171,"ACEVEDO-ARREGUIN, LUIS ANTONIO",C,1,DEM,"$18,369",0,15792.59,0,5918.38,8494.44,0,17868.65,0,0,0,32940.65,500,CA,18,,,,,,0,0,06/30/2026,0,0
H4CA16049,"LOFGREN, ZOE",I,1,DEM,"$1,721,916",173555.82,1318327.45,0,239752.35,643340.91,0,0,0,0,0,0,1105068.2,CA,18,,,,,,438200,612.99,06/30/2026,7208.43,2500
H4CA18136,"NIJMEH, CHARLENE CONCEPCION",C,1,DEM,"$166,359",0,166441.01,0,82.24,0,41872.16,0,0,40500,0,0,124486.61,CA,18,,,,,,0,0,06/27/2025,0,0
H2CA18163,"HERNANDEZ, PETER",C,2,REP,$0,0,1406.55,0,1413.33,6.78,0,0,0,0,0,2500,0,CA,18,,,,,,0,0,03/31/2025,0,0
H6CA18172,"LEWIS, SHANE",C,2,REP,"$60,180",0,56872.77,0,0,3307.35,152.4,41805.15,66.89,959,66.89,40225,14339.97,CA,18,,,,,,0,0,06/30/2026,2000,0
H6CA20152,"PANETTA, JIMMY",I,1,DEM,"$2,887,610",0,1492690.44,4000,3714638.61,5109557.79,0,0,0,0,0,0,1297933.47,CA,19,,,,,,1559106.8,0,06/30/2026,1917,0
H6CA19154,"VERBICA, PETER COE",C,2,REP,"$76,324",0,51642.41,0,0,24681.59,505,0,0,0,0,0,72319,CA,19,,,,,,3500,0,06/30/2026,0,0
H2CA23155,"WOOD, MARISA",C,1,DEM,$0,0,4634.17,0,4634.17,0,0,0,0,0,0,0,0,CA,20,,,,,,0,0,06/30/2025,0,0
H6CA20228,"VAN SCOTTER, SANDRA",C,1,DEM,"$17,086",0,16701.49,0,0,-2016.63,9906.96,0,0,0,0,0,7179.07,CA,20,,,,,,0,0,06/30/2026,0,0
H6CA20236,"ROPER, CAROL KRISTINA",C,1,DEM,"$124,465",0,124465.2,0,0,0,17037.2,100000,0,100000,0,0,7428,CA,20,,,,,,0,0,06/30/2026,0,0
H4CA20181,"FONG, VINCE",I,2,REP,"$1,849,356",114309.47,1434838.05,0,39231.4,453749.65,0,0,0,0,0,0,784599.97,CA,20,,,,,,894497.2,0,06/30/2026,9001,0
H6CA22125,"MCCARTHY, KEVIN",I,2,REP,"$616,512",344766.61,1741450.86,0,6235533.03,5110594.62,0,0,0,0,0,0,143.18,CA,20,,,,,,0,0,06/30/2026,-311.72,0
H0CA22110,"GARCIA, ERIC",C,1,DEM,$613,0,593.87,0,0,19.3,0,0,0,0,0,20910.5,610,CA,21,,,,,,0,0,06/30/2026,0,0
H4CA20082,"COSTA, JIM",I,1,DEM,"$1,338,630",12940.33,608733.94,0,208882.1,938778.5,0,0,0,0,0,0,527721.78,CA,21,,,,,,796717.37,0,06/30/2026,8147.09,2000
H2CA22215,"MAHER, MICHAEL A",C,2,REP,$235,0,33902.04,0,33667.04,0,0,0,0,0,0,10451.47,235,CA,21,,,,,,0,0,06/30/2026,0,0
H6CA13199,"KIRKLAND, KYLE",C,2,REP,"$338,971",0,321036.88,0,0,17933.93,127459.46,0,0,0,0,33141.41,211511.35,CA,21,,,,,,0,0,06/30/2026,7241.46,0
H6CA21234,"RIOS, LORENZO",C,2,REP,"$430,377",0,365623.89,0,0,64753.29,0,25000,0,0,0,54757.1,400359.48,CA,21,,,,,,4998,0,06/30/2026,7300,0
H2CA21233,"SALAS, RUDY",C,1,DEM,"$14,044",0,132702.04,0,206443.2,87785.5,0,0,0,0,0,0,7029.61,CA,22,,,,,,7000,0,06/30/2026,0,0
H6CA22190,"VILLEGAS, RANDY",C,1,DEM,"$2,645,560",57917.02,2073768.17,0,0,571792.32,0,0,0,0,0,0,2396295.54,CA,22,,,,,,190098.39,0,06/30/2026,14151.91,0
H6CA22208,"BAINS, JASMEET",C,1,DEM,"$1,578,782",18389.98,1493353.26,1026.56,0,85428.31,0,0,0,0,0,15000,1231333.37,CA,22,,,,,,245647.44,5000,06/30/2026,172590.17,0
H2CA20094,"VALADAO, DAVID",I,2,REP,"$4,927,602",1568869.04,1607549.91,0,45535.53,3365587.25,0,0,0,0,0,0,1423592.37,CA,22,,,,,,1911533.22,10000,06/30/2026,44079.12,2500
H2CA21183,"MATHYS, CHRIS",C,2,REP,$5,0,0.5,0,1807.9,1812.4,5,0,0,0,0,520926.79,0,CA,22,,,,,,0,0,06/30/2026,0,0
H2CA22199,"HENG, ELIZABETH",C,2,REP,$0,0,0,0,0,0,0,0,0,0,0,88725.88,0,CA,22,,,,,,0,0,06/30/2026,0,0
H8CA20059,"NUNES, DEVIN G.",I,2,REP,"$3,268,406",0,1168736.3,0,13448118.27,15547787.57,0,0,0,0,0,0,0,CA,22,,,,,,0,0,06/30/2026,0,0
H2CA08214,"MARSHALL, DEREK",C,1,DEM,"$1,901",0,5113.95,0,3213.25,0,0,0,0,0,0,6163.67,0,CA,23,,,,,,250,1500,03/31/2026,0,0
H2CA23163,"GILL, LOUIS",C,1,DEM,$0,0,179.7,0,900.12,720.42,0,0,0,0,0,0,0,CA,23,,,,,,0,0,06/30/2025,0,0
H6CA23230,"HODGE, TESSA LYNN",C,1,DEM,"$79,499",0,69261.97,0,0,10237.15,5310,3770.4,0,0,0,3770.4,70273.12,CA,23,,,,,,0,0,06/30/2026,0,0
H6CA23255,"CLAIBORNE, ALEXIS L",C,1,DEM,"$11,843",0,6340.78,0,0,2654.8,550,0,0,0,0,0,11292.88,CA,23,,,,,,0,0,12/31/2025,0,0
H6CA23263,"CHAKALIAN, PAUL",C,1,DEM,"$72,675",0,72674.73,0,0,0,16925.24,0,0,0,0,0,55249.49,CA,23,,,,,,500,0,01/29/2026,596,0
H6CA23305,"WALLIS, CHARLES PATRICK",C,1,DEM,"$63,684",0,63659.98,0,0,24.02,10757.95,3005,0,0,0,0,49771.05,CA,23,,,,,,0,0,06/23/2026,3580,0
H0CA08135,"OBERNOLTE, JAY",I,2,REP,"$1,455,868",60716.59,809485.78,0,997839.76,1644221.69,0,0,0,0,0,1125000,498759.83,CA,23,,,,,,863371.22,0,06/30/2026,7300,0
H6CA24303,"CARBAJAL, SALUD O.",I,1,DEM,"$1,650,355",0,910621.09,0,2643869.51,3383603.83,0,0,0,0,0,5415.73,1065070.44,CA,24,,,,,,571016.45,0,06/30/2026,18200.15,0
H6CA24352,"BACON, SARAH",C,1,DEM,"$41,865",0,36765.72,0,0,5099.69,36664.41,0,0,0,0,0,5201,CA,24,,,,,,0,0,06/30/2026,0,0
H2CA24229,"ALLEN, BRAD DR.",C,2,REP,"$1,740",0,1833.23,0,93.23,0,1740,0,0,0,0,0,0,CA,24,,,,,,0,0,03/27/2025,0,0
H4CA24191,"COLE, THOMAS DR",C,2,REP,$0,0,0,0,-13662.01,-13662.01,0,0,0,0,0,52038,0,CA,24,,,,,,0,0,03/31/2025,0,0
H6CA24345,"SMITH, ROBERT BOB J",C,2,REP,"$203,264",0,156136.18,0,0,47128.11,2492.38,20000,0,0,0,29373.18,169881.92,CA,24,,,,,,0,1285.76,06/30/2026,0,0
H2CA36439,"RUIZ, RAUL DR.",I,1,DEM,"$2,093,907",14000,1240151.98,0,1702739.4,2556494.44,0,0,0,0,0,0,1107923.8,CA,25,,,,,,969251.25,0,06/30/2026,3607.92,0
H0CA25097,"VALLADARES, SUZETTE MARTINEZ",C,2,REP,$0,0,0,0,1526.21,1526.21,0,0,0,0,0,20396.47,0,CA,25,,,,,,0,0,06/30/2026,0,0
H2CA25259,"THAKUR, ALBERT 'BURT'",C,2,REP,$0,0,0,0,749.61,749.61,0,0,0,0,0,6106,0,CA,25,,,,,,0,0,06/30/2026,0,0
H2CA36447,"REISS, JONATHAN",C,2,REP,$206,0,174.39,0,39.21,27.67,0,0,0,0,0,0,206.03,CA,25,,,,,,0,0,06/30/2026,0,0
H4CA25214,"TRUMAN, CECI",C,2,REP,"$325,141",0,326398.19,0,2607.89,1351.13,0,0,0,0,0,0,323536.62,CA,25,,,,,,0,0,06/30/2026,201,0
H4CA25222,"WEEKS, IAN",C,2,REP,$50,0,13307.71,0,13257.71,0,0,0,0,0,0,0,50,CA,25,,,,,,0,0,04/15/2025,0,0
H4CA25230,"CHAPA, MIGUEL",C,2,REP,$0,0,726.46,0,726.46,0,0,0,0,0,0,0,0,CA,25,,,,,,0,0,02/24/2025,0,0
H6CA25219,"MALES, JOE",C,2,REP,"$936,496",0,921649.38,0,0,14846.96,0,0,0,0,0,24963.55,880028.13,CA,25,,,,,,450,0,06/30/2026,1366,200
H2CA00120,"BROWNLEY, JULIA",I,1,DEM,"$593,205",0,647359.17,0,942357.13,888203.03,0,0,0,0,0,0,241264.54,CA,26,,,,,,310500,0,06/30/2026,34650,19000
H4CA26196,"ANSTEAD, CHRIS",C,1,DEM,"$4,529",0,4529.12,0,0,0,0,0,0,4529.12,0,0,0,CA,26,,,,,,0,0,05/16/2025,0,0
H6CA26266,"IRWIN, JACQUI V",O,1,DEM,"$822,382",0,526903.83,0,0,295478.48,0,0,0,0,0,0,651832.31,CA,26,,,,,,164050,0,06/30/2026,2200,0
H6CA26308,"ESPINOSA, CHRIS",O,1,DEM,"$131,351",0,131350.99,0,0,0,23176,0,0,0,0,0,107795.39,CA,26,,,,,,349,0,08/19/2026,112,0
H6CA26316,"DEVGAN-KACKER, SONIA DR",O,1,DEM,"$74,378",0,69742.56,0,0,-16662.65,2026,5740,0,0,0,5740,66612,CA,26,,,,,,0,0,06/30/2026,0,0
H4CA26162,"KOSLOW, MICHAEL S",O,2,REP,"$87,669",0,98980.45,0,11311.45,0,145,20000,0,0,0,0,67524,CA,26,,,,,,0,0,06/24/2026,551,0
H6CA26241,"GALLUCCI, SAMUEL",O,2,REP,"$377,078",0,343397.33,0,0,33680.61,55520.45,177000,0,52000,0,125000,144557.49,CA,26,,,,,,0,0,06/30/2026,0,0
H6CA26258,"SCOTT, WILLIAM",O,2,REP,"$25,891",0,4315.11,0,0,-33.82,15141.93,0,0,0,0,0,10749.42,CA,26,,,,,,0,0,06/30/2026,1,0
H4CA27111,"WHITESIDES, GEORGE",I,1,DEM,"$3,963,530",437133.9,1735346.94,0,326733.36,2554916.64,0,0,0,0,0,1310000,2806000.81,CA,27,,,,,,629087.62,6895.42,06/30/2026,53490.05,3500
H6CA27330,"NORWOOD, CALEB GABRIEL",C,1,DEM,$350,0,0,0,0,350,0,0,0,0,0,0,350,CA,27,,,,,,0,0,03/31/2026,0,0
H8CA27112,"WITT, BRYAN",C,1,DEM,$163,0,0,0,110.18,273.38,0,0,0,0,0,28500,0,CA,27,,,,,,0,0,06/30/2026,0,0
H0CA25105,"GARCIA, MICHAEL",I,2,REP,"$10,509",7029.61,60334.06,0,49856.09,0,0,0,0,0,0,0,478.25,CA,27,,,,,,0,0,12/31/2025,0,0
H6CA27306,"GIBBS, JASON",C,2,REP,"$379,440",2727.94,177562.84,0,0,201877.04,0,0,0,0,0,0,366711.94,CA,27,,,,,,10000,0,06/30/2026,1500,0
H6CA27314,"NEIDHART, DAVID",C,2,REP,$518,0,518.45,0,0,0,0,518.45,0,0,0,0,0,CA,27,,,,,,0,0,06/30/2026,0,0
H0CA32101,"CHU, JUDY",I,1,DEM,"$930,123",0,857831.85,0,3602004.95,3674296.35,0,0,0,0,0,0,550348.25,CA,28,,,,,,379775,0,06/30/2026,4950,4000
H6CA28189,"GONZALEZ, ROBERT THOMAS",C,1,DEM,$0,0,0,0,0,0,0,0,0,0,0,0,0,CA,28,,,,,,0,0,03/04/2026,0,0
H4CA28127,"VERLATO, APRIL",C,2,REP,$250,0,7882.46,0,7837.65,205.19,0,0,0,0,0,0,250,CA,28,,,,,,0,0,06/30/2026,0,0
H2CA28113,"CARDENAS, TONY",I,1,DEM,$32,0,39251.05,0,45909.21,6690.58,0,0,0,0,0,5676.3,0,CA,29,,,,,,0,0,06/30/2026,0,0
H4CA29141,"RIVAS, LUZ",I,1,DEM,"$670,678",0,557465.01,85000,264263.23,377476.23,0,0,0,0,0,0,311993.92,CA,29,,,,,,356789.68,0,06/30/2026,4506.76,0
H8CA29100,"DUENAS, ANGELICA MARIA",C,1,DEM,"$37,153",0,33707.28,0,-96.27,3349.48,0,0,0,0,0,0,37153.03,CA,29,,,,,,0,0,06/30/2026,0,0
H2CA28097,"HERNANDEZ, DAVID RAYMOND",C,2,REP,$0,0,0,0,3200,3200,0,0,0,0,0,12415.15,0,CA,29,,,,,,0,0,06/30/2026,0,0
H2CA29087,"CARRANZA, MARGARITA MARIA",C,2,REP,$0,0,0,0,235,235,0,0,0,0,0,0,0,CA,29,,,,,,0,0,04/15/2025,0,0
H0CA27085,"SCHIFF, ADAM",I,1,DEM,"$8,832,154",401447.13,4960719.67,0,6381026.62,10252461.04,0,0,0,0,0,0,7218132.59,CA,30,,,,,,69401,0,06/30/2026,123755.76,2900
H4CA30131,"MELVOIN, NICK",C,1,DEM,"$5,771",0,82542.03,0,212665.6,135894.17,0,0,0,0,0,1201.6,0,CA,30,,,,,,0,0,06/30/2026,0,0
H4CA30149,"FRIEDMAN, LAURA",I,1,DEM,"$827,895",0,655389.44,0,296748.24,469253.89,0,0,0,0,0,0,536826.25,CA,30,,,,,,286550,0,06/30/2026,1090,19000
H4CA30164,"SAVAGE, BEN",O,1,DEM,$80,0,950.74,0,870.74,0,0,0,0,0,0,719000,0,CA,30,,,,,,0,0,06/30/2026,0,0
H4CA30180,"PORTANTINO, ANTHONY",O,1,DEM,$143,0,5350,0,5464.01,257.01,0,0,0,-35500,0,50500,0,CA,30,,,,,,0,0,06/30/2026,36840,3810
H6CA30219,"HERMAN, LESTER",C,1,DEM,"$28,505",0,29035.55,0,735,204.45,0,28300,0,0,0,28300,205,CA,30,,,,,,0,0,03/31/2026,0,0
H6CA30268,"TENNYSON, CAMERON",C,1,DEM,"$12,659",0,12083.92,0,0,575.08,9225,999,0,0,0,999,2435,CA,30,,,,,,0,0,06/30/2026,0,0
H6CA30276,"LAVA, JOEL MR.",C,1,DEM,"$13,964",0,13455.6,0,0,0,215.16,100,0,24.75,0,0,13648.93,CA,30,,,,,,0,0,08/27/2026,0,0
H4CA30081,"KLEINMAN, PABLO",C,2,REP,$0,0,0,0,0,0,0,0,0,0,0,66030.72,0,CA,30,,,,,,0,0,06/30/2026,0,0
H4CA30230,"BALEKIAN, ALEX ARTO",O,2,REP,$952,0,5278.49,0,2819.41,0,0,0,0,0,0,757.33,952.21,CA,30,,,,,,0,0,06/30/2026,0,0
H6CA30201,"FEITOSA, DENNIS F.",C,2,REP,"$13,358",0,8632.41,0,0,219.88,0,0,0,0,0,0,13357.56,CA,30,,,,,,0,0,06/30/2026,0,0
H6CA30250,"MEYERS, SCOTT ALAN",C,2,REP,"$58,294",0,55677.87,0,0,2616.13,0,40000,0,0,0,40000,18294,CA,30,,,,,,0,0,06/30/2026,0,0
H4CA31055,"REYES, ELOISE GOMEZ",O,1,DEM,$0,0,0,0,1436.41,1436.41,0,0,0,0,0,119061.15,0,CA,31,,,,,,0,0,06/30/2026,0,0
H4CA31113,"ARCHULETA, BOB",O,1,DEM,"$2,500",0,3250,0,17461.03,16711.03,0,0,0,0,0,225000,0,CA,31,,,,,,2500,0,06/30/2026,0,0
H4CA31154,"RUBIO, SUSAN",O,1,DEM,$52,0,817.19,0,1636.21,871.51,0,0,0,0,0,14475.55,0,CA,31,,,,,,0,0,06/30/2026,0,0
H8CA34068,"NAPOLITANO, GRACE",I,1,DEM,$0,0,155169.4,0,223315.54,68146.14,0,0,0,0,0,0,0,CA,31,,,,,,0,0,06/30/2026,0,0
H8CA39174,"CISNEROS, GILBERT",C,1,DEM,"$705,263",0,485535.59,0,40075.83,259803.37,6616.31,0,0,0,0,5452550,240263.63,CA,31,,,,,,453650,0,06/30/2026,597.25,1000
H2CA31158,"GUTIERREZ, REX DALE ALEXANDER",C,2,REP,$0,0,1100,0,6411.27,5311.27,0,0,0,0,0,0,0,CA,31,,,,,,0,0,06/30/2026,0,0
H2CA39151,"CHING, ERIC J",C,2,REP,"$81,571",0,56898.6,0,40240.57,64913.3,0,0,0,0,0,0,81321.33,CA,31,,,,,,0,0,06/30/2026,0,0
H6CA31134,"FLYNN, SEAN",C,2,REP,$0,0,0,0,235.67,235.67,0,0,0,0,0,722882.32,0,CA,31,,,,,,0,0,06/30/2026,0,0
H0CA31087,"SOLIS, HILDA",I,1,DEM,"$14,845",0,69137.33,0,54542.15,0,0,0,0,0,0,0,0,CA,32,,,,,,0,0,09/30/2025,0,0
H0CA32333,"GONZALES, EMANUEL LAWRENCE MR",C,1,DEM,$0,0,0,0,129.03,0,0,0,0,0,0,0,0,CA,32,,,,,,0,0,06/30/2026,0,0
H2CA30275,"RHODES, AARIKA SAMONE",C,1,DEM,$0,0,26594.2,0,26594.2,0,0,0,0,0,0,0,0,CA,32,,,,,,0,0,03/15/2025,0,0
H4CA30123,"RAB, AEJAZ (RAJI)",C,1,DEM,$0,0,140,0,4556.38,4416.38,0,0,0,0,0,141611.25,0,CA,32,,,,,,0,0,06/30/2026,0,0
H4CA32145,"AHUJA, CHRISTOPHER",C,1,DEM,"$48,312",0,19429.53,0,2671,11524.2,0,0,0,0,0,2838.24,48311.64,CA,32,,,,,,0,0,07/20/2026,0,0
H6CA24113,"SHERMAN, BRAD",I,1,DEM,"$2,514,330",48283.11,3767794.41,0,3921944.7,2668479.97,0,0,0,0,0,264.92,1435452.56,CA,32,,,,,,703424,0,06/30/2026,5,5000
H6CA32173,"RAKOV, JAKE",C,1,DEM,"$583,940",0,583940,0,0,0,0,500000,0,352630.32,0,0,81439.8,CA,32,,,,,,2500,0,09/30/2025,11618,2500
H6CA32207,"LEVINE, JAKE",C,1,DEM,"$2,757,128",0,2756527.87,0,0,599.92,54436.46,750000,0,200000,0,0,1933641.84,CA,32,,,,,,18950,0,07/31/2026,300428.7,2000
H6CA32215,"BENAMI, DORY",C,1,DEM,"$57,209",0,48386.2,0,0,8822.47,1740,20000,0,0,0,20936.35,35369.55,CA,32,,,,,,0,0,06/30/2026,100,0
H6CA32223,"WILDING, ANNA",C,1,DEM,"$13,557",0,12782.97,0,0,773.66,11574.84,0,0,0,0,0,1881.79,CA,32,,,,,,100,0,06/30/2026,0,0
H6CA32231,"SAUTTER, JOSH",C,1,DEM,"$31,028",0,370.75,0,0,24990.11,0,0,0,0,0,0,31028,CA,32,,,,,,0,0,03/31/2026,0,0
H6CA32256,"LIN, MARENA",C,1,DEM,"$39,134",0,39134.22,0,0,0,11337.37,0,2500,2500,0,0,25296.85,CA,32,,,,,,0,0,06/30/2026,0,0
H4CA32137,"THOMPSON, LARRY",C,2,REP,"$34,316",0,32142.26,0,0,2174.08,8161.05,19291.29,0,0,0,19291.29,6864,CA,32,,,,,,0,0,06/30/2026,0,0
H2CA31125,"AGUILAR, PETE",I,1,DEM,"$4,722,835",508661.09,3914264.13,0,2649071.17,3457641.87,0,0,0,0,0,0,1908333.45,CA,33,,,,,,2091000.57,0,06/30/2026,17643.17,17800
H4CA33168,"MILLER, MATTHEW LOUIS",O,1,DEM,$0,0,511.18,0,511.18,0,0,0,0,0,0,0,0,CA,33,,,,,,0,0,03/31/2025,0,0
H6CA24048,"WAXMAN, HENRY A",C,1,DEM,"$11,775",0,8211.97,0,1580.9,1623.34,0,0,0,0,0,0,0,CA,33,,,,,,0,0,06/30/2026,0,0
H6CA33130,"CHRISTODOULOU, ANTONIS PANAGIOTIS",C,1,DEM,"$4,850",0,2161.08,0,0,2688.92,0,0,0,0,0,0,4850,CA,33,,,,,,0,0,05/13/2026,0,0
H0CA33216,"LIEW, SARAH SUN DR.",C,2,REP,$0,0,0,0,-57.93,0,0,0,0,0,0,0,0,CA,33,,,,,,0,0,06/30/2026,0,0
H2CA33246,"RICHTER, ERNEST",C,2,REP,"$27,888",0,28115.21,0,0,44.89,0,27887.77,0,1500,0,1121.8,0,CA,33,,,,,,0,0,06/30/2026,0,0
H4CA33135,"CARR, ELAN S.",O,2,REP,$0,0,0,0,0,0,0,0,0,0,0,11284.82,0,CA,33,,,,,,0,0,06/30/2026,0,0
H4CA33267,"HERMAN, THOMAS",C,2,REP,$0,0,48,0,1875.75,1827.75,0,0,0,0,0,0,0,CA,33,,,,,,0,0,03/31/2025,0,0
H6CA33122,"WEEMS, EUGENE LAMONTE",C,2,REP,"$54,877",0,52697.15,0,0,0,0,49876.97,0,0,0,49876.97,5000,CA,33,,,,,,0,0,08/18/2026,0,0
H2CA30143,"BECERRA, XAVIER",I,1,DEM,"-$88,621",0,1357734.97,0,1446362.04,6.09,0,0,0,0,0,0,0,CA,34,,,,,,0,0,06/30/2026,0,16200
H4CA34083,"KIM, DAVID",C,1,DEM,$0,0,10847.25,0,17197.86,-1277.99,0,0,0,0,0,0,0,CA,34,,,,,,0,0,09/02/2025,0,0
H6CA34286,"GONZALES-TORRES, ANGELA",C,1,DEM,"$228,724",0,184654.45,0,0,44069.58,0,0,0,0,0,23535,220881.53,CA,34,,,,,,7725,0,06/30/2026,355,0
H6CA34294,"LUCERO, ROB",C,1,DEM,"$183,358",0,183327.01,0,0,26.22,1565,18000,0,18000,0,26217.2,163323,CA,34,,,,,,0,0,06/30/2026,0,0
H6CA34302,"DIXON, ARTHUR",C,1,DEM,"$16,991",0,4500,0,0,12491,0,10000,0,0,0,10000,6991,CA,34,,,,,,0,0,03/31/2026,0,0
H8CA34258,"AHN, ROBERT LEE",O,1,DEM,$0,0,0,0,16.06,16.06,0,0,0,0,0,533998.24,0,CA,34,,,,,,0,0,06/30/2026,0,0
H8CA34266,"GOMEZ, JIMMY",I,1,DEM,"$1,175,128",1093.64,482161.47,0,88758.91,781725.64,0,0,0,0,0,76783.52,650566.75,CA,34,,,,,,521111.6,32.68,06/30/2026,250,1000
H4CA35031,"TORRES, NORMA",I,1,DEM,"$769,061",0,733128.45,0,303315.03,339247.17,0,0,0,0,0,889.07,268061.08,CA,35,,,,,,498820,0,06/30/2026,33,5000
H0CA35146,"CARGILE, MIKE",C,2,REP,"$4,759",0,2356.76,0,470.77,2873.01,0,0,0,0,0,12959.54,4759,CA,35,,,,,,0,0,06/30/2026,0,0
H4CA33119,"LIEU, TED",I,1,DEM,"$1,832,769",279106.02,1319376.98,4000,675006.75,1188398.69,0,0,0,0,0,27710.88,963243.7,CA,36,,,,,,570479.17,0,06/30/2026,7794.42,0
H6CA36216,"KNUDTSON, RUSTIN",C,1,DEM,"$12,500",0,0,0,0,12500,0,0,0,0,0,0,12500,CA,36,,,,,,0,0,05/13/2026,0,0
H6CA36232,"SHAMMA, MARIANNE",C,1,DEM,"$5,166",0,4490.88,0,0,674.85,0,0,0,0,0,0,5165.73,CA,36,,,,,,0,0,06/30/2026,0,0
H2CA00146,"TOOMIM, LEAH MELISSA",C,2,REP,"$30,989",0,38159.97,0,618.25,3637.75,200,6775,0,1191.9,0,6025,22951,CA,36,,,,,,0,0,06/30/2026,0,0
H2CA36496,"HAKAMI, ARIANA",C,2,REP,$160,0,453.61,0,293.61,0,0,0,0,0,0,0,160,CA,36,,,,,,0,0,03/31/2026,0,0
H6CA36208,"BRIGNANO, HOUSTON",C,2,REP,"$5,139",0,4337.84,0,0,801.29,0,0,0,0,0,772.77,5139.13,CA,36,,,,,,0,0,06/30/2026,0,0
H2CA37296,"LEE, DANIEL",O,1,DEM,$0,0,0,0,96.83,96.83,0,0,0,0,0,4986.71,0,CA,37,,,,,,0,0,06/30/2026,0,0
H2CA37304,"KAMLAGER-DOVE, SYDNEY",I,1,DEM,"$1,150,468",0,1026975.02,0,61997.98,185490.78,0,0,0,0,0,0,764659.72,CA,37,,,,,,383842.46,1392.15,06/30/2026,546.43,2500
H2CA37346,"SHURE, MICHAEL MR.",O,1,DEM,$0,0,0,0,9047.13,9047.13,0,0,0,0,0,51967,0,CA,37,,,,,,0,0,06/30/2026,0,0
H6CA37321,"LOMBARDO, TODD",C,1,DEM,"$89,461",0,86874.99,0,-294,2292.01,3000,20100,0,20100,0,0,62461,CA,37,,,,,,0,0,06/30/2026,3500,0
H6CA37339,"MOTA, SAMANTHA",C,1,DEM,"$9,934",0,8292.89,0,0,1633.97,6107.54,0,0,0,0,0,3826.32,CA,37,,,,,,0,0,09/30/2026,0,0
H6CA38121,"ADAMS-FALCONER, THOMAS MICHAEL JR.",C,1,DEM,"$33,529",0,31894.25,0,812.55,2447.23,0,0,0,0,0,38473.72,31028.7,CA,38,,,,,,0,0,12/31/2025,55,0
H6CA38139,"SOLIS, HILDA",C,1,DEM,"$1,049,534",0,895031.39,0,0,154502.78,0,0,0,0,0,177.7,858285.17,CA,38,,,,,,124249,0,06/30/2026,5750,0
H6CA38147,"SANCHEZ, MONICA DR.",C,1,DEM,"$191,194",0,191193.63,0,0,0,0,3000,0,1285.73,0,1714.27,183103.63,CA,38,,,,,,5040,0,06/30/2026,4450,0
H2CA43245,"TAKANO, MARK",I,1,DEM,"$893,848",8900.43,976794.27,100000,269169.88,186223.88,0,0,0,0,0,0,477989.83,CA,39,,,,,,404800,0,06/30/2026,19250,0
H4CA39066,"SERPA, DAVID",C,2,REP,$0,0,300,0,300,0,0,0,0,0,0,0,0,CA,39,,,,,,0,0,01/23/2025,0,0
H2CA33048,"ROYBAL-ALLARD, LUCILLE",I,1,DEM,$0,0,5271.48,0,5271.48,0,0,0,0,0,0,0,0,CA,40,,,,,,0,0,04/17/2025,0,0
H6CA40309,"VARET, ESTHER KIM",C,1,DEM,"$2,940,674",5428.8,2685985.64,0,0,254688.54,207000,385000,0,50000,0,524167.93,2293975.17,CA,40,,,,,,12500,0,06/30/2026,17539.47,0
H6CA40317,"KERR, JOSEPH",C,1,DEM,"$276,299",0,266403.22,0,0,9895.44,0,0,0,0,0,0,213748.66,CA,40,,,,,,62500,0,06/30/2026,171,5000
H6CA40325,"GAGNIER, CHRISTINA",C,1,DEM,"$606,523",0,584135.73,75000,0,22386.79,14919.33,54003,0,54003,0,0,534262.02,CA,40,,,,,,2500,0,06/30/2026,35888,0
H6CA40333,"SWIFT, PAULA WILLIAMS DR.",C,1,DEM,"$14,546",0,14545.76,0,0,0,0,250,0,250,0,0,14063.02,CA,40,,,,,,0,0,12/15/2025,50,0
H6CA40374,"MEADE, PERRY",C,1,DEM,"$276,079",0,228144.54,0,0,47934.73,0,0,0,0,0,0,275079.27,CA,40,,,,,,1000,0,06/30/2026,99025,0
H6CA40382,"RAMIREZ, LISA D",C,1,DEM,"$519,018",0,519018.36,0,0,0,84888.04,20000,0,20000,0,0,400800.21,CA,40,,,,,,11556.14,0,06/21/2026,19244,0
H6CA41299,"TATE, TIFFANIE DR.",C,1,DEM,"$66,421",0,66421.47,0,0,0,0,0,0,0,0,0,66421.47,CA,40,,,,,,0,0,03/31/2026,9000,0
H6CA41323,"KEISSIEH, CLAUDE MANUEL",C,1,DEM,"$34,100",0,34090,0,0,0,0,33100,0,0,0,33100,1000,CA,40,,,,,,0,0,06/02/2026,0,0
H2CA37023,"CALVERT, KEN",I,2,REP,"$6,142,469",2042006.13,4907603.65,0,262135.61,1497001.34,0,0,0,0,0,2370.5,2531302.28,CA,40,,,,,,1379327,0,06/30/2026,35399.3,0
H8CA39240,"KIM, YOUNG",I,2,REP,"$8,837,239",1579811.57,8893141.93,0,1737498.43,1680489.97,0,0,0,0,0,128454.76,5542006.35,CA,40,,,,,,1608260.48,10000,06/30/2026,154734.11,3000
H2CA39078,"SANCHEZ, LINDA",I,1,DEM,"$1,602,790",11526.51,1612831.35,0,425787.47,415745.67,0,0,0,0,0,12116.42,343262.38,CA,41,,,,,,1243176.38,32.68,06/30/2026,1517.5,11200
H2CA39086,"DE LA TORRE, HECTOR",C,1,DEM,"$619,832",0,574298.71,0,0,45533.29,0,0,0,0,0,63253.35,610332,CA,41,,,,,,9500,0,06/30/2026,3650,0
H2CA42205,"ROLLINS, WILL",C,1,DEM,"$57,230",0,92879.23,0,37399.12,1749.91,0,0,0,0,0,0,500,CA,41,,,,,,2000,0,06/30/2026,3550,0
H6CA41257,"BYORS, JASON",C,1,DEM,"$5,695",0,5695.24,693.19,0,0,1845.13,0,0,0,0,0,500,CA,41,,,,,,3350.11,0,12/31/2025,0,0
H6CA41273,"MYERS, TIM",C,1,DEM,"$178,089",0,178088.96,0,0,0,58646.85,41353.15,0,41353.15,0,0,78088.95,CA,41,,,,,,0,0,07/15/2025,35,0
H6CA41315,"ALEMAN, KATHERINE",C,1,DEM,"$204,218",0,204218.36,0,0,0,0,0,0,0,0,0,191468.36,CA,41,,,,,,12000,0,01/31/2026,4595,5000
H6CA41356,"WILLIAMS, SHONIQUE",C,1,DEM,"$66,077",0,56884.42,0,0,2119.04,0,40000,0,0,0,40000,26076.68,CA,41,,,,,,0,0,06/30/2026,0,0
H2CA38260,"CLEMMONS, MITCHELL",C,2,REP,"$1,709",0,49.56,0,0,1659.44,500,0,0,0,0,0,1209,CA,41,,,,,,0,0,06/30/2026,0,0
H6CA41182,"SHEPHERD, DOUG",C,2,REP,$0,0,0,0,0,0,0,0,0,0,0,176333.77,0,CA,41,,,,,,0,0,06/30/2026,0,0
H6CA41380,"CLEMMONS, MITCHELL LEE",C,2,REP,"$1,709",0,49.56,0,0,1659.44,500,0,0,0,0,0,1209,CA,41,,,,,,0,0,06/30/2026,0,0
H2CA42221,"SUMMERVILLE, WILLIAM M.",C,1,DEM,"$5,836",0,5836,0,39.51,39.51,0,0,0,0,0,5559.12,5836,CA,42,,,,,,0,0,06/30/2026,0,0
H2CA42247,"BELTRAN, JOAQUIN",C,1,DEM,$0,0,0,0,5183.91,5183.91,0,0,0,0,0,2985.66,0,CA,42,,,,,,0,0,06/30/2026,0,0
H2CA47188,"GARCIA, ROBERT",I,1,DEM,"$2,615,120",0,1646080.73,0,412427.9,1381467.45,0,0,0,0,0,0,1958611.91,CA,42,,,,,,625682.94,0,06/30/2026,1831.33,11500
H4CA42128,"BELTRAN, JOAQUIN",C,1,DEM,$0,0,0,0,463.64,463.64,0,0,0,0,0,3993,0,CA,42,,,,,,0,0,06/30/2026,0,0
H0CA48172,"BURLEY, BRIAN J MR.",C,2,REP,"$231,371",0,231639.1,0,5776.86,5508.52,0,186000,0,105000,0,132308.68,44856.86,CA,42,,,,,,0,0,06/30/2026,86,0
H4CA42136,"BRISCOE, JOHN",C,2,REP,$0,0,1705.24,0,1705.24,0,0,0,0,0,0,0,0,CA,42,,,,,,0,0,03/31/2025,0,0
H6CA42180,"BLOM, NOAH",C,2,REP,"$162,638",0,162638,0,0,0,0,0,0,0,0,0,162638,CA,42,,,,,,0,0,09/02/2026,13000,0
H4CA23011,"WATERS, MAXINE MS",I,1,DEM,"$863,683",0,710470.47,0,116456.48,269668.83,0,0,0,0,0,211525.15,338656.57,CA,43,,,,,,400500,0,06/30/2026,3892.5,0
H6CA43170,"RAHMAN, MYLA",C,1,DEM,"$15,770",0,13961.71,0,0,1808.29,110,0,0,0,0,7810,15660,CA,43,,,,,,0,0,06/30/2026,0,0
H2CA35100,"HALL, ISADORE III",C,1,DEM,$0,0,0,0,0,0,0,0,0,0,0,501802.11,0,CA,44,,,,,,0,0,06/30/2026,0,0
H6CA44103,"BARRAGAN, NANETTE",I,1,DEM,"$785,765",0,1178896.16,0,1481553.91,1088422.95,0,0,0,0,0,0,170768.62,CA,44,,,,,,606750,0,06/30/2026,100,0
H6CA44210,"ANGEL, GENEVIEVE",C,2,REP,"$13,898",0,5151.68,0,0,8746.29,0,3000,0,0,0,3000,10897.97,CA,44,,,,,,0,0,06/30/2026,0,0
H2CA39136,"CHEN, JAY",C,1,DEM,$26,0,0,0,5988.36,6014.61,0,0,0,0,0,0,0,CA,45,,,,,,0,0,06/30/2026,0,0
H2CA48095,"VARASTEH, RON",C,1,DEM,$0,0,111.43,0,3257.18,3145.75,0,0,0,0,0,100000,0,CA,45,,,,,,0,0,06/30/2026,0,0
H4CA45121,"NGUYEN, KIM",C,1,DEM,"$14,918",0,23699.61,0,8782.11,0,0,14794.89,0,0,0,0,25,CA,45,,,,,,0,0,10/10/2025,0,0
H4CA45139,"PAI, ADITYA",C,1,DEM,$0,0,0,0,1692.32,1692.32,0,0,0,0,0,6407.71,0,CA,45,,,,,,0,0,06/30/2026,0,0
H4CA45170,"TRAN, DEREK",I,1,DEM,"$4,981,277",317968.82,2051201.75,0,327322.79,3257397.68,0,0,0,0,0,25000,3582677.71,CA,45,,,,,,1103260.45,4178.8,06/30/2026,25168.06,10000
H8CA45189,"FORDE, BRIAN",C,1,DEM,$0,0,0,0,220761.93,220761.93,0,0,0,0,0,0,0,CA,45,,,,,,0,0,06/30/2026,0,0
H0CA48198,"STEEL, MICHELLE",C,2,REP,"$1,252,672",7934.26,2156133.07,0,903461.49,0,1131500,0,0,2060000,0,0,93068.04,CA,45,,,,,,2500,0,10/09/2025,2340.76,0
H6CA45159,"LEONARD, MARK ANDREW",C,2,REP,"$25,945",0,8144.78,0,0,17800.71,740.49,15000,0,0,0,18707.28,10205,CA,45,,,,,,0,0,06/30/2026,0,0
H6CA45167,"NGUYEN, CHI CHARLIE",C,2,REP,"$485,485",0,485485,0,0,0,0,0,0,0,0,0,480485,CA,45,,,,,,0,0,07/10/2026,34500,0
H6CA45183,"PHAN WEST, AMY",C,2,REP,"$59,400",0,55743.87,0,0,3655.91,1083,0,0,0,0,748.25,58316.78,CA,45,,,,,,0,0,06/30/2026,7500,0
H6CA45191,"VO, CHUONG",C,2,REP,"$495,763",0,420886.99,0,0,74875.85,0,0,10000,0,0,10000,468762.84,CA,45,,,,,,17000,0,06/30/2026,476.03,2000
H6CA45209,"KY-PHONG VO, THOMAS",C,2,REP,"$756,510",0,756510,0,0,0,0,720000,0,11824.72,0,0,36510,CA,45,,,,,,0,0,06/16/2026,1440,0
H6CA40366,"MENDEZ, CHRISTIAN",C,1,DEM,"$2,317",0,2282.5,0,0,34.9,1828.4,0,0,0,0,0,489,CA,46,,,,,,0,0,06/30/2026,0,0
H6CA46116,"CORREA, LOU",I,1,DEM,"$1,226,104",18815.92,613912.12,0,1867362.63,2479554.24,0,0,0,0,0,8131.5,417355.23,CA,46,,,,,,666282.74,0,06/30/2026,2071.43,0
H0CA45160,"GONZALES, CHRISTOPHER",C,2,REP,"$26,656",1024.71,9472,0,0,17184.04,0,5350.56,0,0,0,9267.39,20280.77,CA,46,,,,,,0,0,06/30/2026,0,0
H4CA46137,"PAN, DAVID",C,2,REP,"$80,726",0,77368.17,0,2879.98,6237.67,0,9000,0,0,0,33476.77,70667,CA,46,,,,,,250,0,06/30/2026,250,0
H2CA00104,"LOWENTHAL, ALAN",,1,DEM,$0,0,41818,0,112407.66,70589.66,0,0,0,0,0,0,0,CA,47,,,,,,0,0,06/30/2026,0,0
H4CA47085,"MIN, DAVE",I,1,DEM,"$3,381,161",183487.46,1664867.18,66025,173065.78,1889359.66,0,0,0,0,0,0,2584623.86,CA,47,,,,,,591029.23,8613.01,06/30/2026,26946.73,3500
H4CA47093,"JONES, DOM",O,1,DEM,$200,0,900,0,717.66,17.66,0,0,0,0,0,9405.56,0,CA,47,,,,,,0,0,06/30/2026,0,0
H4CA47119,"WEISS, JOANNA",O,1,DEM,"$2,464",0,2962.67,0,4163.23,3664.22,2463.66,0,0,0,0,238164,0,CA,47,,,,,,0,0,03/31/2026,-3300,0
H6CA47072,"MIRANDA, HUNTER GARCIA",C,1,DEM,"$20,603",0,19387.49,0,0,1215.05,0,0,0,0,0,0,20602.54,CA,47,,,,,,0,0,06/02/2026,0,0
H0CA47133,"MOUA, SOU",C,2,REP,$0,0,0,0,20.91,20.91,0,0,0,0,0,5700,0,CA,47,,,,,,0,0,06/30/2026,0,0
H2CA45125,"PHAN WEST, AMY",C,2,REP,$0,0,42.86,0,42.86,0,0,0,0,0,0,0,0,CA,47,,,,,,0,0,04/15/2026,0,0
H4CA36146,"HASHEMIEH, JULIA",C,2,REP,$0,0,0,0,0,0,0,0,0,0,0,0,0,CA,47,,,,,,0,0,06/16/2026,0,0
H6CA47064,"MAXSENTI, MICHAEL",C,2,REP,"$253,743",0,252908.75,0,0,0,95002,95000,0,95000,0,0,63740.82,CA,47,,,,,,0,0,06/30/2026,0,0
H6CA47114,"LE ROUX, JENNY RAE",C,2,REP,"$375,883",0,247350.6,0,0,128532.79,500,150000,0,0,0,157500,224597.42,CA,47,,,,,,0,0,06/30/2026,15041.02,0
H6CA47122,"BROUGH, BILL",C,2,REP,"$7,150",0,7125.31,0,0,25.15,167.24,0,0,0,0,4313,6958.2,CA,47,,,,,,0,0,06/30/2026,0,0
H6CA47130,"GONZALES, CHRISTOPHER J",C,2,REP,"$26,656",1024.71,9472,0,0,17184.04,0,5350.56,0,0,0,9267.39,20280.77,CA,47,,,,,,0,0,06/30/2026,0,0
H6CA48245,"BAUGH, SCOTT",O,2,REP,"$13,140",1763.97,39375.02,0,26234.66,0,0,0,0,0,0,0,748.33,CA,47,,,,,,0,0,06/30/2025,10861.43,0
H8CA47060,"CLIFFORD, DAVID",C,2,REP,$0,0,0,0,-2489.98,-2489.98,0,0,0,0,0,10823.57,0,CA,47,,,,,,0,0,12/31/2025,0,0
H2CA50174,"HOULAHAN, STEPHEN WILLIAM",C,1,DEM,$0,0,22.38,0,7946.98,7924.6,0,0,0,0,0,0,0,CA,48,,,,,,0,0,06/30/2026,0,0
H4CA48075,"SHANAHAN, WHITNEY",O,1,DEM,"$4,174",0,3080.51,0,196.19,1289.68,0,3100,0,0,0,3100,1074,CA,48,,,,,,0,0,06/30/2026,0,0
H6CA41224,"CHAVEZ, ABEL",O,1,DEM,"$472,665",0,461898.82,0,0,10765.79,210857,34862.43,2080.67,0,1736.67,44,221594.13,CA,48,,,,,,0,0,06/30/2026,0,0
H6CA41232,"PORTER, FERGUSON",O,1,DEM,"$62,492",0,40954.76,0,0,21537.63,0,3130,16799.39,0,0,16799.39,42563,CA,48,,,,,,0,0,09/30/2025,0,0
H6CA41265,"RIKER, BRANDON",O,1,DEM,"$2,265,170",0,2243945.3,0,0,21224.53,94125,1115060.2,0,0,0,1115060.2,1052468.58,CA,48,,,,,,2085,0,06/30/2026,125799.37,0
H6CA41281,"DIXIT, ANUJ",O,1,DEM,"$465,937",0,297521.85,0,0,168415.41,7000,0,0,0,0,0,436682.5,CA,48,,,,,,21000,0,06/30/2026,61536,0
H6CA48237,"SAVARY, SUZANNE JOYCE",C,1,DEM,$200,0,1300,0,3209.69,2109.69,0,0,0,0,0,8639.44,0,CA,48,,,,,,0,0,06/30/2026,0,0
H6CA48260,"MORRISON, CURTIS",O,1,DEM,"$35,553",0,35553,0,0,0,15746.5,0,0,0,0,0,19806.5,CA,48,,,,,,0,0,02/23/2026,0,0
H6CA48286,"TILL, SUZANNE MARIE DR.",O,1,DEM,"$6,854",0,6853.53,0,0,0,354.24,0,0,0,0,0,6499.29,CA,48,,,,,,0,0,12/04/2025,0,0
H6CA48310,"VON WILPERT, MARNI",O,1,DEM,"$2,174,872",43038.57,1349860.67,0,0,825011.58,1975,0,0,0,0,67000,1684545.71,CA,48,,,,,,441300,2034.86,06/30/2026,4538.91,5500
H6CA48336,"IANNARINO, MARC",O,1,DEM,"$45,314",0,45313.96,0,0,0,2800,0,0,0,0,0,40624,CA,48,,,,,,0,0,05/21/2026,1565,0
H6CA48344,"CONTRERAS, CORINNA",O,1,DEM,"$35,600",0,35599.93,0,0,0,3902.97,0,0,0,0,0,31592,CA,48,,,,,,0,0,06/30/2026,0,0
H8CA48100,"KOTICK, MICHAEL",C,1,DEM,$0,0,675,0,2519,1844,0,0,0,0,0,202525,0,CA,48,,,,,,0,0,06/30/2026,0,0
H8CA50098,"CAMPA-NAJJAR, AMMAR",O,1,DEM,"$4,772",0,4832.15,0,60.26,0,4771.89,0,0,0,0,0,0,CA,48,,,,,,0,0,02/18/2025,0,0
H0CA48024,"ISSA, DARRELL",I,2,REP,"$2,090,221",501710.34,1019227.41,0,1644616.32,2715609.93,0,0,0,56705.82,0,5024682.17,775227.24,CA,48,,,,,,387700,0,06/30/2026,227094,48500
H6CA49128,"DESMOND, JIM",O,2,REP,"$2,258,836",89258.43,1028804.49,0,0,1230031.32,0,0,0,0,0,7170,2024358.38,CA,48,,,,,,145099,0,06/30/2026,34481.31,0
H6CA49136,"ARELLANO, JULIAN",C,1,DEM,"$3,262",0,2245.68,0,0,250,0,0,0,0,0,0,3220.65,CA,49,,,,,,0,41.5,12/31/2025,0,0
H8CA49058,"LEVIN, MIKE",I,1,DEM,"$3,164,023",182129.55,2015523.36,0,269736.98,1418236.98,0,0,0,0,0,0,2555546.84,CA,49,,,,,,391098,1686.55,06/30/2026,25318.06,1000
H2CA49267,"BARTLETT, LISA",C,2,REP,"$11,879",0,8309.27,0,151.65,3721.65,3979.27,0,0,0,0,152902.36,7900,CA,49,,,,,,0,0,06/30/2026,0,0
H4CA49149,"GUNDERSON, MATT",C,2,REP,"$12,358",5647.03,48283.44,3702.03,36633.26,708.26,0,3000,0,10046.44,0,3202289.56,520.51,CA,49,,,,,,0,0,06/30/2026,0,0
H4CA49156,"MONROE, KATE M",C,2,REP,$0,0,0,0,34.41,34.41,0,0,0,0,0,105929.45,0,CA,49,,,,,,0,0,06/30/2026,0,0
H6CA49169,"KURDIAN, ARMEN",C,2,REP,"$58,784",0,40867.3,0,0,17916.43,0,13613.16,0,0,0,28967.31,42017.17,CA,49,,,,,,1000,0,06/30/2026,0,0
H8CA49108,"MARYOTT, BRIAN L MR",C,2,REP,"$7,600",0,7423.57,0,57.14,233.57,7000,0,0,0,0,1626330.53,0,CA,49,,,,,,0,0,06/30/2026,0,0
H0CA52091,"RYANS, JERLILIA MS.",O,1,DEM,"$58,000",0,59601.25,0,0,18076.94,0,0,58000,0,0,58000,0,CA,50,,,,,,0,0,06/30/2026,0,0
H2CA50190,"BILASH, TIMOTHY DANIEL DR. M.D.",C,1,DEM,"$4,704",0,4892.13,0,469.67,112.42,3452,470,0,0,0,0,172,CA,50,,,,,,0,0,07/15/2026,0,0
H2CA52089,"PETERS, SCOTT",I,1,DEM,"$1,810,961",320659.75,1363206.09,0,2150520.81,2598275.74,1641.43,0,0,0,0,170760.12,335980.15,CA,50,,,,,,1066750,0,06/30/2026,4155,1000
H6CA50258,"MALLOY, JEFFREY",C,1,DEM,$0,0,0,0,41.61,41.61,0,0,0,0,0,10236.33,0,CA,50,,,,,,0,0,06/30/2026,0,0
H6CA50290,"MITRA, AISHWARYA",C,1,DEM,"$16,970",0,13622.27,0,0,3347.34,0,3064.26,0,0,0,3064.26,13905.35,CA,50,,,,,,0,0,06/30/2026,0,0
H6CA50308,"ARNOUS, HATIM",C,1,DEM,$95,0,233.66,0,176.07,37.41,0,0,0,0,0,446.4,95,CA,50,,,,,,0,0,06/30/2026,0,0
H8CA49074,"JACOBS, SARA",I,1,DEM,"$1,639,893",83500,1447813.19,0,77372.16,269452.28,929346.65,0,0,0,0,350000,414676.44,CA,51,,,,,,207250,0,06/30/2026,4646,1250
H2CA53038,"WELLS, BILL D.",C,2,REP,$0,0,18876.52,0,18876.52,0,0,0,0,0,0,0,0,CA,51,,,,,,0,0,01/27/2025,0,0
H0CA34115,"MOTIWALLA, FRANCES YASMEEN",C,1,DEM,"$5,361",0,739.22,0,0,4621.94,0,0,0,0,0,6160.29,5361.16,CA,52,,,,,,0,0,06/30/2026,0,0
H2CA50026,"VARGAS, JUAN C.",I,1,DEM,"$568,520",0,495684.42,0,90840.64,163675.89,0,0,0,0,0,0,136002.51,CA,52,,,,,,431200,0,06/30/2026,1000,0
H6CA52163,"BELLE, JEFFERY MR",C,2,REP,"$25,498",0,24134.18,0,0,1363.92,0,0,7000,0,0,7000,18498.1,CA,52,,,,,,0,0,06/30/2026,0,0
H0CA53180,"KUTNER, ERIC ROGER",O,1,DEM,$0,0,0,0,4186.29,4186.29,0,0,0,0,0,11.09,0,CA,53,,,,,,0,0,06/30/2026,0,0
H0CO01136,"DURAN, CRISANTA DESIRAE",C,1,DEM,$0,0,609,0,51115.67,47043.58,0,0,0,0,0,0,0,CO,1,,,,,,0,0,06/30/2026,0,0
H6CO01141,"DEGETTE, DIANA L",I,1,DEM,"$1,671,531",0,1650611.03,0,269469.18,290388.74,0,0,0,0,0,0,679808.27,CO,1,,,,,,987000.01,19.55,06/30/2026,320,2500
H6CO01273,"KIROS, MELAT",C,1,DEM,"$1,091,198",0,964791.79,0,0,126406.35,3853.08,1100,0,0,0,1100,1042236.67,CO,1,,,,,,26890.28,0,06/30/2026,1333.26,0
H6CO01299,"JAMES, WANDA",C,1,DEM,"$299,970",0,266040.31,0,0,33929.19,0,18000,0,0,0,54058.7,280519.5,CO,1,,,,,,1300,0,06/30/2026,455,0
H6CO01307,"PALOMINO, SANTIAGO EMMANUEL",C,1,DEM,"$6,637",0,6009.47,0,0,-4066.55,417.37,0,0,0,0,0,6220,CO,1,,,,,,0,0,06/30/2026,0,0
H4CO01161,"ARCHULETA, VALDAMAR",C,2,REP,$0,0,1839.06,0,2100.61,0,0,0,0,0,0,0,0,CO,1,,,,,,0,0,12/31/2025,0,0
H6CO01331,"PETERSON, CHRISTY",C,2,REP,"$2,057",0,354.16,0,0,1702.79,0,0,0,0,0,0,1906.95,CO,1,,,,,,0,150,06/30/2026,0,0
H8CO02160,"NEGUSE, JOSEPH",I,1,DEM,"$2,742,281",177375,1640259.63,0,1990897.22,3092918.11,0,0,0,0,0,0,1556318.19,CO,2,,,,,,982360,1392.16,06/30/2026,10556.61,3500
H8CO02228,"LARSEN, KRISTOPHER WILLIAM DR.",O,1,DEM,$0,0,0,0,9407.87,9407.87,0,0,0,0,0,0,0,CO,2,,,,,,0,0,06/30/2026,0,0
H2CO02205,"DAWSON, MARSHALL",C,2,REP,$0,0,7374.73,0,7374.73,0,0,0,0,0,0,0,0,CO,2,,,,,,0,0,06/08/2026,0,0
H2CO03211,"DONOVAN, KERRY",C,1,DEM,$0,0,4200,0,368527.92,364327.92,0,0,0,0,0,0,0,CO,3,,,,,,0,0,06/30/2026,0,0
H6CO03212,"KELLOFF, ALEXANDER GEORGE",C,1,DEM,"$1,296,968",0,1125023.8,0,0,171626.01,0,625000,0,0,0,671219.14,666660.18,CO,3,,,,,,5000,0,06/30/2026,1282,0
H6CO03253,"ROMERO, DWAYNE",C,1,DEM,"$716,576",0,632367.47,0,0,84208.21,0,350000,0,0,0,350000,354446.68,CO,3,,,,,,12000,0,06/30/2026,0,0
H4CO03357,"HURD, JEFFREY",I,2,REP,"$3,552,599",1051188.32,1800885.39,0,9135.5,1760849.14,0,0,0,0,0,0,1900425.04,CO,3,,,,,,568600.55,50,06/30/2026,5719.16,0
H4CO03407,"HANKS, RON",O,2,REP,"$24,821",0,13123.4,0,490.07,12187.23,0,9240.56,0,0,0,9240.56,15580,CO,3,,,,,,0,0,06/30/2026,0,0
H4CO03464,"WEBB, LEW",O,2,REP,$500,0,500,0,369.07,369.07,500,0,0,0,0,162000,0,CO,3,,,,,,0,0,06/30/2026,0,0
H6CO03139,"TIPTON, SCOTT R.",I,2,REP,$0,0,44325.5,0,308729.59,264404.09,0,0,0,0,0,0,0,CO,3,,,,,,0,0,06/30/2026,0,0
H6CO03238,"SCHEPPELMAN, HOPE G",C,2,REP,"$256,959",0,132022.21,0,0,124937.09,100,120000,0,0,0,120000,135509.3,CO,3,,,,,,1000,350,06/30/2026,0,0
H6CO03279,"HANKS, RON",C,2,REP,"$24,821",0,12633.33,0,0,12187.23,0,9240.56,0,0,0,9240.56,15580,CO,3,,,,,,0,0,06/30/2026,0,0
H0CO04197,"MCCORKLE, ISAAC IAN",O,1,DEM,$0,0,9572,0,9382.64,-189.36,0,0,0,0,0,0,0,CO,4,,,,,,0,0,07/17/2026,0,0
H4CO04165,"PADORA, JOHN J JR.",C,1,DEM,"$93,970",0,90185.35,0,3546.76,7331.2,0,244.33,0,244.33,0,16116,92225.46,CO,4,,,,,,0,0,06/30/2026,0,0
H4CO04173,"BRESLIN, KAREN R",O,1,DEM,"$6,973",0,6972.5,0,164.4,164.4,6972.5,0,0,0,0,6725,0,CO,4,,,,,,0,0,01/31/2025,0,0
H6CO04194,"MADDOX, MICHAEL KURTIS",C,1,DEM,$0,0,0,0,0,0,0,0,0,0,0,0,0,CO,4,,,,,,0,0,05/20/2025,0,0
H6CO04202,"LAUBACHER, EILEEN",C,1,DEM,"$10,349,940",0,6739030.72,0,0,3610909.46,0,0,0,0,0,0,10327015.55,CO,4,,,,,,17510,0,06/30/2026,63996.35,2500
H6CO04228,"PRESTON, JENNA MICHALIK",C,1,DEM,"$100,509",0,100508.68,0,0,0,4717.06,0,0,0,0,0,94791.62,CO,4,,,,,,1000,0,08/15/2026,1645,0
H0CO03165,"BOEBERT, LAUREN",I,2,REP,"$1,010,297",76282.12,922240.37,0,159145.05,247201.84,0,0,0,0,0,0,797123.63,CO,4,,,,,,130500,0,06/30/2026,0,0
H4CO04298,"PHELEN, CHRISTOPHER DAVID",O,2,REP,$0,0,3868.72,0,3868.72,0,0,0,0,3868.72,0,37702.94,0,CO,4,,,,,,0,0,06/30/2026,0,0
H4CO04348,"LOPEZ, GREG",I,2,REP,$0,0,0,0,0,-3408.15,0,0,0,0,0,0,0,CO,4,,,,,,0,0,12/18/2025,0,0
H4CO05105,"GASSEN, RIVER",C,1,DEM,$0,0,0,0,0.38,0.38,0,0,0,0,0,0,0,CO,5,,,,,,0,0,02/04/2025,0,0
H4CO05139,"REAGAN, JOSEPH F",C,1,DEM,"$288,793",0,269618.22,0,7468.67,26643.15,900,145000,0,0,0,150100,142892.7,CO,5,,,,,,0,0,06/30/2026,0,0
H4CO05170,"EDGAR, JOHN ROBERT",O,1,DEM,$0,0,0,0,10170.16,10170.16,0,0,0,0,0,38805.84,0,CO,5,,,,,,0,0,12/31/2025,0,0
H6CO05308,"HOROWITZ, ZURIT ZURIEL",C,1,DEM,"$31,169",0,31288.31,0,0,-119.42,259.8,302.09,0,1288,0,-985.91,30607,CO,5,,,,,,0,0,06/30/2026,143,0
H6CO05316,"SMITH, JAMEY LEE",C,1,DEM,"$50,311",0,38494.73,0,0,11816.26,1709.95,1726.29,0,1726.29,0,0,46874.75,CO,5,,,,,,0,0,06/30/2026,0,0
H6CO05324,"KILLIN, JESSICA WILLOW",C,1,DEM,"$3,143,744",18000,1551101.76,0,0,1592642.36,632433,0,0,0,0,0,2221080.26,CO,5,,,,,,264355.92,4989.22,06/30/2026,18916.07,0
H6CO05332,"CAVANAUGH, MATTHEW",C,1,DEM,"$164,829",0,164231.28,0,0,37641.25,298.89,26771,0,0,0,26771,130758.77,CO,5,,,,,,7000,0,06/30/2026,34500,0
H2CO05216,"WILLIAMS, DAVID",O,2,REP,$2,0,0,0,13270.02,13271.53,0,0,0,0,0,158005.39,1.51,CO,5,,,,,,0,0,06/30/2026,0,0
H4CO05162,"GARDNER, ROBERT STEWART",O,2,REP,$0,0,5602.92,0,5602.92,0,0,0,0,5602.92,0,0,0,CO,5,,,,,,0,0,09/30/2025,0,0
H6CO05142,"CRANK, JEFF",I,2,REP,"$2,177,288",425550.69,778792.52,1123.22,66553.14,1465048.38,0,0,0,0,0,0,893034.34,CO,5,,,,,,837000,0,06/30/2026,1850.11,2000
H2CO00035,"HANEY, PERRY",C,1,DEM,$0,0,0,0,0,0,0,0,0,0,0,168500,0,CO,6,,,,,,0,0,06/30/2026,0,0
H6CO08070,"SHELBY, DYLAN J",C,1,DEM,$103,0,103.3,0,0,0,25,68.3,0,0,0,33.7,10,CO,6,,,,,,0,0,06/30/2026,0,0
H8CO06229,"CROW, JASON",I,1,DEM,"$3,177,447",68000,2217842.31,600,1748293.87,2707898.98,0,0,0,0,0,0,2852189.98,CO,6,,,,,,207750,800,06/30/2026,16341.47,0
H6CO06157,"TEWAHADE, BEMELEKOT W",C,2,REP,"$39,765",0,30828.77,0,0,8936.3,0,30000,0,0,0,30000,9765.07,CO,6,,,,,,0,0,06/30/2026,0,0
H8CO06153,"ARMSTRONG, WILLIAM L III",O,2,REP,$0,0,295.07,0,295.07,0,0,0,0,0,0,250000,0,CO,6,,,,,,0,0,06/17/2025,0,0
H8CO07045,"PETTERSEN, BRITTANY LOUISE",I,1,DEM,"$1,866,765",0,1322309.86,0,560932.23,1105387.56,0,0,0,0,0,0,837257.59,CO,7,,,,,,997205.47,0,06/30/2026,2160.34,5000
H8CO07078,"MORENO, DOMINICK",C,1,DEM,$0,0,0,0,0,12286.3,0,0,0,0,0,0,0,CO,7,,,,,,0,0,06/30/2026,0,0
H4CO07085,"MATVEYUK, SERGEI",C,2,REP,$0,0,11283.1,0,11283.1,0,0,0,0,0,0,0,0,CO,7,,,,,,0,0,12/31/2025,0,0
H6CO07122,"BENNETT, TIMOTHY",C,2,REP,"$63,306",0,61980.91,0,0,1325.42,0,29800,0,9800,0,20000,25165.4,CO,7,,,,,,999,0,06/30/2026,80,0
H2CO08020,"CARAVEO, YADIRA",C,1,DEM,"$259,154",0,263499.63,0,4345.26,0,0,0,0,0,0,0,193857.61,CO,8,,,,,,6500,0,06/09/2026,13445.27,0
H2CO08038,"TEDESCO, CHAZ",O,1,DEM,$0,0,1752,0,21186.22,19434.22,0,0,0,0,0,44007.85,0,CO,8,,,,,,0,0,06/30/2026,0,0
H6CO08013,"RUTINEL, MANNY",C,1,DEM,"$4,336,988",18350.2,3735755.52,0,0,601232.01,0,0,0,0,0,0,4220418.5,CO,8,,,,,,92650,0,06/30/2026,63898,850
H6CO08047,"BIRD, SHANNON KATHLEEN",C,1,DEM,"$2,345,253",0,2115075.02,0,0,230177.94,0,0,0,0,0,0,2179972.79,CO,8,,,,,,165100,0,06/30/2026,11126,200
H6CO08054,"YOUNG, DAVID L.",C,1,DEM,"$196,586",0,182010.65,0,0,14575.62,233.86,0,0,0,0,0,195320.41,CO,8,,,,,,150,0,06/30/2026,75,0
H6CO08062,"BACA-OEHLERT, AMIE",C,1,DEM,"$134,648",0,120508.64,0,0,14139.14,0,0,0,0,0,0,124247.78,CO,8,,,,,,10000,0,06/30/2026,105,0
H6CO08088,"MUNSING, EVAN",C,1,DEM,"$623,140",0,617844.67,0,0,5294.87,0,0,0,0,0,0,604980.76,CO,8,,,,,,13000,0,06/30/2026,79902,0
H6CO08120,"HASSLER, DANIEL SHANE MR",C,1,DEM,"$5,624",0,5623.62,0,0,0,0,1455.02,0,1036.67,0,0,4168.6,CO,8,,,,,,0,0,03/31/2026,0,0
H4CO08018,"JAMES, SCOTT",C,2,REP,$0,0,100,0,100,0,0,0,0,0,0,0,0,CO,8,,,,,,0,0,06/30/2025,0,0
H4CO08034,"EVANS, TIMOTHY GABRIEL JOSEPH",I,2,REP,"$5,393,673",1786381.76,1588203.24,0,74992.39,3880462.51,0,0,0,0,0,154186.05,2098932.57,CO,8,,,,,,1422927,5000,06/30/2026,34825.16,1000
H6CO08138,"DERITO, ADAM",C,2,REP,"$29,317",0,26272.9,0,0,3043.71,0,19451.62,0,0,0,19451.62,9864.99,CO,8,,,,,,0,0,06/30/2026,0,0
H6CT01180,"FORTUNE, RUTH R.",C,1,DEM,"$106,849",0,85466.04,0,0,21382.97,25168.81,0,0,0,0,0,81680.2,CT,1,,,,,,0,0,07/22/2026,0,0
H6CT01198,"PERRY, JACK",C,1,DEM,"$532,427",0,532426.9,0,0,0,0,500000,0,379734.45,0,120265.55,32426.9,CT,1,,,,,,0,0,12/31/2025,0,0
H6CT01206,"BRONIN, LUKE",C,1,DEM,"$3,070,151",0,2469256.6,0,0,600894.34,0,0,0,0,0,0,3047349.99,CT,1,,,,,,22500,0,07/22/2026,8345.49,0
H6CT01222,"GILCHREST, JILLIAN",C,1,DEM,"$163,909",0,129364.96,0,0,34543.95,7107.87,0,0,0,0,0,151760.03,CT,1,,,,,,5000,0,07/22/2026,0,0
H8CT01046,"LARSON, JOHN B",I,1,DEM,"$2,733,260",0,2172086.41,0,248729.25,809902.73,0,0,0,0,0,11992.27,1478168.64,CT,1,,,,,,1233437.51,0,07/22/2026,9495,6000
H0CT01134,"GRIFFIN, JAMES LEONARD",C,2,REP,$0,0,378.25,0,378.25,0,0,0,0,0,0,12828,0,CT,1,,,,,,0,0,06/30/2026,0,0
H2CT03102,"CHAI, AMY FOGELSTROM DR",C,2,REP,"$20,827",0,16227.42,0,0,344.43,700,16035.81,0,0,0,0,4069.43,CT,1,,,,,,0,0,06/30/2026,0,0
H8CT01111,"VISCONTI, JOSEPH B",C,2,REP,$0,0,0,0,0,0,0,0,0,0,0,0,0,CT,1,,,,,,0,0,06/30/2026,0,0
H2CT02112,"COURTNEY, JOSEPH",I,1,DEM,"$760,424",0,508302.32,0,351111.5,603233.57,0,0,0,0,0,0,323038.81,CT,2,,,,,,433000,0,06/30/2026,800,1000
H6CT02188,"GAUCK, KYLE",C,1,DEM,"$22,593",0,21011.14,0,0,27.26,6997.32,0,0,0,0,0,12596.11,CT,2,,,,,,0,0,07/11/2026,0,0
H2CT02161,"FRANCE, MIKE",C,2,REP,"$70,790",0,70790.38,0,0,0,0,2500,0,0,0,0,57120.04,CT,2,,,,,,7000,0,06/30/2026,3500,3500
H6CT02196,"AUSTIN, GEORGE PATRICK",C,2,REP,"$283,997",0,84046.3,0,0,199950.7,0,240000,0,0,0,240000,35397,CT,2,,,,,,1000,2600,06/30/2026,0,0
H6CT02212,"RANDALL, SEAN",C,2,REP,$0,0,0,0,0,0,0,0,0,0,0,0,0,CT,2,,,,,,0,0,11/19/2025,0,0
H0CT03072,"DELAURO, ROSA L",I,1,DEM,"$1,152,007",86400,1028036.22,0,225448.09,349418.43,0,0,0,0,0,0,518586.55,CT,3,,,,,,520762.12,0,06/30/2026,10833,0
H6CT03186,"DENOBLE, DAMJAN",C,1,DEM,"$11,468",0,4245.25,0,0,55,120,6323.11,0,0,0,0,5025,CT,3,,,,,,0,0,03/31/2026,0,0
H6CT03178,"LANCIA, CHRISTOPHER JOHN MR.",C,2,REP,"$14,649",0,4445.79,0,0,4028,1000,0,0,0,0,0,13648.55,CT,3,,,,,,0,0,06/30/2026,0,0
H8CT04172,"HIMES, JIM",I,1,DEM,"$1,379,560",0,968702.17,0,2106818.46,2517676.77,0,0,0,0,0,0,416581.56,CT,4,,,,,,830500,0,06/30/2026,3770,0
H4CT04189,"MIRESSI, DAN",C,2,REP,"$10,722",0,10491.65,0,0,-1402.76,645.31,0,0,0,0,0,10076.54,CT,4,,,,,,0,0,07/22/2026,0,0
H6CT04143,"GOLDSTEIN, MICHAEL",C,2,REP,"$46,809",0,5767.52,0,0,41041.88,0,25000,0,0,0,29518.32,21809.4,CT,4,,,,,,0,0,07/22/2026,0,0
H6CT04150,"MIRESSI, DANIEL",C,2,REP,"$10,722",0,10491.65,0,0,-1402.76,645.31,0,0,0,0,0,10076.54,CT,4,,,,,,0,0,07/22/2026,0,0
H6CT04176,"BUENO, LUZ HELENA",C,2,REP,$701,0,700.68,0,0,0,700.68,0,0,0,0,0,0,CT,4,,,,,,0,0,07/14/2026,0,0
H2CT05123,"ROBERTI, DANIEL FRANCIS",O,1,DEM,"$1,970",0,2040,0,165.87,95.87,1970,0,0,0,0,458211.74,0,CT,5,,,,,,0,0,06/30/2026,0,0
H2CT05131,"ESTY, ELIZABETH",I,1,DEM,$0,0,14942.12,0,522430.94,507488.82,0,0,0,0,0,0,0,CT,5,,,,,,0,0,06/30/2026,0,0
H8CT05195,"GLASSMAN, MARY",O,1,DEM,$0,0,539.1,0,13976.83,13437.73,0,0,0,0,0,81097.88,0,CT,5,,,,,,0,0,06/30/2026,0,0
H8CT05245,"HAYES, JAHANA",I,1,DEM,"$1,290,078",95284.49,728471,0,522551.02,1084158.01,0,0,0,0,0,0,610502.93,CT,5,,,,,,574370,3985.1,06/30/2026,4088.89,5000
H8CT05252,"KULA, SHANNON",O,1,DEM,$0,0,885.83,0,885.83,0,0,0,0,0,0,71300,0,CT,5,,,,,,0,0,06/30/2025,0,0
H2CT05222,"LOGAN, GEORGE S",C,2,REP,"$4,173",4173.03,17303.51,0,13130.48,0,0,0,0,0,0,0,0,CT,5,,,,,,0,0,05/01/2025,4064.64,0
H2CT05230,"BOTELHO, MICHELE",C,2,REP,"$56,497",0,51015.26,0,-5481.45,0,31891.71,0,0,0,0,0,24605,CT,5,,,,,,0,0,06/05/2026,0,0
H6CT05223,"DE BARROS, JONATHAN",C,2,REP,"$24,700",0,17455.1,0,0,7034.49,147.15,0,0,0,0,0,24552.4,CT,5,,,,,,0,0,07/22/2026,0,0
H6CT05231,"SHEA, CHRIS",C,2,REP,"$311,676",31589.06,166058.99,0,0,145616.83,600,0,0,0,0,31450.03,265539.48,CT,5,,,,,,13947.28,0,07/22/2026,430.42,0
H6CT05256,"BUCCIARELLI, JOHN ANTHONY III",C,2,REP,$500,0,550,0,0,-50,0,0,0,0,0,0,500,CT,5,,,,,,0,0,06/30/2026,550,0
H0DC00058,"NORTON, ELEANOR HOLMES",I,1,DEM,"$53,775",0,86859.94,0,33085.14,0,0,40000,0,0,0,90000,1774.8,DC,0,,,,,,12000,0,01/25/2026,0,0
H2DC01029,"WILLIAMS, KELLY",O,1,DEM,"$3,962,768",0,1841.24,0,0,3959482.76,0,0,0,0,0,0,3962768,DC,0,,,,,,0,0,03/31/2026,0,0
H6DC00170,"ZALESNE, KINNEY",O,1,DEM,"$824,581",0,679504.78,0,0,145076.02,100,95000,0,0,0,95000,722130.8,DC,0,,,,,,7350,0,06/30/2026,8600,0
H6DC00196,"PINTO, BROOKE",O,1,DEM,"$1,653,560",0,1578955.44,0,0,74604.31,10344.4,100000,0,0,0,100000,1482180.57,DC,0,,,,,,13500,0,06/30/2026,111859.42,0
H6DC01038,"CHAFFIN, GORDON",O,1,DEM,"$35,065",0,35065.26,0,0,0,0,31058.17,0,0,0,31058.17,3520,DC,0,,,,,,0,0,07/15/2026,0,0
H6DC01053,"MATTHEWS, ROBERT",O,1,DEM,"$49,078",0,430.52,0,0,48647.48,0,42000,0,0,0,42000,7078,DC,0,,,,,,0,0,12/31/2025,0,0
H6DC01079,"WHITE, ROBERT C. JR.",O,1,DEM,"$826,537",0,778774.33,0,0,40442,0,0,0,0,0,1500,716037.33,DC,0,,,,,,110500,0,06/30/2026,1326,0
H6DC01103,"HOLBROOK, TRENT WILLIAM",O,1,DEM,"$64,326",0,57201.73,300,0,7124.12,0,33000,0,0,0,42556.37,20325.85,DC,0,,,,,,1000,0,06/30/2026,0,0
H6DC01137,"JACZKO, GREGORY DR.",O,1,DEM,"$140,017",0,140016.69,0,0,0,0,27276.52,0,9254.31,0,18022.21,111740.17,DC,0,,,,,,1000,0,06/30/2026,3500,0
H6DC01111,"ROSADO, DENISE MS.",O,2,REP,"$6,188",0,1062.66,0,0,5057.41,0,5167.95,0,0,0,0,1020.07,DC,0,,,,,,0,0,05/27/2026,0,0
H0DE01017,"CARNEY, JOHN",I,1,DEM,$0,0,0,0,125.36,125.36,0,0,0,0,0,0,0,DE,0,,,,,,0,0,06/30/2026,0,0
H4DE00045,"MCBRIDE, SARAH ELIZABETH",I,1,DEM,"$5,060,925",212231.41,2567849.56,0,207126.86,2700202.44,0,0,0,0,0,0,4362910.65,DE,0,,,,,,467900,0,08/26/2026,25166.05,0
H4DE00052,"DAVIS, COLLEEN",O,1,DEM,$0,0,1127.3,0,8327.22,7199.92,0,0,0,0,0,0,0,DE,0,,,,,,0,0,06/30/2026,0,0
H4DE01076,"YOUNG, EUGENE ROBERT JR",O,1,DEM,$0,0,9626.13,0,107999.29,98373.16,0,0,0,0,0,0,0,DE,0,,,,,,0,0,09/30/2026,9626.13,0
H6DE00206,"BLUNT ROCHESTER, LISA",I,1,DEM,"$5,277",0,1843.25,0,615.71,4049.83,0,0,0,0,0,145000,0,DE,0,,,,,,0,0,06/30/2026,0,0
H4DE00060,"HALL, DONYALE LONDON",C,2,REP,$779,0,538.62,0,0,240.34,0,0,0,0,0,0,778.96,DE,0,,,,,,0,0,08/26/2026,10,0
H4DE00078,"WHALEN III, JOHN J",C,2,REP,"$1,589",0,3778.89,0,7744.86,5554.97,0,540,0,0,0,540,1049,DE,0,,,,,,0,0,08/26/2026,52.05,0
H6DE01121,"ARMINIO, JOSEPH DR. JOE PH.D.",C,2,REP,"$6,634",0,4453,0,0,2181,0,4870,0,0,0,4870,1764,DE,0,,,,,,0,0,08/26/2026,0,0
H2FL01233,"JONES, REBEKAH",C,1,DEM,$0,0,0,0,-415.3,-415.3,0,0,0,0,0,15000,0,FL,1,,,,,,0,0,06/30/2026,0,0
H4FL01197,"VALIMONT, JENNIFER GAY",C,1,DEM,"$174,309",0,152495.02,0,0,21813.77,0,0,0,0,0,0,172478.85,FL,1,,,,,,285.26,1000,07/29/2026,295,0
H0FL01146,"MERK, GREGORY CHARLES",O,2,REP,"$12,700",0,17093.22,0,43.22,-4350,0,11500,0,0,0,11500,1200,FL,1,,,,,,0,0,01/28/2025,0,0
H2FL01241,"JONES, BRYAN CHRISTOPHER",C,2,REP,$0,0,0,0,0,0,0,0,0,0,0,0,0,FL,1,,,,,,0,0,03/31/2026,0,0
H4FL01213,"DIMMOCK, AARON",C,2,REP,"$50,636",0,133336.28,0,82881.47,181.23,0,20000,0,11000,0,20000,22864.07,FL,1,,,,,,2000,0,06/30/2026,55226.86,0
H4FL01270,"PITTMAN, BERNADETTE",C,2,REP,$0,0,0,0,0,0,0,0,0,0,0,0,0,FL,1,,,,,,0,0,02/02/2025,0,0
H4FL01288,"RUDMAN, JOEL DR.",O,2,REP,"$125,820",0,125819.67,0,0,0,0,30000,0,0,0,30000,95819.67,FL,1,,,,,,0,0,02/24/2025,0,0
H6FL01119,"GAETZ, MATT",I,2,REP,"$176,375",0,657223.79,0,518152.81,37303.95,0,0,0,0,0,132258.58,-82.02,FL,1,,,,,,0,0,06/30/2026,3080.65,0
H6FL01143,"MILLS, RALPH JOHN III",C,2,REP,"$18,262",0,15206.09,0,2057.94,5113.85,0,16500,0,362.23,0,110903.76,1762,FL,1,,,,,,0,0,07/22/2026,0,0
H6FL01275,"THOMPSON, MICHAEL",O,2,REP,"$86,976",0,111975.7,0,0,-25000,21914.95,25000,0,25000,0,0,39341.28,FL,1,,,,,,0,0,06/30/2025,9435.45,0
H6FL01325,"VALENTINO, GENE",C,2,REP,"$478,960",0,478959.8,0,0,0,0,393000,0,3283.69,0,0,84933.5,FL,1,,,,,,0,0,03/04/2025,0,0
H6FL01333,"KEEBAUGH, CHARLES CLAYTON",C,2,REP,$0,0,0,0,0,0,0,0,0,0,0,0,0,FL,1,,,,,,0,0,03/05/2025,0,0
H6FL01358,"GAFFNEY, KEVIN JAMES MR.",O,2,REP,"$13,575",0,14190.22,0,0,901.97,1500,0,0,0,0,12500,12075,FL,1,,,,,,0,0,08/07/2026,0,0
H6FL01390,"PATRONIS, JIMMY JR.",C,2,REP,"$3,789,738",99445.2,2854436.51,0,0,935301.85,0,12000,0,12000,0,29943.42,3084611.95,FL,1,,,,,,583300,5000,07/29/2026,5010,3400
H6FL01408,"TROTTER, JAMES SCOTT",O,2,REP,$0,0,0,0,0,0,0,0,0,0,0,0,0,FL,1,,,,,,0,0,03/31/2025,0,0
H6FL01432,"PEACOCK, JEFF",O,2,REP,"$29,099",0,37665.06,0,0,0,0,11000,0,22000,0,0,16098.5,FL,1,,,,,,2000,0,03/31/2025,0,0
H6FL01515,"CHICO, DOUGLAS CONNOR",C,2,REP,"$84,387",0,73529.75,0,0,10857.3,0,50500,0,0,0,50500,33391.15,FL,1,,,,,,0,0,07/29/2026,1,0
H6FL01523,"FRANKMAN, JOHN",C,2,REP,"$128,494",0,66172.59,0,0,62321.87,1916,50000,0,0,0,50000,55978.46,FL,1,,,,,,20600,0,07/29/2026,0,0
H0FL02086,"LAWSON, ALFRED JR",I,1,DEM,$0,0,3130.84,0,32695.47,29564.63,0,0,0,0,0,0,0,FL,2,,,,,,0,0,12/31/2025,0,0
H4FL02138,"BAILEY, HUY-YEN CAM MS.",O,1,DEM,"$177,869",0,141492.03,0,15370.92,51847.93,2871.1,13000,0,0,0,23600,160994.44,FL,2,,,,,,1000,0,07/29/2026,694.25,0
H6FL02281,"ZATESLO, NICHOLAS",O,1,DEM,"$449,913",0,426108.34,0,0,23624.15,42617.63,104500,0,80000,0,24500,302046.37,FL,2,,,,,,0,0,07/29/2026,625,0
H6FL02299,"GREEN, AMANDA MARIE",O,1,DEM,"$348,120",0,320082.48,0,0,28037.6,1439.55,0,0,0,0,0,340372.61,FL,2,,,,,,6000,0,07/29/2026,309.48,0
H6FL02398,"BARNES, BRICE",O,1,DEM,"$317,996",0,240836.76,0,0,77159.5,215099.49,0,0,0,0,0,102896.77,FL,2,,,,,,0,0,07/29/2026,0,0
H4FL01247,"GROSS, KEITH",O,2,REP,"$12,325,575",0,11329071.41,0,5776.65,1002279.79,0,12220420.31,0,9000000,0,5646796.24,98154.24,FL,2,,,,,,7000,0,07/29/2026,0,1000
H6FL02208,"DUNN, NEAL PATRICK MD, FACS",I,2,REP,"$831,031",146132.29,513859.09,0,89457.98,406630.32,0,0,0,0,0,0,226399.13,FL,2,,,,,,458500,0,06/30/2026,38012.75,34000
H6FL02315,"POWER, EVAN MR",O,2,REP,"$727,093",0,464183.3,0,0,262909.32,0,150000,0,0,0,177978.27,549277.36,FL,2,,,,,,15750,0,07/29/2026,500,0
H6FL02323,"LEWIS, NICHOLAS JUSTIN",O,2,REP,"$95,001",0,94031.38,0,0,969.62,0,94000,0,0,0,94000,1001,FL,2,,,,,,0,0,07/29/2026,0,0
H6FL02331,"ROGERS, AUSTIN",O,2,REP,"$1,010,277",0,623247.92,0,0,387029.03,0,375000,0,0,0,377218.37,628431.88,FL,2,,,,,,6500,0,07/29/2026,789.91,0
H6FL02349,"ROWELL, AUDIE",O,2,REP,"$117,948",0,90723.8,0,0,27224.28,0,0,0,0,0,0,117899.3,FL,2,,,,,,0,0,07/29/2026,7000,0
H6FL02356,"NORTON, JIM",O,2,REP,"$411,786",0,400388.05,0,0,11398.21,2000,0,0,0,0,0,409786.26,FL,2,,,,,,0,0,07/29/2026,20565,0
H6FL02364,"MURPHY, LUKE",O,2,REP,"$280,410",0,124051.32,0,0,156358.24,0,0,0,0,0,0,277409.56,FL,2,,,,,,0,3000,07/29/2026,292.29,0
H6FL02380,"JONES, LEE",O,2,REP,"$52,800",0,27309.57,0,0,25490.43,0,40000,10000,0,0,50000,2800,FL,2,,,,,,0,0,07/29/2026,0,0
H6FL03099,"HARP, SETH ALLAN",C,1,DEM,"$37,794",0,34783.52,0,0,3010.51,420,735,0,0,0,735,36364.11,FL,3,,,,,,0,0,07/29/2026,2,0
H6FL03115,"ALBERS, TROY",C,1,DEM,"$1,637",0,1637,0,0,0,0,1637,0,0,0,46196.39,0,FL,3,,,,,,0,0,03/31/2026,0,0
H6FL03123,"ABOUJAOUDE, ROCK ADEL MR. JR.",C,1,DEM,$0,0,0,0,0,0,0,0,0,0,0,0,0,FL,3,,,,,,0,0,12/09/2025,0,0
H6FL03131,"HUBAC, GEORGE EMIL",C,1,DEM,"$17,257",0,14162.74,0,0,3094.49,0,17201.23,0,0,0,17201.23,50,FL,3,,,,,,0,0,07/29/2026,0,0
H8FL03020,"WELLS, THOMAS BECKWITH",C,1,DEM,"$11,640",0,11474.37,0,305.26,470.43,0,11200,0,120,0,53150,344.54,FL,3,,,,,,0,0,07/29/2026,0,0
H0FL03175,"CAMMACK, KAT",I,2,REP,"$2,045,294",425005.08,1723873.99,126096.79,555550.9,876970.75,0,0,0,0,0,0,890411.85,FL,3,,,,,,727500,0,07/29/2026,3025,0
H0FL03209,"ST. GEORGE, JAMES",O,2,REP,$0,0,0,0,1828.72,1828.72,0,0,0,0,0,370034.1,0,FL,3,,,,,,0,0,03/31/2025,0,0
H4FL03136,"STEVENS, ALEC",C,2,REP,$0,0,788,0,0,-788,0,0,0,0,0,0,0,FL,3,,,,,,0,0,02/26/2025,0,0
H4FL03144,"STEVENS, ALEC",C,2,REP,$0,0,788,0,0,-788,0,0,0,0,0,0,0,FL,3,,,,,,0,0,02/26/2025,0,0
H8FL03046,"SAPP, JUDSON",O,2,REP,$0,0,0,0,824.57,824.57,0,0,0,0,0,286567.41,0,FL,3,,,,,,0,0,06/30/2026,0,0
H8FL06056,"STEARNS, CLIFFORD B.",C,2,REP,"$151,006",0,227913.03,0,531341.08,454433.8,0,0,0,0,0,0,0,FL,3,,,,,,0,0,06/30/2026,0,0
H2FL04195,"HILL, ANTHONY TONY",C,1,DEM,$250,0,0,0,18891.74,19141.74,0,0,0,0,0,0,250,FL,4,,,,,,0,0,06/30/2026,0,0
H6FL04188,"KNOLES, RICKY PATRIC MR",C,1,DEM,"$5,020",0,5020,0,0,0,0,5000,0,0,0,0,20,FL,4,,,,,,0,0,04/21/2026,0,0
H6FL04204,"ROBINSON, BRITTNEY",C,1,DEM,"$34,275",0,29168.44,0,0,5024.42,712.9,6280.33,0,0,0,6280.33,27282,FL,4,,,,,,0,0,07/29/2026,0,0
H6FL04220,"KIRWAN, MICHAEL",C,1,DEM,"$742,680",0,580077.65,0,0,162601.97,110927.86,100000,0,0,0,100000,524751.76,FL,4,,,,,,7000,0,07/29/2026,1685,0
H6FL05193,"HOLLOWAY, LASHONDA J",C,1,DEM,"$27,348",0,14154.97,0,10440,23632.73,0,0,0,0,0,10440,26859.7,FL,4,,,,,,488,0,07/29/2026,0,0
H2FL04211,"BEAN, AARON P.",I,2,REP,"$2,163,376",75729.08,1005546.53,160500,474720.99,1632550.26,0,0,0,0,0,14411.14,907518.83,FL,4,,,,,,1149650.01,0,07/29/2026,1000,3500
H4FL05123,"MCGOVERN, JAY",C,1,DEM,$0,0,6341.95,0,26132.66,19790.71,0,0,0,4595.08,0,10394.92,0,FL,5,,,,,,0,0,01/31/2025,0,0
H6FL05235,"HEGGESTAD, MARK PETER",C,1,DEM,"$52,519",0,37171.15,0,0,15597,30000,0,0,0,0,0,22518.78,FL,5,,,,,,0,0,07/29/2026,0,0
H6FL05243,"DREW, DAVID HODSON MR.",C,1,DEM,$0,0,0,0,0,0,0,0,0,0,0,0,0,FL,5,,,,,,0,0,10/23/2025,0,0
H6FL05250,"GRAGE, RACHEL",C,1,DEM,"$272,423",0,174862.03,0,0,90533.36,1191,0,0,0,0,0,270924.53,FL,5,,,,,,0,0,07/29/2026,0,0
H6FL05284,"HAZEN, ALEXANDER",C,1,DEM,"$18,632",0,12978.41,0,0,5653.23,0,4965.91,0,0,0,4965.91,13065.73,FL,5,,,,,,0,0,07/29/2026,25,0
H2FL04203,"MACIE, MARA HEATHER",C,2,REP,$3,0,1016,0,6630.32,5617.15,0,0,0,0,0,0,0,FL,5,,,,,,0,0,06/30/2026,0,0
H6FL04105,"RUTHERFORD, JOHN",I,2,REP,"$726,727",0,635666.02,35000,177669.65,268730.24,0,0,0,0,0,0,273968.27,FL,5,,,,,,452500,0,07/29/2026,0,0
H6FL05201,"KAYE, MARK",C,2,REP,"$31,456",0,27037.78,0,0,4417.84,795.18,0,0,0,0,0,30459.52,FL,5,,,,,,0,200,07/29/2026,0,0
H4FL06055,"STOCKTON, JAMES D",C,1,DEM,"$2,472",0,523.49,0,62.09,2010.79,0,0,0,0,0,0,2472.19,FL,6,,,,,,0,0,06/30/2025,0,0
H6FL06266,"WEIL, JOSHUA JOSEPH",C,1,DEM,"$15,933,478",0,15933478.15,0,0,0,16,0,0,0,0,0,15463011.3,FL,6,,,,,,33908.17,2500,09/30/2025,154815.44,6451.97
H6FL06274,"SELMONT, GEORGE AUSTIN",C,1,DEM,"$125,115",0,3221.33,0,0,121893.49,0,115263.83,0,0,0,115263.83,9850.99,FL,6,,,,,,0,0,01/08/2025,0,0
H6FL06332,"MURCHINSON-RIVERA, RONNIE",C,1,DEM,"$176,594",0,158410.46,0,0,23946.42,0,2000,0,20.5,2000,0,174493.8,FL,6,,,,,,100,0,07/29/2026,0,0
H6FL06340,"YONCE, ERIC",C,1,DEM,"$325,710",0,291613.96,0,0,34095.93,1964.56,100,0,100,0,0,322995.33,FL,6,,,,,,250,0,07/29/2026,8246,0
H6FL06381,"COOPER, ROBERT DAVID MR II",C,1,DEM,"$68,205",0,64510.07,0,0,-1026.78,0,19000,0,0,0,0,44204.84,FL,6,,,,,,0,0,07/29/2026,0,0
H6FL06407,"MORGAN, STEVE",C,1,DEM,"$8,250",0,15200.1,0,0,-6950.1,5010,0,0,0,0,0,3240,FL,6,,,,,,0,0,07/29/2026,0,0
H8FL06098,"SODERBERG, NANCY",O,1,DEM,$0,0,315,0,13775.8,13460.8,0,0,0,0,0,197619.58,0,FL,6,,,,,,0,0,06/30/2026,0,0
H2FL03197,"ASENSIO, MANUEL",C,2,REP,"$50,003",0,13115.12,0,0,36887.88,0,50000,0,0,0,50000,3,FL,6,,,,,,0,0,07/29/2026,0,0
H4FL14158,"JOARDER, EHSAN",C,2,REP,"$9,900",0,10440,0,27228,26688.1,9700,0,0,0,0,28718.02,200.1,FL,6,,,,,,0,0,01/08/2025,0,0
H6FL06118,"GALLOWAY, G.G.",C,2,REP,$0,0,0,0,4801.61,4801.61,0,0,0,0,0,25922.46,0,FL,6,,,,,,0,0,06/30/2026,0,0
H6FL06241,"BAKER, AARON",C,2,REP,"$109,091",0,108565.52,0,0,517.69,397.76,11404.13,0,0,0,11404.13,61546.36,FL,6,,,,,,33909.46,1500,07/29/2026,254.75,3600
H6FL06258,"FINE, RANDY",C,2,REP,"$4,286,207",374599.37,3095148.29,0,0,1191058.79,0,950000,0,0,0,950000,2485004.97,FL,6,,,,,,468360.19,0,07/29/2026,6414.08,0
H6FL06324,"BAKER, AARON",C,2,REP,"$109,091",0,108565.52,0,0,517.69,397.76,11404.13,0,0,0,11404.13,61546.36,FL,6,,,,,,33909.46,1500,07/29/2026,254.75,3600
H6FL06357,"GAMBARO, CHARLES",C,2,REP,"$351,423",0,347690.77,0,0,3732.5,0,262128.27,0,212000,0,50128.27,89295,FL,6,,,,,,0,0,07/29/2026,0,0
H6FL06373,"FURRY, WILL",C,2,REP,"$43,703",0,43702.6,0,0,0,6190.6,10000,0,0,0,0,27512,FL,6,,,,,,0,0,02/12/2026,1000,0
H6FL06415,"BILZERIAN, DANIEL BRANDON",C,2,REP,"$1,241,450",205465.19,386621.83,0,0,1029917.04,0,1000000,0,0,0,1000000,35984.64,FL,6,,,,,,0,0,09/30/2026,0,0
H8FL06148,"WALTZ, MICHAEL",I,2,REP,"$3,186",3108.53,922211.04,2000,1551925.2,632900.08,0,0,0,0,0,0,0,FL,6,,,,,,0,0,06/30/2026,0,5000
H2FL07289,"FERNANDEZ, HLSIA",C,1,DEM,$679,0,4066.81,0,3387.77,0,679.04,0,0,0,0,17000,0,FL,7,,,,,,0,0,12/23/2025,0,0
H4FL07137,"ADAMS, JENNIFER",C,1,DEM,"$35,056",0,29925.26,0,5.91,5136.72,0,0,0,3160.25,0,55339.75,33054.32,FL,7,,,,,,1500,0,06/30/2025,0,0
H4FL07145,"FERNANDEZ, HILSIA TATIANA",C,1,DEM,$679,0,4066.81,0,3387.77,0,679.04,0,0,0,0,17000,0,FL,7,,,,,,0,0,12/23/2025,0,0
H6FL07165,"KINTER, MARIALANA",C,1,DEM,"$565,078",0,505224.85,0,0,59853.24,178,0,0,0,0,0,564590.09,FL,7,,,,,,250,0,07/29/2026,4684,0
H6FL07215,"DALTON, BALE",C,1,DEM,"$1,378,109",0,902251.45,0,0,475857.84,0,0,0,0,0,0,1196852.72,FL,7,,,,,,181100.01,0,07/29/2026,370,0
H6FL08213,"GRAYSON, ALAN MARK",C,1,DEM,"$388,153",0,386772.28,0,126917.81,128298.88,0,318646.74,0,21900,0,4153577.21,59500.41,FL,7,,,,,,10000,0,07/29/2026,68,0
H0FL07143,"VALENTIN, LEO",C,2,REP,$0,0,0,0,0,0,0,0,0,0,0,210001,0,FL,7,,,,,,0,0,10/24/2025,0,0
H2FL07156,"MILLS, CORY",I,2,REP,"$880,711",117000,853938.09,0,40892.01,67664.8,0,0,0,0,0,2032100.78,713362.55,FL,7,,,,,,46500,0,07/29/2026,692,0
H2FL07164,"DUKE, BRADY",O,2,REP,$0,0,3455.7,0,23970.89,20515.19,0,0,0,0,0,45612.58,0,FL,7,,,,,,0,0,06/30/2026,0,0
H4FL07152,"JOHNSON, MICHAEL",C,2,REP,"$60,098",0,61825.57,0,17621.96,7894.6,56794.9,0,0,0,0,46410,2520.96,FL,7,,,,,,482.35,0,07/29/2026,0,0
H6FL07223,"ULRICH, SARAH",C,2,REP,"$19,059",0,17665.46,0,0,1393.54,10440,0,0,0,0,0,8619,FL,7,,,,,,0,0,07/29/2026,0,0
H6FL07231,"ELIJAH, RYAN",C,2,REP,"$355,955",0,169800.78,0,0,186154.68,100,134000,0,0,0,138193.21,221855.46,FL,7,,,,,,0,0,07/29/2026,0,0
H4FL08143,"KENNEDY, SANDRA (SANDY) DENISE MS. ESQ",C,1,DEM,$843,0,1597.62,0,754.39,0,843.22,0,0,754.4,0,17433.65,0,FL,8,,,,,,0,0,06/30/2026,0,0
H6FL06399,"JENKINS, JENNIFER",C,1,DEM,"$725,731",0,617619.46,0,0,108111.28,0,0,0,0,0,0,702730.74,FL,8,,,,,,8000,0,07/29/2026,1570.25,0
H6FL08270,"DELLINGER, PAUL LYAL",C,1,DEM,"$2,705",0,570.4,0,0,2135,0,0,0,0,0,0,2705.4,FL,8,,,,,,0,0,09/30/2025,0,0
H6FL08296,"SHOCK, COLBY",C,1,DEM,"$10,840",0,10840.38,0,0,0,0,8000,0,6236.19,0,1763.81,2840.38,FL,8,,,,,,0,0,05/11/2026,0,0
H6FL09187,"GRAYSON, DENA MD, PHD MD, PHD",C,1,DEM,"$1,227",563.36,1979.09,0,751.85,0,0,663.88,0,1315.21,0,273486.17,0,FL,8,,,,,,0,0,12/31/2025,0,0
H4FL08101,"HEARTON, JOHN L MR.",C,2,REP,$0,0,8425.02,0,17602.93,9177.91,0,0,0,7840.92,0,243512.7,0,FL,8,,,,,,0,0,03/31/2025,0,0
H4FL08168,"HARIDOPOLOS, MIKE",I,2,REP,"$1,824,838",234996.32,885223.57,0,258162.83,1197776.93,0,0,0,0,0,10138.16,887515.74,FL,8,,,,,,700750,0,07/29/2026,27228.57,0
H8FL15107,"POSEY, BILL",I,2,REP,"$13,285",0,113501.32,0,100216.54,0,0,0,0,0,0,0,0,FL,8,,,,,,0,0,05/04/2026,0,0
H6FL09179,"SOTO, DARREN",I,1,DEM,"$2,157,834",165.56,984597.84,0,14118.54,1187354.66,0,0,0,0,0,0,766381.72,FL,9,,,,,,1385550,1493.93,07/29/2026,18.18,1000
H0FL09115,"CASTILLO, JOSE",C,2,REP,$66,0,157.19,0,91.22,0,65.97,0,0,91.22,0,0,0,FL,9,,,,,,0,0,03/31/2025,0,0
H0FL20112,"JONES, LATERESA ANN",C,2,REP,"$11,002",0,10897.65,0,25,129.65,0,10400,0,0,0,10768,602.3,FL,9,,,,,,0,0,06/30/2026,0,0
H2FL09277,"MORALES, ADIANIS",C,2,REP,$0,0,8452.53,0,0,4266.77,0,0,0,0,0,0,0,FL,9,,,,,,0,0,06/30/2026,0,0
H4FL09182,"CHALIFOUX, THOMAS E. COLONEL JR.",C,2,REP,"$3,139,737",0,1776688.94,0,603207.89,1966256.05,318.96,3003713.19,0,612899.84,0,4912815.75,78660.08,FL,9,,,,,,0,0,07/29/2026,952.85,0
H4FL09190,"CARTER, GREGORY MARCUS MR",C,2,REP,"$22,565",0,22565.05,0,1279.32,1279.32,3287.52,0,0,0,0,0,19277.53,FL,9,,,,,,0,0,08/25/2026,649.94,0
H6FL09203,"RENTAS, WANDA",O,2,REP,$800,0,815,0,0,0,100,0,0,0,0,0,800,FL,9,,,,,,0,0,02/24/2025,0,0
H6FL09252,"STORY, JUSTIN",C,2,REP,"$92,585",0,55167.57,0,0,37417.21,2341.77,24048.18,0,0,0,24048.18,66194.83,FL,9,,,,,,0,0,07/29/2026,0,0
H6FL09260,"MALAVET, JORGE ANTONIO",C,2,REP,"$27,817",0,27778.05,0,0,38.84,9907.45,6100,0,6000,0,100,11809.44,FL,9,,,,,,0,0,06/30/2026,0,0
H6FL09278,"BUTLER, BENJAMIN BEN",C,2,REP,"$386,673",0,274397.84,0,0,112274.91,3878.77,0,0,0,0,0,354793.98,FL,9,,,,,,28000,0,07/29/2026,0,0
H6FL09286,"MARTINEZ, JORGE",C,2,REP,"$854,898",0,564749.25,0,0,290148.51,14726.96,550000,0,0,0,550000,290170.8,FL,9,,,,,,0,0,07/29/2026,7820.34,0
H6FL09294,"GREEN, DAN",C,2,REP,"$1,298,516",0,935272.55,0,0,363243.45,0,1140000,0,0,0,1140000,150016,FL,9,,,,,,8500,0,07/29/2026,0,0
H6FL10185,"RANCE, HOWARD STEVEN",C,2,REP,"$152,757",0,144979.69,0,0,7777.2,20848.71,79600,0,24000,0,55600,52308.18,FL,9,,,,,,0,0,07/29/2026,0,0
H2FL10259,"FROST, MAXWELL ALEJANDRO",I,1,DEM,"$3,474,867",33000,3283536.89,286800,1091725.72,1283055.9,8250,0,0,0,0,0,3134963.16,FL,10,,,,,,289100,0,07/29/2026,35186.9,0
H2FL10358,"BROWN, CORRINE",O,1,DEM,$0,0,0,0,0,0,0,0,0,0,0,0,0,FL,10,,,,,,0,0,06/30/2025,0,0
H0FL10113,"MONTAGUE, WILLIE",C,2,REP,$109,0,21,0,0,87.9,0,0,0,0,0,4000,108.9,FL,10,,,,,,0,0,07/29/2026,0,0
H4FL11105,"HALL, BARBARA BARBIE HARDEN",O,1,DEM,"$23,989",0,21490.14,0,8082.34,10581.14,2055,2705,0,0,0,2705,19028.94,FL,11,,,,,,200,0,06/30/2026,0,0
H6FL11241,"WEBSTER, ROYAL MR.",O,1,DEM,"$17,717",0,16195.57,0,1070.77,2577.37,0,2660,0,0,0,2570,14370,FL,11,,,,,,0,0,07/29/2026,0,0
H6FL11357,"PERICOLA, JAMES",O,1,DEM,"$119,754",0,87522.93,0,0,32231.07,0,64965,0,5000,0,59965,54789,FL,11,,,,,,0,0,07/29/2026,0,0
H0FL08208,"WEBSTER, DANIEL",I,2,REP,"$387,212",8400,385954.25,0,100028.54,101286.7,0,0,0,0,0,0,147930.93,FL,11,,,,,,228000,0,06/30/2026,18011.02,30500
H0FL11152,"BUNTYN, TONY",C,2,REP,$0,0,0,0,0,0,0,0,0,0,0,31735.06,0,FL,11,,,,,,0,0,06/30/2026,0,0
H2FL11117,"SABATINI, ANTHONY",O,2,REP,"$29,305",0,29305.3,0,0,0,1900,0,0,0,0,0,27405.3,FL,11,,,,,,0,0,07/06/2026,0,0
H4FL11121,"SORIANO, GAVRIEL ELIYAHU",C,2,REP,"$1,658",0,1632.89,0,0,24.95,0,1657.84,0,0,0,1657.84,0,FL,11,,,,,,0,0,03/31/2026,0,0
H6FL11282,"WILKINS, TIM",O,2,REP,"$329,215",0,204668.38,0,0,124546.2,10500,236000,0,0,0,236000,82687.65,FL,11,,,,,,0,0,07/29/2026,0,0
H6FL11316,"RAZACK, MD JD, NIZAM",O,2,REP,"$932,552",0,768563.78,0,0,163988.22,0,740000,0,0,0,740000,187552,FL,11,,,,,,5000,0,07/29/2026,0,0
H6FL11332,"STRADA, JOE",O,2,REP,"$5,248,640",0,2999736.61,0,0,2248903.39,0,5000000,0,0,0,5000000,248640,FL,11,,,,,,0,0,07/29/2026,0,0
H6FL11340,"BAKER, CAREY",O,2,REP,"$303,575",0,282069.05,0,0,21506.21,0,12000,0,0,0,12000,291575.26,FL,11,,,,,,0,0,07/29/2026,0,0
H4FL02112,"ABOUJAOUDE, ROCK ADEL MR. JR",C,1,DEM,$0,0,0,0,126.64,126.64,0,0,0,0,0,0,0,FL,12,,,,,,0,0,01/31/2025,0,0
H6FL15192,"MCAULEY, DARREN",C,1,DEM,"$728,863",0,616531.52,0,0,112331.9,50000,0,0,0,0,79056.24,640313.42,FL,12,,,,,,37550,0,07/29/2026,1296,0
H6FL15200,"OVERMAN, KIMBERLY",C,1,DEM,"$186,813",0,181906.28,0,0,4906.32,1.04,14000,0,0,0,30747.56,171959.3,FL,12,,,,,,852.26,0,07/29/2026,120,0
H6FL09070,"BILIRAKIS, GUS M",I,2,REP,"$1,588,538",66566.97,1155884.74,0,121417.04,554070.01,0,0,0,0,0,0,658921.79,FL,12,,,,,,828700.01,0,07/29/2026,40.9,0
H6FL12223,"WILLIAMS, SHAY",C,2,REP,"$23,443",0,23443.03,0,0,0,0,12267,0,11775.08,0,0.92,11175,FL,12,,,,,,0,0,07/11/2026,0,0
H2FL13220,"DIAMOND, BEN",O,1,DEM,$0,0,79963.45,0,301807.14,221843.69,0,0,0,0,0,0,0,FL,13,,,,,,0,0,06/30/2026,0,0
H4FL13176,"LICCIONE, JOHN WILLIAM",C,1,DEM,"$15,279",0,14852.53,0,0,426,0,12215.8,0,300,0,11915.8,2905,FL,13,,,,,,0,0,07/29/2026,0,0
H4FL13200,"FOX, WHITNEY",C,1,DEM,$0,0,20055.38,0,20055.38,0,0,0,0,0,0,0,0,FL,13,,,,,,0,0,03/12/2025,0,0
H6FL13189,"LYNN, ERIC",O,1,DEM,"$18,565",0,11531.76,0,306263.9,313297.02,0,0,0,0,0,0,0,FL,13,,,,,,0,0,06/30/2026,0,0
H6FL13239,"FORD, EARLE",C,1,DEM,"$569,489",0,553303.6,0,0,16185.02,0,10000,0,0,0,10000,554379.33,FL,13,,,,,,5000,0,03/31/2026,9661.02,0
H6FL13247,"PAROS, REGINALD",C,1,DEM,"$15,864",0,15863.96,0,0,0,3886.96,0,0,0,0,0,11977,FL,13,,,,,,0,0,12/31/2025,0,0
H6FL13254,"ROBINSON, TIMOTHY BRANDT MR",C,1,DEM,"$106,026",0,98333.08,0,0,7692.77,0,0,0,0,0,0,105219.85,FL,13,,,,,,806,0,07/29/2026,110,0
H6FL13262,"KEMP, KARLA",C,1,DEM,"$10,639",0,8588.97,0,307.31,1572.56,1613.53,1704.09,0,0,0,1704.09,7320.96,FL,13,,,,,,0,0,06/30/2026,0,0
H6FL13296,"FAY, JOHN T",C,1,DEM,"$3,730",0,2362.11,0,0,-266.5,0,2475.54,0,0,0,1629.24,1254.13,FL,13,,,,,,0,0,06/30/2026,0,0
H6FL13312,"GRAY, LEELA J",C,1,DEM,"$1,223,069",1363.13,539773.96,0,0,683295.47,0,7000,0,0,0,7000,1144176.28,FL,13,,,,,,70500,0,07/29/2026,863,0
H0FL13158,"PAULINA LUNA, ANNA",I,2,REP,"$3,233,312",1213756.8,1890603.08,0,131415.55,1474124.32,0,0,0,0,0,0,1905637.35,FL,13,,,,,,103000,0,07/29/2026,10691.19,2000
H2FL13279,"HENSON, AUDREY",O,2,REP,$0,0,1613.88,0,1613.88,0,0,0,0,0,0,0,0,FL,13,,,,,,0,0,05/06/2025,0,0
H6FL14112,"QUINN, CHRISTINE YVONNE",C,2,REP,$0,0,837.13,0,837.13,0,0,0,0,0,0,157780.9,0,FL,13,,,,,,0,0,12/31/2025,0,0
H6FL11126,"CASTOR, KATHY",I,1,DEM,"$2,337,999",0,820006.18,0,226729.87,1744723,0,0,0,0,0,0,1452820.1,FL,14,,,,,,876824.18,417.44,07/29/2026,9609.43,3500
H2FL11125,"SORIANO, GAVRIEL ELIYAHU",C,2,REP,"$1,658",0,1632.89,0,0,24.95,0,1657.84,0,0,0,1657.84,0,FL,14,,,,,,0,0,03/31/2026,0,0
H4FL14117,"ROCHFORD, ROBERT ANTHONY ROCKY CAPT",C,2,REP,"$266,796",0,164168.31,0,2179.56,104807.25,150000,0,0,0,0,153934.37,116796,FL,14,,,,,,0,0,07/29/2026,0,0
H4FL14141,"PETERS, JOHN",O,2,REP,"$203,332",0,203331.69,0,0,0,0,192182.5,0,110095.92,0,0,11149.19,FL,14,,,,,,0,0,09/30/2026,1,0
H6FL12207,"WILLIAMS, SHAY",C,2,REP,"$23,443",0,23443.03,0,0,0,0,12267,0,11775.08,0,0.92,11175,FL,14,,,,,,0,0,07/11/2026,0,0
H6FL14146,"WICK, JOHN CHARLES",C,2,REP,"$7,089",0,7089.47,0,0,0,0,0,0,0,0,0,5659.35,FL,14,,,,,,0,0,05/19/2025,2241,0
H6FL14161,"TEK, ERGIN AKA BATMAN",C,2,REP,"$41,572",0,40413.17,0,0,1158.59,11450,29000,0,0,0,29000,1121.76,FL,14,,,,,,0,0,07/29/2026,0,0
H6FL14179,"WELDON, DANIEL",C,2,REP,"$120,061",0,87569.66,0,0,32491.74,3643.56,0,0,0,0,0,116417.84,FL,14,,,,,,0,0,06/30/2026,0,0
H6FL14195,"MARCEL, MICHAEL",C,2,REP,"$19,200",0,15157.6,0,0,4042.4,0,0,0,0,0,0,19200,FL,14,,,,,,0,0,07/29/2026,0,0
H6FL14211,"VALENTI, BEA",C,2,REP,"$220,095",0,116110.71,0,0,103984.29,0,0,0,0,0,0,199595,FL,14,,,,,,20500,0,07/29/2026,0,0
H6FL14229,"STEELE, KEVIN",C,2,REP,"$2,588,952",0,2106349.35,0,0,482602.45,0,2500000,0,0,0,2500000,80915,FL,14,,,,,,2500,0,07/29/2026,0,0
H6FL14237,"BELTRAN, MIKE",C,2,REP,"$2,116,747",0,176883.83,0,0,1939863.62,0,2014000,0,0,0,2019209.57,102724.89,FL,14,,,,,,0,0,07/29/2026,0,0
H6FL14252,"LEGGE, ALYSHA ALY",C,2,REP,"$12,832",0,545.88,0,0,12286.12,2500,0,0,0,0,4737.5,10332,FL,14,,,,,,0,0,06/30/2026,0,0
H4FL15155,"COHN, ALAN",C,1,DEM,$0,0,21,0,205.21,184.21,0,0,0,0,0,12553.02,0,FL,15,,,,,,0,0,12/31/2025,0,0
H6FL12199,"IRIZARRY, CHRISTOPHER",C,1,DEM,"$22,230",0,17116.3,0,0,5113.34,0,1000,0,0,0,1000,20729.64,FL,15,,,,,,0,500,07/29/2026,0,0
H6FL15168,"PEOPLE, ROBERT",C,1,DEM,"$40,108",0,36633.97,0,0,3473.93,6631.61,10440,0,0,0,10440,19886.29,FL,15,,,,,,200,0,07/29/2026,7631.61,0
H2FL07206,"MCGOVERN, KEVIN JOHN",O,2,REP,$0,0,2200.89,0,2200.89,0,0,0,0,0,0,145000,0,FL,15,,,,,,0,0,06/30/2026,0,0
H2FL15191,"TOLEDO, JACKIE",C,2,REP,$0,0,0,0,82.65,82.65,0,0,0,0,0,38885.73,0,FL,15,,,,,,0,0,06/30/2026,0,0
H2FL15241,"LEE, LAUREL",I,2,REP,"$2,346,664",1040610.98,820753.35,0,434770.5,1960681.6,0,0,0,0,0,0,453553.47,FL,15,,,,,,852500,0,07/29/2026,1400,0
H8FL15230,"SPANO, VINCENT ROSS",I,2,REP,$0,0,0,0,187.24,187.24,0,0,0,0,0,108716.45,0,FL,15,,,,,,0,0,06/30/2026,0,0
H2FL13139,"SCHNEIDER, JAN",O,1,DEM,"$56,078",0,22492.34,0,40918.74,74504.69,22308.29,15000,0,0,0,15000,18770,FL,16,,,,,,0,0,09/30/2026,0,0
H4FL16161,"SCHNEIDER, JAN",C,1,DEM,"$56,078",0,22492.34,0,40893.74,74504.69,22308.29,15000,0,0,0,15000,18770,FL,16,,,,,,0,0,07/29/2026,0,0
H4FL16187,"MILLER, TRENT",C,1,DEM,$0,0,0,0,-2237.55,0,0,0,0,0,0,0,0,FL,16,,,,,,0,0,09/30/2026,0,0
H6FL16109,"PEARSON, GLENN KEITH MR",O,1,DEM,"$47,645",0,43650.29,0,855.96,5317.73,0,4000,0,0,0,0,43344.93,FL,16,,,,,,200,100,07/29/2026,0,0
H6FL16117,"HARRIS, JONATHAN",O,1,DEM,"$85,555",0,56687.23,0,0,28868.14,6074.08,46000,0,0,0,46000,33481.29,FL,16,,,,,,0,0,07/29/2026,0,0
H6FL16125,"LYLES, TAMIKA",O,1,DEM,"$122,215",0,66934.4,0,0,55280.23,0,25000,0,0,0,25000,97214.63,FL,16,,,,,,0,0,07/29/2026,0,0
H6FL16158,"KIRSCHNER, KELLY",O,1,DEM,"$296,507",0,215769.19,0,0,80737.72,502,0,0,0,0,106.21,296004.91,FL,16,,,,,,0,0,07/29/2026,0,0
H4FL16179,"SPEIR, JASON EDWARD",O,2,REP,"$44,245",0,30938.97,0,661.24,13966.8,0,0,0,0,0,125202.05,44183.99,FL,16,,,,,,0,0,07/29/2026,0,0
H6FL13148,"BUCHANAN, VERNON",I,2,REP,"$929,859",42399.88,983349.77,50000,1049213.35,995723.03,0,0,0,0,0,0,296368.26,FL,16,,,,,,589009.5,0,06/30/2026,114003,45500
H6FL16133,"POPE, EDWARD PETER DR.",O,2,REP,"$49,248",0,22464.51,0,0,26783.29,1000,47940,0,0,0,47940,57.57,FL,16,,,,,,0,0,07/29/2026,0,0
H6FL16141,"GRUTERS, SYDNEY",O,2,REP,"$1,087,683",18556.66,465301.38,0,0,622381.17,7000,0,0,0,0,0,941600.89,FL,16,,,,,,120500,0,07/29/2026,2000,0
H4FL17052,"LOPEZ, MANNY",C,1,DEM,$0,0,0,0,0,0,0,0,0,0,0,0,0,FL,17,,,,,,0,0,02/04/2025,0,0
H4FL17060,"MONTAVON, MATTHEW",C,1,DEM,"$96,489",0,72590.19,0,0,23859.21,5579.49,33000,0,0,0,33000,57909.91,FL,17,,,,,,0,0,07/29/2026,0,0
H6FL17065,"SPENCE, ALLEN L JR",C,1,DEM,"$72,525",0,67785.82,0,100,4839.38,9089.76,27500,0,0,0,27500,35785.44,FL,17,,,,,,0,0,07/29/2026,0,0
H8FL17053,"STEUBE, GREG",I,2,REP,"$1,337,887",271905.53,845314.95,0,1591295.8,2083867.54,0,0,0,0,0,0,479608,FL,17,,,,,,580500,0,07/29/2026,50,0
H2FL17106,"KALE, ANDREA DORIA",C,1,DEM,$106,0,128.24,0,75.75,53.7,55,0,0,0,0,17550,51.19,FL,18,,,,,,0,0,06/30/2026,0,0
H6FL18113,"CHANE, JONATHAN",O,1,DEM,$0,0,0,0,0,0,0,0,0,0,0,117120.17,0,FL,18,,,,,,0,0,06/30/2026,0,0
H6FL18212,"GIBSON, CURTIS",C,1,DEM,"$12,208",0,10755.81,0,0,1452.42,9747.9,0,0,0,0,0,2460.33,FL,18,,,,,,0,0,06/30/2026,0,0
H0FL15104,"FRANKLIN, SCOTT MR.",I,2,REP,"$850,000",82332.41,371131.43,20000,481895.48,960763.64,0,0,0,91500,0,298500,366545.02,FL,18,,,,,,377500,0,07/29/2026,3800,0
H4FL14091,"NEELD, ROBERT M. JR.",O,1,DEM,"$15,000",0,10954.75,0,0,4045.25,0,15000,0,0,0,15000,0,FL,19,,,,,,0,0,07/29/2026,0,0
H4FL19116,"LERNER, KARI",C,1,DEM,$0,0,27350.49,0,27350.49,0,0,0,0,0,0,3742.72,0,FL,19,,,,,,0,0,03/31/2025,0,0
H6FL19111,"SAPP, HOWARD LEE",O,1,DEM,"$53,596",0,55306.6,0,0,-1710.41,15700,0,0,0,0,0,37744.39,FL,19,,,,,,0,0,07/29/2026,0,0
H6FL19277,"ARIAS, VICTOR M.",O,1,DEM,"$45,356",0,26153.55,0,0,19202.6,500,30000,0,0,0,36454,14856.15,FL,19,,,,,,0,0,07/29/2026,500,0
H0FL19221,"ASKAR, CASEY",O,2,REP,"$2,567,760",10000,1519363.96,0,43,1048439.04,0,2500000,0,400000,0,5462393.52,57760,FL,19,,,,,,0,0,07/29/2026,0,0
H2FL14186,"DONALDS, BYRON",I,2,REP,"$738,092",78531.76,2143626.16,0,1740010.46,334476.3,0,0,0,0,0,0,533501.8,FL,19,,,,,,56800,0,06/30/2026,500,1500
H4FL19090,"BENACQUISTO, LIZBETH",O,2,REP,$0,0,0,0,0,0,0,0,0,0,0,121325.68,0,FL,19,,,,,,0,0,06/30/2026,0,0
H4FL26095,"FRATTO, JOHN ROBERT",O,2,REP,$631,0,1168.9,0,538.39,0,0,0,0,0,0,0,520.51,FL,19,,,,,,0,0,02/26/2026,0,0
H6FL19087,"ROONEY, FRANCIS",I,2,REP,$0,0,6479.3,0,6479.3,0,0,0,0,0,0,392000,0,FL,19,,,,,,0,0,07/08/2026,0,0
H6FL19129,"OBERWEIS, JAMES MR.",O,2,REP,"$5,326,140",2000,3081608.8,0,0,2244531.06,2095.86,4900000,0,0,0,4900000,312981.53,FL,19,,,,,,9750,0,07/29/2026,500,0
H6FL19137,"SCHWARTZEL, JIM",O,2,REP,"$2,065,485",0,1883585.84,0,0,181899.45,0,1050000,0,0,0,1050000,1000757.52,FL,19,,,,,,9500,0,07/29/2026,3500,0
H6FL19145,"PEDERSEN, MIKE",O,2,REP,"$74,708",0,62324.4,0,0,12383.6,0,10000,0,0,0,10000,64708,FL,19,,,,,,0,0,07/29/2026,0,0
H6FL19160,"HAWATMEH, OLA NESHESWAT",O,2,REP,"$391,537",115064.99,291861.69,0,0,99675.53,0,124000,0,22000,0,109756.01,143109.08,FL,19,,,,,,7500,0,07/29/2026,46546.01,0
H6FL19178,"CAWTHORN, MADISON",O,2,REP,"$874,630",0,728435.88,0,0,146194.13,0,800000,0,0,0,811888.03,60708.46,FL,19,,,,,,0,0,07/29/2026,0,0
H6FL19186,"LAUF, CATALINA",O,2,REP,"$1,674,013",76154.27,1571182.71,0.01,0,102830.39,0,0,0,0,0,0,1571546.96,FL,19,,,,,,17500,0,07/29/2026,77230.3,0
H6FL19194,"STRAND, JOHN",O,2,REP,"$135,297",0,131845.47,0,0,3451.67,0,22639.98,0,0,0,22639.98,109157.16,FL,19,,,,,,3500,0,07/29/2026,0,0
H6FL19210,"ELLIOTT, STEPHEN W",O,2,REP,$25,0,25,0,0,0,0,0,0,0,0,0,25,FL,19,,,,,,0,0,12/17/2025,0,0
H6FL19228,"COLLINS, CHRIS",O,2,REP,"$3,410,000",0,2462419.55,0,0,947580.45,8000,3402000,0,0,0,3402000,0,FL,19,,,,,,0,0,07/29/2026,0,0
H6FL19301,"SAWYER, LINDA J",O,2,REP,"$11,050",0,10760.43,0,0,289.57,10550,0,0,0,0,0,500,FL,19,,,,,,0,0,07/29/2026,0,0
H6FL19335,"BUKOWSKI, GREGORY",O,2,REP,"$21,338",0,18762.97,0,0,2574.73,0,15020,0,0,0,15020,6317.7,FL,19,,,,,,0,0,07/29/2026,0,0
H2FL20159,"HOLNESS, DALE V.C. MR.",C,1,DEM,"$394,893",0,144765.58,0,19082.31,269209.62,0,71000,0,0,0,161000,323106.44,FL,20,,,,,,0,0,07/29/2026,0,0
H4FL20023,"WASSERMAN SCHULTZ, DEBBIE",I,1,DEM,"$3,300,107",0,2496042.8,0,1057308.92,1861373.49,0,0,0,0,0,0,2523634.51,FL,20,,,,,,728500,0,07/29/2026,17609.18,3000
H4FL20098,"CAMPBELL, LUTHER MR.",C,1,DEM,"$163,622",0,101076.49,0,0,62545.37,0,15700,0,0,0,15700,147921.86,FL,20,,,,,,0,0,07/29/2026,0,0
H6FL20077,"MANLEY, ELIJAH",C,1,DEM,"$1,068,384",0,1034785.85,0,0,33598.02,0,0,0,0,0,77702.92,1057931,FL,20,,,,,,0,0,07/29/2026,2569.5,0
H6FL20135,"WILLIAMS, MAISHA",C,1,DEM,"$4,000",0,3983.81,0,0,16.19,0,0,0,0,0,0,4000,FL,20,,,,,,0,0,06/30/2026,0,0
H8FL20032,"CHERFILUS-MCCORMICK, SHEILA",I,1,DEM,"$389,258",0,386957.51,0,7516.27,-1263.85,0,12904,0,12100,0,11650,284101.17,FL,20,,,,,,91000,0,07/29/2026,4181.16,0
H0FL23090,"SPALDING, CARLA A",C,2,REP,"$8,780",0,17213.06,0,26999.08,18565.67,21,0,0,0,0,81156.85,4735.71,FL,20,,,,,,190,0,07/29/2026,325,0
H2FL25083,"CLARK, DREW-MONTEZ DR.",C,2,REP,$0,0,0,0,0,0,0,0,0,0,0,5850,0,FL,20,,,,,,0,0,06/30/2025,0,0
H6FL18121,"SPALDING, CARLA ARLENE",C,2,REP,"$8,780",0,17213.06,0,26999.08,18565.67,21,0,0,0,0,81156.85,4735.71,FL,20,,,,,,190,0,07/29/2026,325,0
H6FL20069,"JOSEPH, RODENAY MR.",C,2,REP,"$98,825",0,82642.35,0,0,16182.39,0,0,0,0,0,0,98824.74,FL,20,,,,,,0,0,07/29/2026,0,0
H6FL20127,"JONES, LATERESA A",C,2,REP,"$11,002",0,10897.65,0,25,129.65,0,10400,0,0,0,10400,602.3,FL,20,,,,,,0,0,06/30/2026,0,0
H6FL20143,"ANDERSEN, BRENT",C,2,REP,"$63,849",0,23225.78,0,0,40622.8,0,0,0,0,0,0,63848.58,FL,20,,,,,,0,0,07/29/2026,0,0
H2FL18096,"BALDERRAMOS ROBINSON, CORINNA",C,1,DEM,$0,0,0,0,2047.65,2047.65,0,0,0,0,0,0,0,FL,21,,,,,,0,0,06/30/2026,0,0
H6FL21034,"TAYLOR, BERNARD",C,1,DEM,"$993,380",0,856522.36,0,0,151968.48,0,0,0,0,0,0,993379.66,FL,21,,,,,,0,0,07/29/2026,0,0
H6FL21042,"PANDICH, ELIZABETH",C,1,DEM,"$71,436",0,71436,0,0,0,1200,2500,0,27,0,2473,67736,FL,21,,,,,,0,0,09/11/2025,11500,0
H6FL21075,"MARTIN, JAMES",C,1,DEM,"$579,319",0,391274.3,0,0,188044.9,1,150000,0,0,0,150000,428318.19,FL,21,,,,,,0,0,07/29/2026,2417,0
H2FL21082,"BUONGIORNO, JEFFREY D",C,2,REP,"$1,579",0,1578.8,0,0,0,0,0,0,0,0,0,1578.8,FL,21,,,,,,0,0,06/30/2026,0,0
H2FL21165,"MARKS, MARTIN J.",C,2,REP,$0,0,3691.66,0,3691.66,0,0,0,0,0,0,0,0,FL,21,,,,,,0,0,04/20/2025,0,0
H6FL18097,"MAST, BRIAN",I,2,REP,"$4,308,890",681059.22,3151809.97,0,1771377.66,2928458.15,0,0,0,0,0,0,3178889.54,FL,21,,,,,,389200,0,07/29/2026,8656.5,0
H6FL21059,"DANDIYA, PIA",C,1,DEM,"$2,284,052",0,987367.81,0,0,1296684.48,0,247000,0,0,0,247000,1965051.29,FL,22,,,,,,72001,0,07/29/2026,4591.09,0
H6FL22222,"EARLEY, KAYSIA",C,1,DEM,"$25,904",0,21638.63,0,0,4265,0,11200,0,0,0,11200,14203.63,FL,22,,,,,,500,0,07/29/2026,0,0
H4FL22128,"ANTROPOV, JAYDEN",,2,REP,$0,0,0,0,0,0,0,0,0,0,0,0,0,FL,22,,,,,,0,0,08/24/2026,0,0
H4FL22136,"GUTMANN, ANDREW",C,2,REP,$0,0,4493.25,0,4493.25,0,0,0,0,0,0,0,0,FL,22,,,,,,0,0,03/15/2026,0,0
H6FL22099,"MEDVEDEVA, ANNA",C,2,REP,"$278,318",0,278317.85,0,0,0,0,250000,0,0,0,0,22996.41,FL,22,,,,,,5000,0,06/30/2026,951.36,0
H6FL22131,"SRADO, ANTONIO",C,2,REP,$328,0,327.67,0,0,0,0,0,0,0,0,0,327.67,FL,22,,,,,,0,0,03/31/2026,0,0
H6FL22149,"FRANZESE, DANIEL JOHN",C,2,REP,"$1,488,421",0,1026705.31,0,9928.49,471643.98,1915.58,1271711.5,125,0,125,1250000,214215.32,FL,22,,,,,,0,0,07/29/2026,890.66,0
H6FL22156,"BURCK, DAVID",C,2,REP,"$255,073",0,187965.41,0,0,67107.56,0,0,0,0,0,0,255072.97,FL,22,,,,,,0,0,07/29/2026,5500,0
H6FL22164,"WERTHEIM, HERBERT DR. OD",C,2,REP,"$2,500,000",0,2500000,0,0,0,0,2500000,0,2500000,0,0,0,FL,22,,,,,,0,0,06/30/2026,0,0
H6FL22180,"THOMPSON, MICHAEL",C,2,REP,"$23,613",0,20645.74,0,0,2967.26,0,0,0,0,0,0,23613,FL,22,,,,,,0,0,07/29/2026,0,0
H6FL22206,"KEISER, BELINDA",C,2,REP,"$3,797,856",0,3096261.99,0,0,701594.29,16318.36,3499999,0,0,0,3499999,275038.92,FL,22,,,,,,0,6500,07/29/2026,2550,0
H6FL22214,"HASDORFF, TERRI",C,2,REP,"$46,150",0,18282.72,0,0,27867.28,0,15000,0,0,0,15000,31150,FL,22,,,,,,0,0,07/29/2026,0,0
H6FL22248,"ASKAR, CASEY",C,2,REP,"$2,567,760",10000,1519363.96,0,0,1048396.04,0,2500000,0,400000,0,2100000,57760,FL,22,,,,,,0,0,07/29/2026,0,0
H6FL22255,"BAXTER, SARA",C,2,REP,"$14,150",0,14150,0,0,0,0,10600,0,10577.7,0,22.3,3550,FL,22,,,,,,0,0,06/30/2026,3550,0
H6FL22263,"ANDERSON, JILLIAN",C,2,REP,$473,0,472.5,0,0,0,472.5,0,0,0,0,0,0,FL,22,,,,,,0,0,06/30/2026,0,0
H6FL25035,"CARBONARA, MICHAEL",C,2,REP,"$6,332,573",0,6295983.29,0,0,36589.44,0,4236901.87,0,0,0,4238901.87,54754.95,FL,22,,,,,,5000,0,07/29/2026,0,0
H2FL14053,"FRANKEL, LOIS J.",I,1,DEM,"$2,276,254",0,1351533.6,0,287321.25,1212162.38,0,0,0,0,0,0,1659575.46,FL,23,,,,,,525250,0,07/29/2026,32222,3500
H2FL23260,"TROUT, W MICHAEL",C,1,DEM,$5,0,0,0,9373.64,9378.64,5,0,0,0,0,10830,0,FL,23,,,,,,0,0,04/15/2026,0,0
H6FL22107,"DOYLE, VICTORIA JANE BOKER",C,1,DEM,"$483,605",0,445158.24,0,0,38446.31,100,325020,0,0,0,358601.56,157200.09,FL,23,,,,,,0,0,07/29/2026,900,0
H0FL22100,"CEREZO SWAFFAR, DARLENE",C,2,REP,"$6,250",0,6432.44,0,182.02,0,0,1700,0,25,0,0,4550.42,FL,23,,,,,,0,0,07/22/2025,2300,0
H2FL21132,"ADEIMY, DEBORAH",C,2,REP,"$162,515",0,132432.32,0,3608.14,33690.7,34977.65,52026,0,0,0,65466,74339.37,FL,23,,,,,,0,0,07/29/2026,0,0
H4FL23126,"WEINROTH, ROBERT S.",C,2,REP,"$5,000",0,6587.59,0,1587.59,0,0,0,0,0,0,0,5000,FL,23,,,,,,0,0,02/18/2025,0,0
H6FL22172,"BRANDA, PAOLA",C,2,REP,"$25,887",0,24212.29,0,0,1674.37,1314.1,0,21721.78,0,0,21721.78,2850.78,FL,23,,,,,,0,0,07/29/2026,0,0
H6FL23162,"GURFEIN, JARED",C,2,REP,"$28,054",0,17481.76,0,0,10572.41,0,0,0,0,0,33310,27963.17,FL,23,,,,,,0,1,06/30/2026,251,0
H6FL23170,"DORCE, SENDRA",C,2,REP,"$10,425",0,4833.41,0,0,5601.3,0,1982.42,25,150,0,0,8417.29,FL,23,,,,,,0,0,06/30/2026,0,0
H8FL23051,"REYES, CARLOS JOSE JR.",C,2,REP,$0,0,0,0,0,0,0,0,0,0,0,99443.88,0,FL,23,,,,,,0,0,03/31/2025,0,0
H0FL17068,"WILSON, FREDERICA S.",I,1,DEM,"$164,774",0,305401.09,0,497199.62,356572.41,0,0,0,0,0,15250,49462.12,FL,24,,,,,,115311.76,0,06/30/2026,0,0
H0FL17092,"VEREEN, RODERICK D",O,1,DEM,"$45,005",0,11733.9,0,61564.62,77505,0,35600,0,0,0,20600,9405,FL,24,,,,,,0,0,07/29/2026,0,0
H0FL17118,"MOISE, RUDOLPH DR.",C,1,DEM,"$651,697",0,555845.63,0,0,100851.37,46650,400000,0,0,0,400000,205047,FL,24,,,,,,0,0,07/29/2026,2225,0
H2FL24037,"SANON-JULES, CHRISTINE ALEXANDRIA",O,1,DEM,$0,0,0,0,0,0,0,0,0,0,0,0,0,FL,24,,,,,,0,0,03/31/2026,0,0
H6FL24079,"MONESTIME, JEAN",O,1,DEM,"$95,065",0,69161.41,0,0,25903.59,0,5000,0,0,0,5000,90065,FL,24,,,,,,0,0,07/29/2026,0,0
H6FL24087,"JONES, SHEVRIN",O,1,DEM,"$283,695",0,205082.94,0,0,78611.64,0,0,0,0,0,0,253795.09,FL,24,,,,,,29500,0,07/29/2026,0,0
H6FL24095,"GILBERT, OLIVER G. III",O,1,DEM,"$812,143",0,583049.58,0,0,229093.22,0,0,0,0,0,0,787142.8,FL,24,,,,,,25000,0,07/29/2026,0,0
H6FL24111,"MEEK, KENDRICK",O,1,DEM,"$657,619",0,542847.05,0,0,114771.82,3500,0,0,0,0,0,566608.87,FL,24,,,,,,87500,0,07/29/2026,6015,0
H6FL24129,"DAVIS, MARSHALL L. SR",O,1,DEM,"$13,046",0,14010.4,0,100,-864.15,0,0,0,0,0,0,13046.25,FL,24,,,,,,0,0,06/30/2026,0,0
H2FL24052,"GONZALEZ, PATRICIA",O,2,REP,"$1,333",0,1236.64,0,0,96.36,0,1200,0,0,0,1200,126,FL,24,,,,,,0,0,07/29/2026,0,0
H4FL24041,"SPICER, LAVERN",C,2,REP,$0,0,3.3,0,3.3,0,0,0,0,0,0,0,0,FL,24,,,,,,0,0,03/31/2025,0,0
H4FL24058,"NAVARRO, JESUS",C,2,REP,$0,0,0,0,-586.63,-586.63,0,0,0,0,0,10512,0,FL,24,,,,,,0,0,01/02/2025,0,0
H6FL14203,"BROWN, TE",C,2,REP,"$313,318",0,14692.9,0,0,298625.59,0,306068.33,0,0,0,306068.33,7250,FL,24,,,,,,0,0,07/29/2026,0,0
H2FL22171,"MOSKOWITZ, JARED",I,1,DEM,"$2,998,428",171000,1465080.61,0,349286.7,1882634.29,0,0,0,95000,0,20700,2264110.05,FL,25,,,,,,561392.15,0,07/29/2026,18634.22,0
H6FL23154,"LARKIN, OLIVER ADAMS",C,1,DEM,"$689,404",0,519661.86,0,0,169741.75,0,0,0,0,0,0,685058.18,FL,25,,,,,,4100,0,07/29/2026,1296.11,0
H2FL20043,"KAUFMAN, JOE",C,2,REP,"$632,264",0,158934.71,0,62789.01,528123.11,0,0,0,0,0,89862.53,632264.36,FL,25,,,,,,0,0,07/29/2026,0,0
H2FL21108,"FRANZESE, DANIEL JOHN",C,2,REP,"$1,488,421",0,1026705.31,0,9928.49,471643.98,1915.58,1271711.5,125,0,125,1250000,214215.32,FL,25,,,,,,0,0,07/29/2026,890.66,0
H4FL25030,"EDDY, CHRISTOPHER",C,2,REP,$2,0,1280.96,0,1983.87,704.91,0,0,0,0,0,0,2,FL,25,,,,,,0,0,06/30/2026,0,0
H4FL25055,"LEIB, BRYAN",C,2,REP,$0,0,65.6,0,65.6,0,0,0,0,0,0,0,0,FL,25,,,,,,0,0,06/30/2025,0,0
H6FL23139,"HARRISON, RAVEN",C,2,REP,"$797,235",0,722075.73,0,0,75159.7,6968,542000,0,250000,0,293897.05,247542.58,FL,25,,,,,,0,0,07/29/2026,1102,0
H6FL23147,"MORAITIS, GEORGE R",C,2,REP,"$931,849",0,660014.96,0,0,271833.99,8491.8,110000,0,0,0,111100.02,803357.15,FL,25,,,,,,10000,0,07/29/2026,6055.72,0
H6FL23188,"SINGER, SCOTT M.",C,2,REP,"$2,245,960",0,1779740.69,0,0,466219.45,0,724010,0,150000,0,579452.53,1480485.43,FL,25,,,,,,38000,0,07/29/2026,8000,0
H6FL25043,"VILLATORO, CLAUDIA",C,2,REP,"$4,887",0,4637.02,0,0,-593.04,1194.35,800,0,0,0,800,2892.71,FL,25,,,,,,0,0,06/22/2026,0,0
H4FL26103,"ATKINS, JOEY DAVID",C,1,DEM,$0,0,0,0,379.21,379.21,0,0,0,0,0,0,0,FL,26,,,,,,0,0,06/30/2026,0,0
H6FL26041,"GIL, YURINA",C,1,DEM,"$38,588",0,22726.78,0,1060,17079.25,0,10000,0,9019.06,800,180.94,26300.69,FL,26,,,,,,1988,0,06/30/2026,0,0
H6FL26058,"LOCKLIN, NICOLE",C,1,DEM,"$347,681",0,149081.5,0,0,198599.96,918.38,250000,0,0,0,250000,96763.05,FL,26,,,,,,0,0,07/29/2026,30,0
H0FL25038,"RIVERA, DAVID",C,2,REP,$0,0,0,0,0,0,0,0,0,0,0,139873.58,0,FL,26,,,,,,0,0,06/30/2026,0,0
H2FL25018,"DIAZ-BALART, MARIO",I,2,REP,"$2,060,782",5943.06,1341398.99,0,1819320.2,2538703.16,0,0,0,0,0,0,1206333.04,FL,26,,,,,,845150,0,07/29/2026,0,0
H4FL26111,"EVANS, RICHARD MR.",C,2,REP,$0,0,0,0,447.06,447.06,0,0,0,0,0,13500,0,FL,26,,,,,,0,0,12/31/2025,0,0
H2FL27089,"RUSSELL, KEN",C,1,DEM,$0,0,0,0,0,0,0,0,0,0,0,55305.91,0,FL,27,,,,,,0,0,03/31/2026,0,0
H4FL27010,"BAEZ-GELLER, LUCIA",C,1,DEM,"$3,987",0,16359.3,0,12372.24,0,0,0,0,0,0,0,0,FL,27,,,,,,0,0,04/14/2025,0,0
H4FL27036,"DAVEY, MICHAEL",C,1,DEM,"$45,190",0,28247.28,0,-201.53,12609.47,0,0,0,0,0,42700,45190.26,FL,27,,,,,,0,0,06/30/2026,0,0
H6FL27056,"LAMONDIN, RICHARD",C,1,DEM,"$743,712",0,743712.29,0,0,0,450,145000,0,145000,0,0,591712.29,FL,27,,,,,,6500,0,06/25/2026,140608,0
H6FL27064,"FORNINO, ALEXANDER",C,1,DEM,"$25,150",0,24814.88,819.53,0,-719.18,24691,0,0,0,0,0,459.33,FL,27,,,,,,0,0,03/31/2026,0,0
H6FL27072,"PEGUERO, ROBIN",C,1,DEM,"$1,061,496",0,923104.29,0,0,138391.8,0,0,0,0,0,0,1029395.87,FL,27,,,,,,31100,0,07/29/2026,4696.5,0
H6FL27098,"RODRIGUEZ, ELIOTT",C,1,DEM,"$661,173",0,336075.74,0,0,325097.37,7000,0,0,0,0,0,654173.11,FL,27,,,,,,0,0,07/29/2026,120,0
H8FL27052,"RODRIGUEZ, JOSE JAVIER",O,1,DEM,$0,0,265,0,0,175565.86,0,0,0,0,0,0,0,FL,27,,,,,,0,0,06/30/2026,0,0
H4FL27028,"ARIAS, VINCENT MICHAEL",C,2,REP,"$183,564",0,111069.93,0,0,72493.66,0,148000,0,0,0,161525,35563.59,FL,27,,,,,,0,0,07/29/2026,0,0
H8FL27185,"SALAZAR, MARIA ELVIRA",I,2,REP,"$1,999,399",862880.63,1150679.49,0,1410827.14,2259546.73,2492.77,0,0,0,0,14300,550314.85,FL,27,,,,,,533178.55,0,07/29/2026,0,0
H4FL28042,"EHR, PHIL",C,1,DEM,"$438,286",0,76322.34,0,16850.92,454610.27,10200,333000,0,0,0,644083.63,94905.35,FL,28,,,,,,0,0,06/30/2026,91,0
H6FL28047,"MUJICA, HECTOR DANIEL",C,1,DEM,"$239,668",0,231252.33,46298.6,0,8415.22,0,0,45000,0,0,45000,186667.55,FL,28,,,,,,8000,0,06/30/2026,276,0
H0FL26036,"GIMENEZ, CARLOS",I,2,REP,"$601,254",118910.38,484408.8,0,576027.97,692872.93,0,0,0,0,0,0,204816.38,FL,28,,,,,,276750,0,07/29/2026,5000,0
H2FL26073,"SCHAFFER, JEREMIAH",C,2,REP,$0,0,0,0,270.02,270.02,0,0,0,0,0,0,0,FL,28,,,,,,0,0,06/30/2026,0,0
H0GA01029,"GRIGGS, JOYCE MARIE",O,1,DEM,"$38,973",0,39045.4,0,79.57,6.93,0,31751.75,0,0,0,116306.75,7171.01,GA,1,,,,,,0,0,06/30/2026,0,0
H4GA01153,"HEWITT, PATTI",C,1,DEM,$560,0,2087.67,0,1528.13,0,200,0,0,0,0,5000,349.54,GA,1,,,,,,0,0,06/30/2025,0,0
H6GA01133,"MCCORD, MICHAEL",O,1,DEM,"$224,654",0,58991.67,0,0,147166.95,0,130000,0,0,0,130000,94654,GA,1,,,,,,0,0,03/31/2026,0,0
H6GA01158,"HOLLOWELL, AMANDA",O,1,DEM,"$162,500",0,155572.24,0,0,7388.62,0,32512.39,0,0,0,32512.39,128987.47,GA,1,,,,,,1000,0,06/30/2026,0,0
H6GA01174,"ZURCHER, RANDY",O,1,DEM,"$12,219",0,12219.2,0,0,0,0,100,0,100,0,0,12119.2,GA,1,,,,,,0,0,06/30/2026,0,0
H6GA01208,"STOKES-WILLIAMSON, SHARON",O,1,DEM,"$6,835",0,6835.46,0,0,4.72,2800,0,0,0,0,0,4035,GA,1,,,,,,0,0,06/22/2026,0,0
H6GA01224,"WILVER, PATRICK",O,1,DEM,"$70,239",0,66685.03,0,0,3553.54,81.32,3250,3359.9,0,0,6609.9,63547.35,GA,1,,,,,,0,0,06/30/2026,150,0
H0GA01060,"MERRITT, DANIEL",C,2,REP,$0,0,0,0,0,0,0,0,0,0,0,34578.24,0,GA,1,,,,,,0,0,06/30/2026,0,0
H4GA01039,"CARTER, EARL LEROY",I,2,REP,"$7,300,243",635277.18,10259563.33,2500,3018930.34,59609.84,0,3500000,0,0,0,3500000,1937290.48,GA,1,,,,,,1098775,0,06/30/2026,338621.34,196700
H4GA12051,"YU, EUGENE CHIN MR.",O,2,REP,"$143,070",0,151534.38,0,43381.03,34916.44,0,0,0,0,0,61000,143069.79,GA,1,,,,,,0,0,04/29/2026,0,0
H6GA01075,"TAYLOR, KANDISS DR.",O,2,REP,"$116,854",0,116874.67,0,192.03,170.93,0,13600,0,600,0,13000,103253.57,GA,1,,,,,,0,0,06/30/2026,0,0
H6GA01083,"FARRELL, PATRICK K.",O,2,REP,"$663,243",0,663243.27,0,0,0,0,500000,0,12585.71,0,0,162993.27,GA,1,,,,,,250,0,06/30/2026,10500,0
H6GA01091,"PENN, KRISTA",O,2,REP,"$21,469",0,18581.49,0,0,2862,5943.54,945.98,0,945.98,0,0,13579.37,GA,1,,,,,,1000,0,06/30/2026,0,0
H6GA01109,"KINGSTON, JAMES MORRIS",O,2,REP,"$1,944,528",0,1650435.78,0,0,294092.61,0,0,0,0,0,0,1742078.39,GA,1,,,,,,202450,0,06/30/2026,179525,0
H6GA01166,"MONTGOMERY, BRIAN ALLEN",O,2,REP,"$248,746",0,248746.42,0,0,0,20814.52,0,0,0,0,0,219431.9,GA,1,,,,,,8500,0,06/30/2026,13967.12,0
H6GA01216,"MONTELEONE, MONTE, EUGENE, GEE T MR.",O,2,REP,"$18,056",0,5478.27,0,0,1410.47,4304.16,10000,0,0,0,10000,3751.92,GA,1,,,,,,0,0,04/28/2026,0,0
H2GA02031,"BISHOP, SANFORD",I,1,DEM,"$1,126,530",3500,861582.99,0,182860.98,447807.95,0,0,0,0,0,0,377718.14,GA,2,,,,,,738750.01,0,06/30/2026,550,5000
H2GA02148,"O'HARA, JOSEPH",C,1,DEM,$0,0,0,0,12.48,12.48,0,0,0,0,0,5220,0,GA,2,,,,,,0,0,06/30/2026,0,0
H6GA02149,"GLOVER, DANNY DWAYNE",C,1,DEM,"$4,675",0,2882.4,0,100,1892.6,0,0,0,0,0,0,4675,GA,2,,,,,,0,0,06/30/2025,0,0
H2GA02163,"JOHNSON, ARTHUR WAYNE",C,2,REP,"$8,000",0,9861.12,0,1861.12,0,0,8000,0,0,0,0,0,GA,2,,,,,,0,0,03/31/2026,0,0
H2GA02189,"HUNT, JEREMY",C,2,REP,$0,0,0,0,3352.57,3352.57,0,0,0,0,0,77247.66,0,GA,2,,,,,,0,0,06/30/2026,0,0
H4GA02078,"CHILDS, VIVIAN LOUISE",C,2,REP,$0,0,0,0,158.99,158.99,0,0,0,0,0,10000,0,GA,2,,,,,,0,0,12/31/2025,0,0
H6GA01182,"DAY, MATT",O,2,REP,"$206,344",13193.46,204576.47,0,0,1767.8,132288.31,50000,0,0,0,50000,10762.5,GA,2,,,,,,0,0,06/30/2026,0,0
H6GA02156,"HAND, CHUCK",C,2,REP,$874,0,874.47,0,0,0,0,0,0,0,0,0,874.47,GA,2,,,,,,0,0,03/05/2026,0,0
H0GA03074,"ALMONORD, VALBRUN",O,1,DEM,$0,0,0,0,0,0,0,0,0,0,0,0,0,GA,3,,,,,,0,0,08/01/2025,0,0
H4GA03100,"KELLER, MAURA",C,1,DEM,"$150,514",5000,65893.8,0,2935.57,87575.61,0,0,0,0,0,25520,141513.84,GA,3,,,,,,4000,0,06/30/2026,143,0
H6GA03204,"JOHNSON, GEORGE MELVILLE MR",C,1,DEM,"$104,435",0,81450.59,0,0,22984.41,10,100000,0,0,0,100000,4015,GA,3,,,,,,410,0,06/30/2026,0,0
H0GA13032,"CRANE, MICHAEL ROBERT",O,2,REP,$0,0,0,0,0,0,0,0,0,0,0,115755.6,0,GA,3,,,,,,0,0,06/30/2026,0,0
H4GA03076,"SINGLETON, PHILLIP",O,2,REP,$0,0,1635.52,0,1635.52,0,0,0,0,0,0,0,0,GA,3,,,,,,0,0,12/06/2025,0,0
H4GA03126,"JACK, BRIAN",I,2,REP,"$2,045,913",322297.15,1143464.28,0,240176.33,1142624.92,0,0,0,0,0,8769.71,879476.19,GA,3,,,,,,836639.53,0,06/30/2026,17858.68,0
H6GA04129,"JOHNSON, HENRY C. 'HANK'",I,1,DEM,"$402,315",0,396085.24,0,111676,117905.6,0,0,0,0,0,5211.2,77702.5,GA,4,,,,,,316750,779.17,06/30/2026,5121.43,-2500
H6GA04178,"ROBSON, ALEXANDER THOMAS MR.",C,1,DEM,"$1,925",0,1868.55,0,0,-152.48,478.51,0,0,0,0,0,1446,GA,4,,,,,,0,0,03/31/2026,0,0
H0GA05301,"WILLIAMS, NIKEMA N.",I,1,DEM,"$599,715",0,536864.64,0,13241.65,76091.81,0,0,0,0,0,0,180134.96,GA,5,,,,,,402755,0,06/30/2026,16.76,0
H6GA05217,"LEWIS, JOHN R",I,1,DEM,"$2,068",0,47501.52,0,46765.96,1332.54,0,0,0,0,0,0,0,GA,5,,,,,,0,0,06/30/2026,0,0
H6GA05308,"CASTRO, ANDRES",C,1,DEM,"$36,421",0,36420.73,0,0,0,25665.7,0,0,0,0,0,10755.03,GA,5,,,,,,0,0,07/15/2026,0,0
H6GA05324,"BEATTY, ARNETRESS",C,1,DEM,"$7,001",0,7000.56,0,0,0,0,6240.25,0,5.09,0,594.91,10,GA,5,,,,,,0,0,06/30/2026,0,0
H2GA05166,"ZIMM, CHRISTIAN GERARD",C,2,REP,$0,0,140,0,-751.78,-891.78,0,0,0,0,0,0,0,GA,5,,,,,,0,0,06/30/2026,0,0
H4GA06152,"THOMAS, MAANDISHA A",C,1,DEM,$0,0,320.1,0,4520.85,3970,0,0,0,200,0,13275,0,GA,6,,,,,,0,0,06/30/2026,0,0
H8GA06393,"MCBATH, LUCIA KAY MS.",I,1,DEM,"$896,856",0,1173781.4,50000,953274.45,676348.88,0,0,0,0,0,0,533440.41,GA,6,,,,,,343437.48,779.17,06/30/2026,3227.27,0
H6GA06157,"PINKER, JUSTIN",C,2,REP,"$16,339",0,14949.17,0,0,1389.36,100,6622.08,0,0,0,6622.08,9616.45,GA,6,,,,,,0,0,04/29/2026,0,0
H6GA06173,"BAPTISTE, CRYSTAL SHAUNA",C,2,REP,"$7,275",0,3049.45,0,0,4225.76,0,0,1000,0,1000,0,6275.21,GA,6,,,,,,0,0,06/30/2026,1,0
H6GA06181,"MARTIN, KEVIN EUGENE",C,2,REP,"$10,320",0,10220,0,0,100,0,10320,0,0,0,10320,0,GA,6,,,,,,0,0,03/31/2026,0,0
H6GA07171,"MOBURG, HAIDEN WILLIAM",C,1,DEM,$0,0,0,0,0,0,0,0,0,0,0,0,0,GA,7,,,,,,0,0,04/16/2025,0,0
H6GA07197,"NORTON, CASEY",C,1,DEM,"$20,551",0,11070.35,0,1233.83,10714.79,0,0,0,0,0,0,20551.31,GA,7,,,,,,0,0,06/30/2026,0,0
H6GA07205,"LONG, LARRY",C,1,DEM,"$50,997",0,50996.5,0,0,0,0,50176.5,0,0,0,50176.5,820,GA,7,,,,,,0,0,05/21/2026,0,0
H6GA07213,"TOWEH, JAYSON",C,1,DEM,"$11,653",0,8630.16,0,0,27.17,0,3556.19,2550,0,0,0,5547,GA,7,,,,,,0,0,04/29/2026,0,0
H6GA07221,"KOZYCKI, ANTHONY LAWRENCE",C,1,DEM,"$392,831",0,115404.52,0,0,277426.8,0,316702.32,0,0,0,316702.32,66129,GA,7,,,,,,5000,0,06/30/2026,0,0
H0GA07273,"MCCORMICK, RICHARD DEAN DR.",I,2,REP,"$1,642,413",747019.83,1332251.26,89000,697822.91,1007984.38,0,0,0,203800,0,1000,382097.92,GA,7,,,,,,435500,0,06/30/2026,44732.17,11000
H0GA07307,"BABBAGE, LISA NOEL DR.",C,2,REP,$0,0,0,0,0,0,0,0,0,0,0,0,0,GA,7,,,,,,0,0,10/31/2025,0,0
H2GA10232,"WEST, MARY",O,2,REP,$0,0,67.01,0,67.01,0,0,0,0,0,0,0,0,GA,7,,,,,,0,0,04/15/2026,0,0
H6GA07189,"BARFIELD, STEPHEN ERIC MR.",C,2,REP,"$50,002",0,50001.95,0,0,0,0,50000,0,0,0,0,0.96,GA,7,,,,,,0,0,01/31/2026,0,0
H2GA08095,"BUTLER, DARRIUS MAURICE",C,1,DEM,$0,0,0,0,0,0,0,0,0,0,0,0,0,GA,8,,,,,,0,0,04/16/2025,0,0
H6GA08138,"ESTI, KELLY DR",C,1,DEM,"$19,343",0,24002.84,0,9010.17,1687.58,1000,0,0,0,0,0,18342.58,GA,8,,,,,,0,0,06/30/2026,0,0
H8GA08118,"COOPER, JAMES L III",C,1,DEM,$142,0,142.08,0,0,0,49.08,0,0,0,0,1230,93,GA,8,,,,,,0,0,06/30/2026,0,0
H0GA08099,"SCOTT, JAMES AUSTIN",I,2,REP,"$1,124,952",0,755665.34,0,980165.55,1349452.16,0,0,0,0,0,0,386901.05,GA,8,,,,,,703250,0,06/30/2026,2500,2500
H4GA08125,"WATKINS, VINSON",C,2,REP,$0,0,63.18,0,201.19,138.01,0,0,0,0,0,5320,0,GA,8,,,,,,0,0,06/30/2025,0,0
H4GA14040,"CASH, TAMBREI",C,1,DEM,$0,0,20,0,16.68,-3.32,0,0,0,0,0,0,0,GA,9,,,,,,0,0,06/30/2025,0,0
H6GA09268,"ALEX, NICHOLAS FRANCIS MR.",C,1,DEM,"$156,067",0,155900.19,0,0,166.63,1140,0,0,0,0,0,150171.28,GA,9,,,,,,350,0,08/07/2026,880,0
H6GA09284,"GEGEN, CAITLYN",C,1,DEM,"$43,387",0,38717.75,0,0,4669.67,6181,0,0,0,0,0,35206.42,GA,9,,,,,,2000,0,06/30/2026,0,0
H8GA09058,"MCCALL, JOSHUA BRAXTON",C,1,DEM,$0,0,0,0,1715.26,1715.26,0,0,0,0,0,0,0,GA,9,,,,,,0,0,06/30/2026,0,0
H0GA09246,"CLYDE, ANDREW",I,2,REP,"$671,072",0,590803.96,0,95984.11,176252.58,0,0,0,10000,0,1298863.64,552361.46,GA,9,,,,,,118710.97,0,06/30/2026,13037,-2000
H0GA10228,"CATES, CHRISTOPHER U MD",C,2,REP,$0,0,0,0,442.11,442.11,0,0,0,0,0,250000,0,GA,9,,,,,,0,0,06/30/2026,0,0
H2GA09242,"HOWARD, JON GREGORY",C,2,REP,$0,0,0,0,2273.03,2273.03,0,0,0,0,0,8639.25,0,GA,9,,,,,,0,0,03/31/2026,0,0
H6GA09250,"COUVILLON, SAM",C,2,REP,"$716,309",0,716308.5,0,0,0,0,0,0,0,0,0,707308.5,GA,9,,,,,,9000,0,06/30/2026,55828.73,0
H6GA09276,"POOLE, GREGG",C,2,REP,"$159,048",0,101710.15,0,0,57338.15,17473.3,100000,0,0,0,100000,41575,GA,9,,,,,,0,0,06/30/2026,2800,0
H4GA10113,"DOHERTY, ALEXANDRA",O,1,DEM,"$220,391",0,210987.52,0,12803.18,22956.16,0,0,0,0,1000,9000,220390.5,GA,10,,,,,,0,0,06/30/2026,0,0
H6GA10183,"DELANCY, PAMELA MRS",O,1,DEM,"$23,080",0,11121.45,0,0,8705,500,7100,0,0,0,4100,15480,GA,10,,,,,,0,0,06/30/2026,0,0
H2GA10117,"SIMPSON, STEPHEN K MR.",O,2,REP,$0,0,0,0,0,0,0,0,0,0,0,0,0,GA,10,,,,,,0,0,06/30/2026,0,0
H4GA10071,"COLLINS, MICHAEL A JR",I,2,REP,"$6,511,960",2380271.16,5069829.54,0,597195.09,2038360.07,65000,0,0,0,0,461915.72,3555590.56,GA,10,,,,,,495631.55,0,06/30/2026,26105.15,3500
H6GA09243,"BROUN, PAUL",C,2,REP,$0,0,0,0,1316.9,1316.9,0,0,0,0,0,97589.84,0,GA,10,,,,,,0,0,06/30/2026,0,0
H6GA10175,"GAINES, HOUSTON",O,2,REP,"$2,303,880",15471.21,1600460.26,0,0,703419.64,0,0,0,0,0,0,2051172,GA,10,,,,,,214510.25,0,06/30/2026,141819.16,0
H6GA10191,"MILLSAP, RYAN",O,2,REP,"$1,160,370",0,1158179.46,0,0,2190.75,0,1150000,0,263773.51,0,886226.49,10370.21,GA,10,,,,,,0,0,06/30/2026,0,0
H4GA11137,"STAMPER, KATY L MISS",C,1,DEM,$0,0,1514.25,0,1514.25,0,0,0,0,1130.25,0,0,0,GA,11,,,,,,0,0,03/31/2026,0,0
H6GA11116,"HARDEN, CHRISTOPHER MATTHEW",O,1,DEM,"$76,330",0,63994.91,0,0,2237.16,0,17,0,0,0,87,74313.25,GA,11,,,,,,2000,0,06/30/2026,0,0
H6GA11124,"WOLFERT, BARRY CRAIG MR.",O,1,DEM,"$48,125",0,48125.36,0,0,0,765.36,10000,0,9234.64,0,0,37340,GA,11,,,,,,0,0,07/15/2026,0,0
H0GA14048,"COWAN, JOHN",O,2,REP,"$2,347,796",12833.33,2330166.55,0,0,17629.66,0,1750020,0,20,0,1774961.67,464917.88,GA,11,,,,,,120000,0,06/30/2026,1500,0
H4GA11061,"LOUDERMILK, BARRY",I,2,REP,"$262,803",50203,309133.1,0,172983.85,126653.67,0,0,0,0,0,0,33997.67,GA,11,,,,,,164250,0,06/30/2026,1600,5000
H4GA11087,"PRIDEMORE, TRICIA",O,2,REP,"$618,362",0,618361.76,0,0,0,0,0,0,0,0,0,533266.76,GA,11,,,,,,84500,0,06/30/2026,71471.58,12000
H4GA11129,"PONS, MICHAEL LOUIS MR",C,2,REP,$0,0,0,0,545.33,0,0,0,0,0,0,0,0,GA,11,,,,,,0,0,12/31/2025,0,0
H6GA11132,"MORA, CHRIS",O,2,REP,"$30,362",0,24208.9,0,0,6153.44,1400,11578.77,0,0,0,11578.77,14634.93,GA,11,,,,,,2748.64,0,06/30/2026,0,0
H6GA11181,"ADKERSON, ROB",O,2,REP,"$373,406",0,373406.13,0,0,0,0,25000,0,13395.27,0,0,279906.13,GA,11,,,,,,68500,0,07/28/2026,6201,5500
H6GA11207,"PRIDEMORE, TRICIA",O,2,REP,"$618,362",0,618361.76,0,0,0,0,0,0,0,0,0,533266.76,GA,11,,,,,,84500,0,06/30/2026,71471.58,12000
H6GA11215,"LISA, CARLQUIST",O,2,REP,"$223,044",0,223043.61,0,0,0,0,200000,0,128196.12,0,0,23043.61,GA,11,,,,,,0,0,04/29/2026,22843.61,0
H6GA11223,"BROWN, WILLIAM",O,2,REP,"$37,480",0,37480,0,0,0,0,0,0,0,0,0,37480,GA,11,,,,,,0,0,06/30/2026,22852.8,0
H6GA11231,"EKPETE KAMA, ULOMA",O,2,REP,"$12,011",0,11188.52,0,547.88,274.6,0,0,0,0,0,0,12011,GA,11,,,,,,0,0,04/29/2026,0,0
H6GA14284,"KELLY, WILLIAM FLYNN III",O,2,REP,"$35,801",0,35801.11,0,0,0,0,0,0,0,0,0,25801.11,GA,11,,,,,,10000,0,04/06/2026,0,0
H0GA12059,"JOHNSON, ELIZABETH",C,1,DEM,$0,0,0,0,119.9,119.9,0,0,0,0,0,9883.1,0,GA,12,,,,,,0,0,03/31/2025,0,0
H6GA12064,"WOODSON, BRIANNA COURTNEY ESTELLE",C,1,DEM,"$26,673",0,24535.91,0,4893.53,7030.47,0,0,0,0,0,0,26644.17,GA,12,,,,,,0,0,04/29/2026,0,0
H6GA12072,"STEPHENS, ROBERT CHRISTOPHER",C,1,DEM,"$26,467",0,26467,0,0,0,757,8970,0,4421.97,0,0,16740,GA,12,,,,,,0,0,05/31/2026,0,0
H6GA12080,"SMITH, CERETTA",C,1,DEM,"$26,696",0,23290.75,0,0,3502.42,1752.87,0,0,0,0,0,24942.73,GA,12,,,,,,0,0,06/30/2026,0,0
H6GA12098,"PEACE-NICHOLS, TRACELL",C,1,DEM,"$22,273",0,21802.43,0,0,470.99,0,12320,0,0,0,14070,9833,GA,12,,,,,,0,0,06/30/2026,3500,0
H2GA12113,"MCLEOD, DANIEL WRIGHT",C,2,REP,$35,0,39.99,0,4.99,0,0,35,0,4.99,0,0,0,GA,12,,,,,,0,0,12/31/2025,0,0
H2GA12121,"ALLEN, RICHARD W",I,2,REP,"$993,220",0,847218.81,0,1174956.66,1320958.02,0,0,0,0,0,1639945.28,481284.24,GA,12,,,,,,510750,0,06/30/2026,1.45,0
H6GA12049,"BRANUM, TORI",C,2,REP,"$44,461",0,38160.71,0,-24,6276.3,0,0,0,0,0,1581.4,44461.01,GA,12,,,,,,0,0,06/30/2026,0,0
H2GA03120,"LESTER, JOE NATHAN",C,1,DEM,"$54,549",0,54548.87,0,0,0,20889.88,0,0,0,0,0,33638,GA,13,,,,,,0,0,05/27/2026,1065,0
H2GA13012,"SCOTT, DAVID ALBERT",I,1,DEM,"$521,804",0,680602.93,0,174524.68,15725.94,0,188291.17,0,20000,0,220641.17,24510.15,GA,13,,,,,,309000,0,06/30/2026,0,0
H6GA13039,"JONES, EMANUEL",C,1,DEM,"$436,257",0,274720.52,0,0,161536.71,5,295500,0,0,0,296051.25,134002.23,GA,13,,,,,,6750,0,04/29/2026,2000,3000
H6GA13047,"BONNER, JONATHAN",C,1,DEM,"$8,303",0,7800,0,0,503,0,0,0,0,0,0,8203,GA,13,,,,,,0,100,06/30/2025,0,0
H6GA13054,"MCKENZIE, RONALD",C,1,DEM,"$47,355",0,47301.91,0,0,53.35,13,9000,0,0,0,8662.76,38342.26,GA,13,,,,,,0,0,02/27/2026,0,0
H6GA13062,"BLAIR, EVERTON",C,1,DEM,"$874,826",0,854015.9,0,0,20810.31,0,0,0,0,0,0,849529.59,GA,13,,,,,,21500,0,08/05/2026,535,0
H6GA13070,"CLARK, JASMINE",C,1,DEM,"$1,619,079",0,1389934.64,33000,0,229144.66,0,0,0,0,0,0,1562231.39,GA,13,,,,,,55173.18,0,06/30/2026,11252.39,0
H6GA13088,"MOORE, CARLOS",C,1,DEM,"$113,341",0,54288.75,0,0,-22835.62,0,0,0,0,0,0,111989.94,GA,13,,,,,,1351,0,06/30/2026,4274,0
H6GA13096,"WHATLEY, PIERRE",C,1,DEM,"$65,888",0,62528.42,0,0,3359.68,0,0,15000,0,0,15000,50888.1,GA,13,,,,,,0,0,12/31/2025,0,0
H6GA13104,"KIMES, HEAVENLY DR",C,1,DEM,"$908,343",0,906482.64,0,0,759.91,3500,516000,100000,0,0,619265,247330.32,GA,13,,,,,,11500,0,06/30/2026,5,0
H6GA13120,"FAUNTLEROY, JEFFREE",C,1,DEM,"$24,830",0,25397.16,0,0,1312.05,0,20000,0,0,0,0,4830.43,GA,13,,,,,,0,0,07/01/2026,0,0
H6GA13153,"SCOTT, MARCYE",C,1,DEM,"$49,539",0,47964.05,0,0,1574.82,0,0,0,0,0,0,39493.87,GA,13,,,,,,10000,0,08/05/2026,0,0
H6GA13146,"PARK, FAYTH",C,2,REP,"$15,440",0,10396.02,0,0,1161.42,0,6393.6,0,3196.8,0,0,9046.66,GA,13,,,,,,0,0,07/08/2026,0,0
H4GA14057,"HARRIS, SHAWN",O,1,DEM,"$8,098,514",0,8080283.63,0,0,18230.12,0,0,0,0,0,0,8084825.57,GA,14,,,,,,13688.18,0,06/30/2026,0,0
H4GA14099,"BLALOCK, CLARENCE",O,1,DEM,"$17,356",0,16690.48,0,0,-1177.42,0,2000,0,0,0,0,15356.2,GA,14,,,,,,0,0,01/02/2026,0,0
H0GA14030,"FULLER, CLAY",I,2,REP,"$1,846,892",10619.35,1776374.19,0,0,70518.1,0,450000,0,60000,0,411902.13,1080792.2,GA,14,,,,,,305480.74,0,06/30/2026,23540,250
H0GA14089,"BARGE, JOHN D",O,2,REP,$0,0,0,0,0,0,0,0,0,0,0,150000,0,GA,14,,,,,,0,0,06/30/2026,0,0
H0GA14113,"LAUGHRIDGE, MATTHEW",O,2,REP,$0,0,0,0,0,0,0,0,0,0,0,250000,0,GA,14,,,,,,0,0,06/30/2026,0,0
H2GA03179,"CRAIG, JARED",O,2,REP,"$21,000",0,20905.05,500,0,94.95,0,1000,0,0,0,1000,20000,GA,14,,,,,,0,0,04/15/2026,0,0
H2GA14119,"CUNNINGHAM, ERIC B",O,2,REP,"$16,075",0,16075,0,0,0,0,10000,0,1739.99,0,6993,6075,GA,14,,,,,,0,0,04/15/2026,0,0
H2GA14135,"HAYGOOD, WALTER JAMES",C,2,REP,$0,0,0,0,674.55,674.55,0,0,0,0,0,12048.9,0,GA,14,,,,,,0,0,06/30/2026,0,0
H2GA14143,"SYNSTELIEN, SETH",C,2,REP,$0,0,0,0,80.36,80.36,0,0,0,0,0,0,0,GA,14,,,,,,0,0,06/30/2026,0,0
H4GA07283,"CRISWELL, JEFFERSON EDWARD",O,2,REP,"$2,505",0,2505,0,0,0,480,0,0,531.75,0,0,2025,GA,14,,,,,,0,0,04/09/2026,0,0
H6GA14060,"BLACK, STAR",O,2,REP,"$84,477",0,84477.18,0,0,0,0,75000,0,28268.57,0,46731.43,4477.18,GA,14,,,,,,0,0,06/30/2026,0,0
H6GA14144,"RISNER, LINVEL",O,2,REP,"$1,930",0,1325,0,0,605,1441.35,0,0,0,0,0,488.65,GA,14,,,,,,0,0,12/31/2025,0,0
H6GA14151,"TULLY, JIM",O,2,REP,"$68,505",0,68505,0,0,0,0,43440,0,4612.74,0,0,25065,GA,14,,,,,,0,0,03/31/2026,0,0
H6GA14169,"TURNIPSEED, JENNA JAYE",O,2,REP,"$15,427",0,15426.96,0,0,0,9026.2,0,0,0,0,0,6400.76,GA,14,,,,,,0,0,05/10/2026,0,0
H6GA14177,"BROWN, JAMES M MR",O,2,REP,"$9,880",0,3600.71,0,0,1492.03,4202.77,4202.77,0,0,0,9202.77,1474.01,GA,14,,,,,,0,0,03/07/2026,0,0
H6GA14185,"BROWN, TIMOTHY BEAU",O,2,REP,"$13,050",0,6837.74,0,0,6212.27,0,6080,0,0,0,6080,6970.01,GA,14,,,,,,0,0,03/27/2026,0,0
H6GA14193,"MOORE, COLTON",O,2,REP,"$442,197",249704.13,449196.76,0,0,0,0,0,0,0,0,0,165405.32,GA,14,,,,,,27087.31,0,07/24/2026,28000,0
H6GA14201,"LAMA, NICKY",O,2,REP,"$380,341",0,358991.97,0,0,21349.03,0,310500,0,0,0,310500,69841,GA,14,,,,,,0,0,02/18/2026,0,0
H6GA14227,"BOX, REAGAN",O,2,REP,"$82,286",0,90529.69,0,8043.24,-200.01,0,0,0,0,0,0,82286.44,GA,14,,,,,,0,0,05/04/2026,0,0
H6GA14235,"GRAY, THOMAS JONATHAN JACKSON",O,2,REP,"$327,583",0,324611.89,0,0,2970.91,0,0,0,0,0,0,321582.8,GA,14,,,,,,6000,0,06/30/2026,78787.12,0
H6GA14243,"STRICKLAND, MEGAHN",O,2,REP,"$14,581",0,2684.03,0,0,0,0,10220,0,0,0,0,4360.5,GA,14,,,,,,0,0,04/15/2026,0,0
H6GA14250,"HURD, CHRISTIAN MICHAEL",O,2,REP,"$21,563",0,21563.34,0,0,0,0,0,0,0,0,0,21563.34,GA,14,,,,,,0,0,03/31/2026,0,0
H6GA14268,"STOVER, BRIAN C.",O,2,REP,"$1,121,092",0,1120476.98,0,0,614.62,0,783400,0,0,0,783400,337691.6,GA,14,,,,,,0,0,06/30/2026,8000,0
H6GA23012,"HARRISON, RAVEN",C,2,REP,"$797,235",0,722075.73,0,0,75159.7,6968,542000,0,250000,0,293897.05,247542.58,GA,23,,,,,,0,0,07/29/2026,1102,0
H4GU01011,"SHELTON, AMANDA LEE",C,1,DEM,$0,0,657.6,0,6629.42,5971.82,0,0,0,0,0,0,0,GU,0,,,,,,0,0,09/30/2025,0,0
H4GU01029,"CRUZ, GINGER",C,1,DEM,"$1,654",0,1742,0,-15549.43,-109258.22,0,0,0,0,0,360000,0,GU,0,,,,,,0,0,03/31/2026,0,0
H6GU01032,"LIMTIACO, ALICIA ANNE GARRIDO",C,1,DEM,"$17,331",0,27280.71,0,0,7330.32,0,0,0,0,0,0,17331.03,GU,0,,,,,,0,0,07/12/2026,0,0
H8GU01020,"SAN NICOLAS, MICHAEL F.Q. MR.",C,1,DEM,$0,0,147,0,287.35,140.35,0,0,0,0,0,30086.78,0,GU,0,,,,,,0,0,06/30/2026,0,0
H2GU01031,"MOYLAN, JAMES C.",I,2,REP,"$151,158",0,128911.35,0,4024.37,26270.81,1000,0,0,0,0,0,102227,GU,0,,,,,,47930.79,0,07/12/2026,0,0
H6GU00059,"TORRES, MARY CAMACHO",,2,REP,"$145,035",0,136780.77,0,0,8254.7,20125,56429.01,0,0,0,68714.61,68281.46,GU,,,,,,,0,200,07/12/2026,0,0
H2HI02128,"CASE, EDWARD",I,1,DEM,"$1,093,795",0,810804.23,0,316658.08,599649.29,0,0,0,0,0,0,571198.02,HI,1,,,,,,522597.42,0,07/19/2026,1000,0
H6HI01311,"KEOHOKALOLE, JARRETT",C,1,DEM,"$963,458",0,882071.06,0,0,81387.38,0,0,0,0,0,7583,886110.22,HI,1,,,,,,77000,0,07/19/2026,4083,0
H6HI01345,"BELATTI, DELLA AU",C,1,DEM,"$173,603",0,173602.85,0,0,0,1843.32,50000,0,50000,0,0,120614.91,HI,1,,,,,,0,0,08/28/2026,36932.46,0
H0HI01298,"CURTIS, RON",C,2,REP,$0,0,0,0,-109.32,-109.32,0,0,0,0,0,8834.16,0,HI,1,,,,,,0,0,03/31/2026,0,0
H2HI02508,"GABBARD, TULSI",I,1,DEM,"$3,496",0,3317.32,0,106388.45,106567.33,0,0,0,0,0,0,20,HI,2,,,,,,0,0,06/30/2026,0,0
H2HI02581,"TOKUDA, JILL NAOMI",I,1,DEM,"$820,678",684.23,733764.35,0,483440.71,570354.51,0,0,0,0,0,0,634721.65,HI,2,,,,,,183349,0,07/19/2026,6535,9100
H6HI01113,"HANNEMANN, MULIUFI F 'MUFI'",O,1,DEM,"$12,500",0,12231.32,0,1042.54,1311.22,0,12500,0,0,0,371265.19,0,HI,2,,,,,,0,0,06/30/2026,0,0
H6HI02426,"AWA, BRENTON",C,2,REP,"$122,615",0,106513.77,0,0,16100.8,0,0,0,0,0,0,103289.97,HI,2,,,,,,1000,0,07/19/2026,1,0
H2IA02111,"BOHANNAN, CHRISTINA",C,1,DEM,"$7,051,745",856878.72,1733644.46,0,107217.38,5425318.34,7000,0,0,0,0,0,5648339.98,IA,1,,,,,,491927.5,10720.79,06/30/2026,34918.27,0
H6IA01171,"TERRELL, TRAVIS",C,1,DEM,"$20,937",0,14804.07,0,97.09,5007.16,80,0,0,0,0,0,18857.09,IA,1,,,,,,2000,0,05/13/2026,0,0
H6IA01197,"WETTACH, TAYLOR",C,1,DEM,"$697,874",0,697874.04,0,0,0,0,0,0,0,0,0,697512.25,IA,1,,,,,,0,0,03/20/2026,143533.5,0
H8IA01094,"FINKENAUER, ABBY",I,1,DEM,$0,0,17117.54,0,8569.27,0,0,0,0,0,0,0,0,IA,1,,,,,,0,0,12/31/2025,0,0
H4IA01127,"PAUTSCH, DAVID ALFRED MR.",C,2,REP,"$58,265",0,54540.86,0,5698.49,10854.45,0,16500,0,0,0,16500,41765,IA,1,,,,,,0,0,06/30/2026,0,0
H8IA02043,"MILLER-MEEKS, MARIANNETTE JANE",I,2,REP,"$7,208,271",1686037.07,2890534.2,8514.26,373743.4,4691480.55,0,0,0,0,0,0,2945343.16,IA,1,,,,,,2416206.95,5000,06/30/2026,69791.51,18355
H4IA02067,"ALBERTSON-CORKERY, SARAH ELAINE",C,1,DEM,$139,0,9283.66,0,9144.68,0,0,0,0,0,0,0,0,IA,2,,,,,,0,0,06/30/2025,0,0
H6IA02179,"TECHAU, KEVIN W",O,1,DEM,"$146,620",0,146620.43,0,0,0,123.2,0,0,0,0,0,139627,IA,2,,,,,,2500,50,07/13/2026,13775,0
H6IA02187,"DOLTER, KATHRYN J",O,1,DEM,"$74,853",0,72669.8,0,0,415.09,16000,16386,0,0,0,2800,42269.84,IA,2,,,,,,97,100,06/12/2026,1400,-50
H6IA02195,"TWEDT-BALL, CLINTON GENE",O,1,DEM,"$584,794",0,573737.74,0,0,11056,0,0,0,0,0,0,582116.15,IA,2,,,,,,2000,100,06/30/2026,21485,0
H6IA02211,"JAMES, LINDSAY",O,1,DEM,"$1,628,201",7400,872363.17,0,0,755838.2,0,0,0,0,0,0,1410099.46,IA,2,,,,,,199905.24,10600,06/30/2026,1731.17,250
H6IA02245,"MORGAN, GUY",O,1,DEM,"$4,834",0,3213.87,0,0,1620.37,2412.64,0,0,0,0,0,2321.6,IA,2,,,,,,0,100,03/31/2026,0,0
H0IA01174,"ARENHOLZ, ASHLEY HINSON",I,2,REP,"$10,217,845",2714376.17,5396429.3,24438,1928075.4,6749491.49,0,0,0,0,0,0,5267628.55,IA,2,,,,,,2170366.77,62000,06/30/2026,19505.37,3000
H2IA01055,"BLUM, RODNEY",O,2,REP,"$250,196",0,3543.9,0,-2.69,246652,0,250000,0,0,0,1965.27,181.24,IA,2,,,,,,0,0,12/31/2025,0,0
H6IA02161,"PETERS, CHRISTOPHER",C,2,REP,$0,0,0,0,160,160,0,0,0,0,0,240000,0,IA,2,,,,,,0,0,06/30/2026,0,0
H6IA02229,"MCCLINTOCK, CHARLIE",O,2,REP,"$17,527",0,4784.82,0,0,12741.69,0,7000,0,0,0,13000,10526.51,IA,2,,,,,,0,0,06/30/2026,0,0
H6IA02237,"MITCHELL, JOE",O,2,REP,"$1,938,593",21415.62,1043028.92,0,0,895564.08,0,100000,0,50000,0,50000,1397807.43,IA,2,,,,,,407850,5000,06/30/2026,42772.07,3500
H6IA02252,"LUNDGREN, SHANNON",O,2,REP,"$91,759",0,91759.2,0,0,0,9549.85,0,0,0,0,0,69709.35,IA,2,,,,,,12500,0,03/25/2026,3500,5000
H4IA03172,"BACCAM, LANON",C,1,DEM,$234,0,11776.75,0,25120.79,13578.34,0,0,0,0,0,0,0,IA,3,,,,,,0,0,06/30/2026,0,0
H6IA03268,"TRONE GARRIOTT, SARAH",C,1,DEM,"$5,293,773",86620.48,1434089.37,0,0,3859683.22,120,0,0,0,0,0,4755754.76,IA,3,,,,,,439351.37,11434.65,06/30/2026,15141.17,2500
H6IA03276,"KONFRST, JENNIFER",C,1,DEM,"$607,559",0,521787.23,0,0,85771.83,57.5,0,0,0,0,0,593912.76,IA,3,,,,,,13588.8,0,06/30/2026,24604,0
H2IA03101,"HASSO, NICOLE",C,2,REP,$0,0,0,0,82.71,82.71,0,0,0,0,0,34867.42,0,IA,3,,,,,,0,0,06/30/2026,0,0
H2IA03119,"NUNN, ZACH",I,2,REP,"$4,869,249",2095125.93,1353712.8,8514.26,52833.39,3568369.39,0,0,0,0,0,0,1010301.85,IA,3,,,,,,1721477.03,5000,06/30/2026,384.08,-3000
H8IA03082,"SCHMETT, KIM",C,2,REP,$0,0,0,0,0,0,0,0,0,0,0,11660.59,0,IA,3,,,,,,0,0,03/31/2026,0,0
H2IA04141,"MELTON, RYAN MICHAEL APPLETON",O,1,DEM,"$13,890",0,16787.22,0,2897.22,0,0,0,0,0,0,0,13525,IA,4,,,,,,365,0,06/30/2026,0,0
H6IA04159,"WOLFTORNABANE, ASHLEY",O,1,DEM,"$25,158",0,24168.01,0,0,990.31,0,0,0,0,0,0,23158.32,IA,4,,,,,,2000,0,06/30/2026,154,0
H6IA04217,"DAWSON, DAVE",O,1,DEM,"$135,722",0,85959.35,0,0,49762.16,0,0,0,0,0,0,124916.51,IA,4,,,,,,5800,5000,06/30/2026,0,0
H0IA04129,"RICHARDS, BRET A DR.",C,2,REP,$0,0,0,0,0,0,0,0,0,0,0,211572.84,0,IA,4,,,,,,0,0,09/30/2026,0,0
H0IA04145,"FEENSTRA, RANDALL",I,2,REP,"$1,117,087",86305.2,2287481.84,100000,1170394.49,0,0,0,0,0,0,0,306146.73,IA,4,,,,,,597473.25,0,06/30/2026,89086.6,50750
H2IA05072,"KING, STEVE MR.",I,2,REP,$0,0,0,0,582.5,582.5,0,0,0,0,0,128918.32,0,IA,4,,,,,,0,0,06/30/2026,0,0
H4IA04139,"VIRGIL, KEVIN",C,2,REP,$0,0,0,0,0,0,0,0,0,0,0,13963.21,0,IA,4,,,,,,0,0,06/30/2026,0,0
H6IA04167,"MCGOWAN, CHRIS",O,2,REP,"$679,844",0,350993.27,0,0,328850.23,0,0,0,0,0,0,562523.63,IA,4,,,,,,116500,0,06/30/2026,3000,0
H6IA04175,"WINDSCHITL, MATT",O,2,REP,"$65,881",0,65881.13,0,0,0,0,0,0,0,0,0,60881.13,IA,4,,,,,,5000,0,05/11/2026,0,0
H6IA04209,"RHODES, RYAN",O,2,REP,"$443,360",0,438695.8,0,0,4664.57,0,100000,0,100000,0,0,338360.37,IA,4,,,,,,5000,0,06/30/2026,545.33,0
H6IA04225,"SCHLAEFER, CHRISTIAN",O,2,REP,"$7,710",0,5697.03,0,0,2012.5,105,5697.03,0,0,0,5697.03,1907.5,IA,4,,,,,,0,0,12/31/2025,0,0
H6IA04241,"JENSEN, DOUGLAS",O,2,REP,"$30,110",0,29153.93,0,0,956.07,0,20000,0,3500,0,16500,10110,IA,4,,,,,,0,0,03/31/2026,0,0
H2ID01192,"PETERSON, KAYLEE JADE",C,1,DEM,"$181,024",0,171798.65,0,5391.32,14616.3,0,0,3000,0,3000,0,165973.63,ID,1,,,,,,11000,1050,06/30/2026,0,0
H6ID01292,"BRUNGARDT, KENNETH FRANCIS JR",C,1,DEM,"$60,086",0,60086.48,0,0,0,6600,26500,0,2709.14,0,0,26986.48,ID,1,,,,,,0,0,07/08/2026,0,0
H8ID01124,"FULCHER, RUSSELL",I,2,REP,"$662,615",0,597924.46,0,180008.72,244699.71,0,0,0,0,0,0,353594.66,ID,1,,,,,,301350,1000,06/30/2026,800,0
H8ID01132,"SNYDER, MICHAEL",O,2,REP,$0,0,0,0,1908.38,1908.38,0,0,0,0,0,4000,0,ID,1,,,,,,0,0,06/30/2026,0,0
H8ID01140,"MALEK, LUCAS TODD",O,2,REP,$600,0,600,0,0,0,600,0,0,0,0,14574.27,0,ID,1,,,,,,0,0,06/30/2026,0,0
H4ID02089,"ROTH, DAVID",C,1,DEM,"$14,627",0,14802.92,0,665.77,278.5,3156.03,0,0,0,0,10160.77,9070.71,ID,2,,,,,,400,2000,06/30/2026,32,0
H6ID02225,"WILEY, JULIE MARISA",C,1,DEM,"$30,477",0,30477.4,0,0,0,17552.4,0,0,0,0,0,9875,ID,2,,,,,,550,0,05/17/2026,6464.38,0
H6ID02274,"GILBREATH, ELINOR",C,1,DEM,"$106,892",0,35728.94,0,0,71163.08,0,0,0,0,0,0,106892.02,ID,2,,,,,,0,0,06/30/2026,0,0
H4ID02105,"CLEVELAND, SCOTT",C,2,REP,$0,0,0,0,-716.93,-716.93,0,0,0,0,0,0,0,ID,2,,,,,,0,0,03/31/2025,0,0
H6ID02233,"SHUMWAY, PERRY",C,2,REP,"$5,392",0,5669.24,0,0,-4742.97,500,0,0,0,0,0,4891.98,ID,2,,,,,,0,0,08/02/2026,0.96,0
H8ID02064,"SIMPSON, MICHAEL",I,2,REP,"$1,118,093",0,793940.47,100000,105205.72,429358.58,0,0,0,0,0,0,506593.33,ID,2,,,,,,611500,0,06/30/2026,300,0
H2IL01042,"RUSH, BOBBY LEE",I,1,DEM,$0,0,0,0,0,0,0,0,0,0,0,18784.54,0,IL,1,,,,,,0,0,06/30/2026,0,0
H2IL01232,"BUTLER, CHRISTOPHER",O,1,DEM,$0,0,0,0,-1135.48,0,0,0,0,0,0,0,0,IL,1,,,,,,0,0,06/30/2026,0,0
H2IL01281,"DOWELL, PATRICIA R",O,1,DEM,$0,0,0,0,0,0,0,0,0,0,0,0,0,IL,1,,,,,,0,0,03/31/2026,0,0
H2IL01331,"SWAIN, JONATHAN",O,1,DEM,$0,0,522,0,3055.53,2533.53,0,0,0,0,0,144859.34,0,IL,1,,,,,,0,0,06/30/2026,0,0
H2IL01349,"JACKSON, JONATHAN",I,1,DEM,"$418,350",0,424875.22,0,53688.09,47162.51,0,0,0,0,0,27000,269361.17,IL,1,,,,,,142500,0,06/30/2026,7032,3500
H6IL01209,"KING, JOELY FAREN",C,1,DEM,"$1,439",0,541.65,0,0,897.61,221.26,0,0,0,0,0,1218,IL,1,,,,,,0,0,09/30/2025,0,0
H0IL01194,"WHITE, PHILANISE",O,2,REP,$0,0,0,0,-1950,-1950,0,0,0,0,0,0,0,IL,1,,,,,,0,0,06/30/2026,0,0
H6IL01191,"MAXWELL, CHRISTIAN",C,2,REP,"$63,316",0,36042.21,0,4082.92,33832.37,0,0,0,0,0,0,63315.86,IL,1,,,,,,0,0,06/30/2026,0,0
H2IL02172,"KELLY, ROBIN",I,1,DEM,"$456,272",0,2471382.66,2156081.69,2015110.97,0,207.25,0,0,0,0,0,139755.14,IL,2,,,,,,312250,0,08/07/2026,-750,7500
H6IL02124,"JACKSON, JESSE L. JR",O,1,DEM,"$366,890",500,364265.39,0,0,2625.08,1050,0,0,0,0,0,308026.75,IL,2,,,,,,28850,2500,06/30/2026,500,9500
H6IL02298,"PETERS, ROBERT JAMES",O,1,DEM,"$1,324,472",0,1316097.87,0,0,8373.73,0,0,0,0,0,0,1205608.7,IL,2,,,,,,113669.88,2500,06/30/2026,34661.48,6000
H6IL02306,"REGIS, ADAL",O,1,DEM,"$71,090",0,58253.95,479,0,806.97,0,0,0,0,0,0,71090,IL,2,,,,,,0,0,12/31/2025,0,0
H6IL02322,"FRANCE, ERIC",O,1,DEM,"$22,080",0,22298.83,0,0,-219.03,0,10195.8,0,0,0,10195.8,10584,IL,2,,,,,,0,0,02/25/2026,0,0
H6IL02330,"BROWN, YUMEKA S",O,1,DEM,"$118,264",0,113786.89,0,0,4477.37,0,20500,0,0,0,22600,97264.26,IL,2,,,,,,0,0,06/30/2026,0,0
H6IL02348,"YOUNG, JEREMY",O,1,DEM,"$4,370",0,2963.32,0,0,-398.87,0,0,0,0,0,0,4370,IL,2,,,,,,0,0,01/07/2026,0,0
H6IL02355,"MILLER, DONNA",O,1,DEM,"$2,452,894",11766.38,2412348.63,0,0,40545.74,0,0,0,0,0,13750,2315377.99,IL,2,,,,,,125750,0,06/30/2026,11745,1800
H6IL02363,"PRESTON, WILLIE JUNIOR MR",O,1,DEM,"$146,131",0,144723.63,0,0,1407.12,0,0,0,0,0,0,134130.75,IL,2,,,,,,12000,0,03/31/2026,650,0
H6IL02397,"KEATING, PATRICK JOHN",O,1,DEM,"$14,731",0,14730.88,0,0,0,0,0,0,0,0,0,14730.88,IL,2,,,,,,0,0,05/18/2026,0,0
H6IL02280,"COLEMAN, CALVIN",O,2,REP,"$7,994",0,7993.84,0,0,0,1533.84,4500,0,3539.26,0,0,1960,IL,2,,,,,,0,0,09/23/2025,0,0
H2IL03162,"RAMIREZ, DELIA",I,1,DEM,"$1,465,280",49850,986629.54,0,467571.4,946222.08,0,0,0,0,0,0,1037672.68,IL,3,,,,,,371346.85,500,06/30/2026,10026.5,1000
H6IL03163,"OAKLEY, ANGEL",C,2,REP,"$8,080",0,4341.26,0,0,3738.26,0,0,0,0,0,600,8079.52,IL,3,,,,,,0,0,06/30/2026,0,0
H6IL04153,"GARCIA, PATTY",O,1,DEM,"$358,667",0,173168.08,0,0,185499.02,0,0,0,0,0,0,177909.59,IL,4,,,,,,172800,0,06/30/2026,500,5000
H8IL04134,"GARCIA, JESUS",I,1,DEM,"$375,959",0,383531.51,0,35835.53,28263.33,0,0,0,0,0,0,193811.94,IL,4,,,,,,155800,779.16,06/30/2026,25900,8500
H0IL05096,"QUIGLEY, MIKE",I,1,DEM,"$725,695",0,719060.36,0,1181183.39,1187817.91,0,0,0,0,0,0,244577.28,IL,5,,,,,,480607.55,0,06/30/2026,2000,0
H2IL05225,"CRUZ, JERICO MATIAS",C,1,DEM,$0,0,3.12,0,19.67,16.55,0,0,0,0,0,17986.59,0,IL,5,,,,,,0,0,07/02/2026,0,0
H8IL05131,"SCHWARTZBERG , STEVE J",C,1,DEM,$0,0,0,0,-193.89,-193.89,0,0,0,0,0,2511.57,0,IL,5,,,,,,0,0,12/31/2025,0,0
H2IL06058,"COOLIDGE, LESLIE ANNE",C,1,DEM,$0,0,0,0,0,0,0,0,0,0,0,143008.02,0,IL,6,,,,,,0,0,06/30/2026,0,0
H6IL06190,"RUZEVICH, JOSEPH",C,1,DEM,"$168,973",0,108899.8,0,0,21572.71,26000,0,0,0,0,0,142973.07,IL,6,,,,,,0,0,02/25/2026,3001,0
H8IL06139,"CASTEN, SEAN",I,1,DEM,"$2,108,920",0,1518044.57,0,694142.5,1285017.87,0,0,0,0,0,455694.37,1336291.12,IL,6,,,,,,724150,32.67,06/30/2026,2100.88,0
H2IL06090,"CONFORTI, NIKI",C,2,REP,"$313,038",0,295578.41,0,5201.82,22661.13,0,0,0,0,0,0,308087.72,IL,6,,,,,,4950,0,06/30/2026,0,0
H2IL06116,"PEKAU, KEITH",C,2,REP,$0,0,1175.43,0,1175.43,0,0,0,0,0,0,11651.91,0,IL,6,,,,,,0,0,06/30/2026,0,0
H2IL06124,"GRASSO, GARY",C,2,REP,$0,0,0,0,1558.58,1558.58,0,0,0,0,0,250000,0,IL,6,,,,,,0,0,09/30/2025,0,0
H2IL06132,"KASPAR, SCOTT RICHARD",C,2,REP,$0,0,0,0,0,0,0,0,0,0,0,190750.69,0,IL,6,,,,,,0,0,03/31/2026,0,0
H6IL06182,"DUENSING, SKYLAR",C,2,REP,"$11,488",0,11244.25,0,0,243.35,0,0,0,0,0,0,11364.91,IL,6,,,,,,0,0,06/30/2026,0,0
H4IL07037,"DAVIS, DANNY K. MR.",I,1,DEM,"$91,781",0,136578.39,0,134730,89932.36,2000,4000,0,0,0,67857.03,42504.28,IL,7,,,,,,26101,0,06/30/2026,0,1000
H4IL07177,"CONYEARS-ERVIN, MELISSA",O,1,DEM,"$824,853",0,822589.7,0,8732.8,10996.52,3500,0,0,0,0,0,807852.94,IL,7,,,,,,13500,0,06/30/2026,22900,0
H6IL07339,"FRIEDMAN, JASON",O,1,DEM,"$2,507,058",0,2121254.15,0,0,385804.01,153000,500000,0,0,0,500000,1842408,IL,7,,,,,,11199,0,02/25/2026,16040,0
H6IL07347,"MCCOMBS, JOHN",O,1,DEM,"$9,316",0,9315.84,0,0,0,3428.84,0,0,0,0,0,5887,IL,7,,,,,,0,0,10/17/2025,200,0
H6IL07354,"FORD, LA SHAWN K",O,1,DEM,"$722,009",0,609421.17,0,0,112587.6,0,175000,0,0,0,175000,480391.56,IL,7,,,,,,57250,0,06/30/2026,12195,0
H6IL07370,"BOYKIN, RICHARD",O,1,DEM,"$456,945",2488.73,453444.78,0,0,0,253058.9,0,0,0,0,0,201397.15,IL,7,,,,,,0,0,06/30/2026,0,0
H6IL07396,"HOSKINS, RORY E.",O,1,DEM,"$215,319",1000,218611.07,0,0,-3292.17,0,0,0,0,0,5250,212718.9,IL,7,,,,,,1600,0,06/30/2026,5700,0
H6IL07404,"LEIGH, DANICA DAVID",O,1,DEM,"$9,830",0,9830,0,0,0,5000,0,0,0,0,0,4830,IL,7,,,,,,0,0,09/29/2025,4834.71,0
H6IL07420,"DRIVER, ANTHONY JR.",O,1,DEM,"$248,729",0,248729.21,0,0,0,13424.65,0,0,0,0,0,176601.69,IL,7,,,,,,56700,2000,06/30/2026,5640,0
H6IL07438,"FISHER, THOMAS DR.",O,1,DEM,"$927,616",10889.98,874868.06,0,0,52747.87,3707.84,50000,0,2500,0,47500,813518.11,IL,7,,,,,,49500,0,06/30/2026,52166,0
H6IL07479,"TELLO, FELIX",O,1,DEM,"$8,410",0,1897.66,0,0,6512.34,2000,0,0,0,0,0,6410,IL,7,,,,,,0,0,09/30/2025,0,0
H6IL07487,"ROBINSON, JAZMIN J. MRS.",O,1,DEM,"$21,215",0,16315.59,0,0,4899,25,16294.59,0,0,0,16294.59,4895,IL,7,,,,,,0,0,12/31/2025,0,0
H6IL07495,"MENDOZA, ANABEL",O,1,DEM,"$294,428",0,294252.69,0,0,175.72,0,41450,0,0,0,0,252968.46,IL,7,,,,,,0,0,07/01/2026,2425,0
H6IL07503,"SHOWALTER, REED",O,1,DEM,"$356,348",0,356014.15,0,0,333.36,5000,29000,0,0,0,98561.31,313176.24,IL,7,,,,,,5750,0,06/30/2026,5246,0
H6IL07511,"COLLINS, KINA I",O,1,DEM,"$54,854",0,52440.89,0,0,2412.78,0,8806.57,0,1935,0,6871.57,45770.85,IL,7,,,,,,0,0,02/25/2026,0,0
H6IL07545,"EHRLICH, DAVID",O,1,DEM,"$11,690",0,11320.36,0,0,0,3476.9,6298.28,0,0,0,0,1915,IL,7,,,,,,0,0,03/31/2026,1665.91,0
H2IL08203,"KOPPIE, CHAD",O,2,REP,"$55,451",0,55408.36,0,0,42.2,53154.01,0,0,0,0,0,0,IL,7,,,,,,0,0,06/30/2026,0,0
H2IL08146,"AHMED, JUNAID",O,1,DEM,"$1,650,112",0,1508659.27,0,0,141453.21,2000,200000,0,0,0,234000,1397609.78,IL,8,,,,,,50318.03,0,06/30/2026,37143,1650
H6IL08147,"KRISHNAMOORTHI, S. RAJA",I,1,DEM,"$3,916,222",0,20979462.52,18989567.94,17111494.43,48254.03,0,0,0,0,0,10600,3163235.47,IL,8,,,,,,366600,0,06/30/2026,5687.23,8500
H6IL08212,"KHOT, NEIL",O,1,DEM,"$3,133,431",0,3131781.85,0,0,1648.69,4600,2645611,0,0,0,2645611,470651.81,IL,8,,,,,,5250,0,06/30/2026,24926,0
H6IL08238,"MORRISON, KEVIN B.",O,1,DEM,"$660,987",0,656674.14,0,0,4312.92,6594,0,0,0,0,0,596521.91,IL,8,,,,,,57750,0,06/30/2026,27759.5,7000
H6IL08246,"DUNUNG, SANJYOT",O,1,DEM,"$391,918",0,391325.62,0,0,592.81,238262.42,0,0,0,0,33404.1,142722.78,IL,8,,,,,,10000,0,06/30/2026,17856,0
H6IL08253,"BANKOLE, YASMEEN",O,1,DEM,"$558,711",0,558710.84,0,0,0,99905.67,136500,0,136500,0,0,296939.71,IL,8,,,,,,23150,0,05/18/2026,5966.04,800
H6IL08279,"KALLAS, CHRIST",O,1,DEM,"$12,725",0,12725.05,0,0,0,898.52,8000,0,0,0,0,3826.5,IL,8,,,,,,0,0,10/31/2025,0,0
H6IL08287,"TULLY, DAN",O,1,DEM,"$727,932",0,704072.59,0,0,23859.45,1164.93,490500,0,150000,0,340500,226241.13,IL,8,,,,,,5800,0,06/30/2026,13145,0
H6IL08295,"VETTICAD, RYAN",O,1,DEM,"$122,561",0,122557.05,0,0,0,0,80030,0,82265.3,0,0,42531,IL,8,,,,,,0,0,03/31/2026,4615.33,0
H6IL08329,"BEAN, MELISSA LUBURICH",O,1,DEM,"$2,071,076",11766.38,1926545.67,0,0,144529.83,24000,299000,0,60000,0,396373.3,1451374.09,IL,8,,,,,,275750,0,06/30/2026,4700,3500
H2IL08187,"DARGIS, CHRISTOPHER BRYANT",C,2,REP,$0,0,0,0,0,0,0,0,0,0,0,289964,0,IL,8,,,,,,0,0,03/31/2025,0,0
H4IL08159,"RICE, MARK",O,2,REP,"$139,895",0,241508.54,0,101613.76,0,0,100000,0,98993.45,0,153356.55,39894.78,IL,8,,,,,,0,0,03/31/2026,0,0
H6IL08311,"DAVIS, JENNIFER",O,2,REP,"$1,476,009",0,745608.38,0,0,730400.66,0,1000000,0,0,0,1000000,462009.04,IL,8,,,,,,14000,0,06/30/2026,0,1000
H8IL08044,"MCSWEENEY, DAVID",C,2,REP,$25,0,25,0,20.07,20.07,0,0,0,0,0,1150398.52,25,IL,8,,,,,,0,0,06/30/2026,0,0
H6IL09178,"ABUGHAZALEH, KATHERINE M.",O,1,DEM,"$4,073,733",0,4056268.23,0,0,17465.09,0,0,0,0,0,13000,4060423.97,IL,9,,,,,,12416.64,0,06/30/2026,9400.25,0
H6IL09186,"ABREVAYA, DAVID",O,1,DEM,$0,0,0,0,0,0,0,0,0,0,0,0,0,IL,9,,,,,,0,0,04/16/2025,0,0
H6IL09194,"FINE, LAURA",O,1,DEM,"$2,777,777",0,2776527.46,0,0,1249.21,17000,0,0,0,0,0,2724400.77,IL,9,,,,,,33200,0,06/30/2026,83925.34,1500
H6IL09202,"JENKINS, MIRACLE",O,1,DEM,"$29,446",0,27184.53,0,0,2261.23,38.88,0,0,0,0,0,29406.88,IL,9,,,,,,0,0,06/30/2025,0,0
H6IL09228,"BISS, DANIEL",O,1,DEM,"$2,946,675",0,2684544.96,0,0,262129.88,3205,0,0,0,0,0,2733768.41,IL,9,,,,,,205683.59,0,06/30/2026,12483,1000
H6IL09236,"AMIWALA, BUSHRA",O,1,DEM,"$1,182,078",0,1123241.98,0,0,58835.66,6400,0,0,0,0,0,1174177.64,IL,9,,,,,,1500,0,06/30/2026,118250,0
H6IL09251,"ROSENBLUM, HOWARD",O,1,DEM,"$141,148",0,90914.31,125,0,39340.24,10000,0,0,0,0,0,131148,IL,9,,,,,,0,0,03/31/2026,0,0
H6IL09269,"JOHNSON, BETHANY",O,1,DEM,"$2,780",0,751.71,0,0,2028.23,197.94,0,0,0,0,0,2582,IL,9,,,,,,0,0,06/30/2026,0,0
H6IL09277,"LEON, BRUCE",O,1,DEM,"$901,579",0,283175.81,0,0,618403.19,0,0,800000,0,0,800000,96579,IL,9,,,,,,5000,0,06/30/2026,0,0
H6IL09285,"HUYNH, KHAI-HOAN",O,1,DEM,"$1,043,341",0,1052713.09,0,0,-13997.45,0,220000,0,0,0,229712.26,814091.4,IL,9,,,,,,9250,0,06/30/2026,231689,500
H6IL09293,"SIMMONS, MIKE",O,1,DEM,"$466,251",0,459054.8,0,0,7196.04,0,0,0,0,0,0,440225.92,IL,9,,,,,,25200,0,06/30/2026,18125,0
H6IL09301,"ANDREW, PHILIP JEROME",O,1,DEM,"$1,415,877",0,1415877.43,0,0,0,15562.38,400000,0,7661.63,0,0,999332.07,IL,9,,,,,,0,0,04/20/2026,27020,0
H6IL09319,"PYATI, NICK",O,1,DEM,"$273,295",0,273294.95,0,0,0,0,10332.09,0,0,0,10332.09,261568,IL,9,,,,,,1000,0,06/30/2026,41565,0
H6IL09327,"FORD, JUSTIN",O,1,DEM,"$28,211",0,27533.74,0,0,310.98,0,25026.37,0,0,0,2063.94,3184.65,IL,9,,,,,,0,0,03/17/2026,0,0
H6IL09335,"MANRIQUE, JILL",O,1,DEM,"$5,397",0,5323.66,0,0,73.34,40,0,0,0,0,0,5357,IL,9,,,,,,0,0,09/30/2025,0,0
H6IL09343,"POLAN, SAM",O,1,DEM,"$377,429",0,377429.24,0,0,0,2000,275000,0,1758.38,0,0,95291.57,IL,9,,,,,,5000,0,07/03/2026,12000,0
H6IL09376,"COHEN, JEFF",O,1,DEM,"$792,825",0,792825,0,0,0,0,500000,0,389918.68,0,110081.32,292825,IL,9,,,,,,0,0,08/27/2026,62655,0
H8IL09067,"SCHAKOWSKY, JANICE D",I,1,DEM,"$412,978",0,1016006.4,0,847974.18,244945.63,0,0,0,0,0,0,324674.66,IL,9,,,,,,87651,0,06/30/2026,4125,1000
H4IL09090,"COHEN, SETH ALAN",C,2,REP,$0,0,0,0,4713.47,4713.47,0,0,0,0,0,100,0,IL,9,,,,,,0,0,09/30/2026,0,0
H6IL09210,"SU, DONGBO",O,2,REP,"$24,115",0,21722.68,0,0,0,3000,0,0,0,0,0,19485,IL,9,,,,,,1129.64,0,06/30/2026,200,0
H6IL09384,"FRIEDMAN, PAUL SANFORD",O,2,REP,"$4,996",0,4994.75,0,0,1.25,0,0,0,0,0,0,4996,IL,9,,,,,,0,0,02/25/2026,0,0
H8IL09190,"SANGARI, SARGIS",C,2,REP,$0,0,0,0,0,0,0,0,0,0,0,0,0,IL,9,,,,,,0,0,06/30/2026,0,0
H0IL10328,"SUMPTION, MILTON J",O,1,DEM,$0,0,0,0,0,0,0,0,0,0,0,20301.67,0,IL,10,,,,,,0,0,06/30/2026,0,0
H2IL10068,"SCHNEIDER, BRADLEY S.",I,1,DEM,"$3,006,863",97800,2279281.91,0,971426.09,1699006.68,0,0,0,0,0,0,1641829.4,IL,10,,,,,,1266238.74,0,06/30/2026,15191.61,0
H6IL10135,"RODKIN ROTERING, NANCY",C,1,DEM,$0,0,0,0,1024.77,1024.77,0,0,0,0,0,250000,0,IL,10,,,,,,0,0,06/30/2026,0,0
H6IL10168,"COGHILL, MORGAN",C,1,DEM,"$97,844",0,97688.74,0,0,203.15,0,30101.42,0,0,0,34118.42,67742.45,IL,10,,,,,,0,0,06/30/2026,0,0
H0IL10302,"DOLD, ROBERT JAMES JR",I,2,REP,$0,0,0,0,-16951.61,-16951.61,0,0,0,0,0,163595.92,0,IL,10,,,,,,0,0,06/30/2026,0,0
H8IL10115,"BENNETT, DOUGLAS R 1963",C,2,REP,"$1,000",0,906.15,0,1453.77,1547.62,1000,0,0,0,0,115600,0,IL,10,,,,,,0,0,06/30/2026,0,0
H4IL11260,"RASHID, QASIM",C,1,DEM,"$5,487",0,4612.79,0,-874.21,0,5487,0,0,0,0,123576.23,0,IL,11,,,,,,0,0,06/30/2026,0,0
H8IL14067,"FOSTER, G. WILLIAM (BILL)",I,1,DEM,"$2,180,937",5600,1226213.8,0,1550564.66,2505288.27,0,0,0,0,0,1017994.89,1197851.17,IL,11,,,,,,833000,0,06/30/2026,7914,0
H0IL11128,"BANSAL, KRISHNA K",C,2,REP,$0,0,7250,250,22609.59,15359.59,0,0,0,0,0,35754.73,0,IL,11,,,,,,0,0,06/30/2026,0,0
H0IL14213,"EVANS, JERRY",C,2,REP,"$1,592",0,2164.02,0,572.02,0,0,0,0,0,0,0,0,IL,11,,,,,,0,0,03/31/2025,0,0
H2IL11157,"MILLER, CASSANDRA TANNER",C,2,REP,$0,0,0,0,89.68,89.68,0,0,0,0,0,26687.77,0,IL,11,,,,,,0,0,06/30/2026,0,0
H2IL11264,"HATHAWAY-ALTMAN, SUSAN",C,2,REP,$120,0,342.3,0,4895.17,4672.87,0,120,0,0,0,30429.51,0,IL,11,,,,,,0,0,06/30/2026,0,0
H2IL14086,"PIERCE, MICHAEL DAVID LTC (RET.)",C,2,REP,"$94,282",0,94282.3,0,0,0,0,89662.3,0,23672.77,0,0.23,3620,IL,11,,,,,,1000,0,04/15/2026,0,0
H4IL11229,"ROBBINS, CRAIG",C,2,REP,$0,0,280,0,1876.55,1596.55,0,0,0,0,0,0,0,IL,11,,,,,,0,0,06/30/2026,0,0
H4IL11245,"KIM, CHARLES",C,2,REP,"$55,995",0,43451.42,0,0,10.39,12533.09,30012.04,0,7391.66,0,102968.25,13449.77,IL,11,,,,,,0,0,06/30/2026,0,0
H6IL11166,"WALTER, JEFFREY D",C,2,REP,"$311,439",0,288674.34,0,0,22764.58,507,167084.79,0,2000,0,165084.79,141490.48,IL,11,,,,,,2354.1,0,06/30/2026,5000,250
H6IL12131,"FORTIER, JULIE DR.",C,1,DEM,"$88,060",0,28244.38,0,0,59815.29,0,0,0,0,0,0,79766.67,IL,12,,,,,,6443,1850,06/30/2026,25,0
H8IL21021,"COSTELLO, JERRY F",C,1,DEM,"$9,307",0,91088.62,0,138050.52,56269.08,0,0,0,0,0,0,0,IL,12,,,,,,0,0,06/30/2026,0,0
H4IL12060,"BOST, MICHAEL",I,2,REP,"$1,327,225",0,889521.69,0,352296.01,789999.12,0,0,0,0,0,0,512599.08,IL,12,,,,,,810987.05,250,06/30/2026,5100,3535.88
H4IL12078,"BAILEY, DARREN",C,2,REP,$0,0,0,0,1.18,1.18,0,0,0,0,0,214800,0,IL,12,,,,,,0,0,06/30/2026,0,0
H6IL12123,"TABACCHI, MICHAEL EUGENE MR",C,2,REP,"$9,350",0,9350,0,0,0,9350,0,0,0,0,0,0,IL,12,,,,,,0,0,12/31/2025,0,0
H2IL13153,"BUDZINSKI, NIKKI",I,1,DEM,"$2,885,018",24935.88,2044185.13,0,1784732.35,2625564.76,0,0,0,0,0,0,1648862.64,IL,13,,,,,,1172784,2009.55,06/30/2026,9325,15800
H6IL13162,"BLAHA, DYLAN THOMAS",C,1,DEM,"$105,872",0,104878.77,0,0,993.67,3264.31,2547.62,2000,2547.62,2000,0,94560.51,IL,13,,,,,,3500,0,06/30/2026,100,0
H4IL13241,"LOYD, JOSHUA",C,2,REP,"$16,876",0,17245.58,0,369.38,0,0,4900,0,1369.74,0,0,11976.2,IL,13,,,,,,0,0,04/21/2026,0,0
H6IL13154,"WILSON, JEFF",C,2,REP,"$348,237",0,335995.71,0,0,12241.17,88039.12,195600,0,0,0,195600,59447.76,IL,13,,,,,,5150,0,06/30/2026,0,0
H6IL14152,"VALENCIANO, ROMAN GAEL",C,1,DEM,$590,0,555.55,0,0,34.68,0,551.48,0,0,0,551.48,38.75,IL,14,,,,,,0,0,09/30/2025,0,0
H8IL14174,"UNDERWOOD, LAUREN",I,1,DEM,"$2,417,082",211500,2365619.83,0,1055102.02,1106564.38,0,0,0,0,0,0,1800961.23,IL,14,,,,,,365000,0,06/30/2026,10779.37,7000
H0IL14189,"REZIN, SUE",C,2,REP,$0,0,0,0,9035.28,9035.28,0,0,0,0,0,250000,0,IL,14,,,,,,0,0,09/30/2026,0,0
H2IL14094,"KOOLIDGE, MICHAEL",C,2,REP,$0,0,0,0,1415.04,1415.04,0,0,0,0,0,10802.04,0,IL,14,,,,,,0,0,06/30/2026,0,0
H2IL14102,"GRYDER, SCOTT",C,2,REP,$250,0,1700,0,3033.23,1583.23,0,0,0,0,0,0,0,IL,14,,,,,,0,0,06/30/2026,0,0
H6IL14160,"DAVIS, JED",C,2,REP,"$22,725",0,22724.53,0,0,0,0,0,0,0,0,0,19424.53,IL,14,,,,,,3300,0,03/31/2026,10500,0
H6IL14178,"VICIAN, GARY",C,2,REP,"$68,395",0,94393.17,0,1000,-24998.02,0,65100,200,0,0,65300,2845,IL,14,,,,,,250,0,06/30/2026,0,0
H8IL16153,"MARTER, JAMES THOMAS",C,2,REP,"$140,848",0,112993.56,0,4043.84,31897.84,0,381.92,0,0,0,31740.69,140265.64,IL,14,,,,,,100,0,06/30/2026,275,0
H0IL15194,"WEAVER, ERIKA C",O,1,DEM,$0,0,0,0,1101.3,1101.3,0,0,0,0,0,0,0,IL,15,,,,,,0,0,06/30/2026,0,0
H6IL15092,"TODD, JENNIFER ANN",C,1,DEM,"$122,996",0,82735.22,200,785.92,34289.55,0,0,2500,0,0,0,113062.52,IL,15,,,,,,6710.26,0,06/30/2026,200,0
H6IL15100,"DAVIS, PAUL R DR. JR",C,1,DEM,"$86,716",0,83353.46,0,0,3362.96,52769.06,0,0,0,0,0,33147.36,IL,15,,,,,,0,800,06/30/2026,0,0
H6IL15126,"BARNES, ANTHONY LAWRENCE",C,1,DEM,$500,0,11,0,0,489,500,0,0,0,0,0,0,IL,15,,,,,,0,0,09/30/2025,0,0
H0IL15129,"MILLER, MARY",I,2,REP,"$1,331,399",25813.49,1167228.88,0,646256.34,810426.73,100,0,0,0,0,1525,1159985.77,IL,15,,,,,,144500.01,0,06/30/2026,809.48,2000
H0IL15186,"DUNCAN, DARREN",O,2,REP,$0,0,0,0,1341.42,1341.6,0,0,0,0,0,95752.9,0,IL,15,,,,,,0,0,06/30/2026,0,0
H2IL13120,"DAVIS, RODNEY L",I,2,REP,$0,0,0,0,0,0,0,0,0,0,0,0,0,IL,15,,,,,,0,0,09/30/2025,0,0
H2IL20042,"SHIMKUS, JOHN M",I,2,REP,$211,0,76345.31,0,529359,453225.03,0,0,0,0,0,0,0,IL,15,,,,,,0,0,06/30/2026,0,0
H6IL15118,"BOWLBY, JUDY",C,2,REP,"$37,940",0,37939.93,0,0,0,0,23957.91,0,11.64,0,23946.27,13982.02,IL,15,,,,,,0,0,03/31/2026,0,0
H6IL15134,"TEBRUGGE, RYAN",C,2,REP,"$5,484",0,3567.31,0,213.07,2129.65,4100,0,0,0,0,0,1315,IL,15,,,,,,0,0,06/30/2026,100,0
H6IL16090,"ALBRIGHT, JOE",C,1,DEM,"$19,034",0,19033.92,0,0,0,781.83,5000,0,1061.83,0,0,13252.09,IL,16,,,,,,0,0,03/31/2026,0,0
H6IL16108,"NOLLEY, PAUL",C,1,DEM,"$415,748",0,185607.48,0,0,230140.92,1585.33,0,0,0,0,0,350687.39,IL,16,,,,,,61475.68,2000,06/30/2026,134.3,0
H6IL16124,"MORGAN, BRENDYN",C,1,DEM,"$3,455",0,0,0,0,3455,700,1990,0,0,0,1990,765,IL,16,,,,,,0,0,09/30/2025,0,0
H6IL18088,"LAHOOD, DARIN MCKAY",I,2,REP,"$3,672,739",924766.31,2445401.29,0,5521283.07,6748620.74,0,0,0,0,0,0,844857.11,IL,16,,,,,,1749122.37,100,06/30/2026,6953,6200
H2IL17071,"BUSTOS, CHERI",I,1,DEM,"$21,620",0,204964.83,0,469308.81,285963.71,0,0,0,0,0,0,0,IL,17,,,,,,0,0,06/30/2026,0,0
H2IL17147,"SORENSEN, ERIC",I,1,DEM,"$2,233,676",67000,1020827.68,5000,112794.28,1325642.13,0,0,0,0,0,0,1287165.4,IL,17,,,,,,848250,0,06/30/2026,14165.76,500
H4IL17101,"MCGRAW, JOE",C,2,REP,"$4,291",0,5883.79,0,1592.87,0,0,0,0,0,0,0,-66.08,IL,17,,,,,,0,0,03/31/2025,0,0
H6IL17247,"VANCIL, DILLAN",C,2,REP,"$308,832",0,272464.03,0,20321.99,56689.48,5041.77,11500,0,0,0,12700,281531.32,IL,17,,,,,,10700,0,06/30/2026,13250,250
H6IL17262,"BICKELHAUPT, JULIE",C,2,REP,"$81,765",0,81764.96,0,0,-0.04,5441.8,5249.38,0,0,0,5249.38,70682.4,IL,17,,,,,,300,0,07/01/2026,261.25,0
H6IL18138,"RIENTS, DONALD",C,2,REP,$0,0,0,0,10,10,0,0,0,0,0,5,0,IL,18,,,,,,0,0,06/30/2026,0,0
H8IL18043,"SCHOCK, AARON JON MR.",I,2,REP,$0,0,0,0,18780.46,18780.46,0,0,0,0,0,746985.45,0,IL,18,,,,,,0,0,06/30/2026,0,0
H0IN01150,"MRVAN, FRANK J.",I,1,DEM,"$2,386,268",115054.43,1138031.71,2700,88459.72,1336695.94,0,0,0,0,0,0,1245119.28,IN,1,,,,,,1016900,6920.44,06/30/2026,653.69,0
H2IN01172,"GREEN, JENNIFER-RUTH",C,2,REP,"$172,055",16136.84,167309.2,0,0,4746.08,0,0,0,0,0,0,143381.44,IN,1,,,,,,12500,0,03/31/2026,11103.25,0
H4IN01194,"RUIZ, DAVID BENYAMIN",C,2,REP,"$1,252",0,1799.26,0,0,-547.21,0,100,0,0,0,100,1152.05,IN,1,,,,,,0,0,03/31/2026,0,0
H4IN01210,"NIEMEYER, RANDELL C.",C,2,REP,$3,0,26247.05,0,26244.37,0,0,0,0,0,0,0,2.68,IN,1,,,,,,0,0,03/31/2026,0,0
H6IN01223,"SCHENKE, JAMES",C,2,REP,"$58,804",0,54517.89,0,0,4286.11,1735.33,0,0,0,0,21731.03,57068.67,IN,1,,,,,,0,0,06/30/2026,0,0
H6IN01231,"REGNITZ, BARB",C,2,REP,"$2,376,256",0,575567.05,0,0,1800688.9,16925,2140000,0,140000,0,2000000,176912.2,IN,1,,,,,,39610,0,06/30/2026,500,1000
H4IN02192,"CAMP, LORI ANN MS.",C,1,DEM,"$1,971",0,1140.4,0,-614.9,215.8,0,0,0,0,0,0,500,IN,2,,,,,,0,0,04/16/2025,0,0
H6IN02189,"DECIO, JAMEE MS.",C,1,DEM,"$355,589",0,251093.03,0,0,104496.39,102693.92,200000,0,0,0,225039.31,52895.5,IN,2,,,,,,0,0,06/30/2026,10,0
H2IN02295,"YAKYM, RUDY C. III",I,2,REP,"$5,246,030",1096458.22,5000296.29,0,609579.3,855313.33,0,0,0,0,0,0,2834507.63,IN,2,,,,,,1286013.72,0,06/30/2026,175952.45,1000
H4IN03240,"ADOLPH, KILEY DR.",O,1,DEM,"$5,029",0,0,0,-5028.93,0,5028.93,0,0,0,0,0,0,IN,3,,,,,,0,0,06/30/2026,0,0
H6IN03294,"THOMPSON, KELLY ELIZABETH",C,1,DEM,"$136,340",0,130300.99,0,0,6039.31,17907.8,0,0,0,0,0,118432.5,IN,3,,,,,,0,0,06/30/2026,140,0
H0IN03198,"STUTZMAN, MARLIN A",C,2,REP,"$839,565",98828,786959.01,0,49316.96,101922.62,0,0,0,285000,0,60000,363505.14,IN,3,,,,,,367700,0,06/30/2026,6867.33,0
H4IN03133,"FELKER, MICHAEL",O,2,REP,$0,0,0,0,477.11,477.11,0,0,0,0,0,0,0,IN,3,,,,,,0,0,06/30/2026,0,0
H4IN03141,"ZAY, ANDREW",O,2,REP,"$1,000",0,504.92,0,504.92,999.87,0,0,0,0,0,100000,0,IN,3,,,,,,0,0,06/30/2026,0,0
H4IN03158,"DAVIS, WENDY",O,2,REP,"$3,208",0,3254.86,0,47.09,0,3207.77,0,0,0,0,0,0,IN,3,,,,,,0,0,04/15/2025,-5000,-1700
H4IN03232,"SMITH, TIM",O,2,REP,$3,0,250,0,1345.21,1098.32,0,0,0,0,0,1114000,0,IN,3,,,,,,0,0,09/30/2025,0,0
H6IN03229,"BANKS, JAMES E HON.",I,2,REP,"$2,291,159",655465.74,1784260.88,0,2613356.72,3120254.43,0,0,0,0,0,14150.92,997039.69,IN,3,,,,,,491269,0,06/30/2026,33449.38,0
H6IN04193,"COX, DREW",C,1,DEM,"$20,377",0,13514.14,0,0,6862.87,0,500,0,0,0,500,19877.01,IN,4,,,,,,0,0,06/30/2026,0,0
H6IN04227,"MCPHERSON, PAUL BRYANT",C,1,DEM,"$7,969",0,7219.71,0,0,749.77,5000,0,0,0,0,0,1949.35,IN,4,,,,,,0,0,06/30/2026,0,0
H8IN04140,"MACKEY, JOSEPH WILLIAM MR",C,1,DEM,"$11,234",0,9906,0,0,1327.8,2495.18,0,0,0,0,15494.39,8638.62,IN,4,,,,,,100,0,06/30/2026,0,0
H0IN04170,"ROKITA, THEODORE EDWARD",I,2,REP,$0,0,5135.54,0,5135.54,5135.54,0,0,0,0,0,0,0,IN,4,,,,,,0,0,09/30/2026,0,0
H4IN04248,"HAGGARD, CRAIG",C,2,REP,"$197,600",0,203253.76,0,60642.42,54988.66,0,6000,0,0,0,6000,134150,IN,4,,,,,,57450,0,06/30/2026,0,0
H6IN04185,"HUSTEDT-MAI, ANTHONY D",C,2,REP,"$5,605",0,5605.38,0,0,0,0,0,0,0,0,0,5605.38,IN,4,,,,,,0,0,03/31/2026,0,0
H6IN04201,"ELWARTOWSKI, CHAD",C,2,REP,$0,0,0,0,50,50,0,0,0,0,0,0,0,IN,4,,,,,,0,0,03/31/2026,0,0
H8IN04199,"BAIRD, JAMES R DR.",I,2,REP,"$358,293",0,481341.66,0,214609.73,91560.58,0,0,0,0,0,383899.36,159099.8,IN,4,,,,,,197200,0,06/30/2026,300,0
H4IN03182,"GOSS, PHIL",C,1,DEM,"$134,771",0,133630.86,0,3331.13,4470.85,0,134565.78,0,0,0,384865.78,0,IN,5,,,,,,204.8,0,06/30/2026,0,0
H4IN05278,"PFENNINGER, RYAN SETH MR.",C,1,DEM,$0,0,0,0,0,-3085.36,0,0,0,0,0,89414.64,0,IN,5,,,,,,0,0,12/31/2025,0,0
H4IN05286,"PICKETT, DEBORAH A",C,1,DEM,"$33,483",0,37109.54,0,4268.81,642.36,31218.09,0,0,0,0,0,2265,IN,5,,,,,,0,0,06/30/2026,100,0
H6IN05273,"FRANKLIN, JACKSON BAILEY",C,1,DEM,"$64,740",0,58406.35,0,0,8652.9,0,10,0,0,0,10,64729.51,IN,5,,,,,,0,0,06/30/2026,0,0
H6IN05307,"FORD, JAMES (J.D.) DAVID",C,1,DEM,"$582,087",0,267434.44,0,0,314652.23,615.71,0,0,0,0,0,530401.41,IN,5,,,,,,49904.05,0,06/30/2026,725,2500
H6IN05315,"MCKENNA, DYLAN",C,1,DEM,"$180,411",0,178021.32,0,0,421.46,0,7500,0,0,0,7500,172911.26,IN,5,,,,,,0,0,06/30/2026,28025,0
H0IN05326,"SPARTZ, VICTORIA",I,2,REP,"$1,327,228",63243.54,1355273.82,0,258050.18,230004.33,0,25000,0,525000,0,200000,1101195.38,IN,5,,,,,,118750,0,06/30/2026,13000,0
H2IN05082,"BROOKS, SUSAN MRS.",I,2,REP,$0,0,32691.17,0,34692.42,2001.25,0,0,0,0,0,0,0,IN,5,,,,,,0,0,09/30/2026,0,0
H2IN06023,"BURTON, DANNY L",C,2,REP,$0,0,8263.7,4000,25316.15,17052.45,0,0,0,0,0,0,0,IN,5,,,,,,0,0,06/30/2026,0,0
H4IN05179,"GOODRICH, CHARLES",C,2,REP,$0,0,7650,0,25027.53,17377.53,0,0,0,0,0,4600000,0,IN,5,,,,,,0,0,06/30/2026,0,0
H6IN06230,"WIRTH, CYNTHIA (CINDE)",C,1,DEM,"$37,046",0,30400.38,0,505.36,7151.09,0,4919.4,0,0,0,0,32126.71,IN,6,,,,,,0,0,06/30/2026,0,0
H6IN06255,"BOYD, DAVID LAWRENCE",C,1,DEM,"$6,293",0,6132.65,0,0,160.19,3870.82,0,0,0,0,0,2422.02,IN,6,,,,,,0,0,07/31/2026,0,0
H6IN06271,"BAKER, NICHOLAS FREDERICK",C,1,DEM,"$19,202",0,16739.69,0,0,-4753.4,1146.58,0,0,0,0,0,18055,IN,6,,,,,,0,0,06/30/2026,0,0
H4IN06136,"SPEEDY, MIKE",O,2,REP,$0,0,0,0,0,0,0,0,0,0,0,1448763.58,0,IN,6,,,,,,0,0,06/30/2026,0,0
H4IN06151,"CARRIER, JAMISON",O,2,REP,"$26,500",0,26024.5,0,941.82,1417.32,0,20000,0,0,0,720717.5,0,IN,6,,,,,,0,0,06/30/2026,0,0
H4IN06185,"SHREVE, JEFFERSON",I,2,REP,"$2,426,805",8680.96,950284.62,0,131714.79,1608234.89,0,2000000,0,0,0,3900000,126148.62,IN,6,,,,,,291000,0,06/30/2026,85.63,4500
H6IN06263,"BROWN, SARAH JANISSE",C,2,REP,"$22,397",0,19629.27,0,0,4267.77,0,6333.48,0,0,0,6333.48,16063.56,IN,6,,,,,,0,0,06/30/2026,0,0
H8IN06079,"LAMB, JONATHAN M.",O,2,REP,$0,0,0,0,416.1,416.1,0,0,0,0,0,250000,0,IN,6,,,,,,0,0,06/30/2026,0,0
H8IN06129,"PENCE, GREGORY J.",I,2,REP,$0,0,232851.18,0,232851.18,0,0,0,0,0,0,0,0,IN,6,,,,,,0,0,05/20/2025,0,0
H6IN07394,"HORNEDO, GEORGE",C,1,DEM,"$295,528",0,295428.17,0,0,100.05,0,114610,0,0,0,114610,178918.22,IN,7,,,,,,2000,0,06/30/2026,13350,0
H6IN07469,"WELLS, DESTINY",C,1,DEM,"$99,634",0,115625.14,0,0,-15991.63,0,0,0,0,0,13000,97128.63,IN,7,,,,,,0,0,06/30/2026,0,0
H8IN07184,"CARSON, ANDRE",I,1,DEM,"$1,006,177",90400.07,834249.21,0,449423.21,621350.73,730,0,0,0,0,0,399064.92,IN,7,,,,,,502550,3692,06/30/2026,5535.82,0
H4IN08231,"HURT, ERIK DAVID MR.",O,1,DEM,$0,0,1197.85,0,1197.85,0,0,0,0,0,0,0,0,IN,8,,,,,,0,0,01/30/2025,0,0
H6IN08293,"ALLEN, MARY THERESA",C,1,DEM,"$294,502",0,115194.43,0,0,179307.61,1928.66,0,0,0,0,0,268728.38,IN,8,,,,,,6250,17595,06/30/2026,525,600
H4IN08249,"MESSMER, MARK MR.",I,2,REP,"$1,171,366",488933.17,664971.62,0,207105.87,713500.43,3500,0,0,0,0,6249.99,257027.37,IN,8,,,,,,421375.34,0,06/30/2026,8483.93,0
H4IN09163,"PECK, TIMOTHY",C,1,DEM,"$171,570",0,171141.59,0,15873.69,16811.7,0,0,0,5000,0,70608.57,171569.6,IN,9,,,,,,0,0,04/15/2026,0,500
H6IN09226,"GRAHAM, JAMES HENRY",C,1,DEM,"$128,179",0,128178.63,0,0,0,6193,66000,0,0,0,66000,55985.61,IN,9,,,,,,0,0,05/21/2026,25,0
H6IN09242,"MEYER, BRADLEY ALLEN MR.",C,1,DEM,"$105,510",0,81900.61,0,0,17840.41,0,11339.03,0,0,0,11339.03,94168.58,IN,9,,,,,,0,0,06/30/2026,0,0
H6IN09309,"ROARK, KEIL LOUIS MR.",C,1,DEM,"$28,127",0,28636.99,0,510,0,0,20000,0,0,0,20000,8035,IN,9,,,,,,0,0,05/26/2026,0,0
H0IN09070,"YOUNG, TODD CHRISTOPHER",I,2,REP,"$4,401,018",2300223.48,1621395.17,0,4425942.64,7205565.85,0,0,0,0,0,0,1197281.97,IN,9,,,,,,677510,1000,06/30/2026,48329.2,0
H2IN09258,"BARNES-ISRAEL, STU",O,2,REP,$0,0,2471.17,0,2471.17,0,0,0,0,0,0,0,0,IN,9,,,,,,0,0,03/31/2026,0,0
H6IN09143,"HOUCHIN, ERIN",I,2,REP,"$1,856,572",461177.79,1415550.66,1548.35,742043.86,1183065.62,931.41,0,0,0,0,0,342705.65,IN,9,,,,,,1041092.97,100,06/30/2026,2350,1000
H6IN09168,"PFAFF, JAMES R",O,2,REP,$0,0,0,0,0,0,0,0,0,0,0,25290.95,0,IN,9,,,,,,0,0,06/30/2026,0,0
H6KS01195,"MCROBERTS, KENNETH COLIN",C,1,DEM,"$113,993",0,82535.94,0,0,31456.63,348.6,0,0,0,0,1248.75,113324.68,KS,1,,,,,,0,0,07/15/2026,0,0
H6KS01203,"REINHOLD, LAUREN",C,1,DEM,"$48,261",0,43477.51,0,0,4783.84,600.8,4000,0,0,0,4000,43658,KS,1,,,,,,0,0,07/15/2026,106,0
H0KS01123,"MANN, TRACEY ROBERT",I,2,REP,"$1,488,465",451464.61,528837.61,2350.05,1753696.84,2713324.22,0,0,0,0,0,0,345108.7,KS,1,,,,,,598040,0,07/15/2026,5350,0
H0KS01198,"CLIFFORD, BILL DR",O,2,REP,$0,0,0,0,0,0,0,0,0,0,0,250000,0,KS,1,,,,,,0,0,12/01/2025,0,0
H6KS01146,"HUELSKAMP, TIMOTHY A REP.",C,2,REP,$96,0,160,0,32287.19,32223.48,0,0,0,0,0,0,0,KS,1,,,,,,0,0,06/30/2026,0,0
H4KS02198,"KLEINMANN, MATTHEW RYAN",C,1,DEM,$0,0,0,0,0,0,0,0,0,0,0,0,0,KS,2,,,,,,0,0,01/31/2025,0,0
H6KS02276,"COOVER, DON",C,1,DEM,"$758,823",0,514537.24,0,0,244286,7000,0,0,0,0,0,718291.26,KS,2,,,,,,33500,0,07/15/2026,7160,0
H6KS02284,"CURWICK, BRAEDEN",C,1,DEM,$231,0,181,0,40,90,181,0,0,0,0,0,50,KS,2,,,,,,0,0,03/31/2026,0,0
H4KS02164,"SCHMIDT, DEREK",I,2,REP,"$1,457,605",43229.41,556938.11,0,38501.14,939168.02,0,0,0,0,0,2897.71,898090.09,KS,2,,,,,,505500,0,07/15/2026,8303.29,0
H4KS02180,"KAHRS, JEFF",C,2,REP,$0,0,1105.81,0,2104.95,999.14,0,0,0,0,0,228000,0,KS,2,,,,,,0,0,06/30/2026,0,0
H8KS02157,"TYSON, CARYN",O,2,REP,$0,0,0,0,104698.3,104698.3,0,0,0,0,0,105476,0,KS,2,,,,,,0,0,06/30/2026,0,0
H8KS02199,"WATKINS, STEVEN C. JR.",I,2,REP,$0,0,0,0,0,0,0,0,0,0,0,285200,0,KS,2,,,,,,0,0,06/30/2026,0,0
H6KS03290,"PREU, SARAH",C,1,DEM,"$24,632",0,8817.6,0,1,15815.37,1740,0,0,0,0,0,21654.97,KS,3,,,,,,0,1237,07/15/2026,-55,0
H8KS03155,"DAVIDS, SHARICE",I,1,DEM,"$3,690,440",5930.63,2369483.83,0,403255.79,1724211.89,0,0,0,0,0,0,2852001.23,KS,3,,,,,,807190,41,07/15/2026,16605.33,2000
H0KS03137,"YODER, KEVIN",C,2,REP,$0,0,2724.38,0,62887.21,60162.83,0,0,0,0,0,0,0,KS,3,,,,,,0,0,06/30/2026,0,0
H0KS03228,"WEIR, SARA HART",C,2,REP,$0,0,0,0,0,0,0,0,0,0,0,2364.76,0,KS,3,,,,,,0,0,06/30/2026,0,0
H4KS03196,"WESTBROOK, JONATHON",C,2,REP,$0,0,0,0,130345,130345,0,0,0,0,0,0,0,KS,3,,,,,,0,0,06/30/2026,0,0
H4KS03204,"CRNKOVICH, KAREN",C,2,REP,$0,0,0,0,6706.42,6706.42,0,0,0,0,0,1731.12,0,KS,3,,,,,,0,0,06/30/2026,0,0
H4KS03212,"REDDY, PRASANTH DR.",C,2,REP,$845,0,21278.09,0,44603.71,24170.21,0,0,0,0,0,0,0,KS,3,,,,,,0,0,06/30/2026,6600,0
H6KS03282,"STANLEY, BLAKE",C,2,REP,$0,0,0,0,0,0,0,0,0,0,0,0,0,KS,3,,,,,,0,0,03/31/2026,0,0
H6KS03308,"JENKINS, ERIC",C,2,REP,"$18,916",0,6632.79,0,0,12283.6,0,1790,0,0,0,1790,7126.39,KS,3,,,,,,10000,0,07/15/2026,0,0
H2KS04099,"FREEMAN, ESAU A",C,1,DEM,"$3,765",0,4753,0,987.75,0,765.25,0,0,0,0,0,0,KS,4,,,,,,0,3000,09/18/2025,0,0
H6KS04223,"SCHNEIDER, DANIEL",C,1,DEM,$0,0,0,0,0,0,0,0,0,0,0,0,0,KS,4,,,,,,0,0,11/14/2025,0,0
H6KS04249,"CARMICHAEL, CHRIS",C,1,DEM,"$97,578",0,94059.44,0,0,3518.37,0,2542.96,0,0,0,2542.96,91239.69,KS,4,,,,,,0,0,07/15/2026,0,0
H6KS04272,"TYNDELL, KATY",C,1,DEM,"$234,455",0,161558.49,0,0,72896.43,600,0,0,0,0,0,233629.11,KS,4,,,,,,0,0,07/15/2026,0,0
H8KS04112,"ESTES, RON",I,2,REP,"$1,855,035",382768.49,1295633.69,0,1198276.04,1757677.33,0,0,0,0,0,0,311847.75,KS,4,,,,,,1090100,0,07/15/2026,841.79,0
H6KY01169,"WILLIAMS, JOHN ANDREW",C,1,DEM,"$118,755",0,98531.99,0,0,20181.79,0,1700,0,0,0,1700,111983.09,KY,1,,,,,,5000,0,06/30/2026,804,0
H6KY01110,"COMER, JAMES",I,2,REP,"$1,899,533",21578.45,2067642.98,0,3209222.52,3041112.38,0,0,0,0,0,0,1450577.63,KY,1,,,,,,426900,0,06/30/2026,0,0
H6KY01177,"SIMS, DAVID",C,2,REP,"$1,800",0,1501.34,0,0,298.66,1800,0,0,0,0,0,0,KY,1,,,,,,0,0,07/19/2026,0,0
H2KY02125,"COMPTON, WILLIAM DAKOTA",C,1,DEM,"$69,569",0,66766.14,0,439.1,183.93,218.38,0,0,0,0,0,69351.08,KY,2,,,,,,0,0,06/30/2026,0,0
H6KY02068,"WINGFIELD, MEGAN",C,1,DEM,"$7,539",0,6342.29,0,0,1196.71,0,0,0,0,0,0,7539,KY,2,,,,,,0,0,06/30/2026,0,0
H8KY02080,"LINDERMAN, HANK",C,1,DEM,"$3,800",0,23339.06,0,21562.08,2023.02,0,0,0,0,0,0,3800,KY,2,,,,,,0,0,06/30/2026,0,0
H6KY02076,"FERGUSON, JOSHUA M",C,2,REP,"$7,079",0,7013.77,0,0,65,4500,0,0,0,0,0,2578.77,KY,2,,,,,,0,0,04/29/2026,0,0
H6KY02092,"PERRY-ADELMANN, SHAY",C,2,REP,"$100,501",0,14597.88,0,100,86003.08,100500,0,0,0,0,0,0.96,KY,2,,,,,,0,0,06/30/2026,0,0
H8KY02031,"GUTHRIE, S. BRETT BRETT HON.",I,2,REP,"$4,707,593",0,3355565.93,0,366244.44,1718271.11,0,0,0,0,0,2295.44,1670800.28,KY,2,,,,,,3025480,0,06/30/2026,40404.32,27900
H2KY03206,"MCGARVEY, MORGAN",I,1,DEM,"$1,633,684",118926.28,1083341.17,0,1263417.1,1813759.8,0,0,0,0,0,0,931583.92,KY,3,,,,,,538001.21,0,06/30/2026,566,3000
H6KY03124,"YARMUTH, JOHN",I,1,DEM,$0,0,2051.04,0,34495.84,32444.8,0,0,0,0,0,132262.4,0,KY,3,,,,,,0,0,02/26/2025,0,0
H6KY03223,"RODRIGUEZ, MARIA TERESA",C,2,REP,"$38,069",0,22296.65,75,0,15672.05,0,0,0,0,0,0,32568.7,KY,3,,,,,,5500,0,06/30/2026,0,0
H6KY03231,"PAY, DONALD",C,2,REP,"$3,146",0,3146.28,0,0,0,400,0,0,0,0,0,2746.28,KY,3,,,,,,0,0,07/01/2026,0,0
H6KY04130,"DEAN, MONICA",C,1,DEM,"$9,190",0,5518.14,0,0,3671.42,1977.8,0,0,0,0,198.26,6211.76,KY,4,,,,,,1000,0,06/30/2025,0,0
H6KY04148,"BREWER, JESSE RUSSELL MR.",C,1,DEM,"$9,681",0,9722.37,0,1899,-420.42,0,3935.67,0,0,0,0,5745,KY,4,,,,,,0,0,04/29/2026,0,0
H6KY04189,"STRANGE, MELISSA CLAIRE",C,1,DEM,"$94,464",0,83318.6,0,0,11145.22,0,20000,0,0,0,20000,74463.82,KY,4,,,,,,0,0,06/30/2026,0,0
H8KY04169,"HALL, SETH BLANE",C,1,DEM,$0,0,0,0,0,0,0,0,0,0,0,0,0,KY,4,,,,,,0,0,09/30/2026,0,0
H2KY04121,"MASSIE, THOMAS H.",I,2,REP,"$8,837,697",0,8934184.37,0,907010.19,810522.77,7,0,0,0,0,0,8664121.03,KY,4,,,,,,116842.17,0,06/30/2026,121198.44,0
H6KY04155,"WELLS, ROBERT STACY DR",C,2,REP,"$113,241",0,94101.68,0,0,19139.47,0,100000,0,0,0,100000,13241.15,KY,4,,,,,,0,0,06/30/2026,0,0
H6KY04163,"DENNIS, JACKSON",C,2,REP,"$2,590",0,2590,0,0,0,0,0,0,0,0,0,2590,KY,4,,,,,,0,0,12/08/2025,0,0
H6KY04171,"GALLREIN, ED",C,2,REP,"$3,567,324",0,3388014.19,0,0,179309.4,0,0,0,0,0,0,3511193.99,KY,4,,,,,,56129.6,0,06/30/2026,8251.63,0
H6KY04197,"WELLS, ROBERT STACY DR",C,2,REP,"$113,241",0,94101.68,0,0,19139.47,0,100000,0,0,0,100000,13241.15,KY,4,,,,,,0,0,06/30/2026,0,0
H6KY05152,"PILLERSDORF, NED",C,1,DEM,"$182,281",0,91006.19,0,0,91274.5,62875,0,0,0,0,0,119155.69,KY,5,,,,,,250,0,06/30/2026,625,0
H0KY05015,"ROGERS, HAROLD DALLAS",I,2,REP,"$849,758",23358.85,946293.21,0,971251.73,874716.47,0,0,0,0,0,0,403297.33,KY,5,,,,,,314150,0,06/30/2026,10401,1200
H6KY05194,"SMITH, KEVIN",C,2,REP,"$139,937",0,139937.4,0,0,0,23433.37,24732.69,0,0,0,24732.69,85522.34,KY,5,,,,,,6249,0,06/30/2026,8000,0
H2KY06217,"CRAVENS, MAURICE RANDALL II",C,1,DEM,$0,0,3265.3,2000,14203.83,10938.53,0,0,0,0,0,0,0,KY,6,,,,,,0,0,12/31/2025,0,0
H6KY06150,"STEVENSON, CHERLYNN",O,1,DEM,"$661,064",0,661239.01,0,175.45,0,1169.51,0,0,0,0,0,605667.13,KY,6,,,,,,49020.92,0,07/16/2026,28553.72,500
H6KY06168,"KLOIBER, DAVID",O,1,DEM,"$200,851",0,177559.98,0,0,23291.49,0,127000,0,30000,0,97000,73601,KY,6,,,,,,0,0,04/29/2026,0,0
H6KY06184,"DEMBO, ZACH",O,1,DEM,"$1,463,855",0,972579.35,0,0,491275.42,3665.36,0,0,0,0,0,1399355.45,KY,6,,,,,,58150.01,0,06/30/2026,7409,0
H6KY06218,"PETREY, ERIN",O,1,DEM,"$268,180",0,264464.96,0,0,3714.82,0,55000,0,0,0,55000,213179.78,KY,6,,,,,,0,0,06/30/2026,0,0
H0KY06104,"BARR, GARLAND ANDY",I,2,REP,"$9,916,442",2108598.34,11362982.92,3361.42,3693077.64,2246536.93,0,0,0,0,0,0,5592304.87,KY,6,,,,,,1933311.42,62000,06/30/2026,39500,19000
H6KY06143,"DOTSON, RYAN",O,2,REP,"$567,576",0,564310.14,0,0,3266.07,855.94,260000,0,97000,0,163000,293320.27,KY,6,,,,,,13400,0,06/30/2026,906.88,2300
H6KY06176,"GORDON, DEANNA",O,2,REP,"$372,174",0,372174.06,0,0,0,0,268000,0,257335.23,0,0,96674.06,KY,6,,,,,,7500,0,06/30/2026,4447,0
H6KY06192,"ALVARADO, RALPH A",O,2,REP,"$1,521,813",0,1123794.53,0,0,398018.3,0,57245.22,0,57245.22,0,0,1199993.02,KY,6,,,,,,258541.02,5000,06/30/2026,750,6000
H6KY06226,"PLUCINSKI, GREG",O,2,REP,"$733,348",0,731515.6,0,0,1832.05,55675.86,595000,0,0,0,595000,61759.84,KY,6,,,,,,9545,0,06/30/2026,5720.56,0
H6KY06259,"ARQUETTE, ADAM PEREZ",O,2,REP,"$4,990,948",0,1672032,0,0,0,3300000,29000,0,0,0,0,1661948,KY,6,,,,,,0,0,05/04/2026,0,0
H6LA01258,"JEWETT, LAUREN",C,1,DEM,"$142,677",0,130792.57,0,0,11884.22,1271.6,0,0,0,0,0,139975.19,LA,1,,,,,,1250,0,07/18/2026,2000,0
H8LA01122,"SAVOIE, TAMMY MARIE DR",C,1,DEM,$0,0,0,0,0,0,0,0,0,0,0,8017.87,0,LA,1,,,,,,0,0,06/30/2026,0,0
H0LA01087,"SCALISE, STEVE MR",I,2,REP,"$10,638,030",9051461.08,10883240.82,0,4131152.57,3885941.87,0,0,0,0,0,0,1407069.04,LA,1,,,,,,171500,0,07/18/2026,16432.23,0
H2LA02149,"CARTER, TROY A. SR.",I,1,DEM,"$1,412,697",40312.5,1539320.56,0,509409.15,382785.66,0,0,0,0,0,24914.16,421437.74,LA,2,,,,,,950716.73,0,07/18/2026,0,0
H4LA02111,"DAVIS, DEVIN CHARLES",C,1,DEM,"$1,927",0,2199.17,0,264.74,-7.43,1825,0,0,0,0,17132.99,102,LA,2,,,,,,0,0,03/31/2025,25,0
H8LA02054,"RICHMOND, CEDRIC L",I,1,DEM,$0,0,652.76,0,27631.71,26978.95,0,0,0,0,0,8000,0,LA,2,,,,,,0,0,06/30/2026,0,0
H2LA02206,"BERNARD, CLASTON",O,2,REP,$0,0,0,0,0,0,0,0,0,0,0,26060,0,LA,2,,,,,,0,0,03/31/2026,0,0
H4LA02145,"LYNCH, CHRISTY MS",C,2,REP,$0,0,487.82,0,487.82,0,0,0,0,0,0,0,0,LA,2,,,,,,0,0,03/31/2025,0,0
H6LA03205,"DAY, JOHN DAVID",C,1,DEM,"$18,947",0,17748.85,0,2867.53,7385.01,0,5000,0,0,0,5000,13196.65,LA,3,,,,,,0,0,07/18/2026,0,0
H2LA03121,"HOGGATT, HOLDEN",C,2,REP,$0,0,0,0,6300.56,6300.56,0,0,0,0,0,102233,0,LA,3,,,,,,0,0,06/30/2026,0,0
H6LA03130,"ANGELLE, SCOTT MR.",C,2,REP,$0,0,149.11,0,149.11,0,0,0,0,0,0,7450,0,LA,3,,,,,,0,0,02/28/2025,0,0
H6LA03148,"HIGGINS, CLAY CAPTAIN",I,2,REP,"$822,841",486000,551994.62,0,324568.04,595414.67,0,0,0,0,0,0,202552.82,LA,3,,,,,,132500,0,07/18/2026,1790,0
H2LA04103,"MILKOVICH, JOHN CHARLES",O,1,DEM,$0,0,0,0,-18.98,-18.98,0,0,0,0,0,87198.89,0,LA,4,,,,,,0,0,03/31/2026,0,0
H6LA04187,"CABLE, CONRAD ROBERTS",C,1,DEM,"$238,886",0,210630.88,0,0,28255.26,0,0,0,0,0,0,236611.14,LA,4,,,,,,0,0,07/18/2026,3500,0
H6LA04195,"GROMLICH, MATTHEW",C,1,DEM,"$268,772",0,258532.09,0,0,10175.48,3058.09,200000,0,0,0,200000,59955.44,LA,4,,,,,,0,0,07/18/2026,0,0
H6LA04138,"JOHNSON, JAMES MICHAEL",I,2,REP,"$20,976,864",6888039.07,12616083.4,0,1252376.53,9613157.46,0,0,0,0,0,0,12263644.76,LA,4,,,,,,1813700,0,07/18/2026,24608,5000
H6LA04203,"NICHOLS, MICHAEL",C,2,REP,"$49,755",0,46162.69,0,0,2.56,630,40300,0,0,0,20300,7300,LA,4,,,,,,0,0,07/19/2026,0,0
H6LA05275,"NYMAN, TANIA",O,1,DEM,"$33,124",0,21019.94,0,0,12103.74,11130.15,10000,0,0,0,10000,9718.53,LA,5,,,,,,0,0,07/18/2026,3500,0
H6LA05291,"MCKAY, DAN",O,1,DEM,"$90,000",0,109075.08,0,30,-19055.55,0,39238.48,0,0,0,39238.48,48486.16,LA,5,,,,,,0,0,07/18/2026,76,0
H0LA05112,"HARRIS, JOHN LANCE",O,2,REP,$0,0,18131.4,0,18131.4,0,0,0,0,13631.4,0,195568.6,0,LA,5,,,,,,0,0,06/30/2026,0,0
H2LA05126,"LETLOW, JULIA",I,2,REP,"$2,078,841",591287.86,3425607.37,2480968.58,1346766.81,0,0,0,0,0,0,0,710075.7,LA,5,,,,,,777477,0,08/21/2026,8767.1,0
H2LA05134,"CONERLY, CHAD",O,2,REP,$0,0,0,0,151.78,151.78,0,0,0,0,0,30000,0,LA,5,,,,,,0,0,06/30/2026,0,0
H4LA05130,"MCALLISTER, VANCE MICHAEL",C,2,REP,$0,0,0,0,0,0,0,0,0,0,0,960959.09,0,LA,5,,,,,,0,0,06/30/2026,0,0
H6LA05184,"CATHEY, STEWART JR.",O,2,REP,"$13,500",0,334.9,0,0,13165.1,0,0,0,0,0,0,13500,LA,5,,,,,,0,0,07/18/2026,0,0
H6LA05192,"WYATT, SAMUEL LEE MR.",O,2,REP,"$299,400",0,296452.77,0,0,2947.61,0,191056.58,0,0,0,191056.58,106914.96,LA,5,,,,,,0,0,06/30/2026,9401.68,0
H6LA05200,"CORDELL, MISTI SMITH",O,2,REP,"$555,686",0,406912.9,0,0,148772.62,0,206500,0,0,0,206500,336660.52,LA,5,,,,,,12525,0,07/18/2026,0,0
H6LA05218,"MCMAKIN, DIXON",O,2,REP,"$63,405",0,63405.15,0,0,0,0,0,0,0,0,0,63400,LA,5,,,,,,0,0,07/18/2026,44859.99,0
H6LA05242,"ECHOLS, MICHAEL CHARLES",O,2,REP,"$2,979,894",0,1898255.04,0,0,1081639.37,0,2430000,0,850000,0,1580000,509962.33,LA,5,,,,,,13500,0,07/18/2026,3000,0
H6LA05283,"MAGEE, AUSTIN",O,2,REP,"$8,939",0,7654.15,0,0,1284.42,510.2,0,0,0,0,0,8428.37,LA,5,,,,,,0,0,06/30/2026,0,0
H6LA05317,"FIRMENT, MICHAEL GABRIEL",O,2,REP,"$49,006",0,1433.72,0,0,47572.3,0,0,0,0,0,0,49006,LA,5,,,,,,0,0,07/18/2026,0,0
H4LA06070,"ANDERSON, QUENTIN ANTHONY",C,1,DEM,$0,0,0,0,-6029.64,-6029.64,0,0,0,0,0,0,0,LA,6,,,,,,0,0,09/30/2025,0,0
H4LA06211,"FIELDS, CLEO",I,1,DEM,"$833,358",0,434369.23,102000,37439.86,436429.12,0,0,0,0,0,0,644289.04,LA,6,,,,,,177000,0,07/18/2026,29900,5000
H6LA05309,"GARCIA, LINDSAY",O,1,DEM,"$65,473",0,29125.1,0,0,36347.87,0,2863.64,0,0,0,2863.64,60259.33,LA,6,,,,,,0,0,07/18/2026,0,0
H4LA06120,"THOMAS, CHARLES 'TREY' DR III",O,2,REP,$0,0,0,0,105.14,105.14,0,0,0,0,0,7326.95,0,LA,6,,,,,,0,0,06/30/2026,0,0
H4LA06153,"GRAVES, GARRET",I,2,REP,"$195,776",0,235109.8,0,3663118.03,3623783.96,0,0,0,0,0,0,0,LA,6,,,,,,0,0,06/30/2026,0,-59000
H4LA06179,"WHITNEY, LENAR",O,2,REP,$0,0,0,0,355.15,355.15,0,0,0,0,0,147378.86,0,LA,6,,,,,,0,0,06/30/2026,0,0
H4LA06229,"GUILLORY, ELBERT LEE",C,2,REP,$0,0,3339.68,0,3339.68,0,0,0,0,0,0,0,0,LA,6,,,,,,0,0,06/30/2026,0,0
H4LA06237,"GUILLORY, ELBERT LEE",C,2,REP,$0,0,3339.68,0,3339.68,0,0,0,0,0,0,0,0,LA,6,,,,,,0,0,06/30/2026,0,0
H6LA05168,"DAVIS, LARRY MR. III",C,2,REP,"$21,956",0,19256.42,0,1422.75,-1130.8,1485,0,0,0,0,0,18021.19,LA,6,,,,,,2000,0,07/18/2026,500,0
H6LA05226,"EDMONDS, RICK",O,2,REP,"$530,592",0,197152.32,0,0,323040.13,0,155000,0,0,0,155000,359417.26,LA,6,,,,,,16100,0,07/18/2026,0,0
H6LA05234,"MIGUEZ, BLAKE",O,2,REP,"$6,612,410",16557.7,4579818.24,0,0,2032592.21,0,3013458.06,0,1001102.53,0,2012355.53,3481120.84,LA,6,,,,,,68410.38,0,07/18/2026,52545.28,0
H6LA05259,"MEBRUER, MICHAEL EDWARD",O,2,REP,"$37,765",0,32656.97,0,0,1009.78,37764.7,0,0,0,0,0,0,LA,6,,,,,,0,0,07/18/2026,0,0
H6LA06141,"JOHNSON, CHRISTIAN RASHAD",C,2,REP,$0,0,0,0,0,0,0,0,0,0,0,0,0,LA,6,,,,,,0,0,03/31/2026,0,0
H6LA06158,"APPEANING, ANJANITA MONIQUE",C,2,REP,"$104,323",0,65539.55,0,0,38783.19,0,50666.92,0,0,0,50666.92,46400,LA,6,,,,,,0,0,07/18/2026,2000,0
H6MA01120,"WHALEN, JEROMIE PATRICK DR.",C,1,DEM,"$335,864",0,296488.04,0,0,39375.48,12166.3,0,0,0,0,0,323027.22,MA,1,,,,,,0,0,08/12/2026,0,0
H8MA02041,"NEAL, RICHARD E",I,1,DEM,"$2,462,685",61722.29,3074234.36,0,3887869.95,3276320.6,0,0,0,0,0,0,593411.15,MA,1,,,,,,1557500,0,08/12/2026,1500,472.3
H8MA01035,"BECH, NATHAN ALEXANDER",C,2,REP,"$80,010",0,56107.16,0,4773.74,28676.58,10,80000,0,4773.74,0,132087.21,0,MA,1,,,,,,0,0,06/30/2026,0,0
H4MA03022,"MCGOVERN, JAMES P",I,1,DEM,"$864,676",0,910104.97,0,394164.35,348735.78,0,0,0,0,0,0,628194.76,MA,2,,,,,,233100,0,08/12/2026,1021.5,0
H8MA02090,"POWERS, KEVIN WILLIAM",C,2,REP,$0,0,0,0,17622.84,17622.84,0,0,0,0,0,0,0,MA,2,,,,,,0,0,06/30/2026,0,0
H8MA03106,"TRAHAN, LORI",I,1,DEM,"$1,639,978",23250,1321740.59,0,1455151.24,1773388.97,0,0,0,0,0,0,802893.44,MA,3,,,,,,813250,0,08/12/2026,12035,0
H2MA03141,"TRAN, DEAN",C,2,REP,$0,0,0,0,0,0,0,0,0,0,0,0,0,MA,3,,,,,,0,0,03/31/2025,0,0
H6MA03100,"GROSSI, GARY J.",C,2,REP,"$7,121",0,1346.05,0,0,5774.8,0,4000,0,0,0,4000,2520.85,MA,3,,,,,,600,0,08/12/2026,0,0
H8MA03114,"GREEN, RICK",O,2,REP,$0,0,0,0,0,0,0,0,0,0,0,0,0,MA,3,,,,,,0,0,06/30/2026,0,0
H0MA04143,"LECKEY, IHSSANE",C,1,DEM,"$25,000",0,27928.26,0,6802.35,3347.91,7874.69,0,0,0,0,287131.66,17122.58,MA,4,,,,,,0,0,06/30/2026,0,0
H0MA04192,"AUCHINCLOSS, JAKE",I,1,DEM,"$3,630,329",362250,1271790.13,0,4983226.77,7341766.02,0,0,0,0,0,0,2270535.27,MA,4,,,,,,725250,2000,08/12/2026,4625,0
H6MA04116,"BOYD, CHRISTOPHER SLATER",C,1,DEM,"$2,945",0,1009.89,0,0,1934.63,341.52,0,0,0,0,0,2603,MA,4,,,,,,0,0,03/31/2026,0,0
H6MA04124,"LECKEY, IHSSANE",C,1,DEM,"$24,997",0,21654.69,0,0,2816.13,7874.69,0,0,0,0,32025,17122.58,MA,4,,,,,,0,0,06/30/2026,0,0
H6MA04132,"POULOS, JASON",C,1,DEM,"$68,414",0,56984.88,0,0,11429.51,5038.45,0,0,0,0,0,63368.53,MA,4,,,,,,0,0,08/12/2026,100,0
H8MA04047,"ROBINSON, HERB",C,1,DEM,$38,0,25,0,780,793,37,0,0,0,0,100,1,MA,4,,,,,,0,0,06/30/2026,0,0
H2MA04115,"BURNS, EMILY",C,2,REP,$0,0,0,0,0,0,0,0,0,0,0,187500,0,MA,4,,,,,,0,0,05/27/2025,0,0
H6MA04140,"STALCUP, THOMAS PHD",C,2,REP,"$26,242",0,24923.49,0,0,1318.67,125,17150,0,0,0,0,8966.33,MA,4,,,,,,0,0,08/12/2026,0,0
H4MA05084,"CLARK, KATHERINE",I,1,DEM,"$4,503,671",1457139.33,3781770.11,0,1325890.71,2047791.58,0,0,0,0,0,0,1136007.17,MA,5,,,,,,1838507.1,0,08/12/2026,3541.76,2500
H6MA05071,"SAMMAN, TARIK",C,1,DEM,"$43,812",0,23911.74,0,0,19900.32,10627.65,0,0,0,0,0,33184.41,MA,5,,,,,,0,0,08/12/2026,0,0
H6MA05105,"PAZ, JONATHAN",C,1,DEM,"$88,524",0,81578.92,0,4952.12,11897.46,0,0,0,0,0,0,88210.83,MA,5,,,,,,0,0,08/12/2026,0,0
H0MA06098,"BELSITO, JAMIE MARIE ZAHLAWAY",O,1,DEM,"$309,082",0,260730.83,0,0,48350.76,1373.55,25000,0,25000,0,0,276017.94,MA,6,,,,,,4837.5,0,08/12/2026,3650,0
H4MA06090,"MOULTON, SETH",I,1,DEM,"$6,213,103",1469.16,6228105.21,0,1850338.06,1835335.73,0,0,0,0,0,0,5853522.29,MA,6,,,,,,241200,0,08/12/2026,128575.78,16000
H6MA06145,"ANDRES-BECK, BETH",O,1,DEM,"$367,392",0,353213.98,0,0,14428.15,46133,143000,0,0,0,143000,178259.13,MA,6,,,,,,0,0,08/12/2026,70,0
H6MA06152,"BECCIA, JOHN",O,1,DEM,"$4,513,050",0,3762624.57,0,0,750425.58,45940.01,3998734.51,0,0,0,4003766.77,455498.07,MA,6,,,,,,12500,0,08/12/2026,14823,2500
H6MA06160,"NGUYEN, TRAM",O,1,DEM,"$894,451",0,705439.22,0,0,189011.46,0,0,0,0,0,0,861975.68,MA,6,,,,,,32475,0,08/12/2026,1105,0
H6MA06178,"JAKIOUS, RICK",O,1,DEM,"$354,696",0,346863.47,0,0,7832.77,0,50000,0,50000,0,0,302319,MA,6,,,,,,1500,0,06/30/2026,55550,0
H6MA06186,"LANCASTER, MARIAH DR",O,1,DEM,"$348,466",0,292794.98,0,0,55670.83,0,0,0,0,0,20627.73,348465.81,MA,6,,,,,,0,0,08/12/2026,1045,0
H8MA03072,"KOH, DANIEL ARRIGG",O,1,DEM,"$4,716,543",0,2723574.98,0,1339.72,1994307.43,92504.95,1000,0,0,0,69000,4507191.44,MA,6,,,,,,105550,0,08/12/2026,37470,0
H6MA06202,"JONES, MICAH Q.",O,2,REP,"$448,868",0,259949.42,0,0,188918.2,0,0,0,0,0,0,439067.62,MA,6,,,,,,9800,0,08/12/2026,100,0
H8MA07032,"PRESSLEY, AYANNA",I,1,DEM,"$1,204,995",112725,1247015.21,0,118221.41,76201.17,0,0,0,0,0,0,1008337.91,MA,7,,,,,,79754.96,0,08/12/2026,39983.5,0
H2MA09072,"LYNCH, STEPHEN",I,1,DEM,"$910,160",0,1356628.25,0,1088723.86,642255.6,0,0,0,0,0,0,555542.09,MA,8,,,,,,339200,0,08/12/2026,500,0
H6MA08141,"KENNEDY, JOSEPH P II",C,1,DEM,"$341,701",0,96842.16,0,1066399.21,1311257.75,0,0,0,0,0,0,0,MA,8,,,,,,0,0,06/30/2026,0,0
H6MA08307,"ROATH, PATRICK THOMAS",C,1,DEM,"$1,280,230",0,1060407.58,0,0,219822.23,3732.57,50000,0,0,0,50000,1212628.03,MA,8,,,,,,11000,0,08/12/2026,5164,0
H6MA08331,"ZYLBERFINK, ANDREW 'AJ'",C,1,DEM,"$1,261",0,1397.13,0,0,-118,569.59,0,0,0,0,0,691.54,MA,8,,,,,,0,0,03/31/2026,324.64,0
H0MA10082,"KEATING, WILLIAM R",I,1,DEM,"$422,462",0,592807.09,0,665867.5,495522.09,0,0,0,0,0,0,252361.68,MA,9,,,,,,170100,0,08/12/2026,0,0
H6MA09214,"SWALLOW, CRAIG M MR",C,1,DEM,"$40,503",0,33245.82,0,0,7256.83,730.69,0,0,0,0,0,39771.96,MA,9,,,,,,0,0,08/12/2026,0,0
H6MA09206,"MACALLISTER, ROBERT TYLER",C,2,REP,"$175,122",0,140070.74,0,0,35050.81,0,1005,0,0,0,1005,171502.14,MA,9,,,,,,1250,0,08/12/2026,376.93,0
H6MD01320,"SCHWARTZ, DANIEL",C,1,DEM,"$695,170",0,622594.5,0,0,72575.48,2567.65,13000,0,6302.55,0,34174.61,667987.33,MD,1,,,,,,11600,0,06/30/2026,4113.27,0
H6MD01346,"WHITE, RANDI",C,1,DEM,"$18,225",0,14046.51,0,0,1380.64,8356,0,0,0,0,0,9869.43,MD,1,,,,,,0,0,06/03/2026,0,0
H4MD01143,"BRUNEAU, CHRISTOPHER MARC MR SR",C,2,REP,$0,0,0,0,0,0,0,0,0,0,0,0,0,MD,1,,,,,,0,0,09/30/2025,0,0
H8MD01094,"HARRIS, ANDREW P",I,2,REP,"$2,319,668",6818.3,1221000.58,0,754935.54,1853603.02,0,0,0,0,0,0,1833468.76,MD,1,,,,,,443458.89,0,06/30/2026,6059,2475
H2MD02160,"RUPPERSBERGER, C. A. DUTCH",I,1,DEM,"$12,213",0,146344.29,0,275610.3,141478.72,0,0,0,0,0,0,0,MD,2,,,,,,0,0,06/30/2026,0,0
H4MD02232,"OLSZEWSKI, JOHN ANTHONY JR.",I,1,DEM,"$1,040,390",0,592705.7,0,166591.68,614275.48,0,0,0,0,0,0,698489.9,MD,2,,,,,,334224.01,0,06/30/2026,22652.5,7500
H0MD02149,"CARDARELLI, MARCELO GABRIEL",C,2,REP,$0,0,0,0,0,0,0,0,0,0,0,0,0,MD,2,,,,,,0,0,03/31/2026,0,0
H0MD07197,"KLACIK, KIMBERLY",O,2,REP,$9,0,9489.84,0,17020.15,7539.37,0,0,0,0,0,232202.18,9.06,MD,2,,,,,,0,0,06/30/2026,0,0
H2MD02350,"MCNULTY, ELLEN EJ",C,2,REP,$0,0,0,0,95.55,95.55,0,0,0,0,0,33720.3,0,MD,2,,,,,,0,0,06/30/2026,0,0
H2MD06138,"WALLACE, DAVID DRAIN II",C,2,REP,"$20,194",0,17121.6,0,0,3072.87,200,1000,0,0,0,1000,18994.47,MD,2,,,,,,0,0,06/30/2026,0,0
H4MD02265,"KLACIK, KIMBERLY",O,2,REP,$9,0,9489.84,0,17020.15,7539.37,0,0,0,0,0,232202.18,9.06,MD,2,,,,,,0,0,06/30/2026,0,0
H4MD03156,"ELFRETH, SARAH KELLY",I,1,DEM,"$1,141,516",0,836429.76,0,30739.55,335825.84,648.72,0,0,0,0,0,692846.73,MD,3,,,,,,441881.45,0,06/30/2026,14507.55,6000
H4MD03198,"LAM, CLARENCE",O,1,DEM,"$3,599",0,5188,0,9410.31,7821.3,0,0,0,0,0,50000,0,MD,3,,,,,,999.99,0,06/30/2026,0,0
H4MD03339,"LIBBER, MATT",O,1,DEM,$0,0,0,0,0,0,0,0,0,0,0,0,0,MD,3,,,,,,0,0,01/27/2025,0,0
H6MD03292,"SARBANES, JOHN P. MR.",I,1,DEM,"$7,672",0,358331.06,0,350659.22,0,0,0,0,0,0,0,0,MD,3,,,,,,0,0,04/13/2026,0,0
H2MD03218,"TORRES, AMAL",C,2,REP,$0,0,0,0,1812.96,1812.96,0,0,0,0,0,0,0,MD,3,,,,,,0,0,06/30/2026,0,0
H4MD03149,"FLOWERS, BERNARD",C,2,REP,"$12,708",0,14403.97,1750,3711.28,2015.51,0,0,0,0,0,0,7958.2,MD,3,,,,,,250,4500,06/30/2026,0,0
H2MD04232,"IVEY, GLENN FREDERICK",C,1,DEM,"$674,407",0,520568.33,0,305388.32,459226.49,0,0,0,0,0,0,335894.63,MD,4,,,,,,338250,0,06/30/2026,20,0
H2MD04323,"LEWIS, JAZZ",O,1,DEM,$0,0,3562.22,0,3562.22,0,0,0,0,0,0,0,0,MD,4,,,,,,0,0,02/03/2026,0,0
H4MD04162,"NJINIMBOT, GABRIEL",C,1,DEM,$0,0,0,0,3649.67,3649.67,0,0,0,0,0,0,0,MD,4,,,,,,0,0,06/30/2026,0,0
H6MD04209,"BROWN, ANTHONY",I,1,DEM,"$48,108",0,69101.4,0,868850.12,847856.71,0,0,0,0,0,0,0,MD,4,,,,,,0,0,06/30/2026,0,0
H6MD04332,"JOHNSON, JAKEYA",C,1,DEM,"$36,359",2000,31525,0,0,4833.9,0,1209.45,0,1209.45,0,0,32996.3,MD,4,,,,,,0,0,06/30/2026,0,0
H6MD04340,"WHITE, JONATHAN",C,1,DEM,"$34,101",0,16111.06,8500,100,18090.3,347,0,0,0,0,0,33754.36,MD,4,,,,,,0,0,07/15/2026,20,0
H6MD04381,"HEDGEPETH, SHAVONNE",C,1,DEM,"$29,652",0,28628.92,0,0,-1883.17,0,12037.94,0,0,0,0,15613.68,MD,4,,,,,,2000,0,06/30/2026,0,0
H2MD05155,"HOYER, STENY",I,1,DEM,"$402,330",13039.82,703137.88,6302,623674.91,322867.2,0,0,0,0,0,0,127966.09,MD,5,,,,,,259000,0,06/30/2026,6000,4500
H2MD05569,"WASHINGTON, KEITH A",C,1,DEM,$0,0,381.89,0,381.89,0,0,0,0,0,0,5500,0,MD,5,,,,,,0,0,05/01/2026,0,0
H4MD05144,"ARNESS, MARK",O,1,DEM,$0,0,0,0,0,0,0,0,0,0,0,0,0,MD,5,,,,,,0,0,06/10/2026,0,0
H4MD05235,"BAREEBE, QUINCY",O,1,DEM,"$6,805,528",0,6794548.63,0,219.11,11198.05,0,6613000,0,0,0,6822665.22,190122.46,MD,5,,,,,,0,0,06/30/2026,0,0
H6MD05255,"JARIN, HARRY",O,1,DEM,"$432,658",0,432658.3,0,0,0,0,350000,0,108844.57,0,0,80408.26,MD,5,,,,,,150,0,07/03/2026,9500,0
H6MD05263,"SOLIS, ALEXIS",O,1,DEM,"$29,633",0,25133.49,0,0,4499.51,0,0,0,0,0,0,24633,MD,5,,,,,,5000,0,06/30/2026,626,0
H6MD05289,"JACKSON, TERRY ANTONIO MR. II",O,1,DEM,"$16,322",0,16321.68,0,0,0,0,8392.5,0,571.13,0,0,7929.18,MD,5,,,,,,0,0,04/24/2026,10,0
H6MD05297,"LUPER, HEATHER MARIE",O,1,DEM,"$28,563",0,28262.89,0,0,299.79,5637.68,14500,0,14500,0,0,8425,MD,5,,,,,,0,0,07/10/2026,0,0
H6MD05313,"KIRKLAND, WALTER",O,1,DEM,"$48,296",0,49603.03,0,0,-1307.03,0,0,0,0,0,0,48296,MD,5,,,,,,0,0,06/03/2026,0,0
H6MD05321,"BOAFO, ADRIAN",O,1,DEM,"$1,676,916",0,1585049.16,0,0,91866.97,0,0,0,0,0,7400,1560121.13,MD,5,,,,,,116745,0,06/30/2026,9050,2000
H6MD05339,"BLEGAY, WALA",O,1,DEM,"$482,800",0,478273.09,0,0,4526.41,0,0,0,0,0,0,461999.5,MD,5,,,,,,8800,2000,06/30/2026,36650,0
H6MD05347,"STARR, TRACY",O,1,DEM,"$33,254",0,30604.38,0,0,2649.16,254,0,0,0,0,9250,32499.53,MD,5,,,,,,0,0,06/30/2026,50,0
H6MD05354,"WILLIAMS, NICOLE",O,1,DEM,"$151,952",0,138298.77,0,0,13653.24,53,85000,0,0,0,103000,60950,MD,5,,,,,,5949,0,06/30/2026,150,0
H6MD05388,"ELLIS, ARTHUR CARR",O,1,DEM,"$227,421",0,149051.63,0,0,78369.79,0,200000,0,0,0,200000,23921.42,MD,5,,,,,,3500,0,06/30/2026,0,3500
H6MD05396,"SUNDBERG, DAVID",O,1,DEM,"$188,438",0,188438.43,0,0,0,14000,55400,0,8702.52,0,46697.48,117038.43,MD,5,,,,,,2000,0,06/30/2026,0,0
H6MD05404,"BAKER, RUSHERN L III",O,1,DEM,"$369,665",0,294460.34,0,0,75204.48,11450,30500,0,5000,0,25500,325714.82,MD,5,,,,,,2000,0,06/03/2026,7427.82,0
H6MD05412,"SIMONS, KENNETH",O,1,DEM,"$14,105",0,550,0,0,0,0,0,0,0,0,0,14105,MD,5,,,,,,0,0,06/12/2026,0,0
H6MD05420,"MESSICK, LEIGHA MICHELE",O,1,DEM,"$8,210",0,5451.81,0,0,2758.04,0,1899.85,0,0,0,1899.85,6310,MD,5,,,,,,0,0,06/30/2026,0,0
H6MD05438,"COLLINS, REUBEN BURTON II",O,1,DEM,"$39,871",0,33610.15,0,0,6260.85,0,0,0,0,0,0,39871,MD,5,,,,,,0,0,06/30/2026,110,0
H4MD05219,"TALKINGTON, MICHELLE",O,2,REP,"$15,640",0,15193.39,0,2927.66,2452.57,0,0,0,0,0,0,15640.09,MD,5,,,,,,0,0,06/30/2026,116,0
H6MD05206,"FADDIS, CHARLES",C,2,REP,$0,0,0,0,2909.69,2909.69,0,0,0,0,0,50581.29,0,MD,5,,,,,,0,0,06/30/2026,0,0
H2MD06195,"DELANEY, JOHN K",I,1,DEM,"$1,500",0,1650,0,547.43,397.43,1500,0,0,0,0,1493250,0,MD,6,,,,,,0,0,06/30/2026,0,0
H2MD08175,"GLUCK, GEORGE",C,1,DEM,"$102,176",0,102052.38,0,0,223.98,0,101617.6,0,0,0,101617.6,558.7,MD,6,,,,,,0,0,06/10/2026,0,0
H4MD06225,"VOGEL, JOSEPH",O,1,DEM,"$4,800",0,8810.96,0,7115.03,3104.07,0,0,0,0,0,19500,0,MD,6,,,,,,0,0,06/30/2026,0,0
H4MD06282,"MARTINEZ, TEKESHA",O,1,DEM,$0,0,0,0,6988.96,6988.96,0,0,0,0,0,0,0,MD,6,,,,,,0,0,02/03/2025,0,0
H4MD06316,"SAYLES, LAURIE-ANNE",O,1,DEM,$420,0,524.3,0,0,157.61,0,0,0,0,0,0,420,MD,6,,,,,,0,0,06/30/2026,0,0
H4MD06340,"DELANEY, APRIL MCCLAIN",I,1,DEM,"$12,308,220",53550,12013487.97,0,12879.17,307611.31,0,11000000,0,0,0,14873000,869217.38,MD,6,,,,,,377250.01,52.77,06/30/2026,3869.09,0
H4MD06365,"WILKS, ALTIMONT",O,1,DEM,$0,0,205.36,0,0,0,0,0,0,0,0,0,0,MD,6,,,,,,0,0,06/30/2025,0,0
H4MD06373,"CHOHARIS, PETER CHARLES",O,1,DEM,$0,0,1100,0,79361.34,39680.67,0,0,0,0,0,0,0,MD,6,,,,,,0,0,06/30/2026,0,0
H4MD06449,"GLUCK, GEORGE",O,1,DEM,"$102,176",0,102052.38,0,0,223.98,0,101617.6,0,0,0,101617.6,558.7,MD,6,,,,,,0,0,06/10/2026,0,0
H4MD06456,"GLUCK, GEORGE",O,1,DEM,"$102,176",0,102052.38,0,0,223.98,0,101617.6,0,0,0,101617.6,558.7,MD,6,,,,,,0,0,06/10/2026,0,0
H6MD06295,"WECHTALUK, ETHAN P",C,1,DEM,"$15,247",0,15117.65,0,0,129.31,2394.76,0,0,0,0,0,12852.2,MD,6,,,,,,0,0,06/30/2026,0,0
H6MD06303,"GOLDSTEIN, ALEXIS",C,1,DEM,"$51,864",0,29399.83,0,0,2127.64,0,0,0,0,0,0,51863.89,MD,6,,,,,,0,0,06/30/2026,0,0
H6MD08549,"TRONE, DAVID",C,1,DEM,"$26,207,404",0,24745121.25,0,3841.43,1466123.74,406107.21,25000000,0,580000,0,25000000,197365,MD,6,,,,,,0,0,06/30/2026,0,0
H0MD06231,"PARROTT, NEIL CONRAD MR.",C,2,REP,"$10,036",0,14068.24,0,4501.69,469.74,0,0,0,0,0,1259.16,9517.9,MD,6,,,,,,0,0,06/30/2026,7.11,0
H2MD06328,"FOLDI, MATTHEW",C,2,REP,$0,0,0,0,941.87,941.87,0,0,0,0,0,43800,0,MD,6,,,,,,0,0,03/31/2025,0,0
H2MD08183,"ROCA, MARIELA",C,2,REP,"$26,926",1000,26400.11,0,0,525.52,760.54,0,0,0,0,35753.92,25165.09,MD,6,,,,,,0,0,06/30/2026,0,0
H4MD06241,"THIAM, BRENDA J DR.",O,2,REP,$0,0,2500,0,14046.14,11546.14,0,0,0,0,0,0,0,MD,6,,,,,,0,0,06/30/2026,0,0
H4MD06258,"HYSER, CHRIS",C,2,REP,$0,0,128203.18,0,123902.31,0,0,0,0,128203.18,0,0,0,MD,6,,,,,,0,0,12/31/2025,0,0
H4MD06290,"ROYALS, TOM",O,2,REP,$0,0,4351.33,0,4351.33,0,0,0,0,0,0,0,0,MD,6,,,,,,0,0,01/31/2025,0,0
H4MD06357,"COX, DAN",O,2,REP,"$1,029",0,1042.51,0,13.26,0,803.25,0,0,232.13,0,0,226,MD,6,,,,,,0,0,09/30/2025,0,0
H6MD06279,"BURNETT, CHRISTOPHER MICHAEL",C,2,REP,"$102,142",0,94187.44,0,0,1083.79,6022.6,0,0,0,0,0,94343.99,MD,6,,,,,,0,0,06/30/2026,0,0
H6MD06287,"FICKER, ROBIN",C,2,REP,"$403,934",0,403532.84,0,0,400.86,0,402861.98,0,0,0,402861.98,1071.72,MD,6,,,,,,0,0,06/30/2026,0,0
H6MD07020,"MFUME, KWEISI",I,1,DEM,"$415,174",0,406289.92,0,693925.46,702809.57,0,0,0,0,0,0,181108.15,MD,7,,,,,,233750,0,06/30/2026,56.76,3000
H6MD07509,"CONWAY, MARK STEVEN MR. JR.",C,1,DEM,"$203,673",0,191083.46,0,0,12589.78,0,0,0,0,0,0,201035.24,MD,7,,,,,,2638,0,06/30/2026,400,0
H6MD07517,"ANTHONY, HADLEY OPHELIA MS.",C,1,DEM,"$1,906",0,2598.79,0,0,-692.79,0,0,0,0,0,0,1906,MD,7,,,,,,0,0,12/31/2025,0,0
H6MD08457,"RASKIN, JAMIE",I,1,DEM,"$7,425,389",283350,4497145.49,0,4965203.04,7893446.98,0,0,0,0,0,0,6525800.72,MD,8,,,,,,394586.41,1212.18,06/30/2026,49959.11,0
H6MD08622,"LEON, STEPHEN ALAN",C,1,DEM,"$4,214",0,4741.29,0,1000,82.58,4188.76,0,0,0,0,0,25,MD,8,,,,,,0,0,06/10/2026,0,0
H4MD08213,"RILEY, CHERYL",C,2,REP,"$16,590",0,15372.38,52.05,588.97,1806.19,0,0,0,0,0,0,16589.6,MD,8,,,,,,0,0,06/30/2026,0,0
H6MD08531,"SHUDOFSKY, ARYEH",O,2,REP,$0,0,0,0,0,0,0,0,0,0,0,0,0,MD,8,,,,,,0,0,06/30/2026,0,0
H6MD08630,"MPAMBARA COX, K. ANITA",C,2,REP,"$11,916",0,4799.74,0,0,7116.1,0,0,0,0,0,0,9415.84,MD,8,,,,,,2500,0,06/30/2026,0,0
H6MD03508,"DYCHES, AUSTIN",,1,DEM,"$8,909",0,6776.63,0,0,2132.15,325,0,0,0,0,0,8287,MD,,,,,,,0,0,06/30/2026,0,0
H6ME01280,"ROBERTS, TIFFANY DANIELLE",C,1,DEM,"$20,051",0,15158.11,0,0,4893.13,0,1127.68,0,0,0,1127.68,18923.41,ME,1,,,,,,0,0,06/30/2026,0,0
H8ME01120,"PINGREE, CHELLIE M",I,1,DEM,"$429,634",10742.35,422199.97,0,415678.23,423112.34,0,0,0,0,0,20000,180392.1,ME,1,,,,,,237050,0,06/30/2026,1665,0
H4ME01160,"RUSSELL, RONALD CHARLES MR.",C,2,REP,"$75,680",0,69878.15,0,14221.08,20022.75,1000,0,0,0,0,4537.29,67478.79,ME,1,,,,,,6819.14,0,06/30/2026,0,0
H6ME01256,"PIANTIDOSI, ANDREW",C,2,REP,$0,0,0,0,0,0,0,0,0,0,0,0,0,ME,1,,,,,,0,0,12/31/2025,0,0
H6ME01272,"SMALL, ERIC",C,2,REP,"$12,514",0,12514,0,0,0,0,0,0,0,0,0,12514,ME,1,,,,,,0,0,03/10/2026,2250.33,0
H6ME01298,"PIETROWICZ, JOSHUA JAMES",C,2,REP,"$13,585",0,13582.13,0,0,2.67,1169.5,0,0,0,0,0,7415.3,ME,1,,,,,,5000,0,06/30/2026,0,0
H6ME02171,"DUNLAP, MATT",O,1,DEM,"$1,205,432",0,976782.73,0,0,228649.15,0,10000,0,10000,0,0,1181075.25,ME,2,,,,,,13500,0,06/30/2026,5330,0
H6ME02197,"WOOD, JORDAN",O,1,DEM,"$6,044,820",0,5847145.75,0,0,197674.7,17021.92,400000,0,0,0,611176.12,5524532.14,ME,2,,,,,,37600,0,06/30/2026,66068.09,5000
H6ME02205,"LOUD, PAIGE",O,1,DEM,"$60,562",0,55806.47,0,0,4755.74,0,31662.77,0,0,0,31662.77,24439.44,ME,2,,,,,,3500,0,06/30/2026,10,0
H6ME02213,"BALDACCI, JOSEPH",O,1,DEM,"$664,203",0,644077.7,0,0,20125.28,21313,52000,0,0,0,52000,498617.49,ME,2,,,,,,74050,4701.57,06/30/2026,26760.24,17500
H8ME02185,"GOLDEN, JARED",I,1,DEM,"$2,582,580",243810.11,2311630.49,0,126729.88,397679.36,0,0,0,0,0,0,1977625.64,ME,2,,,,,,319000,547.83,06/30/2026,693531.4,47500
H4ME02234,"POLIQUIN, BRUCE",C,2,REP,$0,0,18284,0,18284,0,0,0,0,0,0,0,0,ME,2,,,,,,0,0,12/31/2025,0,0
H4ME02291,"THERIAULT, AUSTIN LEO",C,2,REP,"$8,440",5036.41,13943.49,0,16477.62,10974.14,0,0,0,0,0,0,3376.29,ME,2,,,,,,0,0,06/30/2026,0,0
H6ME02148,"LEPAGE, PAUL",O,2,REP,"$2,563,901",732145.68,878190.98,95244.92,0,1685710.5,0,0,0,0,0,0,1418549.45,ME,2,,,,,,403300.95,5000,06/30/2026,1741.32,5000
H6ME02189,"CLARK, JAMES L.",O,2,REP,$600,0,0,0,0,550,0,0,0,0,0,0,600,ME,2,,,,,,0,0,06/30/2026,0,0
H0MI01211,"FERGUSON, DANA",C,1,DEM,$0,0,0,0,4286.95,4286.95,0,0,0,0,0,0,0,MI,1,,,,,,0,0,06/30/2026,0,0
H4MI01155,"BARR, CALLIE",C,1,DEM,"$824,341",7400,301256.72,0,7640.7,530724.58,0,0,0,0,0,0,749606.84,MI,1,,,,,,64250,0,07/15/2026,11200,0
H6MI01259,"STILES, WAYNE",C,1,DEM,"$53,613",0,51186.2,0,0,2426.63,40,10000,0,1442.99,0,8557.01,43498.29,MI,1,,,,,,0,0,07/17/2026,37,0
H6MI01267,"BLOMQUIST, KYLE",C,1,DEM,"$245,024",0,172237.41,0,0,72786.83,3645.8,0,0,0,0,0,241378.44,MI,1,,,,,,0,0,07/15/2026,720,0
H0MI01104,"ALLEN, JASON EDWARD",O,2,REP,$0,0,1180,0,1180,0,0,0,0,0,0,1220.66,0,MI,1,,,,,,0,0,09/30/2025,0,0
H2MI11232,"DENOTTER, MATTHEW",C,2,REP,"$1,906,389",0,1820958.79,0,24.01,145079.22,0,1877175,0,0,0,2083027.94,28690,MI,1,,,,,,0,0,07/15/2026,0,0
H6MI01226,"BERGMAN, JOHN",I,2,REP,"$1,917,574",667016.62,1368360.79,19433.35,110949.79,660163.18,0,0,0,0,0,0,491107.03,MI,1,,,,,,756925,0,07/15/2026,800,0
H6MI01242,"MICHAL, JUSTIN",C,2,REP,"$59,774",0,50828.47,0,0,8945.82,20540,0,0,0,0,0,39184.29,MI,1,,,,,,0,0,07/15/2026,0,0
H4MI02138,"LYNCH, MICHAEL",C,1,DEM,$300,0,4628.97,3368.97,4328.97,0,0,0,0,0,0,0,300,MI,2,,,,,,0,0,09/30/2025,0,0
H6MI02208,"HILL, JAMIE",C,1,DEM,"$16,442",0,7727.69,0,0,6737,0,6099.02,0,0,0,4387.86,10343.33,MI,2,,,,,,0,0,07/15/2026,0,0
H6MI02216,"AMBROSE, BENJAMIN",C,1,DEM,"$85,094",0,62839.75,1080,50,21867.55,0,0,0,0,0,0,84843.96,MI,2,,,,,,250,0,07/15/2026,0,0
H6MI02232,"CARRIZALES, RICHARD CARL JR",C,1,DEM,$263,0,179.21,0,0,83.79,0,0,0,0,0,0,263,MI,2,,,,,,0,0,01/05/2026,0,0
H0MI03266,"NORTON, THOMAS JOHN",C,2,REP,$0,0,5,0,409.6,404.6,0,0,0,0,0,144445.06,0,MI,2,,,,,,0,0,12/31/2025,0,0
H4MI04126,"MOOLENAAR, JOHN MR.",I,2,REP,"$1,652,235",0,1028617.86,0,1281944.25,1905561.19,0,0,0,0,0,27360.9,1049484.96,MI,2,,,,,,548883.08,490,07/15/2026,16295,0
H0MI03316,"SCHOLTEN, HILLARY",I,1,DEM,"$2,329,122",57058.46,1322263.93,0,349714.6,1356572.91,0,0,0,0,0,0,1549311.66,MI,3,,,,,,695250,1119.55,07/15/2026,15346.68,1000
H0MI03308,"MEIJER, PETER MR.",I,2,REP,$0,0,0,0,10908.74,10908.74,0,0,0,0,0,390000,0,MI,3,,,,,,0,0,06/30/2026,0,0
H4MI03243,"MARKEY, MICHAEL JAY MR. JR.",C,2,REP,$0,0,3127.16,0,3127.16,0,0,0,0,0,0,469890,0,MI,3,,,,,,0,0,06/30/2026,0,0
H4MI03250,"ICKES, JASON",C,2,REP,$0,0,132.75,0,132.75,0,0,0,0,0,0,0,0,MI,3,,,,,,0,0,07/03/2025,0,0
H4MI03268,"HUDSON, PAUL",C,2,REP,$0,0,0,0,0,0,0,0,0,0,0,0,0,MI,3,,,,,,0,0,03/31/2025,0,0
H6MI03198,"DEBOER, TERRI",C,2,REP,"$551,697",90887.99,190341.82,0,0,361354.91,0,0,0,0,0,19951.16,448788.76,MI,3,,,,,,12000,0,07/15/2026,0,0
H6MI03206,"CUSHMAN, RYAN",C,2,REP,"$116,384",0,116383.93,0,0,0,0,113926.95,0,0,0,113926.95,2456.98,MI,3,,,,,,0,0,08/14/2026,0,0
H4MI04159,"SWARTZ, JESSICA",C,1,DEM,"$341,607",0,457134.69,0,115527.36,0,0,0,0,0,0,0,336629.51,MI,4,,,,,,0,0,08/11/2026,13574.25,0
H6MI04196,"HARRIS, DIOP JERMAINE MR II",C,1,DEM,"$142,305",0,129475.38,2720,0,7296.85,0,1000,0,0,0,0,140500.4,MI,4,,,,,,0,205,07/15/2026,2450,0
H6MI04204,"MCCANN, SEAN",C,1,DEM,"$2,620,011",26955.54,933771.32,0,0,1686239.57,0,0,0,0,0,0,2274399.15,MI,4,,,,,,316050,0,07/15/2026,8447.33,9000
H0MI02094,"HUIZENGA, WILLIAM P",I,2,REP,"$4,093,991",844138.23,1934284.37,0,109039.96,2268746.6,0,0,0,0,0,0,1669140.88,MI,4,,,,,,1580550,0,07/15/2026,1350,3500
H2MI06117,"CARRA, STEPHEN",C,2,REP,"$7,911",0,0,0,148024.96,155935.51,0,0,0,0,0,0,0,MI,4,,,,,,0,0,06/30/2026,0,0
H4MI04175,"MUIR, BRENDAN",C,2,REP,$0,0,357.61,163.61,789.36,431.75,0,0,0,0,0,0,0,MI,4,,,,,,0,0,04/23/2025,0,0
H4MI05164,"URBAN, LIBBI DEANN MS",C,1,DEM,$20,0,5440.91,0,5420.9,-0.01,0,0,0,0,0,1281.87,20,MI,5,,,,,,0,0,01/13/2026,0,0
H6MI05227,"VUKASOVICH, CHRISTIAN A",C,1,DEM,"$55,756",0,42466.92,0,1,13290.11,0,0,0,0,0,0,52756.03,MI,5,,,,,,0,3000,07/15/2026,100,0
H2MI06141,"O'DONNELL, SHERRY ANNE DR",C,2,REP,$0,0,0,0,18556.79,18556.79,0,0,0,0,0,0,0,MI,5,,,,,,0,0,12/31/2025,0,0
H4MI07103,"WALBERG, TIMOTHY L REP",I,2,REP,"$1,742,399",87972.64,1658017.32,16217,909451.8,993833.13,0,0,0,0,0,0,862339.35,MI,5,,,,,,786598,0,07/15/2026,16228.71,2500
H4MI12079,"DINGELL, DEBBIE",I,1,DEM,"$1,193,712",106781.46,1122149.22,105000,342922.84,414934.65,0,0,0,0,0,0,389399.79,MI,6,,,,,,691593.25,0,07/15/2026,0,0
H4MI07210,"HERTEL, CURTIS JR.",O,1,DEM,$71,0,3739.76,0,3638.17,0,0,0,0,0,0,0,0,MI,7,,,,,,0,0,06/30/2025,250,0
H6MI07231,"RAIS, MUHAMMAD SALMAN",C,1,DEM,$0,0,0,0,0,0,0,0,0,0,0,0,0,MI,7,,,,,,0,0,03/11/2026,0,0
H6MI07256,"BRINK,, BRIDGET",C,1,DEM,"$2,977,602",0,2136142.68,0,0,841459.06,0,20000,0,0,0,20000,2892204.18,MI,7,,,,,,58523.45,0,07/15/2026,8776.1,0
H6MI07272,"MAASDAM, MATTHEW",C,1,DEM,"$2,126,381",109122.57,1662352.5,0,0,464028.6,0,0,0,0,0,54515.6,1966022.15,MI,7,,,,,,51100,0,07/15/2026,22181,0
H6MI07280,"COWEN, JOSH",C,1,DEM,"$209,460",0,209460.19,0,0,0,0,0,0,0,0,0,199446.19,MI,7,,,,,,10000,0,03/31/2026,29260,0
H6MI07298,"LAWRENCE, WILLIAM",C,1,DEM,"$1,119,198",0,736082.13,0,0,383115.63,3071.73,10000,0,0,0,10000,1065694.2,MI,7,,,,,,39843.74,0,07/15/2026,1432,0
H2MI07123,"BARRETT, THOMAS MORE",I,2,REP,"$6,306,828",1473435.55,3457355.55,0,22099.88,2871871.94,0,0,0,0,0,2809.06,3350486.21,MI,7,,,,,,1465275.31,5000,07/15/2026,52402,7500
H4MI08218,"MCDONALD RIVET, KRISTEN",I,1,DEM,"$5,644,876",421142.45,1407807.99,0,17030.52,4254098.56,0,0,0,0,0,0,3620745.62,MI,8,,,,,,1529018.87,4221.33,07/15/2026,32675.72,13500
H4MI08234,"NEELEY, SHELDON",O,1,DEM,$0,0,718.86,0,718.86,0,0,0,0,0,0,0,0,MI,8,,,,,,0,0,07/28/2025,0,0
H0MI08133,"DETMER, MIKE",C,2,REP,$0,0,0,0,16661.72,16661.72,0,0,0,0,0,400,0,MI,8,,,,,,0,0,06/30/2026,0,0
H0MI08141,"JUNGE, PAUL",O,2,REP,"$29,021",0,468942.46,0,439921.61,0,0,0,0,446276.98,0,0,5,MI,8,,,,,,0,0,04/29/2026,21.69,0
H0MI13463,"LEMMO, ALFRED",C,2,REP,"$220,313",0,220312.82,0,0,0,0,220112.82,0,220,0,219892.82,200,MI,8,,,,,,0,0,08/11/2026,0,0
H4MI08135,"BISHOP, MIKE",I,2,REP,"$1,000",0,7187.15,5000,21694.75,15507.6,0,0,0,0,0,0,0,MI,8,,,,,,0,0,06/30/2026,0,0
H4MI08184,"BLANK, MARTIN",O,2,REP,"$4,000",0,5315,0,1364.69,49.69,4000,0,0,0,0,0,0,MI,8,,,,,,0,0,06/30/2026,0,0
H6MI08296,"HASSAN, AMIR",C,2,REP,"$727,343",0,622841.84,0,0,104500.77,3500,25000,0,15000,0,10000,586044.13,MI,8,,,,,,112500,0,07/15/2026,1318.28,0
H6MI08312,"SMITH, THOMAS JAMES MR",C,2,REP,"$243,238",232948.26,23439.34,16471.88,0,219799.13,5,7600,0,0,0,7600,2685,MI,8,,,,,,0,0,08/24/2026,0,0
H4MI09125,"ST MOSLEY, CLINTON",C,1,DEM,$0,0,3262.07,0,3262.07,0,0,0,0,0,0,0,0,MI,9,,,,,,0,0,09/30/2025,0,0
H6MI09245,"POOLEY, STEVEN RAYMOND",C,1,DEM,"$8,084",0,3141.7,0,0,4941.99,0,0,0,0,0,0,8083.69,MI,9,,,,,,0,0,07/15/2026,0,0
H0MI10287,"MCCLAIN, LISA",I,2,REP,"$5,242,309",1088532.32,4312276.62,16217,606857.37,1536889.7,0,0,0,550000,0,0,2697168.59,MI,9,,,,,,1454798,0,07/15/2026,8950,0
H6MI09237,"ATWELL, DALTSON THEODORE",C,2,REP,"$28,220",0,28203.57,0,0,16.69,27200,0,0,0,0,0,1020.26,MI,9,,,,,,0,0,01/05/2026,0,0
H2MI08154,"JAYE, BRIAN STEVEN",O,1,DEM,$910,0,3751.47,0,3071.33,136,0,0,0,0,0,0,909.63,MI,10,,,,,,0,0,06/30/2026,0,0
H2MI10077,"MARLINGA, CARL J",,1,DEM,"$1,784",0,17671.77,0,34619.6,18731.93,0,0,0,0,0,0,0,MI,10,,,,,,0,0,06/30/2026,0,0
H2MI10127,"ARRAF, HUWAIDA",C,1,DEM,$0,0,0,0,0,0,0,0,0,0,0,0,0,MI,10,,,,,,0,0,01/27/2025,0,0
H2MI10176,"MARLINGA, CARL J.",C,1,DEM,"$1,784",0,17671.77,0,34619.6,18731.93,0,0,0,0,0,0,0,MI,10,,,,,,0,0,06/30/2026,0,0
H4MI10099,"YOUNG, DIANE",C,1,DEM,$0,0,2739.92,0,2739.92,0,0,0,0,1971.12,0,14028.88,0,MI,10,,,,,,0,0,03/27/2025,0,0
H4MI10107,"BUSCH, EMILY",C,1,DEM,$208,0,14379.75,0,14171.75,0,0,0,0,0,0,0,0,MI,10,,,,,,0,0,03/20/2026,3400,0
H4MI10115,"TILLEY, TIFFANY",C,1,DEM,$0,0,1977.58,0,1977.58,200,0,0,0,0,0,0,0,MI,10,,,,,,0,0,01/31/2026,0,0
H6MI10268,"HAWKINS, ALEXANDER",O,1,DEM,"$376,391",0,376391.17,0,0,0,1130,24000,0,6873.55,0,0,351176.05,MI,10,,,,,,0,0,09/30/2025,5199,0
H6MI10276,"HINES, CHRISTINA",O,1,DEM,"$1,211,489",0,1053292.47,0,0,158196.17,0,0,0,0,0,0,1135198.13,MI,10,,,,,,75762.78,0,07/15/2026,1183,0
H6MI10284,"GREIMEL, TIM",O,1,DEM,"$1,263,599",0,935593.82,0,0,328004.94,0,7000,0,0,0,7000,1152710.04,MI,10,,,,,,85300,0,07/15/2026,93287,0
H6MI10292,"CHUNG, ERIC",O,1,DEM,"$1,920,485",0,1299088.06,0,0,621397.13,7000,0,0,0,0,0,1812427.63,MI,10,,,,,,91800,0,07/15/2026,19440,0
H6MI10300,"ADAMS, GEORGE",O,1,DEM,"$198,121",0,25466.48,0,0,172654.84,0,0,0,0,0,0,198121.32,MI,10,,,,,,0,0,06/30/2025,0,0
H2MI10150,"JAMES, JOHN",I,2,REP,"$554,400",287794.03,1289080.56,2365.57,734681.03,0,0,0,0,0,0,0,34760.08,MI,10,,,,,,224500,5000,12/23/2025,105269.19,24000
H2MI11240,"ESSHAKI, ERIC",C,2,REP,$0,0,34468.1,0,79007.59,44539.49,0,0,0,0,0,0,0,MI,10,,,,,,0,0,06/30/2026,0,0
H2MI13311,"ELLIOTT, STEVEN",C,2,REP,"$47,760",0,79746.51,0,31986.79,0,0,10200,0,450.13,0,0,37486,MI,10,,,,,,0,0,09/11/2026,0,0
H6MI10219,"FORLINI, ANTHONY G.",O,2,REP,$0,0,0,0,908.11,908.11,0,0,0,0,0,27516.02,0,MI,10,,,,,,0,0,06/30/2026,0,0
H6MI10318,"ARMITAGE, CASEY MRS.",O,2,REP,"$4,132",0,4132.36,0,0,0,1487.92,346.31,0,204,0,0,2298.13,MI,10,,,,,,0,0,04/13/2026,0,0
H6MI10326,"LULGJURAJ, ROBERT",O,2,REP,"$1,289,611",0,569221.65,0,0,720388.99,5670.91,0,0,0,0,0,1278039.73,MI,10,,,,,,5400,500,07/15/2026,19300,0
H6MI10334,"KIRK, JUSTIN",O,2,REP,"$463,208",33392.44,224831.35,0,0,238376.68,0,299100,0,0,0,299100,128689.11,MI,10,,,,,,2026.48,0,07/15/2026,0,0
H6MI10359,"BOUCHARD, MICHAEL",O,2,REP,"$1,623,745",209021.78,479225.34,18682.32,0,1144520.09,0,0,0,0,0,124275.3,1290223.21,MI,10,,,,,,124500.44,0,08/19/2026,12931.53,0
H6MI10367,"DEMETROPOULOS, STEFFAN",O,2,REP,"$6,870",0,6479.25,0,3251.05,3641.88,0,0,0,0,0,0,6420.08,MI,10,,,,,,0,0,07/15/2026,1,0
H4MI11121,"GHANIM, AHMED",C,1,DEM,"$1,755",0,721.82,0,21531.09,22564.33,1107.75,0,0,0,0,0,100,MI,11,,,,,,0,0,06/30/2026,0,0
H6MI11191,"MOSS, JEREMY",O,1,DEM,"$1,485,178",55975,1132661.25,3550,0,352516.53,7000,0,0,0,0,0,1280252.47,MI,11,,,,,,141950,0,07/15/2026,6084.68,1400
H6MI11225,"FAROOQI, AISHA",O,1,DEM,"$421,143",0,421495.24,0,0,-352.6,0,15500,0,0,0,16000,388161.13,MI,11,,,,,,16981.14,0,07/15/2026,5838,0
H6MI11241,"UFFORD, DON",O,1,DEM,"$1,018,681",0,729061.52,0,0,289619.53,107000,100000,0,0,0,100000,810151.67,MI,11,,,,,,1500,0,07/15/2026,19077.59,0
H6MI11258,"BAKER, STU",O,1,DEM,"$10,735",0,11610.57,0,1933.22,2057.82,1500,0,0,0,0,0,9235.17,MI,11,,,,,,0,0,06/30/2026,0,0
H6MI11274,"TORRES, JOHN PAUL",O,1,DEM,"$147,385",0,143544.31,0,0,3841.01,3156.63,55928.84,0,4600,0,51328.84,88199.85,MI,11,,,,,,100,0,07/15/2026,0,0
H8MI09118,"LEVIN, ANDY",I,1,DEM,$534,0,3928,0,10945.83,7552.07,0,0,0,0,0,0,0,MI,11,,,,,,0,0,06/30/2026,0,0
H8MI11254,"STEVENS, HALEY",I,1,DEM,"$1,564,028",0,2317732.95,1244042.89,753735.56,30.36,0,0,0,0,0,7007.68,808903.75,MI,11,,,,,,492000,0,06/30/2026,39218.33,36500
H0MI11145,"GRECO, CARMELITA",C,2,REP,$0,0,10,0,1191.47,1181.47,0,0,0,0,0,413300,0,MI,11,,,,,,0,0,06/30/2026,0,0
H4MI11113,"SOMBERG, NICHOLAS MR",C,2,REP,$0,0,0,0,0,0,0,0,0,0,0,0,0,MI,11,,,,,,0,0,01/29/2025,0,0
H6MI11209,"STEGER, MIKE",O,2,REP,"$28,616",0,28023.14,0,0,593.24,13.13,0,0,0,0,0,28125.68,MI,11,,,,,,0,0,08/14/2026,7147.41,0
H6MI11217,"PAESANO, ANTHONY MEDIA",O,2,REP,$0,0,0,0,0,0,0,0,0,0,0,0,0,MI,11,,,,,,0,0,12/31/2025,0,0
H6MI11266,"PRIETO, ANTONIO J",O,2,REP,"$9,000",0,8959.31,0,0,40.69,0,8900,0,1500,0,7400,100,MI,11,,,,,,0,0,06/30/2026,0,0
H6MI11290,"BAKER, ETHAN D",O,2,REP,"$141,876",0,21750.91,0,1000,121125.09,0,0,0,0,0,0,140876,MI,11,,,,,,1000,0,07/15/2026,400,0
H6MI12306,"NOLEN, BYRON H",C,1,DEM,"$111,847",0,111846.56,0,0,0,0,45600.78,0,0,0,45600.78,22812,MI,12,,,,,,0,0,07/15/2026,0,0
H8MI13250,"TLAIB, RASHIDA",I,1,DEM,"$2,756,214",347714.99,3585336.34,0,4263554.98,3434433.03,0,0,0,0,0,0,2317690.61,MI,12,,,,,,37150.01,0,07/15/2026,27401.16,0
H2MI12198,"HOOPER, JAMES D",C,2,REP,$775,0,1410.81,0,9016.9,8381.09,0,0,0,0,0,532.86,775,MI,12,,,,,,0,0,07/15/2026,0,0
H2MI13204,"THANEDAR, SHRI",I,1,DEM,"$390,276",0,2265604.56,0,6904567.7,5029239.22,300,2150000,0,0,0,13620000,619193.16,MI,13,,,,,,85500,0,07/15/2026,277,0
H2MI13246,"HOLLIER, ADAM",C,1,DEM,"$296,148",0,494321.42,0,198173.32,0,0,0,0,0,0,0,287648.1,MI,13,,,,,,8500,0,03/31/2026,-14800,0
H4MI13259,"HAWKINS, SHAKIRA",C,1,DEM,$0,0,0,0,-539.65,-539.65,0,0,0,0,0,31018.98,0,MI,13,,,,,,0,0,03/31/2025,0,0
H6MI01028,"CONYERS, JOHN JR.",I,1,DEM,$0,0,378,0,3975.78,3597.78,0,0,0,0,0,21242.8,0,MI,13,,,,,,0,0,06/30/2026,0,0
H6MI13254,"MCKINNEY, DONAVAN",C,1,DEM,"$1,372,309",76287.5,1229455,0,0,142853.52,0,0,0,0,0,0,1204321.37,MI,13,,,,,,91382.72,0,07/15/2026,9245.04,23.75
H6MI13296,"HASSAN, NAZMUL",C,1,DEM,"$7,746",0,7745.88,451.84,0,0,4526.88,0,0,0,0,0,3219,MI,13,,,,,,0,0,01/31/2026,250,0
H8MI13185,"WATERS, MARY",C,1,DEM,"$23,555",0,16661.48,0,1593.48,8486.8,0,12000,0,0,0,0,11554.8,MI,13,,,,,,0,0,07/15/2026,0,0
H8MI13243,"JONES, BRENDA",C,1,DEM,"$1,000",0,1093,0,438.55,345.55,0,0,0,0,0,21087.86,1000,MI,13,,,,,,0,0,06/30/2026,0,0
H2MI13360,"BIVINGS, MARTELL DE'ANGELO",C,2,REP,$0,0,486.9,0,15426.91,14940.02,0,0,0,0,0,0,0,MI,13,,,,,,0,0,06/30/2026,0,0
H2MI14111,"LAWRENCE, BRENDA LULENAR",I,1,DEM,"$4,420",0,93184.23,0,705902.44,617138.68,0,0,0,0,0,0,0,MI,14,,,,,,0,0,06/30/2026,0,5000
H8MI09068,"PETERS, GARY",C,1,DEM,"$248,405",6170.41,830402.11,0,7128329.47,6546332.44,0,0,0,0,0,0,18622.32,MI,14,,,,,,9500,0,06/30/2026,368518.94,234600
H2MN01223,"FINSTAD, BRAD",I,2,REP,"$2,030,569",234789.13,808055.36,0,61409.23,1283923.18,0,0,0,0,0,0,829373.5,MN,1,,,,,,966406.67,0,07/22/2026,6545,6000
H6MN01216,"MORLAN, OLIVER RODERICK",C,2,REP,$980,0,902.72,0,76.2,153.18,149.7,0,0,0,0,0,830,MN,1,,,,,,0,0,07/22/2026,0,0
H4MN01179,"BOHMAN, RACHEL",C,3,DEM,$0,0,19245.53,0,19245.53,0,0,0,0,0,0,0,0,MN,1,,,,,,0,0,03/24/2025,0,0
H6MN01190,"JOHNSON, JACOB",C,3,DEM,"$2,000,547",18100,988953.4,0,0,1011593.33,5371.8,0,0,0,0,0,1866272.72,MN,1,,,,,,103500,5000,07/22/2026,3116,0
H6MN01208,"SMITH, ANDY",C,3,DEM,$0,0,0,0,0,0,0,0,0,0,0,0,0,MN,1,,,,,,0,0,05/08/2025,0,0
H6MN01232,"EATON, ALEX",C,3,DEM,"$79,451",0,65271.42,0,0,14179.58,0,0,0,0,0,34090.8,79451,MN,1,,,,,,0,0,07/22/2026,0,0
H6MN02131,"CRAIG, ANGELA DAWN",I,1,DEM,"$1,402,824",1201.69,1426426.16,595995.47,23602.41,0,0,0,0,373000,0,0,877178.76,MN,2,,,,,,493240,1032.67,03/31/2026,22577.33,32000
H6MN02248,"KLEIN, MATTHEW DAVID",O,1,DEM,"$1,215,285",15799.81,926533.54,0,0,288751.57,605,0,0,0,0,0,1098951.04,MN,2,,,,,,97250,0,07/22/2026,1849.25,0
H4MN02177,"TEIRAB, JOE",C,2,REP,"$11,298",2889.81,18902.19,0,19684.89,12080.51,0,0,0,0,0,0,0,MN,2,,,,,,0,0,06/30/2026,2786.05,0
H6MN02255,"KISTNER, TYLER",O,2,REP,"$427,440",81142.37,427590.97,0,0,-151.17,0,0,0,0,0,0,317976.71,MN,2,,,,,,23811,0,06/30/2026,16006.23,3500
H6MN02263,"PRATT, ERIC",O,2,REP,"$511,213",0,256840.56,0,0,254372.92,7100,105000,0,0,0,105000,351113.48,MN,2,,,,,,43000,5000,07/22/2026,2000,0
H6MN03162,"WESTBY, JEREMY",C,2,REP,"$38,563",0,38563.34,0,0,0,0,7276.35,0,2439.13,0,0,25286.99,MN,2,,,,,,6000,0,06/30/2026,7000,0
H6MN02222,"STEFANKO, MICHAEL",O,3,DEM,$936,0,935.91,0,0,0,935.91,0,0,0,0,0,0,MN,2,,,,,,0,0,05/16/2025,0,0
H6MN02230,"LITTLE, MATT",O,3,DEM,"$923,277",0,796235.73,0,0,127543.41,7000,155000,0,24000,0,131000,718906.66,MN,2,,,,,,37000,5370.5,07/22/2026,12437,0
H6MN02271,"BERG, KAELA JO",O,3,DEM,"$390,965",9000,343172.94,0,0,47791.72,1000,0,0,0,0,0,270312.03,MN,2,,,,,,110566.81,0,07/22/2026,70,0
H6MN02297,"MCTAVISH, HUGH",O,3,DEM,"$188,258",0,180978.72,0,0,7278.97,0,181317.55,0,0,0,181317.55,6935.04,MN,2,,,,,,0,0,07/22/2026,0,0
H0MN03124,"QUALLS, KENDALL",C,2,REP,$0,0,11261.67,0,11261.67,0,0,0,0,0,0,0,0,MN,3,,,,,,0,0,02/14/2025,0,0
H0MN06051,"JUDE, TAD",C,2,REP,$0,0,7165.91,0,7165.91,0,0,0,0,5533.17,0,0,0,MN,3,,,,,,0,0,01/24/2025,0,0
H2MN03104,"WEILER, TOM",C,2,REP,"$220,514",0,100734.81,0,1760.68,121539.5,15619.12,165259,0,23999,0,200760,39635.51,MN,3,,,,,,0,0,07/22/2026,0,0
H2MN03112,"SCHWARZE, ADAM NOEL",C,2,REP,"$4,544",4543.56,0,0,4644.04,9187.6,0,0,0,0,0,11080,0,MN,3,,,,,,0,0,06/30/2026,0,0
H4MN03159,"JUDE, TAD",O,2,REP,$0,0,7165.91,0,7165.91,0,0,0,0,5533.17,0,0,0,MN,3,,,,,,0,0,01/24/2025,0,0
H6MN03188,"WITTROCK, QUENTIN",C,2,REP,"$265,498",0,51651.44,0,0,213846.73,100192.85,0,0,0,0,0,158766.63,MN,3,,,,,,2500,0,07/22/2026,0,0
H4MN03118,"MORRISON, KELLY LOUISE",I,3,DEM,"$1,361,933",0,973379.51,0,25388.55,413941.85,7000,0,0,0,0,0,1141441.08,MN,3,,,,,,208750,33.22,07/22/2026,25369,0
H8MN03143,"PHILLIPS, DEAN",I,3,DEM,$0,0,350.36,0,350.36,0,0,0,0,0,0,0,0,MN,3,,,,,,0,0,12/31/2025,0,0
H0MN04049,"MCCOLLUM, BETTY",I,1,DEM,"$1,251,583",0,1307804.78,0,554918.77,498697.35,0,0,0,0,0,0,790361.53,MN,4,,,,,,457800,1000,07/22/2026,11152,0
H6MN04293,"WIKSTROM, PAUL",C,2,REP,"$28,031",0,14744.35,0,3763.56,2205.18,0,0,0,0,0,0,23004,MN,4,,,,,,0,5000,07/22/2026,0,0
H6MN04301,"XIONG, PAUL",C,2,REP,"$60,577",0,39503.43,0,0,21074.02,10,0,0,0,0,0,59625,MN,4,,,,,,0,0,07/22/2026,0,0
H6MN05365,"REEVES, LATONYA T",C,1,DEM,"$41,842",0,38949.15,0,0,1613.15,2200,0,0,0,50,12058.97,39642.18,MN,5,,,,,,0,0,07/22/2026,0,0
H6MN05399,"LE, JULIE T",C,1,DEM,"$3,933",0,3065.82,0,6240.32,4360.32,0,0,0,0,0,0,3933,MN,5,,,,,,0,0,07/22/2026,0,0
H0MN05251,"AL-AQIDI, DALIA",C,2,REP,"$1,128,979",0,1117385.15,0,38918.88,50512.3,0,0,0,0,0,6820.58,1121461.04,MN,5,,,,,,0,0,07/22/2026,10509.83,0
H2MN05190,"WHITE, ROYCE ALEXANDER MR",C,2,REP,$0,0,0,0,0,0,0,0,0,0,0,0,0,MN,5,,,,,,0,0,03/31/2025,0,0
H4MN05113,"AL-AQIDI, DALIA",C,2,REP,"$1,128,979",0,1117385.15,0,38918.88,50512.3,0,0,0,0,0,6820.58,1121461.04,MN,5,,,,,,0,0,07/22/2026,10509.83,0
H6MN05357,"NAGEL, JOHN",C,2,REP,"$747,046",0,700124.72,0,0,46921.56,0,0,0,0,0,33270.04,746782.98,MN,5,,,,,,263.3,0,07/22/2026,552.5,0
H2MN05208,"SAMUELS, DON MR.",C,3,DEM,$0,0,19963.71,0,19963.71,0,0,0,0,0,0,0,0,MN,5,,,,,,0,0,04/15/2025,0,0
H8MN05239,"OMAR, ILHAN",I,3,DEM,"$5,829,715",169021.3,4806570.41,0,324220.63,1347364.96,0,0,0,0,0,0,5568552.39,MN,5,,,,,,73828.5,0,07/22/2026,32460.9,0
H4MN06087,"EMMER, THOMAS EARL JR.",I,2,REP,"$9,786,064",4865393.83,6978508.3,0,1688451.83,4496007.36,0,0,0,0,0,0,2668454.96,MN,6,,,,,,2244251,0,07/22/2026,16280.62,1000
H6MN06074,"BACHMANN, MICHELE",C,2,REP,$213,0,88438.37,0,1156412.6,1068187.42,0,0,0,0,0,1914.4,0,MN,6,,,,,,0,0,06/30/2026,0,0
H6MN06223,"FOLEY, MICHAEL",C,2,REP,"$28,160",0,25057.6,0,0,3102.34,3901.1,6000,0,0,0,6000,17348.18,MN,6,,,,,,0,0,07/22/2026,1,0
H6MN06215,"CHAPIN, DOUG",C,3,DEM,"$438,700",0,368407.29,0,0,70292.51,23350.63,50000,0,0,0,50000,357047.95,MN,6,,,,,,8234.07,0,07/22/2026,111,0
H6MN06231,"AMBERSON, ANSON",C,3,DEM,$940,0,729.61,0,10,220.41,0,0,0,0,0,0,925,MN,6,,,,,,0,0,06/30/2026,0,0
H4MN07093,"PETERS, ALVIN JOHN 3205946498",C,1,DEM,$0,0,861.1,0,0,-861.1,0,0,0,0,0,10099.5,0,MN,7,,,,,,0,0,02/16/2025,0,0
H0MN07091,"FISCHBACH, MICHELLE",I,2,REP,"$1,286,028",75209.54,777286.1,0,411080.51,919822.51,0,0,0,0,0,0,470264.29,MN,7,,,,,,729549,0,07/22/2026,1837.11,0
H2MN07147,"WATSON, ANNETTE",C,2,REP,$0,0,0,0,143.53,143.53,0,0,0,0,0,0,0,MN,7,,,,,,0,0,09/30/2025,0,0
H4MN07085,"BOYD, STEPHEN",C,2,REP,$180,0,183.25,0,8.38,5.13,0,0,0,0,0,21622,155,MN,7,,,,,,0,0,06/30/2026,0,0
H6MN07346,"HUGHES, DAVE",C,2,REP,"$25,957",0,25519.4,0,0,437.75,4581.15,0,0,0,0,0,21376,MN,7,,,,,,0,0,06/30/2026,0,0
H6MN07312,"OSBERG, ERIK",C,3,DEM,"$334,945",0,220512.49,0,0,114432.37,24236.74,0,0,0,0,0,309707.93,MN,7,,,,,,1000,0,07/22/2026,525,0
H6MN07338,"KEELER, HEATHER",C,3,DEM,"$62,500",0,61258,0,0,1241.8,2225.53,0,0,0,0,0,55274.27,MN,7,,,,,,5000,0,07/22/2026,0,0
H6MN08195,"GULBRANSON, LUKE",C,1,DEM,"$198,344",0,181308.04,0,0,17036.1,0,0,0,0,0,0,186926.97,MN,8,,,,,,11000,0,07/22/2026,157.88,0
H8MN08043,"STAUBER, PETER ALLEN",I,2,REP,"$1,996,898",149616.79,1324554.99,0,528493.55,1200836.17,0,0,0,0,0,0,851815.31,MN,8,,,,,,931659.59,0,07/22/2026,6686.56,8666.27
H6MN08120,"ANASTOS, EMANUEL",C,3,DEM,"$5,915",0,5868.07,0,0,46.94,0,0,0,0,0,0,5915,MN,8,,,,,,0,0,06/30/2026,0,0
H6MN08138,"CRAMER, CYLE",C,3,DEM,"$4,515",0,4995.28,0,2916.22,3211.37,0,0,0,848.95,0,1696.05,4515,MN,8,,,,,,0,0,06/30/2026,0,0
H6MN08161,"MCKENNA, CHAD",C,3,DEM,"$27,381",0,26755.55,0,0,625.66,0,0,0,0,0,0,27295,MN,8,,,,,,0,0,07/22/2026,9350,0
H6MN08179,"SWANSON, TRINA",C,3,DEM,"$316,706",0,226282.96,0,0,90423.16,0,0,0,0,0,0,306436.53,MN,8,,,,,,10200,0,07/22/2026,500,0
H6MN08187,"SMITH, WENDELL ROBERT",C,3,DEM,"$3,415",0,2030.79,0,0,1384.21,0,0,0,0,0,0,3415,MN,8,,,,,,0,0,06/30/2026,0,0
H8MN08068,"RADINOVICH, JOSEPH",O,3,DEM,$0,0,0,0,2411.23,2411.23,0,0,0,0,0,9900,0,MN,8,,,,,,0,0,03/31/2026,0,0
H4MO01134,"BELL, WESLEY",I,1,DEM,"$3,561,712",88850,2901538.28,0,433920.89,1094094.47,0,0,0,0,0,0,2875721.28,MO,1,,,,,,590795.68,0,07/15/2026,18147.09,0
H6MO01253,"CHAPPELLE-NADAL, MARIA MS.",C,1,DEM,$0,0,90,0,910.42,820.42,0,0,0,0,0,14214.95,0,MO,1,,,,,,0,0,06/30/2026,0,0
H8MO01143,"BUSH, CORI",C,1,DEM,"$1,287,741",8273.96,1212311.8,0,22333.49,97762.68,0,0,0,0,0,13374.55,1245344.96,MO,1,,,,,,20441.26,0,07/15/2026,795,0
H2MO02193,"SAMUELS, E. BENJAMIN",C,1,DEM,"$40,215",0,16726.12,0,414136.39,437624.9,236.73,0,0,0,0,0,0,MO,2,,,,,,0,0,06/30/2026,0,0
H4MO02082,"HARTMANN, RAY",C,1,DEM,"$1,754",0,33543.2,0,31789.2,0,0,0,0,0,0,0,0,MO,2,,,,,,0,0,01/06/2026,0,0
H4MO02090,"SUMMERS, CHARLES DAVID MR.",C,1,DEM,"$16,948",0,10718.7,0,0,73.24,0,12750,0,0,0,0,3948,MO,2,,,,,,250,0,04/12/2026,0,0
H6MO02327,"BILASH, TIMOTHY D",C,1,DEM,"$4,704",0,4892.13,0,469.67,112.42,3452,470,0,0,0,0,172,MO,2,,,,,,0,0,07/15/2026,0,0
H6MO02343,"WELLMAN, FREDERICK PAUL",C,1,DEM,"$1,155,880",0,913662.41,0,0,242217.34,409.64,0,0,0,0,0,1101034.17,MO,2,,,,,,53250,0,07/15/2026,6093.31,1000
H6MO02350,"VIVIO, NICHOLAS",C,1,DEM,"$168,081",0,159890.21,0,0,8190.63,16047.86,35000,0,0,0,35000,117032.98,MO,2,,,,,,0,0,06/30/2026,43600,0
H6MO02368,"VONDRAS, JOAN",C,1,DEM,"$356,615",0,207911.73,0,0,148702.87,0,260000,0,0,0,260000,93386,MO,2,,,,,,0,0,07/15/2026,1000,0
H2MO02102,"WAGNER, ANN L.",I,2,REP,"$3,528,095",217283.24,2411927.69,40,3111229.4,4227396.23,0,0,0,0,0,0,2003885.76,MO,2,,,,,,1143239.36,0,07/15/2026,54246.6,5500
H6MO02335,"SHERIDAN, RYAN",C,2,REP,"$120,290",0,120290.23,0,0,0,59869.6,0,0,0,0,0,60420.63,MO,2,,,,,,0,0,12/31/2025,0,0
H2MO03167,"MANN, BETHANY",C,1,DEM,"$43,339",0,44990,0,4427.34,2776.04,0,0,0,0,0,541.61,43143.69,MO,3,,,,,,125,0,07/15/2026,0,0
H6MO03382,"WILSON, PAUL",C,1,DEM,"$4,162",0,5015.86,0,850.68,0,2600,0,0,0,0,0,1562.12,MO,3,,,,,,0,0,08/04/2026,0,0
H6MO03416,"HOLSTEIN, TOMMY",C,1,DEM,"$10,095",0,7625.06,0,0,2469.73,1250,0,0,0,0,0,8844.79,MO,3,,,,,,0,0,07/15/2026,100,0
H4MO03221,"ONDER, ROBERT FOR JR.",I,2,REP,"$950,350",62316.48,636335.08,37342,150444.14,471458.89,0,0,0,6000,0,894000,504526.03,MO,3,,,,,,373480,0,07/15/2026,15302.57,2500
H4MO03239,"SCHAEFER, KURT",O,2,REP,$0,0,16769.1,0,16769.1,0,0,0,0,0,0,0,0,MO,3,,,,,,0,0,01/31/2025,0,0
H4MO03247,"HICKS, JUSTIN",O,2,REP,$0,0,0,0,32319.7,32319.7,0,0,0,0,0,4053.08,0,MO,3,,,,,,0,0,06/30/2026,0,0
H6MO03390,"FRASER, JOHN G",C,2,REP,"$17,196",0,13412.7,0,0,3783,0,13500,0,0,0,18341.4,3695.7,MO,3,,,,,,0,0,07/15/2026,0,0
H8MO09146,"ONDER JR, ROBERT FRANK",C,2,REP,"$950,350",62316.48,636335.08,37342,150444.14,471458.89,0,0,0,6000,0,894000,504526.03,MO,3,,,,,,373480,0,07/15/2026,15302.57,2500
H4MO04187,"CASS, JEANETTE",C,1,DEM,"$15,506",0,16878.65,456.11,-1466.44,-146.68,0,1828,0,0,0,1828,13518.32,MO,4,,,,,,100,60,06/30/2026,0,0
H6MO04240,"DANA, RICKY MR",C,1,DEM,$578,0,577.92,268.69,0,0,50,0,0,0,0,0,492.05,MO,4,,,,,,0,0,02/25/2026,10,0
H6MO04257,"PROVINCE, DANNY PAUL MR.",C,1,DEM,"$25,150",0,22279.44,0,0,3990.56,24000,0,0,0,0,0,1150,MO,4,,,,,,0,0,06/30/2026,0,0
H6MO05247,"GRAY, HARTZELL",C,1,DEM,"$259,103",0,259102.6,0,0,0,0,0,0,0,0,0,258098.36,MO,4,,,,,,1000,0,09/04/2026,1861.5,0
H6MO05254,"HERRERA, JORDAN",C,1,DEM,"$41,657",268.69,22673.73,0,0,19365.61,8557.62,0,0,0,0,0,32830.32,MO,4,,,,,,0,0,07/15/2026,0,0
H2MO04207,"ALFORD, MARK",I,2,REP,"$1,387,968",50139.85,864475.14,0,217408.3,747400.86,0,0,0,0,0,0,770766.94,MO,4,,,,,,567060.91,0,07/15/2026,0,0
H4MO05234,"CLEAVER II, EMANUEL",I,1,DEM,"$1,336,738",0,1083482.88,6144.68,889626.82,1142881.58,0,0,0,0,0,0,486831.72,MO,5,,,,,,849891.11,0,07/15/2026,0,0
H2MO04199,"BRATTIN, RICHARD",C,2,REP,"$331,764",0,109254.25,0,0,222509.83,0,0,0,0,0,0,292677.53,MO,5,,,,,,39086.55,0,07/15/2026,0,0
H2MO05378,"BARHAM, JERRY",C,2,REP,$0,0,0,0,0,0,0,0,0,0,0,114092,0,MO,5,,,,,,0,0,06/30/2026,0,0
H4MO05366,"SMITH, SEAN",C,2,REP,"$234,435",0,228771.17,0,1995,7658.83,0,230000,0,212945.05,0,18000,4435,MO,5,,,,,,0,0,06/30/2026,4435,0
H6MO05189,"TURK, JACOB",C,2,REP,$0,0,354.58,0,354.58,0,0,0,0,0,0,0,0,MO,5,,,,,,0,0,03/31/2025,0,0
H6MO05270,"HUEFFMEIER, BRETT",C,2,REP,"$324,718",501.6,324226.1,0,0,492.11,46165.95,275020,0,159000,0,116020,689,MO,5,,,,,,0,0,07/15/2026,0,0
H6MO05304,"PATTY, BRADLEY M",C,2,REP,"$7,774",0,6052.49,0,0,1721.26,0,0,0,0,0,1915.84,7773.75,MO,5,,,,,,0,0,07/15/2026,0,0
H6MO05312,"BURKS, TAYLOR",C,2,REP,"$1,154,910",0,436279.49,0,0,718630.82,101150.35,900000,0,0,0,900000,131259.96,MO,5,,,,,,22500,0,07/15/2026,251,6000
H2MO06194,"HARRIS, RONALD WILLIAM",C,1,DEM,$100,0,126,0,30.22,4.22,0,100,0,0,0,9520.02,0,MO,6,,,,,,0,0,03/06/2026,0,0
H4MO06109,"RICHARDSON, ERIK",C,1,DEM,$0,0,90,0,5606.36,5516.36,0,0,0,0,0,0,0,MO,6,,,,,,0,0,12/31/2025,0,0
H4MO06125,"MAY, PAM",C,1,DEM,$0,0,557.64,0,557.64,0,0,0,0,0,0,0,0,MO,6,,,,,,0,0,01/07/2025,0,0
H6MO06260,"SMEAD, JOSH",O,1,DEM,"$71,949",0,55221.68,0,0,16727.43,8352.62,0,0,0,0,0,63596.49,MO,6,,,,,,0,0,07/15/2026,0,0
H6MO06278,"LEVINE, MATTHEW",O,1,DEM,"$53,226",0,46659.32,0,0,6565.6,4032.25,0,0,0,0,0,49193.47,MO,6,,,,,,0,0,07/22/2026,0,0
H6MO06344,"PONDELICK, SCOT",O,1,DEM,"$49,224",0,38886.42,0,0,10337.82,0,19999.24,0,0,0,20329.24,29225,MO,6,,,,,,0,0,07/15/2026,0,0
H0MO06073,"GRAVES, SAMUEL B. JR.",I,2,REP,"$1,806,361",224582.66,1195985.86,0,2413988.07,3024362.86,0,0,0,0,0,56784.43,403141.73,MO,6,,,,,,1085743.59,0,06/30/2026,35451,144300
H2MO06236,"SHULTZ, DAKOTA",C,2,REP,$0,0,1100,0,1234.99,134.99,0,0,0,0,0,0,0,MO,6,,,,,,0,0,06/30/2026,0,0
H6MO06252,"INGRAM, JAMES RONALD",O,2,REP,"$24,600",0,24599.82,0,0,0,86.03,6500,0,6069.03,0,0,13908.79,MO,6,,,,,,0,0,08/07/2026,0,0
H6MO06294,"WILLETT, NATHAN",O,2,REP,"$575,569",0,436243.77,0,0,139324.87,50,0,0,0,0,60614.63,551333.13,MO,6,,,,,,23500,0,07/15/2026,0,0
H6MO06302,"OSHEL, CODY",O,2,REP,"$7,351",0,1825,0,2500,8026,0,5000,0,0,0,5000,2351,MO,6,,,,,,0,0,07/15/2026,0,0
H6MO06310,"STIGALL, CHRIS",O,2,REP,"$599,336",0,433286.1,0,0,166049.9,0,0,0,0,0,63950.45,523336,MO,6,,,,,,76000,0,07/15/2026,0,0
H6MO06328,"SCHULTZ, NATHANAEL",C,2,REP,"$170,507",0,24913.01,0,1,145595.29,3000,137000,0,0,0,137000,30507.3,MO,6,,,,,,0,0,07/15/2026,0,0
H4MO07156,"HESKETH, MISSI",C,1,DEM,"$50,540",0,22134.4,0,5137.79,33543.24,0,0,0,0,0,0,42039.85,MO,7,,,,,,3250,5250,07/15/2026,0,0
H2MO07143,"BURLISON, ERIC",I,2,REP,"$1,464,359",20330,1108175.39,0,601387.57,957570.75,0,0,0,0,0,0,1177982.7,MO,7,,,,,,246255,0,07/15/2026,8655.41,0
H6MO07318,"HUNT, GRAYSON",C,2,REP,"$26,593",0,18844.61,0,0,7748.75,0,25993.36,0,0,0,18244.61,600,MO,7,,,,,,0,0,07/15/2026,0,0
H2MO08091,"MCCALLIAN, RANDI MCCALLIAN",C,1,DEM,$0,0,145.84,106.73,145.84,0,0,0,0,0,0,0,0,MO,8,,,,,,0,0,01/31/2025,0,0
H4MO08238,"ROTH, FRANKLIN DELANO II",C,1,DEM,$0,0,860.51,0,50.03,-810.48,0,0,0,860.51,0,4998.59,0,MO,8,,,,,,0,0,12/22/2025,0,0
H6MO08183,"REICHARD, CHRISTOPHER",C,1,DEM,"$5,674",0,3732.06,0,0,1941.88,0,109.27,0,0,0,5195.97,5564.67,MO,8,,,,,,0,0,07/15/2026,0,0
H6MO08191,"BARNITZ, FRANK A",C,1,DEM,"$82,534",0,62733.56,0,0,19800.26,100,0,0,0,0,0,72428.82,MO,8,,,,,,10000,0,07/15/2026,0,0
H6MO08209,"HARBISON, CLAYTON CHRISTOPHER",C,1,DEM,"$4,251",0,2017.38,0,0,1768.15,0,0,0,0,0,0,4250.53,MO,8,,,,,,0,0,06/30/2026,0,0
H4MO08162,"SMITH, JASON T",I,2,REP,"$5,264,183",937881.65,3269224.39,10000,3017143.96,5012102.53,0,0,0,0,0,0,1563069.75,MO,8,,,,,,2734275,0,07/15/2026,12500,4500
H6MO08217,"HESLOP, GORDON",C,2,REP,"$70,606",0,65820.71,0,-2324.3,5483.56,0,70070.74,0,0,0,70070.74,535,MO,8,,,,,,0,0,07/15/2026,0,0
H8MP00041,"SABLAN, GREGORIO KILILI CAMACHO REP.",I,1,DEM,$0,0,5829.78,0,5829.78,0,0,0,0,0,0,0,0,MP,0,,,,,,0,0,09/30/2025,0,0
H4MP01048,"PROPST, EDWIN KENNETH",C,1,DEM,$0,0,0,0,8539.03,8539.03,0,0,0,0,0,0,0,MP,1,,,,,,0,0,06/30/2026,0,0
H4MP01022,"KING-HINDS, KIMBERLYN KAY",I,2,REP,"$64,122",8337.92,59438.34,0,7469.1,12152.66,0,0,0,0,0,0,21445.15,MP,1,,,,,,34254.75,0,06/30/2026,500,0
H6MS01305,"BUCK, KELVIN ONEAL MR",C,1,DEM,"$36,245",0,37700.05,0,0,-1455.05,0,6000,10000,0,0,16000,20245,MS,1,,,,,,0,0,03/31/2026,10000,0
H6MS01313,"JOHNSON, CLIFF",C,1,DEM,"$551,243",0,401598.52,0,0,149644.9,21868.76,0,0,0,0,0,524874.66,MS,1,,,,,,2500,0,06/30/2026,4700,0
H6MS01131,"KELLY, JOHN TRENT",I,2,REP,"$1,004,205",0,749398.72,40000,608858.53,863664.5,0,0,0,0,0,0,503554.65,MS,1,,,,,,500635.03,0,06/30/2026,1000,0
H4MS02068,"THOMPSON, BENNIE G.",I,1,DEM,"$770,971",0,947613.34,0,1626164.23,1449521.62,0,0,0,0,0,0,202967.32,MS,2,,,,,,562244.37,4500,06/30/2026,1000,0
H6MS02220,"TURNAGE, EVAN",C,1,DEM,"$473,213",0,473186.58,0,0,25.93,0,327000,0,0,0,327000,143649.51,MS,2,,,,,,0,0,06/30/2026,5,0
H2MS02203,"ELLER, RON",C,2,REP,"$45,390",0,46245.09,0,36729.1,35873.57,421.12,2500,0,0,0,2500,42318.44,MS,2,,,,,,150,0,06/30/2026,0,0
H6MS02238,"WILSON, KEVIN",C,2,REP,"$280,317",0,280333.02,0,0,-15.58,0,245000,0,0,0,245000,35317.44,MS,2,,,,,,0,0,06/30/2026,0,0
H2MS03136,"YOUNG, SHUWASKI",C,1,DEM,$0,0,0,0,467.75,467.75,0,0,0,0,0,36566.73,0,MS,3,,,,,,0,0,03/31/2025,0,0
H6MS03228,"CHIARADIO, MICHAEL ALEXIS",C,1,DEM,"$155,400",0,132190.87,0,-157.15,23208.46,627,17149.09,0,0,0,17149.09,134823.27,MS,3,,,,,,0,2800.17,06/30/2026,45,0
H8MS03125,"GUEST, MICHAEL PATRICK",I,2,REP,"$822,761",0,371591.19,0,511345.44,962515.1,0,0,0,0,0,0,451811.18,MS,3,,,,,,370000,0,06/30/2026,1000,0
H6MS04242,"HULUM, JEFFREY III",C,1,DEM,"$29,045",0,22863.5,0,352.72,6534.4,0,3500,0,0,0,3500,24945.18,MS,4,,,,,,0,500,06/30/2026,0,0
H0MS04120,"PALAZZO, STEVEN MCCARTY",I,2,REP,"$16,500",0,16488.74,0,-11.26,0,16500,0,0,0,0,0,0,MS,4,,,,,,0,0,06/30/2025,0,0
H2MS04258,"EZELL, WALTER MICHAEL",I,2,REP,"$990,106",47625.12,1018211.84,0,151465.05,123359.06,0,0,0,0,0,0,464028.64,MS,4,,,,,,477000,0,06/30/2026,5200,2200
H2MS04266,"BROOKS, RAYMOND N",C,2,REP,$700,0,1500,0,800,0,700,0,0,0,0,0,0,MS,4,,,,,,0,0,09/30/2025,0,0
H2MS04274,"WAGNER, CLAY",C,2,REP,$0,0,0,0,0,0,0,0,0,0,0,292415.28,0,MS,4,,,,,,0,0,03/31/2026,0,0
H2MS04308,"WIGGINS, CHRISTOPHER BRICE",C,2,REP,$0,0,0,0,4778.29,4778.29,0,0,0,0,0,35067.95,0,MS,4,,,,,,0,0,06/30/2026,0,0
H6MS04226,"MILLS, RALPH JOHN III",C,2,REP,"$18,262",0,15206.09,0,2057.94,5113.85,0,16500,0,362.23,0,110903.76,1762,MS,4,,,,,,0,0,07/22/2026,0,0
H6MS04275,"WALTERS, SAWYER",C,2,REP,"$23,178",0,23042.49,0,0,135.38,0,0,0,0,0,0,14755,MS,4,,,,,,8419.46,0,12/31/2025,0,0
H8MT01232,"WILLIAMS, KATHLEEN",O,1,DEM,"$2,002",0,85846.43,0,161081.5,77236.63,0,0,0,0,0,0,0,MT,0,,,,,,0,0,06/30/2026,0,0
H2MT01060,"DAINES, STEVEN",C,2,REP,"$4,728,811",1753510.23,3872916.55,3356.83,1758242.92,2614137.48,0,0,0,0,0,44813.08,1375089.88,MT,0,,,,,,1352050,62000,06/30/2026,858316.53,625800
H0MT00116,"RAINS, MATTHEW",O,1,DEM,"$272,569",0,238593.09,0,0,33976.35,0,0,0,0,0,114127.26,267055.18,MT,1,,,,,,2000,0,06/30/2026,7134.07,0
H2MT02092,"TRANEL, MONICA",C,1,DEM,"$36,193",0,66488.53,0,30295.09,0,0,0,0,0,0,0,0,MT,1,,,,,,0,0,04/03/2025,-200,0
H6MT01103,"CLEVELAND, RUSSELL TYLER",O,1,DEM,"$457,635",0,445912.84,0,0,0.04,10919.77,0,0,0,0,0,441907.38,MT,1,,,,,,4250,400,06/30/2026,12334,250
H6MT01137,"FORSTAG, SAMUEL KELLEY",O,1,DEM,"$1,382,873",21985,832794.19,0,0,550079.11,1267.18,0,0,0,0,0,1218648.73,MT,1,,,,,,140550,100,06/30/2026,4261.41,0
H6MT01145,"BUSSE, RYAN",O,1,DEM,"$790,340",0,788347.16,0,0,1993.14,0,0,0,0,0,0,763074.49,MT,1,,,,,,26050,150,06/30/2026,47854,5000
H2MT02084,"OLSZEWSKI, ALBERT",O,2,REP,"$426,973",0,436921.66,0,9949.07,0,7000,174701,0,18988.48,0,470712.52,229021.59,MT,1,,,,,,16250,0,06/30/2026,52500,9715.17
H6MT01152,"FLINT, AARON",O,2,REP,"$1,303,394",148568.04,801192.61,6143.03,0,502201.11,0,0,0,0,0,246238.05,824179.47,MT,1,,,,,,330600,0,06/30/2026,300,1500
H6MT01160,"JACOBSEN, CHRISTI",O,2,REP,"$552,743",0,551038.4,0,0,1705.06,71552.61,242000,0,0,0,495982.12,223690.85,MT,1,,,,,,15500,0,06/30/2026,52000,0
H2MT01094,"BALLARD, JACK",C,1,DEM,$0,0,9.04,0,9.04,0,0,0,0,0,0,0,0,MT,2,,,,,,0,0,06/30/2026,0,0
H4MT02155,"NEILL, REILLY",C,1,DEM,"$5,584",0,11927.36,0,6363.38,20.02,4050,0,0,0,0,0,1534,MT,2,,,,,,0,0,01/30/2025,0,0
H6MT02143,"LUX, SAM",C,1,DEM,"$15,083",0,9584.69,0,176.95,5675.02,5510.76,0,0,0,0,0,4572,MT,2,,,,,,5000,0,06/30/2026,140,0
H6MT02150,"MILLER, BRIAN JAMES",C,1,DEM,"$19,174",0,14573,0,495,3165.53,4831.64,0,0,0,0,0,13338.91,MT,2,,,,,,1000,0,06/30/2026,0,0
H2MT02175,"AUSTIN, KYLE",O,2,REP,"$250,627",0,242425.95,0,550,8750.55,215000,35000,0,0,0,46081.96,626.5,MT,2,,,,,,0,0,06/30/2026,526.99,0
H4MT00050,"ROSENDALE, MATT MR.",I,2,REP,$920,0,810202.39,0,920092.8,110810.82,0,0,0,750000,0,123500.7,0,MT,2,,,,,,0,0,06/30/2026,0,0
H4MT02098,"DOWNING, TROY",I,2,REP,"$2,127,927",208134.8,1588993.08,0,111530.5,650464.37,0,0,0,0,0,2026505.84,1227705.56,MT,2,,,,,,681677.55,0,06/30/2026,5095.6,1000
H8MT01190,"WALKER, EDWARD ALAN",O,2,REP,$0,0,4467.88,0,4467.88,0,0,0,0,0,0,0,0,MT,2,,,,,,0,0,01/23/2026,4457.88,0
H2NC02238,"SMITH, ERICA DANETTE",C,1,DEM,$0,0,0,0,4894.23,4894.23,0,0,0,0,0,91969.74,0,NC,1,,,,,,0,0,06/30/2026,0,0
H2NC02287,"DAVIS, DON",I,1,DEM,"$4,287,386",537093.67,987861.56,0,270841.74,3570365.96,0,0,0,0,0,0,2211710.61,NC,1,,,,,,1524568.54,5543.04,06/30/2026,18031.76,10500
H0NC03149,"SMITH, SANDY",C,2,REP,$0,0,0,0,144.86,144.86,0,0,0,0,0,180983.66,0,NC,1,,,,,,0,0,06/30/2026,0,0
H2NC02253,"ROBERSON, SANDY",C,2,REP,"$3,539,477",0,3526389.43,0,9426.85,22514.86,0,3000000,0,2925000,0,1107020,526477.44,NC,1,,,,,,13000,0,06/30/2026,204940,7500
H2NC02261,"STRICKLAND, BILLY JOEL II",C,2,REP,$0,0,0,0,2500.92,2500.92,0,0,0,0,0,262000,0,NC,1,,,,,,0,0,06/30/2025,0,0
H4NC01137,"BUCKHOUT, LAURIE",C,2,REP,"$3,793,077",481486.5,1989719.52,116031.41,26303.55,1829660.83,1740,2401000,0,400000,0,3501000,557046.77,NC,1,,,,,,346703.74,5000,06/30/2026,4368.54,0
H6NC01132,"HANIG, BOBBY",C,2,REP,"$361,096",0,360858.91,0,0,237.08,0,100500,0,98000,0,2500,234696,NC,1,,,,,,25899.99,0,06/30/2026,10500,0
H6NC01140,"RUSSELL, ASHLEY NICOLE",C,2,REP,"$221,698",0,221697.85,0,0,0,950.76,155953,0,100,0,155853,64686.09,NC,1,,,,,,0,0,06/30/2026,2460.51,0
H6NC01165,"BUCK, ASA BRYANT III",C,2,REP,"$339,405",0,339405,0,0,0,0,59000,0,0,0,59000,280405,NC,1,,,,,,0,0,07/15/2026,70200,0
H0NC02125,"ROSS, DEBORAH",I,1,DEM,"$1,675,978",0,1075801.44,488000,737510.39,1337686.54,0,0,0,0,0,9555.49,958372.09,NC,2,,,,,,685800,3612.99,06/30/2026,5529.69,0
H6NC02197,"BENNETT, ROBERT",C,1,DEM,$529,0,529,0,0,0,0,0,0,0,0,0,529,NC,2,,,,,,0,0,12/09/2025,0,0
H8NC02110,"COLEMAN, LINDA",C,1,DEM,$0,0,13650,0,0,33775.82,0,0,0,0,0,0,0,NC,2,,,,,,0,0,06/30/2026,0,0
H0NC02158,"SWAIN, ALAN D",C,2,REP,$0,0,290,0,1095.42,805.42,0,0,0,0,0,28411.34,0,NC,2,,,,,,0,0,06/30/2026,0,0
H2NC13110,"HOLDING, GEORGE E MR.",,2,REP,$0,0,4696.07,0,4696.07,0,0,0,0,0,0,0,0,NC,2,,,,,,0,0,11/03/2025,-11502.18,-15000
H0NC03248,"THOMAS, ALLEN",O,1,DEM,$0,0,151.13,0,151.13,0,0,0,0,0,0,230000,0,NC,3,,,,,,0,0,06/30/2026,0,0
H6NC03187,"SCHULTE, CHRIS",C,1,DEM,"$54,170",0,54176.25,0,0,0,0,0,0,0,0,0,54150.25,NC,3,,,,,,0,20,06/30/2026,0,0
H6NC03211,"JASLOW, ALLISON",C,1,DEM,"$273,731",0,273730.75,0,0,0,0,0,0,0,0,0,236230.75,NC,3,,,,,,37500,0,03/31/2026,8110,2000
H6NC03229,"SMITH, RAYMOND EDWARD DR. JR.",C,1,DEM,"$223,119",9508,137467.46,0,-6365,73710.97,100,0,0,0,0,0,186152.61,NC,3,,,,,,26250,1000,06/30/2026,0,0
H0NC03172,"MURPHY, GREGORY FRANCIS DR.",I,2,REP,"$2,357,956",247831.16,1243598.59,0,1583462.29,2697820.12,0,0,0,0,0,0,1011637.57,NC,3,,,,,,1037799,0,06/30/2026,12104.03,6500
H0NC03230,"SHEPARD, PHILLIP RAY",C,2,REP,$0,0,0,0,1251.25,1251.25,0,0,0,0,0,65585,0,NC,3,,,,,,0,0,06/30/2026,0,0
H6NC03195,"AYERS, AUSTIN JAY",C,2,REP,$21,0,1.82,0,0,19.04,0,0,0,0,0,0,20.86,NC,3,,,,,,0,0,04/14/2026,0,0
H2NC06098,"ALLAM, NIDA",C,1,DEM,"$1,125,636",0,1125635.86,0,0,0,0,0,0,0,0,0,1024827.22,NC,4,,,,,,34266,3000,07/15/2026,39687.64,0
H2NC06114,"FOUSHEE, VALERIE",I,1,DEM,"$912,011",0,949918.41,1000,85695.59,47788.08,0,0,0,0,0,4000,407799.93,NC,4,,,,,,489618,6000,06/30/2026,128,0
H6NC04037,"PRICE, DAVID",I,1,DEM,$0,0,25360.48,0,42708.03,17347.55,0,0,0,0,0,0,0,NC,4,,,,,,0,0,06/30/2026,0,0
H2NC13151,"BREWSTER, BILLY JOE",O,2,REP,$0,0,0,0,0,0,0,0,0,0,0,17291.43,0,NC,4,,,,,,0,0,06/30/2026,0,0
H4NC02150,"GANORKAR, MAHESH",C,2,REP,"$11,917",0,10302.21,0,15244.01,16967.44,4568.98,0,0,0,0,0,6245.32,NC,4,,,,,,1000,0,06/30/2026,0,0
H4NC05294,"HUBBARD, CHUCK",C,1,DEM,"$394,695",0,302276.16,0,7396.01,99814.7,0,0,0,0,0,20000,391242.52,NC,5,,,,,,350,3000,06/30/2026,2816.54,0
H6NC05141,"CREEKMORE, KYAH",C,1,DEM,"$7,430",0,6602.27,0,0,837.13,366,0,0,0,0,0,4064,NC,5,,,,,,0,3000,02/11/2026,0,0
H4NC05146,"FOXX, VIRGINIA ANN",I,2,REP,"$1,662,604",0,1204803.6,10000,2911268.58,3369068.64,0,0,0,0,0,0,1111524.2,NC,5,,,,,,419515.7,0,06/30/2026,15700,0
H4NC06185,"CRAIGHILL-MIDDLETON, ANDUIN ELIM",O,1,DEM,$0,0,0,0,0,0,0,0,0,0,0,0,0,NC,6,,,,,,0,0,05/07/2025,0,0
H4NC08082,"DAVENPORT, KEITH",C,1,DEM,"$12,486",0,2095.38,0,-231.33,10159.28,5472.45,323.54,0,0,0,723.54,6690,NC,6,,,,,,0,0,03/31/2026,0,0
H6NC06156,"BLAIR, BEAU",C,1,DEM,"$27,997",0,24923.13,0,383.15,3456.77,0,3747.61,0,2793.51,0,4371.08,18249.14,NC,6,,,,,,0,6000,06/30/2026,0,0
H6NC06164,"JEFFERSON, CYRIL",C,1,DEM,"$199,881",0,185983.85,0,0,13897.53,0,0,0,0,0,0,181071.42,NC,6,,,,,,5400,2000,06/30/2026,0,0
H6NC06172,"FELTON-STACKHOUSE, TAVIN",C,1,DEM,"$7,594",0,7593.98,0,0,0,0,0,0,0,0,0,7593,NC,6,,,,,,0,0,02/10/2026,0,0
H6NC06180,"KASSAY, ALYSA",C,1,DEM,"$46,186",0,52899.42,0,-1508.26,22.66,15,31474.52,0,0,0,32813.1,11696.06,NC,6,,,,,,3000,0,03/31/2026,0,0
H8NC13067,"MANNING, KATHY",I,1,DEM,$0,0,5313.42,0,5313.42,0,0,0,0,0,0,0,0,NC,6,,,,,,0,0,06/30/2025,0,0
H2NC05157,"HINES, ROBERT NICHOLAS",O,2,REP,"$55,533",48550.65,55947.81,0,415.1,0,0,0,0,0,0,2160964.17,261.09,NC,6,,,,,,0,0,06/30/2026,40.04,0
H2NC06155,"CONTOGIANNIS, MARY ANN DR",O,2,REP,$0,0,5792.05,0,5792.05,0,0,0,0,2995.7,0,197604.3,0,NC,6,,,,,,0,0,06/30/2026,0,0
H2NC07161,"CASTELLI, ROBERT CHRISTIAN",O,2,REP,$0,0,4575,0,2771.26,-1803.74,0,0,0,0,0,570000,0,NC,6,,,,,,0,0,06/30/2026,0,0
H4NC06052,"WALKER, BRADLEY MARK MR.",O,2,REP,$0,0,0,0,0,0,0,0,0,0,0,0,0,NC,6,,,,,,0,0,06/30/2026,0,0
H4NC06177,"MCDOWELL, ADDISON",I,2,REP,"$1,226,408",81963.83,852002.85,0,7322.89,381728,0,0,0,0,0,28602.42,590164.62,NC,6,,,,,,515505,0,06/30/2026,6014.16,6000
H6NC07196,"HARDY, KIMBERLY DR.",C,1,DEM,"$293,818",0,228801.44,0,0,65016.74,0,0,0,0,0,0,283990.97,NC,7,,,,,,911.21,8500,06/30/2026,1025,0
H2NC07096,"ROUZER, DAVID",I,2,REP,"$1,990,423",0,1124461.26,0,1435525.71,2301487.27,0,0,0,0,0,0,780612.17,NC,7,,,,,,1209449,250,06/30/2026,2507.76,14500
H6NC08194,"OPPENHEIM, JESSE",C,1,DEM,"$314,099",0,264786.58,14000,0,49312.62,26539.9,0,0,0,0,0,275313.48,NC,8,,,,,,0,6000,06/30/2026,11900,0
H6NC08202,"WATSON, COLBY",C,1,DEM,"$39,569",0,37231.59,0,0,2342.86,25460,0,0,0,0,0,10409.45,NC,8,,,,,,700,3000,06/30/2026,0,0
H0NC08163,"D'ANNUNZIO, TIMOTHY BRUCE",C,2,REP,$1,0,0,0,1402.54,1403.54,0,0,0,0,0,625214.69,1,NC,8,,,,,,0,0,06/30/2026,0,0
H0NC09187,"BISHOP, JAMES DANIEL",I,2,REP,$0,0,37108.34,0,37108.34,0,0,0,0,0,0,0,0,NC,8,,,,,,0,0,10/27/2025,0,0
H0NC09203,"BROWN, LEIGH",O,2,REP,$0,0,5000,0,10165.67,5165.67,0,0,0,5000,0,95000,0,NC,8,,,,,,0,0,06/30/2026,0,0
H2NC08177,"WHITLEY, JOHN MATTHEW",C,2,REP,$0,0,0,0,1211.02,1211.02,0,0,0,0,0,188950,0,NC,8,,,,,,0,0,06/30/2026,0,0
H4NC08058,"BAUCOM, ALLAN",O,2,REP,$0,0,504,0,7772.59,7268.59,0,0,0,0,0,1290000,0,NC,8,,,,,,0,0,06/30/2026,0,0
H4NC08066,"HARRIS, MARK E",I,2,REP,"$1,019,134",28851.66,608814.42,0,107532.72,517852.73,0,0,0,30000,0,0,785722.13,NC,8,,,,,,199750.01,750,06/30/2026,500,0
H4NC08074,"BROWN, DON",O,2,REP,"$224,689",0,225529.84,0,840.61,0,11634.26,0,0,0,0,0,211660.12,NC,8,,,,,,0,0,04/13/2026,8222.15,0
H4NC08090,"BRADFORD, JOHN R III",O,2,REP,$0,0,0,0,0,0,0,0,0,0,0,1521089.34,0,NC,8,,,,,,0,0,06/30/2026,0,0
H6NC09200,"HARRIS, MARK E",C,2,REP,"$1,019,134",28851.66,608814.42,0,107532.72,517852.73,0,0,0,30000,0,0,785722.13,NC,8,,,,,,199750.01,750,06/30/2026,500,0
H4NC09171,"BRISTOW, NIGEL WILLIAM",C,1,DEM,"$5,737",0,1194.95,0,1685,38482.28,0,0,0,0,0,0,5737,NC,9,,,,,,0,0,03/31/2026,0,0
H6NC09184,"CANO, FERNANDO CHRISTIAN MR. JR",C,1,DEM,$211,0,205.64,0,7.19,12.33,210.78,0,0,0,0,55524.84,0,NC,9,,,,,,0,0,06/30/2026,0,0
H6NC09218,"OJEDA, RICHARD N.",C,1,DEM,"$2,237,508",0,2073835.72,0,0,163672.62,0,0,0,0,0,0,2218666.12,NC,9,,,,,,18842.22,0,06/30/2026,25726.58,0
H2NC08185,"HUDSON, RICHARD L. JR.",I,2,REP,"$3,215,341",677418.25,2511942.68,2717.25,631733.29,1335131.81,0,0,0,0,0,0,909855.49,NC,9,,,,,,1605397.28,0,06/30/2026,1000,5500
H2NC09134,"PITTENGER, ROBERT M THE HONORABLE",C,2,REP,$0,0,0,0,1224.73,1224.73,0,0,0,0,0,726326.96,0,NC,9,,,,,,0,0,06/30/2026,0,0
H6NC10174,"BELL, ASHLEY",C,1,DEM,"$84,024",0,57805.29,0,0,26173.92,1462.5,13486,0,0,0,8486,63998.04,NC,10,,,,,,1050,2000,06/30/2026,0,0
H6NC10182,"CAUDLE, WEST",C,1,DEM,"$38,693",0,37367.18,0,0,1326.22,0,15757.56,0,12500,0,3257.56,13685.78,NC,10,,,,,,250,9000,06/30/2026,0,0
H6NC10208,"MORLEY, HARRY CLARE MR JR",C,1,DEM,"$14,729",0,2897.9,0,179.93,12010.66,0,3225.78,0,0,0,3405.71,11406,NC,10,,,,,,0,0,03/31/2026,0,0
H6NC10224,"YARFITZ, MIR",C,1,DEM,"$27,125",0,29455.56,0,0,-2330.45,0,7205,0,0,0,7205,16920,NC,10,,,,,,0,3000,03/31/2026,3300,0
H2NC10124,"ROBINSON, GARY THOMAS",C,2,REP,$0,0,0,0,95576.7,95576.7,0,0,0,0,0,200000,0,NC,10,,,,,,0,0,03/31/2025,0,0
H2NC13243,"HARRIGAN, PAT",I,2,REP,"$1,081,821",102139.55,683387.33,0,52841.35,451274.87,0,0,0,99590.9,0,0,618528.05,NC,10,,,,,,359925,0,06/30/2026,22992.76,0
H4NC10047,"MCHENRY, PATRICK TIMOTHY",I,2,REP,"$21,615",0,273597.12,0,1807358.89,1555377.2,0,0,0,0,0,0,0,NC,10,,,,,,0,0,06/30/2026,0,0
H4NC10112,"MILLS, GREY",O,2,REP,$0,0,0,0,0,0,0,0,0,0,0,1152959.62,0,NC,10,,,,,,0,0,08/18/2025,0,0
H4NC10120,"MCGOWAN, ANGELYNN BROOKE",O,2,REP,$0,0,322.15,0,322.15,0,0,0,0,0,0,19902.46,0,NC,10,,,,,,0,0,12/31/2025,0,0
H6NC10216,"SIN, MATTHEW",C,2,REP,"$6,840",0,1917.25,0,0,4922.75,1740,5100,0,0,0,5100,0,NC,10,,,,,,0,0,06/30/2026,0,0
H4NC11102,"RUDOW, CALEB",C,1,DEM,"$2,876",0,27940.78,10000,25064.78,0,0,0,0,0,0,0,0,NC,11,,,,,,0,0,03/25/2025,8812.3,0
H6NC11206,"HARJES, CHRISTOPHER JOHN",C,1,DEM,"$73,748",0,73747.61,0,0,0,51882.38,0,0,0,0,0,21865,NC,11,,,,,,0,0,01/21/2026,7025,0
H6NC11214,"BRIARWOOD, ZELDA",C,1,DEM,"$39,219",0,39502.16,0,0,17.09,4450,12570.25,0,0,0,1500,21949,NC,11,,,,,,250,0,03/31/2026,0,0
H6NC11222,"DAVIS, MORRIS D. COL.",C,1,DEM,"$111,369",0,111369.09,0,0,0,0,0,0,0,0,0,106119.09,NC,11,,,,,,5000,0,09/30/2025,1065,0
H6NC11230,"LAWRENCE, JACOB",C,1,DEM,"$42,727",0,41790.83,0,0,935.77,0,24149.6,0,17556.68,0,6592.92,18577,NC,11,,,,,,0,0,01/31/2026,0,0
H6NC11248,"AGER, JAMIE",C,1,DEM,"$3,052,354",17570,867576.46,0,0,2184777.78,0,0,0,0,0,0,2799701.44,NC,11,,,,,,223349,8220.78,06/30/2026,32590.41,0
H6NC11255,"HUDSPETH, RICHARD DR.",C,1,DEM,"$217,241",0,217241.48,0,0,0,51245.67,0,0,0,0,0,154930.32,NC,11,,,,,,5000,6000,06/05/2026,12500,0
H6NC11289,"WHIPPLE, LEE",C,1,DEM,"$2,882",0,2881.75,0,0,0,2781.75,0,0,0,0,0,100,NC,11,,,,,,0,0,03/03/2026,0,0
H2NC14050,"EDWARDS, CHUCK",I,2,REP,"$939,985",20721.53,563004.79,0,108764.04,485744.08,0,0,0,0,0,10500,545943.3,NC,11,,,,,,367750,2000,06/30/2026,12000,6000
H4NC11094,"REAGAN, CHRISTIAN",C,2,REP,$0,0,0,0,6.97,0,0,0,0,0,0,14684.22,0,NC,11,,,,,,0,0,09/30/2025,0,0
H6NC11263,"SMITH, ADAM R.",C,2,REP,"$67,449",0,65945.97,0,0,1503.49,0,0,0,0,0,0,57436,NC,11,,,,,,10000,0,03/31/2026,300,0
H4NC12100,"ADAMS, ALMA SHEALEY",I,1,DEM,"$370,506",0,487322.17,190000,573409.37,456593.63,0,0,0,0,0,0,94894.06,NC,12,,,,,,271275,3000,06/30/2026,412.5,0
H6NC12139,"HEDGEPETH, CHARAY DR",C,1,DEM,"$62,887",0,50108.71,0,0,1226.36,0,62494.8,0,0,0,39994.8,392.6,NC,12,,,,,,0,0,06/30/2026,0,0
H6NC12105,"ALI, ADDUL RAHMAN ELI",C,2,REP,"$17,802",0,17802.19,0,0,0,0,0,0,0,0,0,17793.64,NC,12,,,,,,0,0,03/31/2026,0,0
H6NC12113,"CODIGA, JOHN JACK",C,2,REP,"$28,704",0,28701.19,0,0,2.57,53.48,3000,0,0,0,3000,25650.28,NC,12,,,,,,0,0,06/30/2026,60,0
H2NC14019,"NICKEL, WILEY",I,1,DEM,"$588,995",0,1277986.16,0,688991.16,0,559.55,0,0,539000,0,0,534864.47,NC,13,,,,,,41010,0,03/20/2026,98457.1,13500
H4NC13157,"PIERCE, FRANK",C,1,DEM,"$1,740",0,2279.4,0,1335.96,796.56,0,1740,0,0,0,3391.09,0,NC,13,,,,,,0,0,12/31/2025,0,0
H6NC13228,"BARRINGER, PAUL",C,1,DEM,"$1,022,610",0,508054.44,0,0,514555.34,141846.2,320000,0,0,0,320000,552413.58,NC,13,,,,,,2000,6100,06/30/2026,130,0
H6NC13236,"NICHOLI, ALEXANDER",C,1,DEM,"$7,141",0,7064.67,0,0,125.45,0,4041.17,0,0,0,4041.17,100,NC,13,,,,,,0,3000,06/30/2026,0,0
H2NC04168,"BARBOUR, DEVAN IV",O,2,REP,$0,0,0,0,1933.76,1933.76,0,0,0,0,0,261117.26,0,NC,13,,,,,,0,0,06/30/2026,0,0
H2NC07187,"SLOTTA, CHAD",C,2,REP,$0,0,764,0,764,0,0,0,0,0,0,349825.89,0,NC,13,,,,,,0,0,06/16/2025,0,0
H4NC01129,"VON CANON, FRED",O,2,REP,$50,0,474.16,0,3406.84,2982.68,0,0,0,0,0,2970500,50,NC,13,,,,,,0,0,06/30/2026,150,0
H4NC13066,"MCCONKEY, JOSH",C,2,REP,$0,0,14032.73,0,14032.73,0,0,0,0,0,0,340100,0,NC,13,,,,,,0,0,06/21/2025,0,0
H4NC13074,"SHOEMAKER, MATT",O,2,REP,$0,0,0,0,0,0,0,0,0,0,0,66730.06,0,NC,13,,,,,,0,0,06/30/2026,0,0
H4NC13116,"KNOTT, BRAD",I,2,REP,"$1,339,161",191420.17,648626.76,0,17260.1,707794.66,0,0,0,0,0,760482.71,485864.57,NC,13,,,,,,655918.18,1800,06/30/2026,807.27,3000
H6NC09176,"ROUCO, GEORGE",C,2,REP,$0,0,0,0,1750,1750,0,0,0,0,0,27903.39,0,NC,13,,,,,,0,0,06/30/2026,0,0
H6NC13129,"BUDD, THEODORE P.",I,2,REP,"$1,307,989",170129.63,1118974.6,0,282358.27,471372.93,0,0,0,0,0,0,878242.63,NC,13,,,,,,253250,0,06/30/2026,16176.67,0
H4NC14023,"GENANT, PAMELA",O,1,DEM,"$2,000",0,9657.24,7000,7657.24,0,0,0,0,0,0,0,0,NC,14,,,,,,2000,0,05/14/2025,0,0
H6NC14036,"CALDWELL, BRENT",C,1,DEM,"$78,144",0,82692.04,0,0,-4548.27,0,22383.99,0,12087.37,0,10296.62,46759.78,NC,14,,,,,,6000,3000,06/30/2026,0,0
H6NC14069,"WOMACK, LAKESHA",C,1,DEM,"$24,888",0,26123.53,0,0,-375.63,0,0,0,0,0,0,22688.23,NC,14,,,,,,1000,1200,06/30/2026,0,0
H2NC12278,"JOSEPH, NALINI",O,2,REP,$0,0,0,0,3552.96,3552.96,0,0,0,0,0,0,0,NC,14,,,,,,0,0,09/30/2025,0,0
H4NC12167,"LEVINSON, ERIC",O,2,REP,$0,0,4185.97,0,31222.65,27036.68,0,0,0,0,0,0,0,NC,14,,,,,,0,0,06/30/2026,0,0
H4NC14015,"MOORE, TIM",I,2,REP,"$1,538,952",0,880526.27,0,923566.56,1581992.49,0,0,0,0,0,0,1100993.28,NC,14,,,,,,435700,0,06/30/2026,19786.51,2800
H6NC14044,"BARR, KATE",C,2,REP,"$76,450",0,76450.01,0,0,0,9210.17,0,0,0,0,0,66839.84,NC,14,,,,,,0,0,03/31/2026,0,0
H4ND01044,"HAMMER, TRYGVE",O,1,DEM,$35,0,9991.96,0,9956.59,0,35.29,0,0,0,0,0,0,ND,0,,,,,,0,0,03/31/2025,0,0
H6ND01049,"HAMMER, TRYGVE",C,1,DEM,"$190,064",0,122672.28,0,0,67391.27,15,0,0,0,0,0,186248.43,ND,0,,,,,,2900,0,06/30/2026,0,0
H6ND46010,"THOMPSON, VERN",C,1,DEM,"$3,145",0,3145,0,0,0,0,0,0,0,0,0,3145,ND,0,,,,,,0,0,03/31/2026,0,0
H0ND01026,"CRAMER, KEVIN MR.",I,2,REP,"$1,139,407",0,1202932.86,0,2354889.37,2291363.6,0,0,0,0,0,0,899432.87,ND,0,,,,,,185500,0,06/30/2026,23206.18,0
H2ND00123,"GOETTLE, SHANE CHRISTOPHER",O,2,REP,$0,0,0,0,2542.4,2542.4,0,0,0,0,0,0,0,ND,0,,,,,,0,0,06/30/2026,0,0
H2ND00131,"KOPPELMAN, KIM A",O,2,REP,$0,0,0,0,0,0,0,0,0,0,0,9987.9,0,ND,0,,,,,,0,0,06/30/2026,0,0
H2ND01022,"MUND, CARA",O,2,REP,$0,0,0,0,1676.87,1676.87,0,0,0,0,0,0,0,ND,0,,,,,,0,0,06/30/2026,0,0
H4ND00053,"BECKER, RICK",O,2,REP,$0,0,1161.84,0,1161.84,0,0,0,0,1136.84,0,0,0,ND,0,,,,,,0,0,02/11/2025,0,0
H4ND00061,"FEDORCHAK, JULIE",I,2,REP,"$1,730,663",371405.57,1004419.58,0,329327.94,1055571.01,0,0,0,0,0,0,383136.23,ND,0,,,,,,960975.26,1500,06/30/2026,0,2900
H4ND00079,"BALAZS, ALEX",C,2,REP,"$25,927",0,25927.07,0,0,0,0,0,0,0,0,0,23927.07,ND,0,,,,,,2000,0,06/17/2026,0,0
H2NE01092,"PANSING BROOKS, PATTY",C,1,DEM,$0,0,0,0,306.6,306.6,0,0,0,0,0,0,0,NE,1,,,,,,0,0,06/30/2026,0,0
H4NE01189,"BLOOD, CAROL",C,1,DEM,$0,0,1521.27,0,1521.27,0,0,0,0,0,0,0,0,NE,1,,,,,,0,0,06/30/2025,0,0
H6NE01135,"MOYER, ERIC HAMILTON",C,1,DEM,"$66,642",0,69245.21,0,945.8,-2131.11,1050,0,0,0,0,0,64942,NE,1,,,,,,0,500,06/30/2026,0,0
H6NE01143,"BACKEMEYER, CHRISTOPHER",C,1,DEM,"$592,233",0,301622.4,0,0,290610.69,4319.44,100000,0,0,0,100000,462913.63,NE,1,,,,,,25000,0,06/30/2026,600,0
H2NE01118,"FLOOD, MIKE",I,2,REP,"$2,368,910",156271.76,1028941.19,0,220781.77,1560750.81,0,0,0,65000,0,6045.9,1077618.07,NE,1,,,,,,1127179.44,0,06/30/2026,5001,0
H2NE02132,"VARGAS, ANTHONY 'TONY'",C,1,DEM,"$54,180",4180.37,93514.71,0,81164.28,41829.94,0,0,0,0,0,0,0,NE,2,,,,,,0,0,06/30/2026,2254.67,0
H6NE02166,"JOHNSTON, MARK EDMUND",O,1,DEM,"$10,147",0,10146.58,580.66,0,0,4899.58,0,0,0,0,0,5247,NE,2,,,,,,0,0,03/31/2026,0,0
H6NE02174,"POWELL, DENISE",O,1,DEM,"$2,668,287",5000,1670896.58,0,0,997390.42,15033.21,50000,0,0,0,75000,2287847.99,NE,2,,,,,,309300,1105.78,06/30/2026,9262.88,0
H6NE02190,"CAVANAUGH, JOHN",O,1,DEM,"$1,359,503",0,1277310.03,0,0,82193.19,0,0,0,0,0,0,1184462.92,NE,2,,,,,,165454.96,385,06/30/2026,893,0
H6NE02224,"ASKINS, KISHLA",O,1,DEM,"$901,522",31077.6,901522.43,0,0,0,325134.45,111494,0,0,0,0,381931.38,NE,2,,,,,,51885,0,06/30/2026,64294,9000
H6NE02240,"LEUSCHEN, JAMES",O,1,DEM,"$393,804",0,268589.67,0,0,125214.02,7000,0,0,0,0,0,362476.88,NE,2,,,,,,18885,0,06/30/2026,37160,1000
H6NE02257,"RHOADES, CRYSTAL",O,1,DEM,"$182,791",0,182679.25,0,0,112,0,0,23500,0,0,23500,141285.25,NE,2,,,,,,18000,0,05/31/2026,3500,5000
H6NE02265,"WILLIAMS, MELANIE",O,1,DEM,"$2,419",0,1740,0,0,679,0,0,1740,0,0,1740,679,NE,2,,,,,,0,0,04/22/2026,0,0
H4NE02096,"FREI, DANIEL EDWARD",C,2,REP,$0,0,1231.72,0,1231.72,0,0,0,0,0,0,0,0,NE,2,,,,,,0,0,05/12/2025,0,0
H6NE02125,"BACON, DONALD J",I,2,REP,"$1,502,946",533118.62,1268156.88,91103.86,198433.63,433222.55,0,0,0,0,0,0,405052.25,NE,2,,,,,,527750,0,06/30/2026,158233.56,45500
H6NE02208,"HARDING, BRINKER",O,2,REP,"$2,034,386",406879.7,963617.68,119194.5,0,1070768.53,3500,0,0,0,0,0,1368206.51,NE,2,,,,,,255800,0,06/30/2026,14000,0
H6NE02216,"LINDSTROM, BRETT",O,2,REP,"$375,099",237140.24,375098.51,0,0,0,0,0,0,0,0,0,132958.27,NE,2,,,,,,5000,0,07/15/2026,150776.03,0
H6NE03180,"STILLE, BECKY LYNN",C,1,DEM,"$55,101",0,40267.89,0,0,14833.6,0,36730.84,0,0,0,36730.84,18320.65,NE,3,,,,,,0,50,06/30/2026,0,0
H4NE03078,"WALZ, JOHN",C,2,REP,$450,0,1006.08,0,765.64,209.56,0,0,0,0,0,0,250,NE,3,,,,,,0,0,06/30/2026,0,0
H6NE03115,"SMITH, ADRIAN",I,2,REP,"$1,777,414",43917.65,1682292.07,0,928233,1023354.46,0,0,0,0,0,0,386745.93,NE,3,,,,,,1298250,0,06/30/2026,1333,1000
H6NE03172,"HUEBNER, DAVID P. MR.",C,2,REP,"$85,504",0,85062.02,0,0,441.69,0,0,0,0,0,0,85503.71,NE,3,,,,,,0,0,06/30/2026,6555,0
H6NH01321,"SHAHEEN, STEFANY",O,1,DEM,"$2,432,372",0,1828169.56,0,0,604202.54,7000,0,0,0,0,0,2323196.93,NH,1,,,,,,99355,0,08/19/2026,14006.83,4500
H6NH01339,"BERIONT, CARLEIGH",O,1,DEM,"$587,148",0,534572.09,0,0,52575.71,3750,20000,0,0,0,20000,560858.74,NH,1,,,,,,2250,0,08/19/2026,4785,0
H6NH01354,"URRUTIA, CHRISTIAN",O,1,DEM,"$1,243,570",0,1173142.22,0,0,70428.19,12986.32,112500,0,0,0,112500,1114756.21,NH,1,,,,,,1890.75,0,08/19/2026,7514.5,0
H6NH01362,"CHADZYNSKI, SARAH",O,1,DEM,"$107,321",0,106571.69,0,0,749.37,0,837.81,700,0,700,937.81,103840.98,NH,1,,,,,,1600,0,08/19/2026,0,0
H6NH01370,"HOWARD, HEATH",O,1,DEM,"$54,567",0,58696.37,0,8027.97,11481.31,0,0,0,0,0,0,53067.38,NH,1,,,,,,1500,0,08/19/2026,0,0
H8NH01186,"SULLIVAN, MAURA CORBY",O,1,DEM,"$3,635,661",66982.43,2853018.27,0,7222.84,789865.88,7000,0,0,0,0,0,3472958.64,NH,1,,,,,,83850,0,08/19/2026,33510.25,2500
H8NH01210,"PAPPAS, CHRIS",I,1,DEM,"$15,384,657",749077.42,11540323.25,0,407584.23,4251917.81,0,0,0,0,0,0,13527025.65,NH,1,,,,,,1104872.76,1500,08/19/2026,96937.59,10000
H2NH01270,"LEAVITT, KAROLINE",C,2,REP,"$4,477",0,12600,0,8122.71,0,0,0,0,0,0,326370.5,0,NH,1,,,,,,0,0,06/30/2026,12600,0
H2NH01304,"PRESCOTT, RUSSELL",C,2,REP,"$2,700",609.76,202426.27,609.76,199725.81,0,0,0,0,194221.92,0,0,279.09,NH,1,,,,,,0,0,06/30/2025,-500,0
H4NH01268,"NOVELETSKY, HOLLIE T.",C,2,REP,$0,0,2587.34,2142.34,2587.34,0,0,0,0,0,0,165000,0,NH,1,,,,,,0,0,09/17/2025,-3300,0
H4NH01276,"BRIGHT, CHRIS",O,2,REP,"$24,604",0,25320.72,0,1848.23,1131.64,11460.4,10000,0,0,0,196500,2596.79,NH,1,,,,,,0,0,06/30/2026,2066.79,0
H4NH01284,"MCFARLANE, WALTER JAMES III",C,2,REP,"$7,149",0,7183.75,0,1982.5,1947.5,7148.75,0,0,0,0,177500,0,NH,1,,,,,,0,0,06/30/2026,0,0
H6NH01347,"BAILEY, MELISSA",O,2,REP,"$210,986",0,95349.08,0,0,115636.49,2715.31,126500,0,0,0,126500,81770.26,NH,1,,,,,,0,0,06/30/2026,0,0
H6NH01388,"COLE, BRIAN",O,2,REP,"$486,395",0,477637.91,0,0,8756.81,100000,333848.36,0,333773.2,0,68815.3,50153.89,NH,1,,,,,,1000,0,08/19/2026,251,0
H6NH01396,"GIRARD, ELIZABETH",O,2,REP,"$177,620",0,177619.67,0,0,0,0,120802.19,0,0,0,120802.19,55800.71,NH,1,,,,,,1000,0,01/30/2026,14050,0
H6NH01412,"NOVELETSKY, HOLLIE T",O,2,REP,"$588,742",2142.34,445870.81,0,0,142870.73,28480.94,100000,0,0,0,265000,436018.26,NH,1,,,,,,22100,0,08/19/2026,750,0
H6NH01420,"DILORENZO, ANTHONY",O,2,REP,"$2,500,778",0,2311691.99,0,0,189085.76,0,1750000,0,0,0,1750000,728019.78,NH,1,,,,,,20500,0,08/19/2026,15250,0
H6NH01438,"ANDERSON, LINDSEY",O,2,REP,"$77,129",0,60396.15,0,0,16732.75,73600.9,0,0,0,0,4813.01,0,NH,1,,,,,,0,0,08/19/2026,0,0
H0NH02181,"KUSTER, ANN MCLANE",I,1,DEM,"$24,641",0,227279.04,0,316179.96,113541.64,0,0,0,0,0,0,0,NH,2,,,,,,0,0,06/30/2026,0,0
H4NH02399,"GOODLANDER, MAGGIE",I,1,DEM,"$4,155,360",853125,1512293.54,0,57997.85,2701064.53,0,0,0,0,0,0,2950045.89,NH,2,,,,,,325250,52.77,08/19/2026,14788.26,3500
H6NH02261,"BEAUCHEMIN, PAIGE",C,1,DEM,"$43,749",0,38956.07,0,0,4793.42,250,0,0,0,0,0,43400.61,NH,2,,,,,,0,0,08/19/2026,0,0
H0NH02017,"BASS, CHARLES F.",C,2,REP,$0,0,0,0,4723.22,4723.22,0,0,0,0,0,0,0,NH,2,,,,,,0,0,06/30/2026,0,0
H2NH02260,"WILLIAMS, LILY TANG",C,2,REP,"$1,199,750",0,701450.77,0,129479.6,627779.2,0,120000,0,0,0,120000,1061943.65,NH,2,,,,,,1500,0,08/19/2026,6051.49,0
H2NH02294,"HANSEL, GEORGE",C,2,REP,$0,0,0,0,212.74,212.74,0,0,0,0,0,0,0,NH,2,,,,,,0,0,03/31/2026,0,0
H4NH02373,"MANSHARAMANI, VIKRAM",O,2,REP,$0,0,59387.79,0,59387.79,0,0,0,0,45755.05,0,0,0,NH,2,,,,,,0,0,09/07/2025,0,0
H4NH02381,"HAMLEN, WILLIAM P",O,2,REP,$0,0,2.12,0,2.12,0,0,0,0,0,0,0,0,NH,2,,,,,,0,0,06/26/2025,0,0
H6NH02287,"ORLANDO, VICTOR D",C,2,REP,"$170,941",0,169816.32,2450,4700,9595.9,157906,0,0,0,0,0,8034.99,NH,2,,,,,,5000,0,08/19/2026,0,0
H6NH02295,"NICHOLSON, DANIEL STEPHEN MR",C,2,REP,$475,0,314.81,0,0,160.19,150,0,0,0,0,0,325,NH,2,,,,,,0,0,08/19/2026,0,0
H4NJ01084,"NORCROSS, DONALD W",I,1,DEM,"$1,657,743",55889.75,999632.88,583.3,1707488.33,2365598.9,0,0,0,0,0,0,725335.16,NJ,1,,,,,,791232.31,0,06/30/2026,1500,0
H2NJ01187,"GALDO, DAMON",C,2,REP,"$11,125",0,6137.79,0,68.79,5055.73,0,100,0,0,0,100,10524.73,NJ,1,,,,,,0,500,06/30/2026,0,0
H0NJ02171,"KENNEDY, AMY",C,1,DEM,$0,0,825,0,3802.38,2977.38,0,0,0,0,0,250000,0,NJ,2,,,,,,0,0,06/30/2026,0,0
H2NJ02193,"ALEXANDER, TIMOTHY",C,1,DEM,$0,0,0,0,13589.68,13589.68,0,0,0,0,0,25210,0,NJ,2,,,,,,0,0,03/31/2026,0,0
H4NJ02207,"SALERNO, JOE",C,1,DEM,"$4,163",0,40962.34,0,36799.84,0,0,0,0,38014.09,0,0,0,NJ,2,,,,,,0,0,03/31/2025,0,0
H6NJ02228,"WINDER, BAYLY PHILIP CHRISTOPER",C,1,DEM,"$825,207",0,714922.82,0,0,110284.28,7155,48150,0,0,0,68150,766923.58,NJ,2,,,,,,2200,0,06/30/2026,8285,0
H6NJ02236,"REESE, TERRI",C,1,DEM,"$16,794",0,14971.11,0,0,129.69,536.42,0,0,0,0,0,15845.3,NJ,2,,,,,,250,0,06/30/2026,359.75,0
H6NJ02244,"ALEXANDER, TIMOTHY C",C,1,DEM,"$87,344",0,86270.15,0,0,1074.06,0,15120,0,0,0,15120,63731.12,NJ,2,,,,,,4200,250,06/30/2026,3810,0
H6NJ02251,"MULLOCK, ZACK",C,1,DEM,"$462,863",0,342652.94,0,0,120210.34,0,110000,0,0,0,110000,346863.28,NJ,2,,,,,,5000,1000,06/30/2026,100,0
H2NJ02037,"LOBIONDO, FRANK A.",I,2,REP,$571,0,84265.17,0,83694.17,0,0,0,0,0,0,0,0,NJ,2,,,,,,0,0,01/02/2026,0,0
H8NJ02166,"VAN DREW, JEFF MR",I,2,REP,"$1,930,058",36747.17,1154446.8,0,762430.4,1538041.29,0,0,0,0,0,11667.86,1558847.34,NJ,2,,,,,,327470.51,0,06/30/2026,950,0
H8NJ02216,"SINGH, HIRSH",O,2,REP,$0,0,0,0,0,0,0,0,0,0,0,0,0,NJ,2,,,,,,0,0,05/07/2025,0,0
H4NJ03080,"CONAWAY, HERB MD",I,1,DEM,"$934,660",0,532745.44,100000,37414.34,439328.75,0,0,0,0,0,0,430919.43,NJ,3,,,,,,500874.5,0,06/30/2026,564,1500
H4NJ03205,"MURPHY, CAROL",O,1,DEM,$0,0,620.83,0,2556.4,1935.57,0,0,0,0,0,80113.07,0,NJ,3,,,,,,0,0,06/30/2026,0,0
H8NJ03206,"KIM, ANDY",I,1,DEM,"$1,659,590",172660.19,1088776.61,1500,621700.08,1192513.73,0,0,0,0,0,0,1376919.78,NJ,3,,,,,,64005.01,0,06/30/2026,12530.47,0
H2NJ03258,"HEALEY, ROBERT JR",C,2,REP,$0,0,20811.56,0,20811.56,0,0,0,0,0,0,0,0,NJ,3,,,,,,0,0,06/30/2026,0,0
H2NJ03316,"SOBOCINSKI, GREGORY",O,2,REP,$0,0,0,0,0,0,0,0,0,0,0,9700,0,NJ,3,,,,,,0,0,01/15/2025,0,0
H4NJ03239,"MOHAN, RAJESH",O,2,REP,$0,0,0,0,234.39,234.39,0,0,0,0,0,231000,0,NJ,3,,,,,,0,0,03/31/2025,0,0
H4NJ13022,"SAXTON, H. J",I,2,REP,$0,0,0,0,10610.71,10610.71,0,0,0,0,0,0,0,NJ,3,,,,,,0,0,06/30/2026,0,0
H6NJ03168,"MCMAHON, LINDA DIANE",C,2,REP,$0,0,0,0,0,0,0,0,0,0,0,0,0,NJ,3,,,,,,0,0,11/01/2025,0,0
H6NJ03176,"CULLEN, JASON",C,2,REP,"$75,695",0,73990.63,0,0,1704.54,95.05,9000,0,0,0,9000,66287.58,NJ,3,,,,,,171.17,0,06/30/2026,1122.6,0
H6NJ03184,"MCGUIRE, MICHAEL PATRICK",C,2,REP,"$79,190",0,78382.71,0,0,807.29,0,21000,0,10500,0,94594.13,58190,NJ,3,,,,,,0,0,06/30/2026,0,0
H8NJ09088,"LONEGAN, STEVEN",O,2,REP,$0,0,0,0,0,0,0,0,0,0,0,342452.23,0,NJ,3,,,,,,0,0,03/31/2025,0,0
H0NJ04151,"SCHMID, STEPHANIE",C,1,DEM,$0,0,0,0,1984.82,-427.68,0,0,0,0,0,0,0,NJ,4,,,,,,0,0,06/30/2026,0,0
H2NJ04215,"JENKINS, MATTHEW",C,1,DEM,$0,0,0,0,-2223.77,-2223.77,0,0,0,0,0,0,0,NJ,4,,,,,,0,0,03/31/2026,0,0
H6NJ04224,"BLAKE, JOHN DAVID",C,1,DEM,"$5,421",0,0,0,1225,6646.19,0,0,0,0,0,0,421.19,NJ,4,,,,,,5000,0,03/31/2026,0,0
H6NJ04257,"PEACE, RACHEL",C,1,DEM,"$34,352",0,28988.78,0,0,5363.19,0,6711.97,0,0,0,25692.22,27640,NJ,4,,,,,,0,0,06/30/2026,0,0
H2NJ04207,"CRISPI, MICHAEL",C,2,REP,$0,0,0,0,0,0,0,0,0,0,0,36500,0,NJ,4,,,,,,0,0,03/31/2026,0,0
H8NJ04014,"SMITH, CHRISTOPHER H",I,2,REP,"$592,016",19436.31,467765.2,0,364065.17,488316.16,0,0,0,0,0,0,355752.32,NJ,4,,,,,,214058.24,2725,06/30/2026,800,0
H4NJ05135,"CHO, ROY",C,1,DEM,"$1,200",0,1200,0,1501.63,1501.63,0,0,0,0,0,43164.85,1200,NJ,5,,,,,,0,0,03/31/2026,0,0
H4NJ09095,"WILDES, MICHAEL",C,1,DEM,"$30,931",0,7391,0,924923.45,948463.29,0,0,0,0,0,0,0,NJ,5,,,,,,0,0,06/30/2026,0,0
H6NJ05171,"GOTTHEIMER, JOSH",I,1,DEM,"$4,765,145",45201.07,12704563.59,0,20712493.06,12773074.82,0,0,0,0,0,0,3247855.95,NJ,5,,,,,,882050.01,0,06/30/2026,25037.27,250
H2NJ05311,"DE GREGORIO, NICHOLAS",C,2,REP,$0,0,15.44,0,15.44,0,0,0,0,0,0,0,0,NJ,5,,,,,,0,0,03/31/2026,0,0
H4NJ05150,"GUINCHARD, MARY JO-ANN",C,2,REP,"$117,995",0,119910.13,0,1914.72,0,0,100600,0,71414.69,0,0,17364.39,NJ,5,,,,,,0,0,05/01/2026,0,0
H4NJ05168,"SONG, GEORGE",C,2,REP,$0,0,268,0,460.14,192.14,0,0,0,0,0,0,0,NJ,5,,,,,,0,0,07/17/2025,0,0
H6NJ05221,"KIRRANE, SEAN JOSEPH",C,2,REP,"$55,656",0,47622.4,0,0,8033.94,101,24952.57,0,0,0,24325.07,30602.77,NJ,5,,,,,,0,0,06/30/2026,0,0
H6NJ05239,"GAJAPATHY, CHANDIHA",C,2,REP,"$50,000",0,49999,0,40403.75,0,0,0,0,0,0,0,50000,NJ,5,,,,,,0,0,11/23/2025,0,0
H8NJ05110,"LONEGAN, STEVEN",C,2,REP,$0,0,0,0,0,0,0,0,0,0,0,308704.22,0,NJ,5,,,,,,0,0,03/31/2025,0,0
H0NJ06214,"HSU, JOHN",C,1,DEM,"$105,277",0,100678.42,0,0,3133.08,0,30000,0,28925.86,0,3000,75151.5,NJ,6,,,,,,125,0,06/30/2026,0,0
H6NJ06260,"BANSIL, KATIE",C,1,DEM,"$41,956",0,43132.84,0,1653.67,-3498.07,22783.5,0,0,0,0,0,19172.14,NJ,6,,,,,,0,0,06/30/2026,0,0
H8NJ03073,"PALLONE, FRANK JR",I,1,DEM,"$2,214,837",0,2219780.8,0,3071910.32,3066966.5,0,0,0,0,0,0,735236.52,NJ,6,,,,,,1455706.69,0,06/30/2026,4550,5000
H2NJ07192,"MEHTA, RIK",C,2,REP,$0,0,0,0,55.93,55.93,0,0,0,0,0,320000,0,NJ,6,,,,,,0,0,03/31/2026,0,0
H6NJ06229,"SONNEK-SCHMELZ, BRENT J",C,2,REP,$0,0,0,0,323.46,323.46,0,0,0,0,0,5836.28,0,NJ,6,,,,,,0,0,06/30/2026,0,0
H6NJ06286,"HERZIG, HILLARY",C,2,REP,"$7,645",0,5778.99,0,0,1866.13,145,2641.02,0,0,0,4351.22,4859.1,NJ,6,,,,,,0,0,06/30/2026,0,0
H2NJ08265,"VARELA, BRIAN",C,1,DEM,"$1,986,312",0,1998898.22,0,0,-12585.81,10,1200000,0,200000,0,1000000,762634.74,NJ,7,,,,,,16150.55,0,06/30/2026,244024,0
H4NJ07099,"KOVACH, JANICE",C,1,DEM,$0,0,288,0,2503.18,2215.18,0,0,0,0,0,0,0,NJ,7,,,,,,0,0,06/30/2026,0,0
H4NJ07107,"ALTMAN, SUSAN COPIUS",C,1,DEM,"$4,387",0,15402.29,0,11015.72,0,1962.39,0,0,0,0,0,0,NJ,7,,,,,,0,0,06/30/2025,0,0
H4NJ07131,"VARTAN, GREGORY III",C,1,DEM,"$193,030",0,221139.22,0,28109.63,0,3500,0,0,0,0,0,188860,NJ,7,,,,,,391.2,0,03/31/2026,14365,0
H6NJ07201,"BENNETT, REBECCA",C,1,DEM,"$4,272,034",73214.09,2826339.7,0,0,1445694.05,0,0,0,0,0,0,3902262.38,NJ,7,,,,,,272525,220.78,06/30/2026,28234.39,0
H6NJ07219,"GARTH, MICHAEL JOSEPH",C,1,DEM,$500,0,61.81,0,0,438.19,500,0,0,0,0,0,0,NJ,7,,,,,,0,0,06/07/2025,0,0
H6NJ07235,"ROTH, MICHAEL",C,1,DEM,"$1,281,083",0,1241003.18,0,0,40080.18,16678.31,400000,0,350000,0,50000,859253.55,NJ,7,,,,,,1300,0,06/30/2026,143805,0
H6NJ07243,"ADUBATO, BETH ELLEN PH.D.",C,1,DEM,"$167,879",0,165371.87,0,0,2507.01,5925.56,66800,0,0,0,71035,94591.56,NJ,7,,,,,,0,0,06/30/2026,284,0
H6NJ07250,"SHAH, TINA",C,1,DEM,"$2,332,693",0,2168501.74,0,0,164191.75,0,650000,0,0,0,650000,1511065.54,NJ,7,,,,,,60550,0,06/30/2026,1403,0
H6NJ07268,"MENDOZA, VALENTINA E. ESQ.",C,1,DEM,"$1,630",0,2344.09,0,714.09,0,0,0,0,0,0,0,750,NJ,7,,,,,,880,0,01/11/2026,250,0
H6NJ07276,"O'ROURKE, MEGAN",C,1,DEM,"$570,759",0,570759.37,0,0,0,2191.87,130000,0,100082.7,0,0,425920.33,NJ,7,,,,,,12000,0,06/30/2026,71000,5000
H6NJ07284,"SOOY, SARA",C,1,DEM,"$54,491",0,54490.89,0,0,0,1500,1500,0,1500,0,0,48800,NJ,7,,,,,,500,0,05/27/2026,250,0
H0NJ07261,"KEAN, THOMAS H. JR.",I,2,REP,"$4,892,807",1692399.57,1306887.91,0,48286.67,3634205.35,0,0,0,0,0,0,1956555.61,NJ,7,,,,,,1189426.57,5000,06/30/2026,38690.26,2500
H6NJ07177,"HEARD, CRAIG P.",C,2,REP,$0,0,0,0,0,0,0,0,0,0,0,205376.39,0,NJ,7,,,,,,0,0,06/30/2026,0,0
H6NJ12136,"LANCE, LEONARD",I,2,REP,$0,0,2163.82,0,8862.71,6698.89,0,0,0,0,0,0,0,NJ,7,,,,,,0,0,06/30/2026,0,0
H2NJ08232,"MENENDEZ, ROBERT J.",I,1,DEM,"$1,958,766",83900,1555714.77,0,276685.56,679736.74,0,0,0,0,0,0,1127127.43,NJ,8,,,,,,734489.23,0,06/30/2026,1206.42,5500
H2NJ13075,"MENENDEZ, ROBERT",C,1,DEM,"$1,958,766",83900,1555714.77,0,276685.56,679736.74,0,0,0,0,0,0,1127127.43,NJ,8,,,,,,734489.23,0,06/30/2026,1206.42,5500
H6NJ08209,"ALI, MUSSAB",C,1,DEM,"$274,212",0,235411.89,0,0,38800.01,0,0,0,0,0,36912,269211.9,NJ,8,,,,,,5000,0,06/30/2026,2000,0
H4NJ08121,"VALDES, ANTHONY",C,2,REP,$0,0,0,0,0,0,0,0,0,0,0,0,0,NJ,8,,,,,,0,0,02/15/2025,0,0
H4NJ09178,"KHAIRULLAH, MOHAMED T.",O,1,DEM,$0,0,10149.39,0,10149.39,0,0,0,0,0,0,0,0,NJ,9,,,,,,0,0,03/30/2025,0,0
H4NJ09186,"WIMBERLY, BENJIE E.",O,1,DEM,$13,0,5168,0,5154.72,0,0,0,0,0,0,0,0,NJ,9,,,,,,0,0,06/30/2026,0,0
H4NJ09194,"POU, NELIDA",I,1,DEM,"$2,661,928",156139.86,1021042.96,0,152473.56,1793358.76,0,0,0,0,0,0,1476223.36,NJ,9,,,,,,1019109,5769.79,06/30/2026,5760.85,6500
H0NJ09200,"PREMPEH, WILLIAM SREBOE",O,2,REP,"$24,432",0,9907.64,0,192.89,14717.1,0,0,0,0,0,0,24154.32,NJ,9,,,,,,0,0,06/30/2026,0,0
H4NJ09160,"CASTILLO, HECTOR L DR",O,2,REP,$0,0,174.63,0,174.63,0,0,0,0,69.78,0,88380.22,0,NJ,9,,,,,,0,0,06/30/2026,0,0
H6NJ09264,"PINO, ROSEMARY",C,2,REP,"$437,829",41644.95,398204.79,19686.14,0,39623.87,0,0,0,0,0,157218.48,376780.12,NJ,9,,,,,,0,0,06/30/2026,4466,0
H6NJ09280,"BURRESS, TIFFANY",C,2,REP,"$141,861",0,138326.02,0,0,3534.99,3500,0,0,0,0,38555.3,104861.01,NJ,9,,,,,,33500,0,06/30/2026,8071.21,0
H0NJ10208,"MAZO, EUGENE",C,1,DEM,$0,0,779.6,0,7293.19,6513.59,0,0,0,0,0,0,0,NJ,10,,,,,,0,0,06/30/2025,0,0
H4NJ10176,"MCIVER, LAMONICA",I,1,DEM,"$2,136,938",0,1486031,0,163212.47,814119.82,0,0,0,0,0,0,1582475.4,NJ,10,,,,,,553350,33.22,06/30/2026,3341,0
H4NJ10192,"CLAYBROOKS, BRITTANY",C,1,DEM,$0,0,165.83,0,288.5,122.67,0,0,0,0,0,18152.44,0,NJ,10,,,,,,0,0,06/30/2026,0,0
H4NJ10200,"ARMSTEAD, DEREK",C,1,DEM,"$13,900",0,19612.05,0,-232.39,-5944.44,0,0,0,16000,0,34100,13900,NJ,10,,,,,,0,0,06/30/2026,1000,0
H4NJ10135,"BUCCO, CARMEN",C,2,REP,"$2,270",0,1252.27,0,0,1018.06,910.33,0,0,0,0,0,1360,NJ,10,,,,,,0,0,06/30/2026,0,0
H6NJ11179,"STRICKLAND, JUSTIN",C,1,DEM,"$96,379",0,95660.44,0,0,755.86,29304.34,0,0,0,0,0,67074.53,NJ,11,,,,,,0,0,06/30/2026,0,0
H6NJ11187,"WILLIAMS, ANNA LEE",C,1,DEM,"$26,972",0,24853.49,0,0,2118.01,0,0,0,0,0,0,26971.5,NJ,11,,,,,,0,0,06/30/2026,0,0
H6NJ11195,"GRAYZEL, JEFF",C,1,DEM,"$484,777",0,484776.7,0,0,0,102171.84,20000,0,20000,0,0,360135.86,NJ,11,,,,,,2150,0,06/04/2026,40260,0
H6NJ11203,"CROFT, CAMMIE L",C,1,DEM,"$381,640",0,381640.03,0,0,0,18493.13,3500,0,3500,0,0,359456.25,NJ,11,,,,,,0,0,02/27/2026,27500,0
H6NJ11229,"CHAABAN, MARC",C,1,DEM,"$118,917",0,118917.38,0,0,0,0,0,0,0,0,0,118915.4,NJ,11,,,,,,0,0,12/29/2025,77850,0
H6NJ11237,"GILL, BRENDAN W",C,1,DEM,"$1,134,267",0,1124331.23,0,0,9935.95,58500,310000,0,0,0,310000,686315,NJ,11,,,,,,79300,0,06/30/2026,22290,8000
H6NJ11245,"MALINOWSKI, TOM",C,1,DEM,"$1,522,901",0,1502814.71,0,0,20086.07,0,0,0,0,0,0,1466454.34,NJ,11,,,,,,55500,0,06/30/2026,148497.04,7000
H6NJ11252,"DAFIS, DEAN",C,1,DEM,"$98,442",0,98441.98,0,0,0,21737.69,0,0,0,0,0,76703.57,NJ,11,,,,,,0,0,07/20/2026,0,0
H6NJ11260,"BEECHER, ZACH",C,1,DEM,"$661,945",0,661945.07,0,0,0,14723.46,0,0,0,0,0,639207.36,NJ,11,,,,,,8000,0,03/31/2026,493,0
H6NJ11286,"MEJIA, ANALILIA",I,1,DEM,"$1,823,436",19000,1795960.42,97480.46,0,27475.47,7000,0,0,0,0,111425.91,1453168.86,NJ,11,,,,,,330905.78,5600,06/30/2026,3405.16,2000
H6NJ11294,"CAUVIN, JEAN-LOUIS MR.",C,1,DEM,"$111,156",0,101803.56,0,0,9352.73,0,0,0,0,0,0,111156.29,NJ,11,,,,,,0,0,06/30/2026,6750,0
H6NJ11302,"LEWIS, JOSEPH MR. II",C,1,DEM,"$102,800",0,102800,0,0,0,0,100000,0,80711.8,0,80711.8,2800,NJ,11,,,,,,0,0,06/06/2026,0,0
H6NJ11310,"WAY, TAHESHA",C,1,DEM,"$848,649",0,811333.48,0,0,37315.44,0,0,0,0,0,0,828799.4,NJ,11,,,,,,15900,0,06/30/2026,13650,0
H6NJ11344,"CRESITELLO, DONALD MR.",C,1,DEM,"$115,555",0,115504.55,0,0,0,0,115000,0,0,0,115000,554.55,NJ,11,,,,,,0,0,06/12/2026,0,0
H8NJ11142,"SHERRILL, MIKIE",I,1,DEM,"$21,556",0,205621.43,0,184065.51,0,0,0,0,0,0,0,500,NJ,11,,,,,,0,0,01/15/2026,3978,0
H8NJ11167,"BARTLETT, JOHN",C,1,DEM,"$496,163",0,946678.98,0,189660.58,0,0,0,100000,0,136578.02,0,390674,NJ,11,,,,,,5300,0,03/31/2026,42000,3000
H2NJ05014,"FRELINGHUYSEN, RODNEY P.",I,2,REP,$7,0,43901.5,0,106374.59,62480.27,0,0,0,0,0,0,0,NJ,11,,,,,,0,0,06/30/2026,0,0
H2NJ11228,"ANDERSON, TOBY",C,2,REP,$0,0,1319.94,0,1319.94,0,0,0,0,0,0,0,0,NJ,11,,,,,,0,0,09/30/2025,0,0
H6NJ11211,"HATHAWAY, JOE",C,2,REP,"$657,711",0,652674.62,0,0,5036.38,0,0,0,0,0,11452,615711,NJ,11,,,,,,40500,0,06/30/2026,4132.75,0
H4NJ12131,"GREENSTEIN, LINDA",O,1,DEM,$0,0,0,0,0,0,0,0,0,0,0,0,0,NJ,12,,,,,,0,0,04/12/2026,0,0
H4NJ12198,"DART, DANIEL",C,1,DEM,$0,0,2659.4,0,2659.4,0,0,0,0,2387.75,0,118686.46,0,NJ,12,,,,,,0,0,01/28/2026,0,0
H6NJ12250,"LITTLE, KYLE D",O,1,DEM,"$32,025",0,37625.63,0,7114.07,234.98,0,0,0,0,0,2582.39,30024.69,NJ,12,,,,,,2000,0,06/30/2026,0,0
H6NJ12268,"COHEN, BRAD",O,1,DEM,"$866,523",0,866523.18,0,0,0,0,100000,0,60817.75,0,39182.25,745773.18,NJ,12,,,,,,20750,0,08/31/2026,17920,0
H6NJ12276,"ROBINSON, SHANEL Y",O,1,DEM,"$158,430",0,154955.1,0,0,3475.39,0,4000,0,4000,0,0,131694.72,NJ,12,,,,,,20675,500,06/30/2026,50,0
H6NJ12284,"SERVANCE, SQUIRE",O,1,DEM,"$545,531",0,544191.27,0,0,1340.21,18314.36,382200,0,0,0,382200,143995.04,NJ,12,,,,,,0,0,06/30/2026,1125,0
H6NJ12292,"SINGH, SUJIT",O,1,DEM,"$141,940",0,134389.73,0,5302,7549.19,5500,90000,0,30000,0,60000,46439.61,NJ,12,,,,,,0,0,06/30/2026,0,0
H6NJ12300,"REYNOLDS-JACKSON, VERLINA",O,1,DEM,"$337,058",0,324291.48,0,0,12766.12,3500,0,0,0,0,19000,297258.6,NJ,12,,,,,,36299,0,06/30/2026,4000,1999
H6NJ12318,"VAINGANKAR, JAY",O,1,DEM,"$356,649",0,351236.92,0,0,5412.18,7000,53000,0,0,0,54600,282415.22,NJ,12,,,,,,14000,0,06/30/2026,24510,0
H6NJ12326,"MAPP, ADRIAN O MR",O,1,DEM,"$485,309",0,479737.87,0,0,5571.36,15000,0,0,0,0,8450,458535,NJ,12,,,,,,10000,0,06/30/2026,31000,0
H6NJ12359,"DIXON, ELIJAH",O,1,DEM,"$8,805",0,7889.79,0,0,915.21,0,0,0,0,0,0,8805,NJ,12,,,,,,0,0,05/13/2026,0,0
H6NJ12367,"ADAMS, MATTHEW MARK",O,1,DEM,"$88,011",0,86519.12,0,0,1491.98,54336.2,0,0,0,0,0,33674.9,NJ,12,,,,,,0,0,06/30/2026,139.56,0
H6NJ12383,"MORALES, RICHARD",O,1,DEM,"$125,130",0,125130,0,0,0,0,0,0,0,0,0,125130,NJ,12,,,,,,0,0,06/30/2026,69300,0
H6NJ12391,"WANG, SAMUEL S.-H. MR.",O,1,DEM,"$582,721",0,572052.68,0,0,10668.29,100,110000,0,0,0,110000,472253.04,NJ,12,,,,,,0,0,06/30/2026,1316,0
H6NJ12409,"ANDERSON, MICHAEL",O,1,DEM,"$1,275",0,290.31,0,0,984.69,0,0,0,0,0,0,1275,NJ,12,,,,,,0,0,12/31/2025,0,0
H6NJ12417,"HAMAWY, ADAM",O,1,DEM,"$1,533,852",0,1441921.36,0,0,91930.47,0,0,0,0,0,0,1471865.43,NJ,12,,,,,,61806.4,0,06/30/2026,760,0
H6NJ12433,"ALTMAN, SUSAN COPIUS",O,1,DEM,"$600,868",0,588088.64,0,0,12779.21,0,0,0,0,0,0,577202.19,NJ,12,,,,,,9000,0,06/30/2026,18050,0
H2NJ06210,"MELE, GREGG",O,2,REP,"$79,425",0,76341.09,0,0,3083.83,0,53746.4,0,0,0,98552.25,25678.52,NJ,12,,,,,,0,0,06/30/2026,177.13,0
H2NJ12127,"MAYFIELD, DARIUS",O,2,REP,$301,0,432,0,131.49,0,300.51,0,0,0,0,0,0,NJ,12,,,,,,0,0,01/23/2025,0,0
H2NM01144,"STANSBURY, MELANIE",I,1,DEM,"$1,353,564",22657.53,1082561.54,0,145708.66,416710.64,0,0,0,0,0,0,1126431.34,NM,1,,,,,,202334.77,0,06/30/2026,3322.1,0
H8NM01224,"HEINRICH, MARTIN",C,1,DEM,"$1,459,066",9290,1230687.74,0,319551.15,547929.47,0,0,0,0,0,0,1003066.09,NM,1,,,,,,443421.39,0,06/30/2026,644.72,10000
H8NM01299,"PIDCOCK, ROBERT L",O,1,DEM,$0,0,0,0,2659.92,2659.92,0,0,0,0,0,119579.8,0,NM,1,,,,,,0,0,06/30/2026,0,0
H8NM01331,"HAALAND, DEBRA",I,1,DEM,$283,0,233563.95,0,233290.99,10,0,0,0,0,0,0,0,NM,1,,,,,,0,0,03/27/2025,-2200,0
H8NM01430,"MOYA, PAUL",O,1,DEM,$0,0,0,0,0,0,0,0,0,0,0,75000,0,NM,1,,,,,,0,0,07/24/2026,0,0
H4NM01140,"JONES, STEVE",C,2,REP,$673,0,26253.77,0,25581.18,0,0,172.59,0,0,0,192726.67,500,NM,1,,,,,,0,0,06/30/2026,0,0
H6NM01129,"OKPAREKE, NDIDIAMAKA",C,2,REP,"$100,340",0,57599.08,0,0,42740.98,0,0,0,0,0,0,98440.06,NM,1,,,,,,1900,0,06/30/2026,0,0
H2NM02191,"VASQUEZ, GABRIEL",I,1,DEM,"$3,784,102",337814.86,1444484.19,0,39085.13,2378703.24,0,0,0,0,0,0,2449659.68,NM,2,,,,,,986144.61,4774.45,06/30/2026,36607.84,1350
H8NM02248,"TORRES SMALL, XOCHITL",I,1,DEM,$0,0,246.09,0,246.09,0,0,0,0,0,0,0,0,NM,2,,,,,,0,0,07/14/2025,0,0
H0NM02229,"CHASE, CLAIRE",C,2,REP,$0,0,0,0,11260.16,11260.16,0,0,0,0,0,98717.87,0,NM,2,,,,,,0,0,06/30/2026,0,0
H6NM02119,"ARAGON, EDDY",C,2,REP,"$4,999",0,4999.46,0,0,0,0,0,0,0,0,0,4999.46,NM,2,,,,,,0,0,04/15/2026,0,0
H6NM02127,"CUNNINGHAM, GREG",C,2,REP,"$1,510,080",493535.63,715892.89,181819.84,0,794187.17,0,0,0,0,0,0,858443.65,NM,2,,,,,,156100,2000,06/30/2026,220,2100
H6NM02135,"OROZCO, JOSE",C,2,REP,"$218,755",0,215936.5,0,0,2818.02,0,0,0,0,0,0,218754.52,NM,2,,,,,,0,0,06/30/2026,81059.82,0
H8NM02156,"HERRELL, STELLA YVETTE",C,2,REP,"$5,211",3898.82,33783.69,10000,19584.22,0,0,0,0,0,0,0,-83.26,NM,2,,,,,,0,0,06/30/2025,0,0
H0NM03102,"LEGER FERNANDEZ, TERESA",I,1,DEM,"$1,249,949",14250,990898.95,40892.5,407925.57,666975.48,0,0,0,0,0,0,1017871.37,NM,3,,,,,,212450,0,06/30/2026,798,2500
H0NM03185,"BLAIR, JOHN",O,1,DEM,$0,0,0,0,2256.18,2256.18,0,0,0,0,0,0,0,NM,3,,,,,,0,0,06/30/2026,0,0
H8NM03196,"LUJAN, BEN R MR.",I,1,DEM,"$5,626,629",958220,2443667.94,0,1213792.89,4396754.26,0,0,0,0,0,0,2908105.38,NM,3,,,,,,1738346.09,0,06/30/2026,87128.38,25000
H8NM03253,"DODSON, MATT",,1,DEM,"$32,743",0,32560.15,0,0,182.89,7005,4000,0,0,0,4000,21738.04,NM,3,,,,,,0,0,06/30/2026,0,0
H2NM03173,"MARTINEZ JOHNSON, ALEXIS",C,2,REP,$0,0,0,0,2350.93,2350.93,0,0,0,0,0,11350.93,0,NM,3,,,,,,0,0,06/30/2026,0,0
H4NM03096,"CLAHCHISCHILLIAGE, SHARON",C,2,REP,$0,0,67.28,0,514.23,446.95,0,0,0,0,0,3232.5,0,NM,3,,,,,,0,0,06/30/2026,0,0
H6NM03083,"ZAMORA, MARTIN R",C,2,REP,"$440,623",0,198053.7,0,0,242569.39,0,0,0,0,0,0,426423.09,NM,3,,,,,,13500,700,06/30/2026,4500,0
H6NM66015,"GANDY, LEANNE",C,2,REP,"$38,399",0,33917.09,0,0,4481.91,0,0,0,0,0,0,38399,NM,66,,,,,,0,0,06/30/2026,0,0
H6NV01323,"PERESZLENYI, ALEX",C,1,DEM,"$9,412",0,9412.13,0,0,0,1696.99,0,0,0,0,0,7715,NV,1,,,,,,0,0,12/29/2025,0,0
H6NV01356,"HOOVER, JOY",C,1,DEM,"$82,398",0,81853.88,0,0,544.3,0,0,0,0,0,0,82273.18,NV,1,,,,,,125,0,06/30/2026,0,0
H8NV03036,"TITUS, DINA",I,1,DEM,"$1,537,358",100747.86,355196.87,2500,155363.56,1337524.79,0,0,0,0,0,4000,669878.5,NV,1,,,,,,762050,4672.72,06/30/2026,390.29,2500
H0NV01219,"LARIOS-ELIAS, CITLALY",C,2,REP,$0,0,0,0,0,0,0,0,0,0,0,4000,0,NV,1,,,,,,0,0,03/31/2026,0,0
H2NV03153,"ROBERTSON, MARK",C,2,REP,$0,0,9696.33,0,9696.33,0,0,0,0,0,0,0,0,NV,1,,,,,,0,0,01/29/2025,0,0
H4NV01203,"LARSEN, FLEMMING",C,2,REP,$0,0,0,0,0,0,0,0,0,0,0,0,0,NV,1,,,,,,0,0,03/31/2025,0,0
H4NV01237,"BORIS, MICHAEL",C,2,REP,"$77,860",0,15060,0,0,62800,3000,64000,0,0,0,64000,10860,NV,1,,,,,,0,0,05/20/2026,0,0
H6NV01307,"MARCHANT, JIM",C,2,REP,"$4,847",0,4846.5,0,0,0,0,0,0,0,0,0,4846.5,NV,1,,,,,,0,0,05/20/2026,0,0
H6NV01331,"BUCK, CARRIE",C,2,REP,"$1,915,058",443447.8,1261469.95,139499.73,0,653588.02,3732,0,0,0,0,24439.52,1329778.16,NV,1,,,,,,138100,0,06/30/2026,11059.22,0
H6NV01349,"HANOFF, KEITH",C,2,REP,"$31,712",0,31711.66,0,0,0,25,7000,0,6619.51,0,0,24686.66,NV,1,,,,,,0,0,10/24/2025,0,0
H6NV01406,"ARNOLD, MARIE ENCAR ARANA",C,2,REP,$0,0,0,0,0,0,0,0,0,0,0,0,0,NV,1,,,,,,0,0,07/30/2026,0,0
H6NV01414,"SAGE, RICK",C,2,REP,$0,0,0,0,0,0,0,0,0,0,0,0,0,NV,1,,,,,,0,0,05/20/2026,0,0
H8NV01113,"BLOCKEY, JIM",C,2,REP,"$22,289",0,21815.1,0,0,474.21,0,0,0,0,0,0,22289.31,NV,1,,,,,,0,0,06/10/2026,0,0
H4NV02185,"KIDD, GREG",O,1,DEM,"$1,187,974",0,1244363.06,0,61801.64,5412.39,0,1185000,0,0,0,9885000,0,NV,2,,,,,,0,0,06/30/2026,0,0
H6NV02289,"DURHAM, KATHY L",O,1,DEM,"$68,339",0,68339.41,0,0,0,251.78,10600,0,1000,0,0,57472.63,NV,2,,,,,,0,0,07/14/2026,200,0
H6NV02297,"FONKEN, MATTHEW WILLIAM",O,1,DEM,"$91,864",0,91818.42,0,0,45.31,0,0,0,0,0,22319,71216,NV,2,,,,,,6000,0,06/30/2026,2000,0
H6NV02305,"WADSWORTH, MORGAN LEIGH",O,1,DEM,"$13,031",0,11071.69,0,25,1984.17,0,675,0,675,0,0,12355.86,NV,2,,,,,,0,0,06/30/2026,0,0
H6NV02347,"HEBERT, JOSHUA RUSSELL DR.",O,1,DEM,"$19,712",0,19565.17,0,7902.91,8049.4,5347.66,5000,0,0,0,5000,9364,NV,2,,,,,,0,0,06/30/2026,0,0
H6NV02362,"BENITEZ-THOMPSON, TERESA",O,1,DEM,"$257,087",0,116479.45,0,0,140607.07,0,20000,0,0,0,27163.2,213986.52,NV,2,,,,,,23100,0,06/30/2026,175,0
H2NV02395,"AMODEI, MARK EUGENE",I,2,REP,"$525,368",0,513949.91,5000,361040.61,372458.4,0,0,0,0,0,9000,339617.7,NV,2,,,,,,185750,0,06/30/2026,59700,6000
H2NV02544,"TARKANIAN, DANNY",C,2,REP,$0,0,0,0,8915.12,8915.12,0,0,0,0,0,514419.31,0,NV,2,,,,,,0,0,06/30/2026,0,0
H4NV04108,"FLIPPO, DAVID",C,2,REP,"$2,275,392",0,2172225.33,0,4161.21,117882.89,30000,1645000,0,41739.2,0,1614965.19,520499.51,NV,2,,,,,,66500,0,06/30/2026,101670.03,0
H6NV02396,"SETTELMEYER, JAMES ARNOLD",O,2,REP,"$460,999",0,430134.65,0,0,30864.61,0,0,0,0,0,0,422499.26,NV,2,,,,,,38500,0,06/30/2026,27000,0
H6NV02412,"LOWE, ANDREA",O,2,REP,$875,0,199.16,0,0,-199.16,0,450,0,0,0,0,425,NV,2,,,,,,0,0,05/20/2026,0,0
H6NV02420,"FORBUSH, GEORGE",O,2,REP,"$36,086",0,30550.87,0,0,5535.44,0,7349.22,0,0,0,7349.22,28355.87,NV,2,,,,,,0,0,06/30/2026,250,0
H6NV02446,"SMITH, MIKE",O,2,REP,"$46,544",0,62998.46,0,16644.7,190.72,0,20000,0,0,0,40000,26544.48,NV,2,,,,,,0,0,06/30/2026,0,0
H6NV03139,"ROSEN, JACKY",I,1,DEM,"$1,473,353",20067.65,2146598.88,0,1780095.8,1106850.27,0,0,0,0,0,0,1042952.93,NV,3,,,,,,185000,0,06/30/2026,62839.89,0
H6NV03295,"ROBINSON, TERRILL",C,1,DEM,"$2,802",0,39133.74,0,0,2598.63,0,0,0,2217,0,27044,2802,NV,3,,,,,,0,0,06/30/2026,0,0
H6NV04020,"LEE, SUSIE",I,1,DEM,"$4,401,421",209445.32,1178847.48,0,466654.54,3689228.41,0,0,0,0,0,0,2850971.75,NV,3,,,,,,1301425,5167.52,06/30/2026,9130.19,4500
H0NV03132,"RODIMER, DAN",C,2,REP,$0,0,0,0,10287.08,10287.08,0,0,0,0,0,0,0,NV,3,,,,,,0,0,06/30/2026,0,0
H2NV03195,"KOVACS, JOHN",C,2,REP,$0,0,0,0,0,0,0,0,0,0,0,487789.7,0,NV,3,,,,,,0,0,06/30/2026,0,0
H2NV04045,"TARKANIAN, DANNY",,2,REP,$0,0,0,0,0,0,0,0,0,0,0,0,0,NV,3,,,,,,0,0,03/31/2026,0,0
H4NV01153,"TEIJEIRO, ANNETTE",O,2,REP,$0,0,0,0,9751.91,9751.91,0,0,0,0,0,11836.24,0,NV,3,,,,,,0,0,06/30/2026,0,0
H4NV03167,"JOHNSON, DREW",C,2,REP,"$1,242",0,15925.89,0,14683.73,0,0,0,0,0,0,207059.27,1242.16,NV,3,,,,,,0,0,12/01/2025,3935.35,0
H4NV03175,"LONDON, STEVEN",C,2,REP,"$42,404",0,42404.45,0,0,0,42404.45,0,0,0,0,0,0,NV,3,,,,,,0,0,10/29/2025,0,0
H4NV03225,"O'DONNELL, MARTY",C,2,REP,"$4,026,578",322177.13,1617143.37,156975.29,0,2409434.24,7000,3000000,0,0,0,3000000,362261.08,NV,3,,,,,,271905.38,0,06/30/2026,14750.97,0
H6NV03097,"TEIJEIRO, ANNETTE",O,2,REP,$0,0,0,0,9751.91,9751.91,0,0,0,0,0,11836.24,0,NV,3,,,,,,0,0,06/30/2026,0,0
H6NV03196,"BRANDLIN, CHRISTOPHER PAUL",C,2,REP,"$191,277",0,191276.54,0,0,0,70847.54,108179,0,108179,0,0,12250,NV,3,,,,,,0,0,12/15/2025,0,0
H6NV03204,"O'DONNELL, MARTY",C,2,REP,"$4,055,410",351009.8,1645976.04,184805.38,0,2409434.24,7000,3000000,0,0,0,3000000,362261.08,NV,3,,,,,,271905.38,0,06/30/2026,14750.97,0
H6NV03212,"NAGY, AURY",C,2,REP,"$1,076,399",0,330476.98,0,0,745921.75,0,1020000,0,0,0,1020000,55833,NV,3,,,,,,0,0,03/31/2026,0,0
H6NV03220,"ANDERSON, TERA",C,2,REP,"$319,951",0,293227.96,0,0,26722.7,0,100100,0,0,0,100100,219850.66,NV,3,,,,,,0,0,06/30/2026,0,0
H6NV03238,"KENNEDY, RONDA",C,2,REP,"$350,000",0,88545.03,0,0,261454.97,0,350000,0,0,0,350000,0,NV,3,,,,,,0,0,05/20/2026,0,0
H6NV03253,"DOMINGUEZ, LYDIA",C,2,REP,"$27,465",0,27465.05,0,0,0,0,0,0,0,0,0,26465.05,NV,3,,,,,,1000,0,03/31/2026,0,0
H6NV03261,"WALTERS, JOSHUA",C,2,REP,"$47,842",0,47841.64,0,0,0,47791.64,0,0,0,0,0,50,NV,3,,,,,,0,0,11/21/2025,0,0
H6NV03287,"GUNTER, JEFF DR.",C,2,REP,"$809,309",0,802883.47,0,0,6425.59,26000,750000,0,725000,0,137677.32,33183.03,NV,3,,,,,,126.03,0,06/30/2026,6.21,0
H6NV03303,"SHOAF, ELGIN LEDESMA",C,2,REP,$0,0,0,0,0,0,0,0,0,0,0,0,0,NV,3,,,,,,0,0,03/02/2026,0,0
H2NV00050,"KIHUEN, RUBEN",I,1,DEM,$0,0,5947.21,0,77796.6,71849.39,0,0,0,0,0,0,0,NV,4,,,,,,0,0,06/30/2026,0,0
H2NV04011,"HORSFORD, STEVEN ALEXZANDER",I,1,DEM,"$3,350,563",213795.94,1860631.09,0,6290.51,1496222.24,0,0,0,0,0,22500,1336757.39,NV,4,,,,,,1782759.15,5593.72,06/30/2026,8675.74,6000
H0NV04064,"BLUNDO, LEO",C,2,REP,$0,0,0,0,1270.87,1270.87,0,0,0,0,0,9500,0,NV,4,,,,,,0,0,06/30/2026,0,0
H4NV04116,"LEE, JOHN",C,2,REP,$0,0,1102.93,0,1102.93,0,0,0,0,162.93,0,0,0,NV,4,,,,,,0,0,01/28/2025,0,0
H6NV04111,"WHIPPLE, CODY K",C,2,REP,"$884,687",0,599466.55,0,0,285220.91,20118.76,300000,0,0,0,430234.74,557466.7,NV,4,,,,,,7000,0,06/30/2026,9800,0
H6NV04129,"HILL, AARON DR.",C,2,REP,"$48,443",0,43870.58,0,0,4571.98,0,0,0,0,0,0,48440.51,NV,4,,,,,,0,0,06/30/2025,0,0
H6NV04137,"KENNEDY, RONDA",C,2,REP,"$350,000",0,88545.03,0,0,261454.97,0,350000,0,0,0,350000,0,NV,4,,,,,,0,0,05/20/2026,0,0
H6NY04138,"SMITHMYER, MARTIN PAUL",C,2,REP,$0,0,0,0,0,0,0,0,0,0,0,0,0,NY,0,,,,,,0,0,09/24/2025,0,0
H2NY01117,"HAHN, KARA",O,1,DEM,$0,0,14982.32,0,66082.54,51100.22,0,0,0,0,0,0,0,NY,1,,,,,,0,0,06/30/2026,0,0
H2NY01141,"ANTONUCCI, NICHOLAS",O,1,DEM,$0,0,0,0,101.63,101.63,0,0,0,0,0,0,0,NY,1,,,,,,0,0,06/30/2026,0,0
H4NY01139,"GAUGHRAN, JAMES F",C,1,DEM,$0,0,17702.91,0,71245.89,53542.98,0,0,0,0,0,0,0,NY,1,,,,,,0,0,06/30/2026,0,0
H4NY01162,"GOROFF, NANCY",C,1,DEM,$517,0,1978.93,0,1461.65,0,0,0,0,419.98,0,1199580.02,0,NY,1,,,,,,0,0,05/12/2025,0,0
H6NY01134,"VENTOURAS, LUKAS",C,1,DEM,"$128,283",0,121266.1,0,87.59,23676.43,2700,3800,0,0,0,0,121532.61,NY,1,,,,,,250,0,06/30/2026,0,0
H6NY01159,"GALLANT, CHRISTOPHER",C,1,DEM,"$647,598",0,475380.87,0,0,172217.32,3500,0,0,0,0,0,632983.07,NY,1,,,,,,11100,0,06/30/2026,5635,0
H6NY01209,"JACOBS, JONATHAN LEWIS",C,1,DEM,"$96,970",0,90745.14,0,50,6274.84,0,0,0,0,0,0,96969.98,NY,1,,,,,,0,0,05/05/2026,24000,0
H0NY03083,"DEVOLDER-SANTOS, GEORGE",I,2,REP,$0,0,0,0,5555.65,5555.65,0,0,0,0,0,811092.07,0,NY,1,,,,,,0,0,03/31/2025,0,0
H2NY01190,"NICK, LALOTA",I,2,REP,"$3,795,307",1533308.02,1141528.37,95289.49,676077.66,3329856.52,0,0,0,0,0,0,1164912.84,NY,1,,,,,,941305.09,0,06/30/2026,23544.1,20500
H2NY01257,"BOND, MICHELLE",O,2,REP,$0,0,120,0,170.82,50.82,0,0,0,0,0,877231,0,NY,1,,,,,,0,0,06/30/2026,0,0
H2NY02149,"CORRIGAN, CAIT",C,2,REP,$0,0,0,0,0,0,0,0,0,0,0,8248.13,0,NY,1,,,,,,0,0,06/30/2026,0,0
H4NY02087,"LUBIN, ROB",C,1,DEM,$40,0,8272.7,0,11257.5,3024.51,0,0,0,2500,0,147500,0,NY,2,,,,,,0,0,06/30/2026,0,0
H6NY02132,"TAVERAS, JOSHUA J",C,1,DEM,"$1,528",0,1236.62,0,0,0,25,0,0,0,0,0,1503.01,NY,2,,,,,,0,0,09/30/2026,0,0
H6NY02140,"HALPIN, PATRICK",C,1,DEM,"$461,848",0,372439.66,0,0,89408.48,7000,0,0,0,0,0,444898.14,NY,2,,,,,,9950,0,06/30/2026,3246,3700
H6NY02173,"PETERSEN, GARRETT",C,1,DEM,"$23,654",0,17407.59,0,0,6246.41,1500,0,0,0,0,0,22154,NY,2,,,,,,0,0,06/30/2026,0,0
H6NY02181,"MURPHY, JESSICA NICOLE",C,1,DEM,"$95,774",0,95755.15,0,-12.17,0,17938.41,50000,0,50000,0,0,27835.15,NY,2,,,,,,0,0,07/15/2026,90,0
H0NY02234,"GARBARINO, ANDREW",I,2,REP,"$3,513,016",890813.86,1599707.78,0,1545606.29,3458914.55,0,0,0,0,0,0,756542.04,NY,2,,,,,,1805000,0,06/30/2026,0,0
H2NY03089,"KING, PETE",I,2,REP,$100,0,127452.25,7500,253984.07,126631.82,0,0,0,0,0,0,0,NY,2,,,,,,0,0,06/30/2026,0,0
H2NY03154,"RASOOL, REEMA",O,1,DEM,$0,0,0,0,33524.23,33524.23,0,0,0,0,0,0,0,NY,3,,,,,,0,0,06/30/2025,0,0
H4NY03127,"MALAMED, ZAK",O,1,DEM,"$12,824",0,17263.25,0,281464.79,277025.72,0,0,0,0,0,0,0,NY,3,,,,,,0,0,06/30/2026,550,0
H4NY03150,"LIVINGSTON, SCOTT",O,1,DEM,$0,0,1000,0,0,-1500,0,0,0,0,0,0,0,NY,3,,,,,,0,0,12/31/2025,0,0
H6NY03247,"SUOZZI, THOMAS",I,1,DEM,"$5,456,698",196937.6,1811088.67,0,2034341.17,5679950.24,0,0,0,0,0,0,3675610.56,NY,3,,,,,,1579043.69,4999.13,06/30/2026,58285.27,1000
H6NY03320,"WELCH, DANIELLE",C,1,DEM,"$49,998",0,49998.07,0,0,0,852.31,0,0,0,0,0,49145.76,NY,3,,,,,,0,0,06/30/2026,0,0
H0NY02267,"LIPETRI, MIKE",C,2,REP,"$1,666,542",994148.29,957955.52,82019.53,1533.59,710120.13,0,0,0,0,0,56746.06,461044.19,NY,3,,,,,,201300,8200,07/09/2026,10941.2,0
H4NY03085,"CURRY, KELLEN",O,2,REP,$0,0,682.54,0,47852.2,47169.66,0,0,0,0,0,0,0,NY,3,,,,,,0,0,06/30/2026,0,0
H4NY03184,"SAPRAICONE, MICHAEL",O,2,REP,"$12,699",0,59200.37,0,54375.74,7874.18,0,0,0,0,0,615250,0,NY,3,,,,,,6600,0,06/30/2026,0,0
H4NY03192,"HACH, GREGORY",C,2,REP,"$675,501",0,671285.94,0,9235.94,13451.13,0,645000,0,0,0,892816.29,30501.13,NY,3,,,,,,0,0,06/30/2026,0,0
H4NY03283,"PILIP, MAZI MELESA",O,2,REP,$220,0,9109.28,0,8889.28,0,0,0,0,0,0,0,0,NY,3,,,,,,0,0,03/31/2025,-2455,0
H2NY04186,"SHAKIL, KEVIN BRYAN",C,1,DEM,$0,0,0,0,608.24,608.24,0,0,0,0,0,10916.66,0,NY,4,,,,,,0,0,06/30/2026,0,0
H2NY04244,"GILLEN, LAURA",C,1,DEM,"$5,097,222",1015446.56,1276601.72,0,23203.32,3843823.75,0,0,0,0,0,0,3004110.1,NY,4,,,,,,1027036.67,5022.48,06/30/2026,23165.68,9000
H4NY04174,"JONES, GIAN A",C,1,DEM,"$7,437",0,5337.52,0,9582.92,11681.9,1100,0,0,0,0,2348,6336.5,NY,4,,,,,,0,0,03/31/2026,0,0
H6NY04146,"SCIRETTA, NICHOLAS JUDE",C,1,DEM,$7,0,0,0,0,7,0,0,0,0,0,0,7,NY,4,,,,,,0,0,09/30/2025,0,0
H6NY04187,"BIERRIA-ANDERSON, KIANA",C,1,DEM,"$26,937",0,18322.52,0,0,8614.48,0,0,0,0,0,3500,26937,NY,4,,,,,,0,0,03/31/2026,0,0
H6NY04203,"DARLING, TAYLOR R",C,1,DEM,"$33,700",0,31825.7,0,0,1874.6,0,0,0,0,0,0,29018,NY,4,,,,,,4405,0,06/30/2026,0,0
H0NY04057,"SCATURRO, FRANK MR.",O,2,REP,$250,0,120,0,1007.55,1137.55,250,0,0,0,0,263723.51,0,NY,4,,,,,,0,0,06/30/2026,0,0
H2NY04160,"STANIFORD, WILLIAM",C,2,REP,$0,0,0,0,85.44,85.44,0,0,0,0,0,89500,0,NY,4,,,,,,0,0,06/30/2025,0,0
H2NY04277,"DESPOSITO, ANTHONY P",I,2,REP,"$38,175",2660.26,83576.6,1064,46171.25,769.55,0,150,0,0,0,64008.75,12402.66,NY,4,,,,,,0,0,06/30/2026,1073.46,0
H6NY04179,"MCGRATH, DENNIS JOSEPH MR.",C,2,REP,"$10,000",0,8910.88,0,0,1089.12,0,0,10000,0,0,10000,0,NY,4,,,,,,0,0,06/30/2026,0,0
H6NY04195,"SUBER WILLIAMS, MARVIN",C,2,REP,"$137,263",0,136227.5,0,0,1035.68,5000,116000,0,0,0,0,16261.2,NY,4,,,,,,0,0,06/30/2026,100,0
H6NY04211,"DRISCOLL, JEANINE",C,2,REP,"$264,824",126660.77,38549.98,0,0,226274.06,0,0,0,0,0,0,71913.27,NY,4,,,,,,66250,0,06/30/2026,0,0
H6NY04229,"MANDEL, MICHAEL",C,2,REP,$0,0,0,0,0,0,0,0,0,0,0,21502.73,0,NY,4,,,,,,0,0,06/30/2026,0,0
H6NY05051,"SANDERS, JAMES JR",C,1,DEM,$0,0,400,0,25674.66,25874.66,0,0,0,0,0,0,0,NY,5,,,,,,0,0,06/30/2026,0,0
H8NY06048,"MEEKS, GREGORY W.",I,1,DEM,"$1,744,888",236260.02,1963090.06,0,2228552.07,2010349.55,0,0,0,0,0,0,580263.47,NY,5,,,,,,928255,0,06/30/2026,9372.1,2000
H2NY06116,"MENG, GRACE",I,1,DEM,"$2,033,045",114175,1967862,0,968885.81,1034068.45,0,0,0,0,0,0,1343717.32,NY,6,,,,,,574800,0,06/30/2026,9015,0
H6NY06166,"PARK, CHARLES",C,1,DEM,"$496,925",0,496520.87,0,0,403.68,0,0,0,0,0,0,493872.76,NY,6,,,,,,0,0,09/02/2026,5449.02,0
H0NY06086,"ZMICH, THOMAS",C,2,REP,$0,0,0,0,252.95,252.95,0,0,0,0,0,105000,0,NY,6,,,,,,0,0,06/30/2025,0,0
H4NY06047,"CHOU, JOSEPH",C,2,REP,"$2,578",0,549.93,0,2121.24,4149.39,0,0,0,0,0,6192,2578.08,NY,6,,,,,,0,0,06/30/2026,0,0
H2NY00010,"VELAZQUEZ, NYDIA M.",I,1,DEM,"$180,257",0,258698.73,0,159566.43,81124.38,0,0,0,0,0,1000,115756.68,NY,7,,,,,,64500,0,06/30/2026,3800,3500
H4NY10130,"HUTCHISON, EVAN HALE",C,1,DEM,"$15,397",0,15393.85,0,1222.33,1225.05,0,8070,0,2000,0,23155.79,7326.57,NY,7,,,,,,0,0,03/31/2026,0,0
H6NY02165,"OSORIO, EDWIN",O,1,DEM,"$4,690",0,2754.03,0,300,2235.97,0,2500,0,0,0,2500,2190,NY,7,,,,,,0,0,03/31/2026,0,0
H6NY07164,"REYNOSO, ANTONIO",O,1,DEM,"$1,013,107",0,994466.25,0,0,18640.32,0,0,0,0,0,0,946656.57,NY,7,,,,,,66450,0,06/30/2026,30400,0
H6NY07214,"VALDEZ, CLAIRE",O,1,DEM,"$1,693,312",82317.13,1486470.32,0,0,206842.15,0,0,0,0,0,0,1563863.88,NY,7,,,,,,44750,0,06/30/2026,8003.67,0
H6NY07230,"KUMAR, VICHAL",O,1,DEM,"$191,007",0,165260.27,0,0,25747.16,12011.03,50000,0,0,0,50000,128996.4,NY,7,,,,,,0,0,06/30/2026,57,0
H6NY07248,"WON, JULIE JAEHEE",O,1,DEM,"$973,067",0,790728.11,0,0,182338.65,0,0,0,0,0,0,947066.76,NY,7,,,,,,26000,0,06/30/2026,6850,0
H2NY10092,"JEFFRIES, HAKEEM",I,1,DEM,"$14,899,981",1897707.5,14854085.6,0,4954564.65,5000459.66,0,0,0,0,0,0,10862973.8,NY,8,,,,,,2079150,0,06/30/2026,148538.03,10000
H6NY08139,"BOSTIC, VANCE",C,1,DEM,"$39,600",0,32062.92,0,0,7537.02,0,2000,0,2000,0,0,37597.76,NY,8,,,,,,0,0,06/30/2026,0,0
H6NY08147,"OSSE, CHI",C,1,DEM,"$32,212",0,32211.78,0,0,0,0,0,0,0,0,0,32211.78,NY,8,,,,,,0,0,12/31/2025,13035,0
H2NY09086,"WEPRIN, DAVID I",O,1,DEM,$0,0,2750,0,11399.36,8649.36,0,0,0,0,0,0,0,NY,9,,,,,,0,0,06/30/2026,0,0
H4NY11138,"CLARKE, YVETTE D",I,1,DEM,"$1,013,953",0,1093029.88,0,110054.74,30978.15,0,0,0,0,0,95703.97,427086.71,NY,9,,,,,,581950.78,0,06/30/2026,2175,5100
H6NY09152,"GOLDFARB, MICHAEL",C,1,DEM,"$310,868",0,255534.08,0,0,55333.92,0,0,100000,0,50000,50000,208868,NY,9,,,,,,2000,0,06/30/2026,0,0
H8NY09158,"BUNKEDDEKO, ADEM",C,1,DEM,$0,0,0,0,869.02,869.02,0,0,0,0,0,8790.81,0,NY,9,,,,,,0,0,12/31/2025,0,0
H6NY09160,"DEPALIS, JEAN FRITZNER",C,2,REP,"$10,465",0,7760.5,0,120,846.51,0,3143.21,5420,0,5420,2301.26,1398.01,NY,9,,,,,,0,0,07/15/2026,200,0
H2NY10266,"SIMON, JO ANNE",C,1,DEM,$0,0,384.2,0,64216.01,63831.81,0,0,0,0,0,0,0,NY,10,,,,,,0,0,07/14/2026,0,0
H2NY10308,"GOLDMAN, DANIEL",I,1,DEM,"$8,365,109",748122.5,8138828.03,0,932248.88,1158530.28,0,2125000,0,0,0,7518995.32,4997893.15,NY,10,,,,,,483751,613,06/30/2026,137703.62,19000
H6NY10143,"MAJID, SAVAIL",C,1,DEM,"$4,843",0,1633.46,0,0,3925.97,0,1541.83,0,0,0,1541.83,3301,NY,10,,,,,,0,0,06/30/2026,0,0
H6NY10176,"LANDER, BRAD MR.",C,1,DEM,"$2,455,130",0,2399793.63,0,0,55336.21,0,0,0,0,0,0,2406129.84,NY,10,,,,,,49000,0,06/30/2026,10125.5,0
H2NY10134,"HAMDAN, BENINE",C,2,REP,"$20,000",0,0,0,0,0,0,20000,0,0,0,20000,0,NY,10,,,,,,0,0,06/30/2026,0,0
H6NY11232,"MCGHIE, TROY",C,1,DEM,"$79,597",0,79596.72,0,0,0,250,0,0,0,0,0,71346.72,NY,11,,,,,,1500,0,06/03/2026,270,0
H6NY11257,"USMAN, UMAR",C,1,DEM,$0,0,0,0,0,0,0,0,0,0,0,0,0,NY,11,,,,,,0,0,06/30/2026,0,0
H6NY11265,"DECILLIS, MICHAEL",C,1,DEM,"$67,616",0,32325.69,0,0,35290.12,0,0,0,0,0,0,67615.8,NY,11,,,,,,0,0,06/30/2026,100,0
H6NY11273,"ZIOGAS, ALLISON",C,1,DEM,"$130,557",0,130556.74,0,0,0,0,0,0,0,0,0,103056.74,NY,11,,,,,,27500,0,06/30/2026,0,0
H8NY11097,"DECILLIS, ALFRED MICHAEL",C,1,DEM,"$67,616",0,32325.69,0,0,35290.12,0,0,0,0,0,0,67615.8,NY,11,,,,,,0,0,06/30/2026,100,0
H8NY11139,"MOHAN, RADHAKRISHNA",C,1,DEM,$0,0,0,0,1746.33,1746.33,0,0,0,0,0,83395,0,NY,11,,,,,,0,0,06/30/2026,0,0
H0NY11078,"MALLIOTAKIS, NICOLE",I,2,REP,"$2,750,505",478728.26,1329411.37,5000,1346246.46,2767340.17,0,0,0,0,0,0,1096872.23,NY,11,,,,,,1072300,0,06/30/2026,14112.84,2500
H0NY11086,"SALADINO, JOSEPH PETER",C,2,REP,$0,0,0,0,4880.92,4880.92,0,0,0,0,0,24361.47,0,NY,11,,,,,,0,0,06/30/2026,0,0
H0NY13074,"GRIMM, MICHAEL",C,2,REP,$0,0,52.92,0,52.92,0,0,0,0,0,0,0,0,NY,11,,,,,,0,0,06/30/2026,0,0
H2NY12197,"ABDELHAMID, RANA",C,1,DEM,"$2,653",0,67423.66,0,110669.8,45899.13,0,0,0,0,0,0,0,NY,12,,,,,,0,0,06/30/2026,0,0
H2NY17071,"NADLER, JERROLD L",I,1,DEM,"$258,402",0,313571.96,0,194551.65,139681.76,0,0,0,0,0,0,181827.37,NY,12,,,,,,70500,0,06/30/2026,626,0
H6NY12164,"ELKIND, LIAM",O,1,DEM,"$610,497",0,466931.42,0,0,143565.52,0,0,0,0,0,0,610496.94,NY,12,,,,,,0,0,06/30/2026,201862.5,0
H6NY12172,"LASHER, MICAH CHARLES",O,1,DEM,"$3,315,975",0,2232655.74,0,0,1088073.28,0,500000,0,0,0,500000,2793975.34,NY,12,,,,,,22000,0,06/30/2026,25500,0
H6NY12180,"PARDEE, ALAN",O,1,DEM,"$1,193,313",0,1156082.1,0,0,37231.11,250000,450000,0,450000,0,0,471824.45,NY,12,,,,,,0,0,06/30/2026,252755.88,0
H6NY12198,"DUNN, LAURA L. MS. ESQ.",O,1,DEM,"$211,426",0,169974.83,0,0,45710.84,23757.7,79559.59,0,0,0,146572.53,106955.64,NY,12,,,,,,1000,0,06/30/2026,250,0
H6NY12214,"BORES, ALEXANDER",O,1,DEM,"$3,991,278",0,2980611,0,0,1010666.92,0,0,0,0,0,0,3931527.92,NY,12,,,,,,59750,0,06/30/2026,31987,1750
H6NY12222,"FLOYD, JAMI",O,1,DEM,"$605,437",0,605436.91,0,0,0,43194.32,350000,0,318690.85,0,0,212219.45,NY,12,,,,,,0,0,09/07/2026,15290,0
H6NY12230,"KASKY, CAMERON",O,1,DEM,"$177,343",0,177342.71,0,0,0,0,0,0,0,0,0,173842.71,NY,12,,,,,,3500,0,03/31/2026,9500,0
H6NY12255,"SCHLOSSBERG, JOHN (JACK) BOUVIER KENNE",O,1,DEM,"$4,046,195",0,3620067.7,0,0,426127.54,200.64,1000000,0,0,0,1000000,3028559.4,NY,12,,,,,,13500,0,06/30/2026,27406.02,0
H6NY12271,"SHURKA, MATHEW",O,1,DEM,"$330,173",0,330173.12,0,0,0,0,0,100000,0,13666.29,86333.71,228873,NY,12,,,,,,0,0,06/30/2026,76510,0
H6NY12347,"CONWAY, GEORGE",O,1,DEM,"$7,086,218",0,6423787.18,0,0,662430.99,0,2000000,0,0,0,2101768.71,5083613.75,NY,12,,,,,,2000,0,06/30/2026,37504.38,0
H6NY12354,"DIEP, CHRISTOPHER",O,1,DEM,"$90,285",0,90284.91,0,0,0,73.27,84010,0,942.49,0,83480.91,6201.64,NY,12,,,,,,0,0,07/13/2026,0,0
H6NY12388,"SCHWALBE, NINA",O,1,DEM,"$686,838",0,677527.07,0,0,11295.36,7025,223000,0,23000,0,200000,451940.76,NY,12,,,,,,2000,0,06/30/2026,23363.73,0
H6NY12396,"TIMMINS, PATRICK JOHN MR.",O,1,DEM,"$35,355",0,36380.71,0,0,-1025.48,0,17908.23,60,1800,0,24068.23,17182.71,NY,12,,,,,,0,0,07/30/2026,0,0
H2NY12221,"ZUMBLUSKAS, MICHAEL",C,2,REP,$0,0,0,0,0,0,0,0,0,0,0,0,0,NY,12,,,,,,0,0,06/30/2025,0,0
H6NY12263,"JORDAN, AMY",O,2,REP,"$58,897",0,58896.52,0,0,0,3500,50000,0,845.03,0,0,5345,NY,12,,,,,,0,0,04/13/2026,0,0
H6NY12362,"ZAPPONE, MASSIMILIANO",O,2,REP,"$15,131",0,11762.75,0,0,3368.28,0,15000,0,10000,0,5000,131.03,NY,12,,,,,,0,0,06/30/2026,100,0
H6NY12404,"SHINKLE, CAROLINE",O,2,REP,"$155,145",0,71297.94,0,0,83846.68,1379.32,25000,0,0,0,35527,126721.3,NY,12,,,,,,1995,0,06/30/2026,0,0
H6NY14202,"ZUMBLUSKAS, MICHAEL K",C,2,REP,$0,0,0,0,0,0,0,0,0,0,0,0,0,NY,12,,,,,,0,0,06/30/2025,0,0
H2NY13096,"ESPAILLAT, ADRIANO",I,1,DEM,"$2,856,234",130325.17,3198111.94,3000,396424.69,54546.48,0,0,0,0,0,0,2209357.43,NY,13,,,,,,514975,0,06/30/2026,16528.07,1000
H6NY13105,"WRIGHT, KEITH L T",O,1,DEM,$0,0,0,0,0,0,0,0,0,0,0,200037.72,0,NY,13,,,,,,0,0,06/30/2026,0,0
H6NY13238,"AMADOR, JALIEL",C,1,DEM,"$5,699",0,5698.76,0,0,0,16.77,0,0,0,0,0,5681.99,NY,13,,,,,,0,0,02/27/2026,0,0
H6NY13253,"ROMERO, OSCAR",C,1,DEM,"$20,363",0,19654.76,0,0,708.73,0,15311.49,0,0,0,15311.49,5052,NY,13,,,,,,0,0,06/30/2026,125,0
H6NY13279,"AVILA CHEVALIER, DARIALIZA",C,1,DEM,"$1,354,602",73102.35,1132514.27,0,0,222087.41,0,0,0,0,0,0,1254162.47,NY,13,,,,,,26602.65,0,06/30/2026,18747.3,0
H4NY16079,"DOLAN, MARTIN WILLIAM MR",C,1,DEM,"$80,953",0,78490.33,0,0,2462.32,6118.54,72050,0,0,0,72050,0,NY,14,,,,,,0,2784.11,06/30/2026,0,0
H6NY14293,"GARCIA, FELIPE",C,1,DEM,"$22,368",0,22262.9,0,0,104.83,3500,2000,0,0,0,2000,16867.73,NY,14,,,,,,0,0,06/30/2026,0,0
H8NY15148,"OCASIO-CORTEZ, ALEXANDRIA",I,1,DEM,"$32,607,754",91000,20381468.84,0,3734646.88,15960931.7,0,0,0,0,0,0,31963298.55,NY,14,,,,,,28050,0,06/30/2026,159550.58,0
H2NY14128,"FORTE, TINA",C,2,REP,"$803,141",0,882617.67,0,82215.05,2738.07,0,0,0,0,0,15000,798609.64,NY,14,,,,,,0,0,06/30/2026,4275.72,0
H6NY14251,"HYSENAJ, DIAMANT",C,2,REP,"$342,896",0,311855.01,0,0,31040.96,0,8888.88,0,0,0,27912.88,333157.09,NY,14,,,,,,850,0,06/30/2026,0,0
H6NY14269,"RIVERA-DIAZ, ARIEL",C,2,REP,"$1,525",0,1494.5,0,0,7.2,0,0,0,0,0,0,1524.5,NY,14,,,,,,0,0,03/31/2026,0,0
H0NY15160,"TORRES, RITCHIE JOHN",I,1,DEM,"$6,908,655",2990170.03,4345915.84,0,11423981.97,13986720.96,0,0,0,0,0,0,2310384.33,NY,15,,,,,,700550,0,06/30/2026,10264.75,0
H0NY15194,"BLAKE, MICHAEL",C,1,DEM,"$412,123",0,326952.98,0,0,85169.62,0,0,40000,0,0,40000,372122.6,NY,15,,,,,,0,0,06/03/2026,0,0
H4NY15147,"VEGA, JOSE DAVID",C,1,DEM,"$290,837",0,280261.35,0,1273.43,11849.06,0,0,0,0,0,0,289336.98,NY,15,,,,,,1500,0,06/30/2026,5346.48,0
H6NY15175,"NEMORIN, DALOURNY",C,1,DEM,"$157,330",0,152942.46,0,0,4387.29,0,0,0,0,0,18866.59,152286.13,NY,15,,,,,,5000,0,06/30/2026,56,0
H6NY15191,"SEPTIMO, AMANDA N",C,1,DEM,"$11,380",0,0,0,0,11380,0,0,0,0,0,0,11380,NY,15,,,,,,0,0,12/31/2025,0,0
H0NY15111,"FAULKNER , MICHEL",C,2,REP,$0,0,0,0,232.13,232.13,0,0,0,0,0,10900,0,NY,15,,,,,,0,0,06/30/2026,0,0
H0NY16135,"GHEBREGHIORGIS, ANDOM A.",C,1,DEM,$0,0,0,0,89587.27,89587.27,0,0,0,0,0,0,0,NY,16,,,,,,0,0,06/30/2026,0,0
H0NY16143,"BOWMAN, JAMAAL",I,1,DEM,"$4,313",3000,75207.06,0,79884.3,8990.24,0,0,0,0,0,23125.47,1295,NY,16,,,,,,0,0,09/30/2025,-19434.1,-200
H4NY16061,"GERALD, MICHAEL BERNARD DR.",C,1,DEM,$0,0,3220,0,0,-1513.22,0,0,0,0,0,24577,0,NY,16,,,,,,0,0,03/31/2026,0,0
H4NY16087,"LATIMER, GEORGE",I,1,DEM,"$513,967",0,605959,4500,192653.99,100662.37,0,0,0,0,0,0,314059.13,NY,16,,,,,,189650,0,06/30/2026,670,0
H2NY16115,"FLISSER, MIRIAM LEVITT",C,2,REP,$0,0,2403.38,0,2403.38,0,0,0,0,0,0,0,0,NY,16,,,,,,0,0,06/30/2025,0,0
H0NY17174,"JONES, MONDAIRE",C,1,DEM,"$18,616",691.58,15756.71,0,42071.32,44930.42,0,0,0,0,0,0,0,NY,17,,,,,,0,0,06/30/2026,4566.19,0
H2NY22139,"MALONEY, SEAN PATRICK",I,1,DEM,"$15,000",0,31045.25,0,16045.25,0,0,0,0,0,0,0,0,NY,17,,,,,,0,0,12/31/2025,0,0
H6NY17155,"REINMANN, JESSICA",C,1,DEM,"$655,476",0,655476.09,54350,0,0,115000,120000,0,120000,0,0,420222.65,NY,17,,,,,,0,0,07/06/2026,30310,0
H6NY17163,"DAVIDSON, BETH",C,1,DEM,"$2,183,574",0,1999839.65,0,0,183734.59,0,30000,0,0,0,30000,2139101.99,NY,17,,,,,,9290,0,06/30/2026,16493.22,100
H6NY17171,"CONLEY, CAIT",C,1,DEM,"$4,317,457",178517,2998300.85,0,0,1319156.47,7000,0,0,0,0,0,3706160.25,NY,17,,,,,,422990.43,0,06/30/2026,28454.85,0
H6NY17189,"SACKS, MIKE",C,1,DEM,"$298,002",0,281081,0,0,16921.05,0,0,0,0,0,0,297976.77,NY,17,,,,,,0,0,06/03/2026,25,0
H6NY17197,"SULLIVAN, JOHN",C,1,DEM,"$485,229",0,482843.16,0,0,2385.7,3657,0,0,0,0,7000,457250.98,NY,17,,,,,,1000,0,06/30/2026,35394,0
H6NY17205,"PHILLIPS-STALEY, EFFIE",C,1,DEM,"$787,244",9413.93,776009.11,0,0,11309.81,7109.38,165000,30897,0,15000,206397,552573.69,NY,17,,,,,,3500,0,06/30/2026,132,0
H6NY17213,"CHATZKY, PETER",C,1,DEM,"$11,707,922",0,11707132.24,0,0,789.36,67005,11291000,0,10790960,0,0,349416.6,NY,17,,,,,,0,0,06/30/2026,66750,0
H6NY17221,"CAPPELLO, JOHN",C,1,DEM,"$78,826",0,75677.64,0,0,13545.73,0,0,0,0,0,27226.77,78826.32,NY,17,,,,,,0,0,06/30/2026,3500,0
H0NY17315,"MCARDLE SCHULMAN, MAUREEN B MRS",O,2,REP,$0,0,0,0,0,0,0,0,0,0,0,0,0,NY,17,,,,,,0,0,06/30/2026,0,0
H2NY17162,"LAWLER, MICHAEL VINCENT",I,2,REP,"$8,172,046",2958195.72,3500108.5,0,169368.52,4841305.62,0,0,0,0,0,0,3186004.97,NY,17,,,,,,1920804.94,5270,06/30/2026,130272.35,4000
H8NY19223,"RYAN, PATRICK",I,1,DEM,"$4,723,627",463035.51,1774339.46,0,167191.36,3116479.19,0,0,0,0,0,0,3604130.15,NY,18,,,,,,526546.61,0,06/30/2026,50629.65,500
H4NY00057,"GWINN, LOVELYNN",C,2,REP,$0,0,0,0,2116.33,2116.33,0,0,0,0,0,48032.25,0,NY,18,,,,,,0,0,06/30/2026,0,0
H4NY18117,"ESPOSITO, ALISON",C,2,REP,"$5,115",0,8450.45,0,13859.11,10523.37,0,0,0,0,0,0,-1175.88,NY,18,,,,,,0,0,06/30/2026,0,0
H6NY18179,"CASTRICONE, DAN",C,2,REP,$0,0,0,0,2835.57,2835.57,0,0,0,0,0,29793.41,0,NY,18,,,,,,0,0,06/30/2026,0,0
H6NY18252,"AURINGER, JACKIE MARY",C,2,REP,"$89,698",0,28442.66,0,0,61255.39,0,0,0,0,0,0,80898.05,NY,18,,,,,,8800,0,06/30/2026,0,0
H8NY22177,"RILEY, JOSH",I,1,DEM,"$4,825,666",560580.5,1703031.95,0,68319.61,3190953.67,0,0,0,0,0,0,3492055.66,NY,19,,,,,,738521,5022.48,06/30/2026,97011.12,8000
H2NY19127,"MOLINARO, MARCUS J.",I,2,REP,"$19,407",19161.06,71366.07,0,51958.84,0,0,0,0,0,0,0,246.17,NY,19,,,,,,0,0,09/30/2025,-7679.39,-3834.58
H6NY19193,"HEANEY, ANDREW",O,2,REP,$0,0,120,0,286.39,166.39,0,0,0,0,0,23312.5,0,NY,19,,,,,,0,0,06/30/2026,0,0
H6NY19268,"OBERACKER, PETER KARL JR",C,2,REP,"$1,237,179",385188.46,844311.42,45000,0,392867.56,0,130000,0,30000,0,100000,455096.53,NY,19,,,,,,249000,10000,06/30/2026,0,0
H0NY20079,"MURPHY, SCOTT M",I,1,DEM,$8,0,3500,0,17959.17,14467.01,0,0,0,0,0,0,0,NY,20,,,,,,0,0,06/30/2026,0,0
H8NY20080,"FEINER, PAUL J",C,1,DEM,$0,0,41416.01,41416.01,41416.01,0,0,0,0,0,0,0,0,NY,20,,,,,,0,0,06/30/2026,0,0
H8NY21203,"TONKO, PAUL DAVID",I,1,DEM,"$957,587",0,1152761.13,0,599501.91,404327.47,0,0,0,0,0,0,338374.26,NY,20,,,,,,616955,0,06/30/2026,86,0
H6NY20225,"AMBROSIO, RALPH",C,2,REP,"$29,026",0,20906.84,0,0,8118.81,0,0,0,0,0,0,27690.52,NY,20,,,,,,1335.13,0,06/30/2026,0,0
H2NY21115,"NELSON, PATRICK F",C,1,DEM,$0,0,0,0,0,0,0,0,0,0,0,3002.37,0,NY,21,,,,,,0,0,06/30/2026,0,0
H2NY21164,"CASTELLI, MATT",C,1,DEM,$455,236.62,72110,0,81483.1,9827.72,0,0,0,0,0,0,0,NY,21,,,,,,0,0,06/30/2026,0,0
H4NY21145,"COLLINS, PAULA",O,1,DEM,"$13,513",0,14267.84,0,95408.12,94658.15,0,1000,0,0,0,41732.13,12477.87,NY,21,,,,,,0,0,05/20/2025,0,0
H6NY21199,"GENDEBIEN, BLAKE",O,1,DEM,"$5,461,528",18000,3091284.75,0,252341.49,2622584.95,125,0,0,0,0,0,5333625.81,NY,21,,,,,,60400,0,06/30/2026,47405.29,1100
H6NY21207,"HEWITT, DYLAN",O,1,DEM,"$351,852",0,310151.97,0,0,41699.79,7000,0,0,0,0,0,341638.65,NY,21,,,,,,250,0,06/30/2026,110793,0
H6NY21223,"AMORIELL, STUART JAMESON",O,1,DEM,"$137,556",0,130082.35,0,0,7473.75,5000,110004.79,0,8000,0,115639.34,22080.43,NY,21,,,,,,0,0,06/03/2026,5007,0
H4NY21079,"STEFANIK, ELISE M.",I,2,REP,"$5,000,243",2212597.4,2920776.57,0,8747917.48,10827384.24,0,0,0,0,0,0,2433918.57,NY,21,,,,,,289592.86,20000,06/30/2026,438257.77,66500
H6NY21157,"CONSTANTINO, ANTHONY THOMAS",O,2,REP,"$9,460,254",0,8730755.45,0,2306886.83,3036385.69,0,9400000,0,0,0,12000000,0,NY,21,,,,,,7000,0,06/30/2026,0,0
H6NY21215,"SMULLEN, ROBERT",O,2,REP,"$1,347,403",15478.57,1155600.41,0,0,191802.28,0,1000000,0,0,0,1000000,258374.12,NY,21,,,,,,73550,0,06/30/2026,0,0
H2NY24150,"KLEE HOOD, SARAH",C,1,DEM,$0,0,1480.3,0,1480.3,0,0,0,0,0,0,0,0,NY,22,,,,,,0,0,04/09/2025,0,0
H4NY22085,"MANNION, JOHN W",I,1,DEM,"$2,694,739",106119.86,979982.66,0,128241.3,1842997.29,0,0,0,0,0,0,1703048.58,NY,22,,,,,,826310.66,5309.87,06/30/2026,9114.67,3500
H4NY22093,"ADDINGTON, JACOB TAY",C,1,DEM,$0,0,4197.62,0,4197.62,0,0,0,0,4197.62,0,0,0,NY,22,,,,,,0,0,01/28/2025,0,0
H2NY22212,"WILLIAMS, BRANDON MCDONALD",I,2,REP,"$2,292",3319.11,8363.4,0,6071.03,0,0,0,0,0,0,0,-2226.74,NY,22,,,,,,0,0,06/30/2026,0,0
H6NY22163,"SALKA, JOHN JOSEPH MR.",C,2,REP,"$8,650",0,8650.15,0,0,0,100,2000,0,0,0,2000,6550,NY,22,,,,,,0,0,10/22/2025,3675,0
H6NY22171,"LEMONDES, JOHN",C,2,REP,"$41,022",0,40613.07,0,0,408.54,0,0,0,0,0,0,35996.61,NY,22,,,,,,4025,1000,06/30/2026,0,0
H6NY22213,"BULLER, KAILEE",C,2,REP,"$267,339",0,80751.33,0,0,186587.28,0,22000,0,0,0,22000,217988.61,NY,22,,,,,,27350,0,06/30/2026,0,0
H4NY23075,"CARLE, THOMAS A",C,1,DEM,$260,0,938.42,0,-2838.59,-3517.41,0,0,0,0,0,0,259.6,NY,23,,,,,,0,0,02/06/2026,150,0
H6NY23534,"STOCKER, KEVIN",C,1,DEM,"$185,809",0,190924.97,0,0,0,0,182795.83,0,0,0,0,3013,NY,23,,,,,,0,0,07/13/2026,0,0
H6NY23542,"COLLINS, STEPHEN",C,1,DEM,"$10,190",0,0,0,0,0,0,0,0,0,0,0,10190,NY,23,,,,,,0,0,03/31/2026,0,0
H6NY23559,"GIES, AARON DR.",C,1,DEM,"$227,174",6000,203234.62,0,0,17795.38,0,0,0,0,0,0,221174.36,NY,23,,,,,,0,0,06/30/2026,0,0
H2NY23145,"MOON, RICHARD",O,2,REP,$0,0,0,0,0,0,0,0,0,0,0,3500,0,NY,23,,,,,,0,0,06/30/2026,0,0
H2NY23228,"LANGWORTHY, NICK",I,2,REP,"$2,326,405",332991.19,942715.25,0,1093808.09,2477497.8,0,0,0,0,0,0,893794.6,NY,23,,,,,,1025680.01,6462,06/30/2026,26396.9,500
H3NY23010,"KING, JAMES GEORGE",C,2,REP,"$5,434",0,5434.36,0,0,0,0,4500,0,0,0,4500,934.36,NY,23,,,,,,0,0,06/30/2026,0,0
H2NY24127,"HOLDEN, STEVEN WESLEY SR.",C,1,DEM,"$66,496",0,46424.5,0,11059.71,19631.21,44000,0,0,0,0,0,22496,NY,24,,,,,,0,0,03/31/2026,0,0
H6NY24219,"ELLMAN, ALISSA",C,1,DEM,"$193,088",0,180237.51,0,0,12850.3,10000,17597.4,0,0,0,17597.4,157890.41,NY,24,,,,,,7500,100,06/30/2026,129,0
H6NY27170,"KASTENBAUM, DIANA KISIEL",C,1,DEM,"$77,041",0,76618.24,0,0,423.24,0,39100,0,0,0,44388.55,37941.48,NY,24,,,,,,0,0,06/30/2026,0,0
H4NY22051,"TENNEY, CLAUDIA",I,2,REP,"$2,763,139",478905.47,1745054.58,0,355002.36,1373086.59,0,0,0,0,0,0,1058433.42,NY,24,,,,,,1220160,0,06/30/2026,1200.5,0
H6NY25182,"TRAYWICK, SHERITA MRS.",C,1,DEM,"$14,123",0,16353.52,0,1063.16,415.94,0,0,0,0,0,0,13963,NY,25,,,,,,0,0,06/30/2026,0,0
H8NY25105,"MORELLE, JOSEPH D",I,1,DEM,"$1,786,904",188000,1759069.53,0,380204.28,408038.29,0,0,0,0,0,0,735140.1,NY,25,,,,,,853475,0,06/30/2026,2892.08,0
H8NY25113,"WILT, ROBIN",C,1,DEM,"$45,174",0,45827.41,0,0,1296.59,18555,0,0,0,0,0,25119,NY,25,,,,,,1500,0,06/30/2026,0,0
H2NY25082,"SINGLETARY, LA'RON DESMOND",C,2,REP,$0,0,0,0,88.93,88.93,0,0,0,0,0,107934.34,0,NY,25,,,,,,0,0,06/30/2026,0,0
H4NY25054,"SADWICK, GREGG ANTHONY MR",C,2,REP,$0,0,44048.83,0,44048.83,0,0,0,0,41084.85,0,568915.15,0,NY,25,,,,,,0,0,01/10/2025,0,0
H6NY25208,"MCINTYRE, VIRGINIA",C,2,REP,"$32,416",0,20155.38,0,0,12261.05,0,0,0,0,0,0,30416.43,NY,25,,,,,,0,2000,06/30/2026,0,0
H4NY26078,"KENNEDY, TIMOTHY",I,1,DEM,"$2,310,288",8500,1435474.77,0,339064.55,1213877.96,0,0,0,0,0,0,1713469.97,NY,26,,,,,,575739,0,06/30/2026,49440,3285.25
H4NY26094,"MCMURRAY, NATHAN DOUGLAS",O,1,DEM,$0,0,0,0,0,0,0,0,0,0,0,2884.95,0,NY,26,,,,,,0,0,08/31/2025,0,0
H8NY29032,"COLLINS, CHRISTOPHER C",I,2,REP,"$3,410,000",0,2462419.55,0,0,947580.45,8000,3402000,0,0,0,3402000,0,NY,27,,,,,,0,0,07/29/2026,0,0
H6NY29168,"MASSA, ERIC JJ",I,1,DEM,$0,0,140,0,42158.03,42018.03,0,0,0,0,0,0,0,NY,29,,,,,,0,0,06/30/2026,0,0
H6NY36015,"LAFALCE, JOHN J",C,1,DEM,$825,0,115003.52,0,114178.99,0,0,0,0,0,0,0,0,NY,29,,,,,,0,0,09/30/2025,0,0
H2OH01194,"LANDSMAN, GREG",I,1,DEM,"$4,633,250",832158.4,1203151.62,0,180114.91,3610213.67,0,0,0,0,0,0,2810230.49,OH,1,,,,,,970742.21,5945.47,06/30/2026,9431.32,19165.65
H2OH02093,"KUNDRATA, FREDERICK LOUIS III",C,1,DEM,$0,0,0,0,794.67,794.67,0,0,0,0,0,237687.81,0,OH,1,,,,,,0,0,06/30/2026,0,0
H6OH01187,"LYNCH, DAMON IV",C,1,DEM,"$13,630",0,9409.3,0,0,4220.98,0,0,0,0,0,0,13630.28,OH,1,,,,,,0,0,04/22/2026,0,0
H6OH01138,"CONROY, ERIC",C,2,REP,"$1,513,614",332362.5,1039457.48,95882.96,0,474156.2,38641.88,287500,0,122500,0,394102.41,572462.71,OH,1,,,,,,282646.59,0,06/30/2026,41804.29,1000
H6OH01146,"OGLESBY-HENRY, ROSEMARY",C,2,REP,"$44,090",0,42463.4,0,0,185.78,2502.16,0,0,0,0,0,40687.92,OH,1,,,,,,0,0,04/15/2026,0,0
H6OH01161,"ERBECK, STEVEN",C,2,REP,"$834,934",0,834934.06,0,0,0,0,424286.84,0,245000,0,0,209143.93,OH,1,,,,,,10000,0,09/30/2026,53102.84,5000
H6OH01195,"ADAMS, HOLLY",C,2,REP,"$412,794",0,412794.06,0,0,0,2216.57,400000,0,284643.58,0,0,6296.84,OH,1,,,,,,0,0,06/22/2026,1,0
H4OH02222,"WESSELS, HERMANN JOSEPH MR. JR",O,1,DEM,$983,0,983,0,0,0,0,0,0,0,0,0,983,OH,2,,,,,,0,0,02/08/2026,0,0
H6OH02318,"WILSON, TODD ALAN MR.",C,1,DEM,"$1,065",0,845.33,0,0,219.67,0,100,0,0,0,100,965,OH,2,,,,,,0,0,06/30/2026,0,0
H2OH08082,"HEIMLICH, PHIL",O,2,REP,$64,0,64,0,-3586.22,-3586.22,64,0,0,0,0,90414.09,0,OH,2,,,,,,0,0,06/30/2026,0,0
H4OH02172,"ANTANI, NIRAJ JAIMINI",O,2,REP,$0,0,0,0,0,0,0,0,0,0,0,149016.62,0,OH,2,,,,,,0,0,06/30/2026,0,0
H4OH02206,"KIDD, LARRY",O,2,REP,"$8,094",0,8765,0,870.86,200,350,0,0,6665,0,1522799.62,0,OH,2,,,,,,0,0,06/30/2026,0,0
H4OH02214,"O'HARA, TIM",O,2,REP,$0,0,0,0,0,0,0,0,0,0,0,1266596.87,0,OH,2,,,,,,0,0,06/30/2026,0,0
H4OH02248,"TAYLOR, DAVID",I,2,REP,"$1,095,248",39345.19,780078.41,0,127807.74,442977.21,0,0,0,0,0,1707300,624834.38,OH,2,,,,,,429000,0,06/30/2026,18928.58,0
H4OH02271,"HOOD, RON",O,2,REP,$0,0,1994.36,0,2392.14,0,0,0,0,0,0,0,0,OH,2,,,,,,0,0,10/27/2025,0,0
H8OH02058,"HEIMLICH, PHILIP MURRAY",O,2,REP,$64,0,64,0,-3586.22,-3586.22,64,0,0,0,0,90414.09,0,OH,2,,,,,,0,0,06/30/2026,0,0
H2OH03125,"BEATTY, JOYCE",I,1,DEM,"$1,201,451",0,1137203.68,0,2712573.5,2776821.02,0,0,0,0,0,2500,306097.61,OH,3,,,,,,886716.66,2800,06/30/2026,0,0
H6OH04173,"WILSON, TAMARA",C,1,DEM,"$22,050",0,0,0,498770.42,520819.93,0,0,0,0,0,0,22049.51,OH,4,,,,,,0,0,03/31/2025,0,0
H6OH04181,"KOLASINSKI, JOSHUA",C,1,DEM,"$12,868",0,12403.17,0,0,464.84,100,5000,0,0,0,18221.52,7668.01,OH,4,,,,,,0,100,06/30/2026,0,0
H6OH04082,"JORDAN, JAMES D.",I,2,REP,"$4,774,322",202308.94,6230901.81,458513.51,7486880.59,6030300.82,0,0,0,0,0,0,3289988.27,OH,4,,,,,,529815.34,0,06/30/2026,32699.32,10000
H2OH05070,"HEBERLING, MARTIN MATHIAS MR. III",C,1,DEM,"$10,900",0,10769.89,0,0,130.11,0,10700,0,0,0,12197.55,200,OH,5,,,,,,0,0,06/30/2026,0,0
H6OH05113,"BURKET, DANIEL",C,1,DEM,"$7,551",0,7551.26,0,0,0,1264.26,35,0,0,0,0,6252,OH,5,,,,,,0,0,05/21/2026,0,0
H6OH05154,"SHAVER, BRIAN ALAN MR.",C,1,DEM,"$11,664",0,7258.22,0,4335.95,8741.9,0,5523.47,0,0,0,5523.47,3865.7,OH,5,,,,,,0,2275,06/30/2026,0,0
H6OH16136,"MUNDY, KEITH FRANCIS",C,1,DEM,"$4,091",0,4191.64,0,-1504.55,-1604.89,504.8,0,0,0,0,2000,225,OH,5,,,,,,3361.5,0,03/31/2026,0,0
H8OH05036,"LATTA, ROBERT EDWARD",I,2,REP,"$1,461,648",29700,1038449.99,0,596795.08,1019992.61,0,0,0,0,0,0,610476.79,OH,5,,,,,,810650,0,06/30/2026,1,2000
H4OH06231,"KRIPCHAK, MICHAEL LAWRENCE",C,1,DEM,"$2,000",0,5112.22,0,6111.17,2882.79,1375,0,0,0,0,0,625,OH,6,,,,,,0,0,06/30/2026,0,0
H6OH06160,"RITCHIE, MALCOLM",C,1,DEM,"$19,728",0,19727.84,0,0,0,11414.75,0,0,0,0,0,8047.13,OH,6,,,,,,250,0,05/21/2026,30,0
H6OH06194,"CONNOLLY, SEAN MICHAEL",C,1,DEM,"$4,546",0,2427.29,0,0,2118.71,605,0,0,0,0,0,3941,OH,6,,,,,,0,0,03/31/2026,0,0
H6OH06202,"VITUS, ADRIAN J",C,1,DEM,"$32,240",0,31272.81,0,0,967.34,1401.05,0,0,0,0,0,30820.57,OH,6,,,,,,0,0,06/30/2026,0,0
H6OH06210,"HANNI, BRENT CHARLES",C,1,DEM,"$9,424",0,9868.44,0,0,-2472.08,0,0,0,0,0,0,9424.12,OH,6,,,,,,0,0,07/14/2026,0,0
H6OH06244,"KIRTLEY, ELIZABETH ANN MRS.",C,1,DEM,"$1,132",0,62.76,0,0,1068.94,0,0,0,0,0,0,1131.7,OH,6,,,,,,0,0,06/30/2026,0,0
H4OH06165,"RULLI, MICHAEL",I,2,REP,"$1,112,553",136374.33,913478.93,200000,70637.11,269711.01,0,0,0,0,0,0,254129.94,OH,6,,,,,,705286.28,0,06/30/2026,10496.86,7500
H4OH06181,"STOLTZFUS, REGGIE",O,2,REP,$0,0,0,0,0,0,0,0,0,0,0,380803.24,0,OH,6,,,,,,0,0,06/30/2026,0,0
H2OH07167,"HEALY-ABRAMS, JOYCE",O,1,DEM,$0,0,0,0,0,0,0,0,0,0,0,290500.13,0,OH,7,,,,,,0,0,03/31/2026,0,0
H6OH07135,"EISNER, MICHAEL",C,1,DEM,"$69,931",0,69930.59,0,0,0,1727.72,0,0,0,0,0,68102.87,OH,7,,,,,,100,0,06/30/2026,0,0
H6OH07143,"FITZGERALD, EDWARD O'DONNELL",C,1,DEM,"$281,272",0,295882.44,0,0,-76245.87,0,24425.99,0,0,0,63938.43,256595.67,OH,7,,,,,,250,0,06/30/2026,0,0
H6OH07150,"SCHULZ, SCOTT",C,1,DEM,"$30,866",0,31735.15,0,869,0,0,0,0,932.25,0,3857.03,30866.15,OH,7,,,,,,0,0,06/08/2026,0,0
H6OH07168,"POINDEXTER, BRIAN",C,1,DEM,"$603,156",0,290865.42,0,0,312290.17,1420.6,0,0,0,0,0,439659.22,OH,7,,,,,,162073,0,06/30/2026,96.5,2400
H6OH07176,"RODRIGUEZ-CARBONE, LAURA D",C,1,DEM,"$13,122",0,13121.56,0,0,0.24,7493.32,100,0,100,0,0,4712.54,OH,7,,,,,,250,0,06/30/2026,0,0
H0OH18077,"GIBBS, ROBERT",I,2,REP,"$5,167",0,17766.7,0,203113.1,190513.24,0,0,0,0,0,0,0,OH,7,,,,,,0,0,06/30/2026,0,0
H2OH16051,"MILLER, MAX",I,2,REP,"$2,142,562",559412.6,937959.47,0,174529.39,1379131.85,0,0,0,30000,0,970000,924384.95,OH,7,,,,,,656840.8,0,06/30/2026,9625,0
H2OH16069,"SCHULZ, JONAH",C,2,REP,"$15,510",0,15510,0,0,0,0,0,0,0,0,0,15510,OH,7,,,,,,0,0,10/28/2025,0,0
H8OH07065,"AUSTRIA, STEVE C",C,2,REP,$0,0,0,0,275935.98,275935.98,0,0,0,0,0,0,0,OH,7,,,,,,0,0,06/30/2026,0,0
H6OH08364,"GRANT, MADARIS",C,1,DEM,"$31,496",0,33672.95,0,0,420,0,250,0,250,0,0,31245.88,OH,8,,,,,,0,0,08/03/2026,0,0
H8OH08097,"ENOCH, VANESSA L. DR.",C,1,DEM,$0,0,0,0,0,2987.38,0,0,0,0,0,0,25395.53,OH,8,,,,,,2987.38,11204.49,06/30/2026,0,0
H4OH08138,"ROGERS, MARY C",C,2,REP,$0,0,2094,2000,0,-2000,0,0,0,0,0,0,0,OH,8,,,,,,0,0,12/31/2025,0,0
H6OH08315,"DAVIDSON, WARREN",I,2,REP,"$661,353",204597.92,526144.94,0,394701.11,529909.58,0,0,0,0,0,0,166376.09,OH,8,,,,,,273950,0,06/30/2026,3513.98,2000
H2OH09031,"KAPTUR, MARCY HON. M.C.",I,1,DEM,"$4,303,416",865878,1260674.13,0,448926.49,3491668,0,0,0,0,0,0,2303405.52,OH,9,,,,,,1126724.8,0,06/30/2026,29474.39,4000
H2OH09171,"GAVARONE, THERESA",C,2,REP,$0,0,1102.5,0,2587.21,1484.71,0,0,0,0,0,50000,0,OH,9,,,,,,0,0,06/30/2026,0,0
H2OH09189,"RIEDEL, CRAIG",C,2,REP,$0,0,998.99,0,1284.38,285.39,0,0,0,0,0,384196.95,0,OH,9,,,,,,0,0,06/30/2026,0,0
H4OH09169,"MERRIN, DEREK",C,2,REP,"$1,508,953",627766.89,1054389.42,263825.51,76651.15,531214.34,0,310000,0,280000,0,88351.8,451830.75,OH,9,,,,,,116900,0,06/30/2026,3759.42,0
H6OH09115,"NADEEM, ALEA",C,2,REP,"$749,818",31984.46,749818.04,0,0,0,0,0,0,0,0,0,683460.07,OH,9,,,,,,29000,5000,09/30/2026,21200,0
H6OH09123,"KINSEL, WAYNE CHARLES",C,2,REP,"$90,565",0,57544.39,0,0,33020.33,52193.56,0,0,0,0,0,36371.16,OH,9,,,,,,2000,0,09/30/2025,0,0
H6OH09131,"WILLIAMS, JOSH",C,2,REP,"$957,090",0,932009.91,0,0,25080.32,0,10000,0,0,0,142404.07,932290.23,OH,9,,,,,,14800,0,06/30/2026,41083.86,0
H6OH09149,"CAMPBELL, ANTHONY BRUCE",C,2,REP,"$34,319",0,27639.52,0,0,6679.57,0,27656.73,0,0,0,27656.73,6662.36,OH,9,,,,,,0,0,04/15/2026,1,0
H6OH09172,"SHEAHAN, MADISON",C,2,REP,"$272,458",86147.84,272242.36,0,0,215.72,0,0,0,0,0,0,159508.95,OH,9,,,,,,25000,0,06/30/2026,94042.02,10000
H4OH10191,"POMBO, TONY",C,1,DEM,"$162,774",0,94626.32,0,1635.25,69783.36,0,125000,0,0,0,135000,37774.43,OH,10,,,,,,0,0,06/30/2026,0,0
H6OH10121,"KNICKERBOCKER, KRISTINA",C,1,DEM,"$362,666",7400,237505.91,0,0,125159.62,28.02,7000,0,0,0,48361.5,321737.5,OH,10,,,,,,26500,0,06/30/2026,241,0
H6OH10139,"BECKETT, JANICE",C,1,DEM,"$29,827",0,29827.47,0,0,0,9641.47,0,0,0,0,0,20186,OH,10,,,,,,0,0,06/30/2026,0,0
H6OH10147,"KINNER, JAN",C,1,DEM,"$14,728",0,14728.3,0,0,0,14173.04,0,0,0,0,0,555.26,OH,10,,,,,,0,0,05/13/2026,1482.87,0
H2OH03067,"TURNER, MICHAEL R REP.",I,2,REP,"$894,595",118739.04,768735.49,0,430424.96,556284.07,0,0,0,0,0,0,376197.66,OH,10,,,,,,399000,0,06/30/2026,5250,0
H2OH11169,"BROWN, M SHONTEL",I,1,DEM,"$1,183,643",0,882901.37,0,855814.06,1156555.94,0,0,0,0,0,0,448898.41,OH,11,,,,,,723196,0,06/30/2026,648.67,13100
H8OH11141,"FUDGE, MARCIA L.",I,1,DEM,"$12,600",0,150311.35,0,137711.35,0,0,0,0,0,0,0,0,OH,11,,,,,,0,0,09/22/2025,0,0
H0OH11072,"MANDEL, JOSHUA A",C,2,REP,$276,0,9769.21,0,-18329.24,-27822.31,0,0,0,0,0,122480.92,0,OH,11,,,,,,0,0,06/30/2026,0,0
H0OH11106,"SCHULZ, JONAH",C,2,REP,"$15,510",0,15510,0,0,0,0,0,0,0,0,0,15510,OH,11,,,,,,0,0,10/28/2025,0,0
H4OH12080,"CHRISTIAN, JERRAD SHANE",C,1,DEM,"$84,378",0,69209.88,0,3757.68,18925.3,0,0,0,0,0,0,82127.23,OH,12,,,,,,250,2000,06/30/2026,442,0
H6OH12143,"CRAWFORD, DANIEL H",C,1,DEM,$179,0,443.59,0,277.33,12.43,153.69,0,0,0,0,0,25,OH,12,,,,,,0,0,05/22/2026,0,0
H8OH15050,"MILLER, ADAM CLAY",O,1,DEM,"$905,875",0,891059.97,0,3613.63,18428.46,38590,146600,0,114750,0,99643.6,657535.74,OH,12,,,,,,62500,500,06/30/2026,8744,0
H0OH12062,"TIBERI, PATRICK J.",I,2,REP,"$334,357",0,373818.05,0,4935238.45,4895777.53,0,0,0,0,0,0,0,OH,12,,,,,,0,0,06/30/2026,0,0
H8OH12180,"BALDERSON, WILLIAM TROY",I,2,REP,"$1,743,281",63221.62,767354.32,0,1006424.82,1982351.53,0,0,0,0,0,0,628215.29,OH,12,,,,,,1040300,0,06/30/2026,8201,3000
H2OH13264,"SYKES, EMILIA",I,1,DEM,"$3,137,440",183102.93,1362656.21,0,122678.54,1897462.29,0,0,0,0,0,0,1923893.57,OH,13,,,,,,1000913.34,5863.81,06/30/2026,5031.72,2100
H2OH09163,"GILBERT, MADISON GESIOTTO",C,2,REP,$0,0,0,0,0,0,0,0,0,0,0,208759.21,0,OH,13,,,,,,0,0,06/30/2026,0,0
H4OH13153,"COUGHLIN, KEVIN",C,2,REP,$0,0,4603.86,2578.86,4603.86,0,0,0,0,0,0,0,0,OH,13,,,,,,0,0,03/31/2025,0,0
H6OH13265,"BRIEM, MARGARET ELIZABETH",C,2,REP,"$7,720",0,7719.67,0,0,0,100,0,0,0,0,0,7619.67,OH,13,,,,,,0,0,06/16/2026,1,0
H6OH13281,"KEVIN, SIEMBIDA",C,2,REP,"$33,659",0,32853.37,0,0,805.94,0,25125,0,0,0,25125,8534.31,OH,13,,,,,,0,0,06/30/2026,1,0
H6OH13299,"PATEL, NIRANJAN NEIL MR",C,2,REP,"$46,486",0,41138.35,0,0,5347.22,0,0,17885.33,0,0,17885.33,28100.24,OH,13,,,,,,500,0,06/30/2026,0,0
H6OH13307,"COLEMAN, CAREY",C,2,REP,"$127,109",2000,49381.92,0,0,77727.37,0,51000,0,0,0,57777.83,65571.79,OH,13,,,,,,8000,0,06/30/2026,952.21,0
H8OH16108,"HAGAN, CHRISTINA",C,2,REP,$0,0,5589.1,0,15182.9,9593.8,0,0,0,0,0,0,0,OH,13,,,,,,0,0,06/30/2026,0,0
H6OH14230,"SETZER, CARL",C,1,DEM,"$18,262",0,15008.69,0,0,3253.59,0,0,0,0,0,0,16483,OH,14,,,,,,1779.28,0,06/30/2026,11,0
H6OH14248,"JUKIC, MARIA",C,1,DEM,"$61,678",291.77,19514.99,0,0,33692.83,80.04,0,0,0,0,9012.22,61305.75,OH,14,,,,,,0,0,06/30/2026,0,0
H2OH14064,"JOYCE, DAVID P.",I,2,REP,"$1,410,643",0,1031923.74,0,2742875.45,3121594.77,0,0,0,0,0,0,383806.12,OH,14,,,,,,967101,0,06/30/2026,2001,3000
H4OH14128,"CROSS, ELAYNE",C,2,REP,$0,0,196.48,0,196.48,0,0,0,0,19.32,0,5536.42,0,OH,14,,,,,,0,0,06/30/2026,0,0
H6OH14222,"NICOLE, FRENCHKO MICHELE",C,2,REP,"$40,606",0,38847.61,0,0,1898.44,51.03,20000,0,0,0,0,20555.02,OH,14,,,,,,0,0,06/30/2026,1,0
H2OH12118,"O'CONNOR, DANIEL JAY JR.",C,1,DEM,"$7,682",0,26835.61,0,242486.38,223332.66,0,0,0,0,0,0,0,OH,15,,,,,,0,0,06/30/2026,0,0
H4OH15083,"MILLER, ADAM CLAY",C,1,DEM,"$905,875",0,891059.97,0,3613.63,18428.46,38590,146600,0,114750,0,99643.6,657535.74,OH,15,,,,,,62500,500,06/30/2026,8744,0
H6OH15112,"LEONARD, DON RALPH",C,1,DEM,"$606,658",0,354255.88,0,0,252401.72,1919.63,10000,0,0,0,10000,583487.97,OH,15,,,,,,11250,0,06/30/2026,0,1500
H2OH15137,"STEWART, BRIAN",O,2,REP,$0,0,0,0,0,0,0,0,0,0,0,0,0,OH,15,,,,,,0,0,06/30/2026,0,0
H2OH15145,"LARE, JEFF",C,2,REP,$0,0,0,0,2550,2550,0,0,0,0,0,26473.75,0,OH,15,,,,,,0,0,06/30/2026,0,0
H2OH15228,"CAREY, MIKE",I,2,REP,"$3,299,679",654668.11,1404260.15,0,161294.31,2056712.66,0,0,0,0,0,0,900358.7,OH,15,,,,,,1742150,500,06/30/2026,17064.65,6500
H8OH15076,"STIVERS, STEVE MR.",I,2,REP,$0,0,42522.26,0,76767.94,34245.68,0,0,0,0,0,0,0,OH,15,,,,,,0,0,06/30/2026,-38900,-12000
H8OH16066,"SCHURING, KIRK",O,2,REP,$0,0,0,0,2592.01,2592.01,0,0,0,0,0,58178.28,0,OH,16,,,,,,0,0,06/30/2026,0,0
H4OK01107,"BAKER, DENNIS",O,1,DEM,"$10,640",0,47240,0,35336.19,128566.3,0,0,5040,10000,0,5040,50,OK,1,,,,,,0,0,06/30/2026,0,0
H6OK01201,"CROISANT, JOHN THOMAS",O,1,DEM,"$141,972",0,105392.97,0,0,36578.59,1000,0,0,0,0,0,140971.56,OK,1,,,,,,0,0,06/30/2026,150,0
H6OK01227,"WATKINS, ERICA",O,1,DEM,"$13,893",0,13014.85,0,0,877.99,995.84,0,0,0,0,0,12897,OK,1,,,,,,0,0,06/30/2026,0,0
H6OK01235,"TEDFORD, MARK",O,2,REP,"$1,763,830",0,1590094.59,0,0,173735.09,0,1300368.68,0,100000,0,1200368.68,402461,OK,1,,,,,,61000,0,06/30/2026,0,0
H6OK01243,"GILL, COURTNEY",O,2,REP,"$15,706",0,14928.58,0,0,1437.87,0,7000,0,0,0,7000,8706,OK,1,,,,,,0,0,06/30/2026,0,0
H6OK01250,"DAVID, KIM",O,2,REP,"$200,155",0,148322.08,0,0,51832.75,0,0,0,0,0,10278.83,192154.83,OK,1,,,,,,8000,0,06/30/2026,0,0
H6OK01268,"STALLINGS, JACKSON",O,2,REP,"$52,910",0,52910.38,0,0,0,8436.31,0,0,0,0,0,44474.07,OK,1,,,,,,0,0,06/02/2026,44474.07,0
H6OK01276,"BUTTERFIELD, NATHANIEL ALLEN",O,2,REP,"$1,689,372",0,1677489.73,0,0,11881.88,0,1670000,0,0,0,1670000,19349.11,OK,1,,,,,,0,0,06/30/2026,0,0
H6OK01284,"LAHMEYER, JACKSON",O,2,REP,"$415,914",0,405172.02,0,0,10741.78,33078.49,75000,0,15000,0,60000,277470.86,OK,1,,,,,,30000,0,06/30/2026,0,0
H6OK01292,"COCHRAN, JED",O,2,REP,"$177,212",0,176080.5,0,0,1131.21,0,0,0,0,0,20324.55,174711.71,OK,1,,,,,,2500,0,06/30/2026,14000,0
H6OK01300,"ROONEY, DAN",O,2,REP,"$688,753",0,535354.35,0,0,153399.09,0,250000,0,0,0,250000,436253.44,OK,1,,,,,,2500,0,06/30/2026,0,0
H6OK01326,"WOODS, TODD",O,2,REP,"$153,800",0,153669.94,0,0,130.06,0,150000,0,0,0,150000,3800,OK,1,,,,,,0,0,06/30/2026,0,0
H8OK01157,"HERN, KEVIN",I,2,REP,"$2,512,712",813039.26,3661378.27,2397828.34,1148665.98,0,0,0,0,0,0,0,514460.04,OK,1,,,,,,1156658.96,0,06/30/2026,18621,5000
H4OK02089,"BOREN, DAVID DANIEL",C,1,DEM,"$104,099",0,96982.61,0,359860.89,366977.04,0,0,0,0,0,0,0,OK,2,,,,,,0,0,06/30/2026,0,0
H4OK02196,"WADE, BRANDON",C,1,DEM,"$4,290",0,2002.49,0,0,86.25,1060,0,0,0,0,0,3230.26,OK,2,,,,,,0,0,06/30/2026,0,0
H6OK02266,"TERWEY, ERIK",C,1,DEM,"$11,759",0,9252.45,0,0,2506.55,0,600,0,600,0,0,10931,OK,2,,,,,,0,0,06/30/2026,0,0
H2OK02083,"MULLIN, MARKWAYNE MR.",I,2,REP,"$3,181,278",1152806.63,1943965.57,3356.5,183016.79,1420329.55,0,0,0,404850.79,0,25400.39,868155.81,OK,2,,,,,,1098238.12,62000,06/30/2026,514260.66,365366.66
H2OK02190,"SCHILLER, CHRIS",O,2,REP,$0,0,0,0,2601.12,2601.12,0,0,0,0,0,450000,0,OK,2,,,,,,0,0,06/30/2026,0,0
H2OK02257,"FRIX, AVERY",O,2,REP,"$41,650",0,41567,0,0,83,0,0,0,39908,0,297117,41650,OK,2,,,,,,0,0,06/30/2026,0,0
H2OK02281,"BARKER, GUY STUART",O,2,REP,$0,0,0,0,690.04,690.04,0,0,0,0,0,886600,0,OK,2,,,,,,0,0,06/30/2026,0,0
H2OK02315,"BRECHEEN, JOSH",I,2,REP,"$218,894",0,213525.91,0,70695.88,76063.52,0,0,0,0,0,0,108885.55,OK,2,,,,,,110008,0,06/30/2026,0,2500
H6OK03249,"ROBERSON, JULES",C,1,DEM,$945,0,434.18,0,0,510.82,105,0,0,0,0,0,840,OK,3,,,,,,0,0,12/31/2025,0,0
H4OK06056,"LUCAS, FRANK D.",I,2,REP,"$907,279",0,993052.02,0,618285.26,532511.92,0,0,0,0,0,0,219820.49,OK,3,,,,,,674480.71,0,06/30/2026,30,0
H6OK04155,"JACOB, MITCHELL LEIGH",C,1,DEM,"$65,289",0,61122.56,0,0,4166.12,730.62,22500,0,0,0,22500,42046.32,OK,4,,,,,,0,0,06/30/2026,0,0
H6OK04163,"PIXLEY, JEFFREY",C,1,DEM,"$73,533",0,73532.62,0,0,0,1490.67,0,0,0,0,0,72041.95,OK,4,,,,,,0,0,09/30/2026,0,0
H2OK04055,"COLE, TOM",I,2,REP,"$3,827,891",149163.81,3008431.84,0,1780273.43,2599732.95,0,0,0,0,0,0,2062049.37,OK,4,,,,,,1568079,0,06/30/2026,402,1000
H2OK04113,"NUTTLE, MARC",C,2,REP,$100,0,95.95,0,31.66,35.71,0,100,0,0,0,222585.56,0,OK,4,,,,,,0,0,12/31/2025,0,0
H4OK00026,"BONDAR, PAUL L",C,2,REP,"$17,702",0,214.3,0,88753.68,106241.69,0,0,0,0,0,5621690.26,100,OK,4,,,,,,0,0,06/30/2026,0,0
H6OK04171,"EVERHART, MARCELLA SUE",C,2,REP,"$3,174",0,4316.88,0,2005.37,862.34,1408.85,0,0,0,0,0,1765,OK,4,,,,,,0,0,06/30/2026,0,0
H6OK05293,"NELSON, JENA",C,1,DEM,"$449,421",0,432087.47,0,0,17333.94,0,0,0,0,0,38312.38,439761.87,OK,5,,,,,,3500,0,06/30/2026,0,0
H6OK05319,"MARTIN, TREY",C,1,DEM,"$114,414",0,108944.61,0,0,5469.19,0,1000,0,0,0,1000,99913.8,OK,5,,,,,,13500,0,06/30/2026,170,0
H0OK05114,"LANKFORD, JAMES PAUL MR.",C,2,REP,"$988,742",143005.82,553387.78,6630,2338038.26,2773392.5,0,0,0,0,0,0,380686.46,OK,5,,,,,,330750,0,06/30/2026,1201,0
H0OK05205,"BICE, STEPHANIE",I,2,REP,"$1,943,507",498311.9,1007475.57,0,1085948.9,2021980.61,0,0,0,0,0,0,453943.55,OK,5,,,,,,973750,0,06/30/2026,8930.51,7000
H2OR01133,"BONAMICI, SUZANNE MS.",I,1,DEM,"$816,770",0,790299.1,0,545964.12,572435.26,0,0,0,0,0,0,392016.09,OR,1,,,,,,423600,0,06/30/2026,5450,0
H4OR01121,"CHAUDHRY-AHMAD, JAMIL O",C,1,DEM,"$30,676",0,22122.08,0,607.31,9161.23,0,30000,0,0,0,45589.01,676,OR,1,,,,,,0,0,06/30/2026,0,0
H6OR01308,"KAHL, BARBARA J DR DVM",C,2,REP,"$4,466",0,3554.55,0,0,211.69,0,0,0,0,0,10869.62,3966.06,OR,1,,,,,,500,0,06/30/2026,0,0
H4OR02236,"RUBY, DANIEL",C,1,DEM,$0,0,1368.71,0,1368.71,0,0,0,0,0,0,0,0,OR,2,,,,,,0,0,01/30/2025,0,0
H6OR02215,"SNOW, PATTY",C,1,DEM,"$27,274",0,27274.2,0,0,0,0,0,0,0,0,0,26948,OR,2,,,,,,0,0,07/15/2026,5691.42,0
H6OR02231,"RASMUSSEN, DAWN",C,1,DEM,"$71,006",0,71006.14,0,0,0,2695,0,0,0,0,0,64811.14,OR,2,,,,,,1000,2500,06/30/2026,200,0
H6OR02280,"MUELLER, REBECCA MCKAY",C,1,DEM,"$20,409",0,20409.36,2314.23,0,0,721.57,0,0,0,0,0,19326.64,OR,2,,,,,,0,0,07/31/2026,0,0
H6OR02298,"DOYLE, MARY",C,1,DEM,"$6,474",0,6474,0,0,0,0,0,0,0,0,0,5974,OR,2,,,,,,500,0,06/30/2026,0,0
H6OR02322,"BECK, CHRIS",C,1,DEM,"$94,774",0,40996.48,0,0,53777.08,0,0,0,0,0,1306.62,86900,OR,2,,,,,,2500,5350,06/30/2026,1500,0
H0OR02127,"BENTZ, CLIFF",I,2,REP,"$1,011,413",0,646983.4,0,1056344.8,1420774.69,0,0,0,48100,0,0,448526.26,OR,2,,,,,,561541.68,0,06/30/2026,8750,0
H6OR02306,"LARSON, PETER JAMES",C,2,REP,"$7,797",0,7797.19,0,0,0,0,0,0,0,0,0,7797.19,OR,2,,,,,,0,0,05/20/2026,0,0
H4OR03150,"JAYAPAL, SUSHEELA",O,1,DEM,"$1,785",0,371.98,0,6232.81,7645.83,0,0,0,0,0,1125,0,OR,3,,,,,,0,0,06/30/2026,0,0
H4OR03168,"MORALES, EDUARDO",O,1,DEM,$0,0,100,0,-1862.29,-1962.29,0,0,0,0,0,6780,0,OR,3,,,,,,0,0,06/30/2026,0,0
H4OR03192,"DEXTER, MAXINE",I,1,DEM,"$1,038,514",0,887313.58,0,22486.37,173686.59,0,0,0,0,0,0,673580.97,OR,3,,,,,,350971.79,0,06/30/2026,10827.16,0
H4OR03200,"JONAS, MICHAEL",O,1,DEM,$0,0,190.46,0,190.46,0,0,0,0,0,0,0,0,OR,3,,,,,,0,0,01/28/2025,0,0
H0OR03174,"HARBOUR, JOANNA",O,2,REP,$68,0,1437.24,0,1369.17,0,0,0,0,0,0,0,0,OR,3,,,,,,0,0,03/31/2026,0,0
H4OR03218,"HARBOUR, JOANNA",O,2,REP,$68,0,1437.24,0,1369.17,0,0,0,0,0,0,0,0,OR,3,,,,,,0,0,03/31/2026,0,0
H2OR04095,"HOYLE, VALERIE",I,1,DEM,"$1,222,922",0,791472.33,600,89389.6,520839.58,0,0,0,0,0,0,612316.32,OR,4,,,,,,609626.86,0,06/30/2026,10521.17,4100
H6OR04245,"BIRD, MELISSA",C,1,DEM,"$75,517",0,75517.05,0,0,0,0,0,0,0,0,0,74468.29,OR,4,,,,,,849.37,0,07/15/2026,0,0
H6OR04252,"WIEDENFELD-NEEDHAM, BORIS BO",C,1,DEM,"$3,582",0,3582,0,0,0,10,0,0,0,0,0,3572,OR,4,,,,,,0,0,06/30/2026,100,0
H0OR04107,"SKARLATOS, ALEK",O,2,REP,"$78,980",0,20000.9,0,44076.76,103058.28,0,0,0,0,0,0,0,OR,4,,,,,,0,0,06/30/2026,0,0
H0OR05104,"COURSER, AMY RYAN",C,2,REP,$0,0,3.67,0,3.67,0,0,0,0,0,0,0,0,OR,4,,,,,,0,0,05/07/2025,0,0
H4OR04125,"DESPAIN, MONIQUE",C,2,REP,$415,0,3679.71,0,3264.65,0,0,0,0,0,0,0,415.06,OR,4,,,,,,0,0,03/31/2025,0,0
H6OR04260,"DESPAIN, MONIQUE",C,2,REP,"$677,571",304823.99,289876.16,0,0,387694.53,434,30000,0,0,0,30000,317313.7,OR,4,,,,,,22500,2499,06/30/2026,1109.12,0
H4OR05304,"BYNUM, JANELLE",I,1,DEM,"$3,760,212",436849.02,1089483.81,0,45132.56,2715860.25,0,0,0,0,0,0,2165823.15,OR,5,,,,,,1145914.88,0,06/30/2026,8209.1,1000
H0OR02168,"CRUMPACKER, JIMMY",C,2,REP,$0,0,0,0,10973.87,10973.87,0,0,0,0,0,235100.36,0,OR,5,,,,,,0,0,06/30/2026,0,0
H2OR05209,"CHAVEZ-DEREMER, LORI",I,2,REP,"$9,013",4377.98,335919.19,0,353333.94,26428.09,0,0,0,303477.56,0,0,-1224.31,OR,5,,,,,,0,0,06/30/2026,0,0
H6OR04203,"PERKINS, JO RAE",C,2,REP,"$10,577",0,11445.92,0,380.53,152.84,0,693.62,0,1493.62,0,3909.5,9617.75,OR,5,,,,,,0,0,06/30/2026,26.35,0
H6OR05234,"LOCKWOOD, JONATHAN",C,2,REP,"$15,181",0,15181.29,0,0,0,0,0,0,0,0,0,14982.21,OR,5,,,,,,0,0,12/31/2026,287.12,0
H6OR05242,"ADAIR, PATTI",C,2,REP,"$423,922",0,288556.46,0,0,135365.08,7143.56,0,0,0,0,27361.34,412318.89,OR,5,,,,,,3750,0,06/30/2026,8750,1000
H8OR05198,"CALLAHAN, MARK ALLEN",C,2,REP,$0,0,0,0,0,0,0,0,0,0,0,22800,0,OR,5,,,,,,0,0,06/30/2026,0,0
H2OR01216,"REYNOLDS, STEVEN CODY",C,1,DEM,$0,0,5919.46,0,5919.46,0,0,0,0,4029.46,0,0,0,OR,6,,,,,,0,0,07/14/2025,0,0
H2OR06017,"SMITH, LORETTA",O,1,DEM,$0,0,0,0,689.5,689.5,0,0,0,0,0,55000,0,OR,6,,,,,,0,0,06/30/2026,0,0
H2OR06066,"SALINAS, ANDREA",I,1,DEM,"$1,613,394",5930.63,1063766.42,190000,61474.64,611102.62,7,0,0,0,0,0,915858.3,OR,6,,,,,,669100,19.55,06/30/2026,11997.08,1000
H2OR01240,"RUSS, DAVID HONORABLE",C,2,REP,"$12,791",0,25206.11,0,14270,1854.73,0,2000,0,10070,0,2000,790.84,OR,6,,,,,,0,5000,06/30/2026,0,0
H2OR06033,"PLOWHEAD, ANGELA",O,2,REP,$0,0,17.22,0,17.22,0,0,0,0,0,0,5179.26,0,OR,6,,,,,,0,0,06/30/2026,0,0
H2OR06124,"ERICKSON, MIKE",C,2,REP,"$53,242",0,53301.78,0,69.82,10.04,0,52812,0,0,0,3585912,430,OR,6,,,,,,0,0,06/30/2026,0,0
H4OR06013,"BOLES, DENYC",C,2,REP,$0,0,2395,0,25703.94,23308.94,0,0,0,0,0,0,0,OR,6,,,,,,0,0,06/30/2026,0,0
H2PA00034,"BURTON, DANIEL LEROY JR",C,2,REP,$0,0,0,0,2170.83,2170.83,0,0,0,0,0,24512.17,0,PA,0,,,,,,0,0,06/30/2026,0,0
H0PA01325,"FINELLO, CHRISTINA",C,1,DEM,$0,0,8808.77,0,87300.49,78491.72,0,0,0,0,0,0,0,PA,1,,,,,,0,0,06/30/2026,0,0
H2PA01099,"EHASZ, ASHLEY",C,1,DEM,"$3,834",2083.92,8557.06,0,4723.01,0,0,0,0,0,0,0,0,PA,1,,,,,,0,0,06/30/2025,0,0
H6PA01181,"HARVIE, ROBERT J",C,1,DEM,"$2,007,499",62000,1212578,0,0,794921.25,0,0,0,0,0,0,1744286.49,PA,1,,,,,,189012.76,11950,06/30/2026,10352.55,0
H6PA01199,"HUNT, TRACY",C,1,DEM,"$43,607",0,39997.09,0,0,3610.37,0,6000,0,0,0,6000,37607.46,PA,1,,,,,,0,0,06/30/2026,0,0
H6PA01207,"STRICKLER, ROBERT J",C,1,DEM,"$25,631",0,32207.36,0,0,-6576.29,0,10000,0,0,0,10000,15631.07,PA,1,,,,,,0,0,03/31/2026,0,0
H6PA01223,"SIMONELLI, LUCIA DORA",C,1,DEM,"$93,560",0,88576.51,0,0,4983.07,3500,0,0,0,0,0,90059.58,PA,1,,,,,,0,0,06/30/2026,0,0
H6PA01249,"ZELTAKALNS, MICHAEL",C,1,DEM,"$6,855",0,0,0,0,6855,0,0,0,0,0,0,6855,PA,1,,,,,,0,0,03/31/2026,0,0
H4PA01111,"HOUCK, MARK JUSTIN SR",C,2,REP,"$1,401",0,101.9,0,-1299.01,0,0,0,0,98.68,0,1258.32,1400.91,PA,1,,,,,,0,0,01/28/2026,0,0
H6PA08277,"FITZPATRICK, BRIAN",I,2,REP,"$6,734,931",2558405.93,4801926.75,0,4422529.98,6355534.34,0,0,0,0,0,24750,1622227.6,PA,1,,,,,,2233727.4,7100,06/30/2026,37840.4,6000
H4PA13199,"BOYLE, BRENDAN F",I,1,DEM,"$2,451,958",167065,729723.16,305000,3838283.35,5560517.95,0,0,0,0,0,0,495116.74,PA,2,,,,,,970785,0,06/30/2026,3672.1,2500
H4PA02069,"BASHIR, AARON",C,2,REP,$0,0,1067.63,0,1067.63,0,0,0,0,0,0,1495,0,PA,2,,,,,,0,0,06/27/2025,0,0
H6PA02171,"EVANS, DWIGHT",I,1,DEM,"$233,844",0,302448.7,0,76137.19,7532.64,0,0,0,0,0,0,126101.34,PA,3,,,,,,107500,0,06/30/2026,7500,5000
H6PA03179,"OXMAN, DAVID",O,1,DEM,"$512,138",0,455013.01,0,0,57124.97,2379.06,175000,0,175000,0,0,334758,PA,3,,,,,,0,0,06/30/2026,17275,0
H6PA03195,"STREET, SHARIF",O,1,DEM,"$1,112,539",0,1076061.47,0,52558.52,89035.58,0,0,0,0,0,138727.49,959019.13,PA,3,,,,,,145900,4894.27,06/30/2026,1225,5000
H6PA03203,"RABB, CHRISTOPHER M.",O,1,DEM,"$1,329,253",0,1307801.84,0,0,21451.63,0,0,0,0,0,42000,1205734.97,PA,3,,,,,,89112.69,0,06/30/2026,6600,0
H6PA03211,"MORRIS, KARL",O,1,DEM,"$53,619",0,51853.76,0,0,1765.5,33717.74,15000,0,15000,0,0,4872.22,PA,3,,,,,,0,0,06/30/2026,100,0
H6PA03229,"CEPHAS, MORGAN",O,1,DEM,"$313,921",0,311538.42,0,0,2383.05,0,0,0,0,0,23592.73,292221.47,PA,3,,,,,,21700,0,06/30/2026,13035,3500
H6PA03237,"CARTER, COLE",O,1,DEM,"$95,947",0,84730.86,0,0,11216.14,90000,0,0,0,0,0,5947,PA,3,,,,,,0,0,12/31/2025,0,0
H6PA03245,"STANFORD, ALA DR.",O,1,DEM,"$805,476",0,740821.18,0,0,64655.1,190.8,255158.08,0,0,0,258315.74,512915.98,PA,3,,,,,,37000,0,06/30/2026,1071.25,10000
H6PA03252,"MARTIN, ISAIAH T III",O,1,DEM,"$7,084",0,5218.77,0,0,1865.23,1679,0,0,0,0,0,5405,PA,3,,,,,,0,0,12/31/2025,0,0
H6PA03260,"MCCONNIE-SAAD, PABLO IVAN",O,1,DEM,"$128,614",0,128613.53,0,0,0,0,0,0,0,0,0,128217.41,PA,3,,,,,,0,0,06/30/2026,13240,0
H6PA03278,"JACKSON, JAHMIEL",O,1,DEM,"$23,898",0,22269.53,0,0,1628.29,6200,0,0,0,0,0,17697.82,PA,3,,,,,,0,0,03/31/2026,0,0
H6PA03310,"SCHNELL, ALEXANDER",O,2,REP,$81,0,58.64,0,0,22,80.64,0,0,0,0,0,0,PA,3,,,,,,0,0,07/13/2026,0,0
H8PA04116,"DEAN, MADELEINE",I,1,DEM,"$1,371,536",0,1155470.25,0,968741.15,1184806.8,0,0,0,0,0,0,615035.7,PA,4,,,,,,725200,0,06/30/2026,11844,0
H6PA04144,"AYOUAZ, ISMAINE MR",C,2,REP,$0,0,99,0,0,-99,0,0,0,0,0,0,0,PA,4,,,,,,0,0,03/31/2025,0,0
H6PA05174,"JOHNAKIN, MELVIN PRINCE",C,1,DEM,$0,0,0,0,0,0,0,0,0,0,0,0,0,PA,5,,,,,,0,0,06/30/2026,0,0
H8PA05246,"WERTIME, DAVID",C,1,DEM,$0,0,0,0,27844.16,27844.16,0,0,0,0,0,0,0,PA,5,,,,,,0,0,06/30/2026,0,0
H8PA07200,"SCANLON, MARY GAY",I,1,DEM,"$990,586",0,859741.53,0,317745.77,448590.17,0,0,0,0,0,0,540398.47,PA,5,,,,,,447700,1392.16,06/30/2026,1646.43,2500
H2PA05074,"GALLUCH, DAVID",C,2,REP,$0,0,0,0,0,0,0,0,0,0,0,0,0,PA,5,,,,,,0,0,12/31/2025,0,0
H2PA05116,"DEVAUGHN-GOODWIN, ALFEIA",C,2,REP,$0,0,5412.64,0,5412.64,0,0,0,0,0,0,100,0,PA,5,,,,,,0,0,06/30/2025,0,0
H6PA05166,"JOHNAKIN, MELVIN PRINCE",C,2,REP,$0,0,0,0,0,0,0,0,0,0,0,0,0,PA,5,,,,,,0,0,06/30/2026,0,0
H6PA05190,"BROWN, JOSHUA",C,2,REP,"$4,405",0,4405,0,0,0,4405,0,0,0,0,0,0,PA,5,,,,,,0,0,03/31/2026,0,0
H6PA05216,"MANGANARO, NICHOLAS WALN MORRIS",C,2,REP,"$9,296",0,3366.16,0,0,5929.99,0,5425,0,0,0,5425,3871.15,PA,5,,,,,,0,0,06/30/2026,0,0
H8PA06087,"HOULAHAN, CHRISSY",I,1,DEM,"$1,763,415",910.99,1131268.85,0,3405613.23,4037759.36,0,0,0,0,0,0,1095495.07,PA,6,,,,,,523250,0,06/30/2026,9735,0
H4PA06060,"YOUNG, NEIL CARLIN MR. JR.",C,2,REP,$0,0,122.4,0,139.58,17.18,0,0,0,0,0,0,0,PA,6,,,,,,0,0,03/31/2025,0,0
H6PA06156,"YOUNG, MARTIN",C,2,REP,"$411,271",0,197821.6,0,0,213448.9,75000,25000,0,0,0,25000,307138.53,PA,6,,,,,,3547.82,0,06/30/2026,0,0
H6PA07147,"MCCLURE, LAMONT",C,1,DEM,"$515,144",0,512981.08,0,0,2163.26,24000,200000,0,0,0,200000,246039.79,PA,7,,,,,,45100,0,06/30/2026,9735,11850
H6PA07154,"OBANDO-DERSTINE, CAROL",C,1,DEM,"$593,293",10889.98,591121.38,0,0,2172.1,9302.34,32500,0,0,0,35000,485269.81,PA,7,,,,,,53134.65,0,06/30/2026,36865.36,2000
H6PA07162,"CROSSWELL, RYAN",C,1,DEM,"$1,872,528",49522.52,1859323.43,0,0,13204.7,0,0,0,0,0,0,1794415.95,PA,7,,,,,,24750,0,06/30/2026,173917,5000
H6PA07170,"PINSLEY, MARK",C,1,DEM,"$179,912",0,125387.79,0,0,54523.95,0,0,0,0,0,-1567.67,179411.74,PA,7,,,,,,500,0,04/29/2026,0,0
H6PA07188,"BROOKS, BOB",C,1,DEM,"$2,392,215",26085,1373792.39,0,0,1018422.84,3500,0,0,0,0,15000,1942165.53,PA,7,,,,,,403000.03,5000,06/30/2026,9767.34,1500
H8PA15229,"WILD, SUSAN",I,1,DEM,"$7,613",2091.2,76271.86,0,68659,0,0,0,0,0,0,0,0,PA,7,,,,,,0,3207.88,06/30/2026,-202.42,-5000
H0PA07132,"SCHELLER, LISA",C,2,REP,"$5,000",0,1222.17,0,1733.91,5511.74,5000,0,0,0,0,3418000,0,PA,7,,,,,,0,0,06/30/2026,0,0
H2PA07096,"DELLICKER, KEVIN",C,2,REP,"$1,270",0,3034.9,0,1767.8,2.9,0,1000,0,0,0,168081.54,270,PA,7,,,,,,0,0,12/31/2025,2120,0
H4PA07100,"MONTERO, MARIA",C,2,REP,"$1,500",0,117.98,0,686.3,2068.32,0,1500,0,0,0,5500,0,PA,7,,,,,,0,0,06/30/2026,-1700,0
H8PA15195,"MACKENZIE, RYAN EDWARD",I,2,REP,"$4,357,405",1779199.14,1521927.85,0,103239.91,2938717.17,0,0,0,0,0,22583.23,1493241.01,PA,7,,,,,,1042912.78,5000,06/30/2026,42460.77,1578.17
H2PA17079,"CARTWRIGHT, MATTHEW A.",I,1,DEM,$468,0,89241.29,0,88774.64,1.13,0,0,0,64861.35,0,177938.65,0,PA,8,,,,,,0,0,06/30/2026,250,0
H6PA08293,"COGNETTI, PAIGE",C,1,DEM,"$4,609,589",270100,1202878.9,0,0,3406709.73,0,0,0,0,0,0,3862341.76,PA,8,,,,,,429599,6728.17,06/30/2026,27004.31,2000
H0PA08221,"BOGNET, JIM",C,2,REP,$605,0,23.86,0,74196.76,74777.9,0,0,0,0,0,0,605,PA,8,,,,,,0,0,06/30/2026,0,0
H4PA08124,"BRESNAHAN, ROB",I,2,REP,"$5,234,586",1896740.97,2679690.26,382.86,53152.37,2608048.04,55536.35,0,0,180000,0,777068.5,1891896.85,PA,8,,,,,,1378927,5000,06/30/2026,12466.81,1000
H8PA17050,"CHRIN, JOHN R",C,2,REP,$0,0,0,0,1483.55,1483.55,0,0,0,0,0,468700,0,PA,8,,,,,,0,0,06/30/2026,0,0
H2PA09126,"WALDMAN, AMANDA",C,1,DEM,$0,0,300,0,9044.38,8744.38,0,0,0,0,0,0,0,PA,9,,,,,,0,0,03/31/2025,0,0
H6PA09119,"BROTHERS, JENNIFER M",C,1,DEM,"$10,740",0,10414.57,0,0,325.46,1000.19,0,0,0,0,2000,9074.45,PA,9,,,,,,665.39,0,06/30/2026,25,0
H6PA09127,"WALLACE, RACHEL",C,1,DEM,"$697,865",0,310981.71,0,0,386882.94,0,0,0,0,0,0,655064.65,PA,9,,,,,,39800,3000,06/30/2026,450,0
H8PA10147,"MEUSER, DANIEL",I,2,REP,"$1,903,078",189326.49,1765991.01,0,33646.73,170733.23,0,0,0,0,0,250000,890906.51,PA,9,,,,,,792000,0,06/30/2026,5336.31,300
H0PA10110,"DEPASQUALE, EUGENE",C,1,DEM,$0,0,0,0,0,0,0,0,0,0,0,0,0,PA,10,,,,,,0,0,04/15/2025,0,0
H2PA10124,"DANIELS, SHAMAINE MS",C,1,DEM,$985,0,866.04,0,943.39,1062.43,200,0,0,0,0,91264.44,785,PA,10,,,,,,0,0,06/30/2026,0,0
H4PA10088,"O'BRIEN, MICHAEL",C,1,DEM,$0,0,3364.2,0,3364.2,0,0,0,0,0,0,0,0,PA,10,,,,,,0,0,03/06/2025,0,0
H4PA10104,"STELSON, JANELLE",C,1,DEM,"$6,364,069",937128.56,1900666.82,0,15237.48,4478639.42,0,0,0,0,0,0,4909050.14,PA,10,,,,,,488706.48,6728.17,06/30/2026,40738.25,0
H6PA10182,"DOUGLAS, JUSTIN",C,1,DEM,"$156,435",0,156435.45,0,0,0,0,0,0,0,6,0,155835.45,PA,10,,,,,,0,0,07/16/2026,211,0
H6PA10190,"LILLICH, WILLIAM EDWARD",C,1,DEM,$0,0,0,0,0,28.07,0,0,0,0,0,0,0,PA,10,,,,,,0,0,04/15/2026,0,0
H2PA04135,"PERRY, SCOTT",I,2,REP,"$5,194,925",1428197.3,2430868.51,0,81918.98,2845975.82,0,0,0,0,1.5,335157.93,3100218.61,PA,10,,,,,,650127,5000,06/30/2026,22794.06,0
H6PA10208,"DALTON, KAREN LYNN MS.",C,2,REP,"$15,625",0,15803.13,0,0,-178.2,77.48,6025,0,3810.4,0,0,9522.45,PA,10,,,,,,0,0,06/30/2026,0,0
H4PA11094,"ATKINSON, JAMES FREDRICK",C,1,DEM,$0,0,1074.28,0,1074.28,0,0,0,0,0,0,0,0,PA,11,,,,,,0,0,04/14/2025,0,0
H6PA11081,"KLIMM, SARAH RENEE",C,1,DEM,"$5,355",0,5445.42,0,200,209.71,1830.13,0,0,200,0,10831.05,3525,PA,11,,,,,,0,0,03/31/2026,0,0
H6PA11099,"MANNION, NANCY",C,1,DEM,"$214,230",0,167079.06,0,0,47150.48,47456.54,0,0,0,0,0,157523,PA,11,,,,,,6250,1000,06/30/2026,1500,0
H6PA16320,"SMUCKER, LLOYD K.",I,2,REP,"$1,524,161",455956.36,1617466.02,0,904091.93,810787.38,0,0,0,0,0,0,224612.38,PA,11,,,,,,803667.21,0,06/30/2026,500,0
H2PA18200,"LEE, SUMMER",I,1,DEM,"$1,466,287",63500,828578.39,0,1011579.11,1649287.99,0,0,0,0,0,0,1148369.26,PA,12,,,,,,207104.96,0,06/30/2026,16184.99,0
H2PA18259,"PATEL, BHAVINI",C,1,DEM,$0,0,15604.82,0,41081.33,25476.51,0,0,0,0,0,0,0,PA,12,,,,,,0,0,06/30/2026,0,0
H4PA12076,"MACDONALD, LAURIE",C,1,DEM,$0,0,0,0,0,0,0,0,0,0,0,170874.97,0,PA,12,,,,,,0,0,03/31/2026,0,0
H6PA12097,"FORGIE, ADAM ROBERT",C,1,DEM,"$27,801",0,18722.32,0,0,0,450,0,0,0,0,0,27350.6,PA,12,,,,,,0,0,06/30/2026,0,0
H6PA12121,"PARKER, WILLIAM",C,1,DEM,"$20,010",0,23329.78,0,0,1118.73,0,20000,0,0,0,10000,10,PA,12,,,,,,0,0,04/29/2026,0,0
H4PA12068,"HAYES, JAMES DR.",C,2,REP,"$40,139",0,31302.88,0,685.51,9521.39,25,0,0,0,0,12253.08,34913.76,PA,12,,,,,,4950,250,06/30/2026,1,0
H6PA12105,"FECHTER, LEONARD BENSON",C,2,REP,"$17,477",0,10671.68,0,0,6805.2,0,0,0,0,0,0,17380.59,PA,12,,,,,,0,0,12/31/2025,0,0
H4PA13298,"FARNHAM, ELIZABETH RHOADS",C,1,DEM,"$55,347",0,40055.55,0,761.23,16052.79,167.94,0,0,0,0,0,52357.71,PA,13,,,,,,2067,150,06/30/2026,0,0
H8PA13125,"JOYCE, JOHN",I,2,REP,"$2,418,119",438941.73,1258261.64,0,2600138.09,3759995.18,0,0,0,302141,0,0,439883.77,PA,13,,,,,,1402618.17,0,06/30/2026,3000,4000
H6PA14200,"BRADSTOCK, DAVID ALAN",C,1,DEM,"$201,421",0,166713.11,0,0,34707.47,2000,0,0,0,0,0,181512.12,PA,14,,,,,,17908.46,0,06/30/2026,0,0
H8PA18199,"RESCHENTHALER, GUY MR.",I,2,REP,"$4,209,644",564307.84,3768043.63,0,549080.16,990680.95,0,0,0,0,0,0,2464837.61,PA,14,,,,,,1167150,0,06/30/2026,6271.11,2500
H4PA15152,"WOMER, ZACHERAY MR.",C,1,DEM,"$12,189",0,10653.55,0,8565.38,10101.12,0,0,0,0,0,0,12189.29,PA,15,,,,,,0,0,03/31/2025,423,0
H6PA15181,"BILGER, RAYMOND ALLEN",C,1,DEM,"$139,521",0,52178.27,0,0,87342.6,1100,0,0,0,0,0,136168.45,PA,15,,,,,,1750,500,06/30/2026,100,0
H8PA05071,"THOMPSON, GLENN MR.",I,2,REP,"$1,851,459",73502.73,1813501.31,0,791793.9,829751.79,0,0,0,0,0,0,737504.09,PA,15,,,,,,1037568,0,06/30/2026,10121.97,8000
H4PA16093,"NOURI, PRESTON",C,1,DEM,"$21,109",0,34234.04,0,13125.07,0,14000,0,0,1887.24,0,0,4108.97,PA,16,,,,,,0,0,07/15/2025,-2583.5,0
H6PA16379,"WAGNER, JUSTIN",C,1,DEM,"$66,591",0,34057.58,0,0,37533.72,620,0,0,0,0,0,65921.3,PA,16,,,,,,0,50,06/30/2026,0,0
H0PA03271,"KELLY, GEORGE J JR",I,2,REP,"$1,168,433",0,881773.76,0,1042687.78,1329346.93,0,0,0,0,0,90000,290110.57,PA,16,,,,,,874667.06,0,06/30/2026,583.65,0
H4PA16101,"KRAMER, TIMOTHY D",C,2,REP,$0,0,87.65,87.65,87.65,0,0,0,0,0,0,0,0,PA,16,,,,,,0,0,01/01/2026,0,0
H2PA17103,"DELUZIO, CHRISTOPHER",I,1,DEM,"$2,776,943",25417,2056640.21,0,353671.67,1073974.67,0,0,0,0,0,0,2219098.08,PA,17,,,,,,512350.01,19.55,06/30/2026,11951.43,1500
H2PA17160,"SHAFFER, JEREMY",O,2,REP,$0,0,488.74,0,3503.57,3014.83,0,0,0,0,0,950000,0,PA,17,,,,,,0,0,06/30/2026,0,0
H4PA17174,"VODVARKA, JESSE JAMES",C,2,REP,"$21,506",0,20666.86,0,0,839.27,0,19000,0,0,0,19000,2506.13,PA,17,,,,,,0,0,06/30/2026,0,0
H6PA17203,"GUY, TONY",C,2,REP,"$117,530",0,81681.56,0,0,35848.65,0,0,0,0,0,15274.82,112264.24,PA,17,,,,,,5100,0,06/30/2026,0,0
H0PR00051,"HERNANDEZ-MAYORAL, JOSE A",C,1,DEM,$0,0,0,0,143.26,143.26,0,0,0,0,0,849647.57,0,PR,0,,,,,,0,0,06/30/2026,0,0
H4PR01010,"HERNANDEZ RIVERA, PABLO JOSE",I,1,DEM,"$861,573",0,331737.58,0,11966.23,541801.83,0,0,0,0,0,1140.8,786902.97,PR,0,,,,,,73650,0,06/30/2026,170,0
H4PR01069,"RIVERA-LASSEN, ANA IRMA",C,1,DEM,$34,0,6353.33,0,15056.25,8736.48,0,0,0,0,0,0,33.56,PR,0,,,,,,0,0,06/30/2026,315,0
H4PR01036,"MELENDEZ, JOSE E",C,2,REP,$0,0,2700,0,7753.33,5053.33,0,0,0,0,0,0,0,PR,0,,,,,,0,0,06/30/2026,2700,0
H0RI01073,"CICILLINE, DAVID",I,1,DEM,"$7,518",0,48217.42,0,493001.89,452302.82,0,0,0,0,0,0,0,RI,1,,,,,,0,0,06/30/2026,0,0
H0RI01081,"LYNCH, WILLIAM J",O,1,DEM,$0,0,0,0,-1195.79,-1195.79,0,0,0,0,0,107500,0,RI,1,,,,,,0,0,03/31/2026,0,0
H4RI01166,"CANO, SANDRA C",O,1,DEM,$0,0,0,0,10,10,0,0,0,0,0,72490.42,0,RI,1,,,,,,0,0,06/30/2026,0,0
H4RI01174,"MATOS, SABINA",O,1,DEM,"$5,789",0,6663.18,0,1527.28,653.28,0,5769.18,0,0,0,85429.18,0,RI,1,,,,,,0,0,06/30/2026,0,0
H4RI01216,"REGUNBERG, AARON",O,1,DEM,$170,0,10655.87,0,13358.86,2872.69,0,0,0,0,0,58216.5,0,RI,1,,,,,,0,0,06/30/2026,0,0
H4RI01232,"CASEY, STEPHEN M",O,1,DEM,$3,0,1012.03,0,25980.95,24972.06,0,0,0,0,0,0,0.53,RI,1,,,,,,0,0,06/30/2026,0,0
H4RI01265,"AMO, GABRIEL F",I,1,DEM,"$1,725,081",0,808700.59,0,934647.49,1851028.31,0,0,0,0,0,0,1050537.06,RI,1,,,,,,654421.85,0,08/20/2026,4510,1000
H4RI01281,"ABNEY, MARVIN L.",O,1,DEM,"$14,300",0,15500,0,1452.44,252.44,0,0,0,0,0,89032.99,14300,RI,1,,,,,,0,0,09/30/2025,0,0
H2RI01202,"WATERS, ALLEN",C,2,REP,$0,0,345.26,0,1888.97,1543.71,0,0,0,0,0,0,0,RI,1,,,,,,0,0,03/31/2025,0,0
H4RI01141,"WATERS, ALLEN",C,2,REP,$0,0,345.26,0,1888.97,1543.71,0,0,0,0,0,0,0,RI,1,,,,,,0,0,03/31/2025,0,0
H6RI01153,"KEENAN, KELLIE ELEANOR",C,2,REP,"$12,771",0,10439.39,0,0,2332.01,0,8100,0,0,0,8100,4671.4,RI,1,,,,,,0,0,08/20/2026,0,0
H0RI02139,"LANGEVIN, JAMES R HONORABLE",I,1,DEM,"$21,924",0,174550.09,0,401003.96,248377.62,0,0,0,0,0,0,0,RI,2,,,,,,0,0,06/30/2026,0,0
H2RI02150,"PACHECO, EDWIN",O,1,DEM,$0,0,0,0,2823.73,2823.73,0,0,0,0,0,0,0,RI,2,,,,,,0,0,06/30/2026,0,0
H2RI02184,"MAGAZINER, SETH",I,1,DEM,"$1,382,796",20120.76,747049.59,0,876965.23,1512711.83,0,0,0,0,0,0,776983.58,RI,2,,,,,,520000,0,08/20/2026,7692,0
H2RI02226,"FUNG, ALLAN",O,2,REP,$0,0,273.79,0,273.79,0,0,0,0,0,0,0,0,RI,2,,,,,,0,0,04/07/2025,0,0
H4RI02115,"CORVI, STEVEN J",C,2,REP,$0,0,3456.04,678.91,3447.78,-8.26,0,0,0,0,0,0,0,RI,2,,,,,,0,0,02/08/2025,0,0
H6RI02318,"MELLOR, VICTOR G.",C,2,REP,"$3,018,775",0,3889178.34,0,0,280079.21,735333.79,2195000,0,20000,0,2175000,32192.72,RI,2,,,,,,0,0,08/20/2026,1820,0
H6RI02326,"SKOLY, STEPHEN T",C,2,REP,"$224,747",0,153642.71,0,0,71104.29,0,150000,0,0,0,150000,74697,RI,2,,,,,,50,0,08/20/2026,0,0
H4SC01172,"COLBERT BUSCH, ELIZABETH",O,1,DEM,$8,0,14789.95,0,61562.88,46781.18,0,0,0,0,0,0,0,SC,1,,,,,,0,0,06/30/2026,0,0
H4SC01297,"MOORE, MICHAEL B",C,1,DEM,"$8,524",0,9155.32,0,669.24,38.14,8524.22,0,0,0,0,67600,0,SC,1,,,,,,0,0,03/31/2025,0,0
H6SC01201,"RIVERA-VAZQUEZ, MAYRA",O,1,DEM,"$126,367",0,110272.54,0,9545.34,5823.99,0,0,0,0,0,0,110366.92,SC,1,,,,,,16000,0,06/30/2026,1200,0
H6SC01227,"DEFORD, WILLIAM MAC",O,1,DEM,"$645,744",0,622777.6,0,0,22966.47,0,0,0,0,0,1000,643244.07,SC,1,,,,,,2000,0,06/30/2026,50,0
H6SC01243,"DIAZ, MAX ELIOT",O,1,DEM,"$6,587",0,6586.81,0,0,-451.82,0,0,0,0,0,0,6586.81,SC,1,,,,,,0,0,06/16/2026,0,0
H6SC01300,"FULMER, MATTHEW",O,1,DEM,"$10,464",0,10033.33,0,10,440.47,2850,0,0,0,0,0,7584,SC,1,,,,,,0,0,07/23/2026,650,0
H6SC01359,"LACORE, NANCY",O,1,DEM,"$2,279,585",5248.13,1867564.52,0,0,412020.42,0,0,0,0,0,0,2199086.81,SC,1,,,,,,75250,0,06/30/2026,11662,0
H6SC01367,"ATWOOD, KJ",O,1,DEM,"$19,483",0,18669.74,0,0,813.22,0,6100,0,0,0,6100,13382.96,SC,1,,,,,,0,0,05/20/2026,0,0
H6SC01383,"DANTZLER, FRANCINA",O,1,DEM,"$12,500",0,10310,0,2190,4380,12500,0,0,0,0,0,0,SC,1,,,,,,0,0,05/20/2026,0,0
H0SC01378,"CUNNINGHAM, LOGAN S",C,2,REP,"$30,381",0,30286.74,0,0,94.42,746.08,5000,0,5000,0,0,24635.08,SC,1,,,,,,0,0,06/30/2026,0,0
H0SC01394,"MACE, NANCY",I,2,REP,"$452,863",268446.67,1040705.39,0,664636.24,76794.23,0,0,0,0,0,0,171233.11,SC,1,,,,,,11500,0,06/30/2026,27302.3,0
H4SC01073,"SANFORD, MARSHALL C. HON.",O,2,REP,"$206,237",0,177136.14,0,1323503.03,1352604.38,0,0,0,0,0,0,13767,SC,1,,,,,,0,0,07/22/2026,0,0
H6SC01250,"SMITH, MARK",O,2,REP,"$876,631",0,690691.58,0,0,185939.66,0,300000,0,0,0,485581.73,520605,SC,1,,,,,,56000,0,06/30/2026,1500,5000
H6SC01268,"PELBATH, ALEX",O,2,REP,"$438,405",32809.7,324230.19,0,0,114174.64,0,0,0,0,0,57257.52,385026.11,SC,1,,,,,,19000,0,06/30/2026,500,0
H6SC01276,"MCCOWN, SAM DR",O,2,REP,"$1,595,792",0,1567895.35,0,0,27896.38,0,1249100.09,0,320000,0,929100.09,317184.74,SC,1,,,,,,26500,0,06/30/2026,2074.24,2500
H6SC01284,"BYARS, JAMES LEX III",C,2,REP,"$270,781",0,266289.64,0,0,4491.36,0,0,0,0,0,0,270781,SC,1,,,,,,0,0,06/30/2026,0,0
H6SC01292,"BROWN, DAN",O,2,REP,"$7,504",0,10806.33,0,4032,729.98,0,3480,0,0,0,3980,2024.31,SC,1,,,,,,0,0,06/30/2026,0,0
H6SC01318,"DYKES, TYLER",O,2,REP,"$25,200",0,25996.12,0,-6.07,-3208.95,3,2994.84,3480,0,0,611.13,11858.13,SC,1,,,,,,2000,1270.39,07/07/2026,0,0
H6SC01326,"CUNNINGHAM, LOGAN",O,2,REP,"$30,381",0,30286.74,0,0,94.42,746.08,5000,0,5000,0,0,24635.08,SC,1,,,,,,0,0,06/30/2026,0,0
H6SC01334,"HONEYCUTT, JENNY COSTA",O,2,REP,"$556,418",14849.65,477884.65,0,0,78533.35,3500,10000,0,0,0,10000,450952.35,SC,1,,,,,,74500,0,06/30/2026,3682.03,0
H4SC02089,"ROBINSON, ROGER DAVID JR",C,1,DEM,"$4,374",0,6794.8,0,2591.72,64.4,0,0,0,0,0,0,4373.98,SC,2,,,,,,0,0,06/30/2026,0,0
H6SC02134,"PRUITT, ROGER KEITH",C,1,DEM,"$33,589",0,27781.68,0,0,5807.79,3004.43,2500,0,0,0,2500,28085.04,SC,2,,,,,,0,0,05/20/2026,0,0
H6SC02159,"KHALIFA, ZYON DESHON",C,1,DEM,"$12,410",0,12192.08,0,0,218.21,0,0,0,0,0,2000,12410.29,SC,2,,,,,,0,0,06/03/2026,0,0
H6SC02167,"KHALIFA, ZYON DESHON",C,1,DEM,"$12,410",0,12192.08,0,0,218.21,0,0,0,0,0,2000,12410.29,SC,2,,,,,,0,0,06/03/2026,0,0
H2SC02059,"WILSON, JOE THE HON.",I,2,REP,"$861,105",24130.08,722706.01,0,44513.18,182912.39,0,200000,0,0,0,0,374200.55,SC,2,,,,,,261000,0,06/30/2026,5001,0
H4SC02071,"REDMOND, HAMPTON",C,2,REP,"$18,974",0,18997.21,0,24.18,1.02,920,10500,0,595,0,9905,7554.05,SC,2,,,,,,0,0,06/30/2026,250,0
H6SC02142,"GIBBONS, SAMUEL LUTHER MR. IV",C,2,REP,"$6,249",0,4206.01,0,0,2043.09,36.36,4000,0,0,0,4000,2212.74,SC,2,,,,,,0,0,06/30/2026,0,0
H6SC03090,"LEHMACHER, EUNICE",C,1,DEM,"$40,413",0,23113.51,0,0,17299.37,0,100,0,0,0,100,39975.04,SC,3,,,,,,333.14,0,06/30/2026,0,0
H6SC03108,"MACKINS, ERNEST E. DR",C,1,DEM,"$1,468",0,1098.71,0,5,373.9,0,0,0,0,0,3580,1467.61,SC,3,,,,,,0,0,06/30/2026,0,0
H2SC04147,"BURNS, MARK",O,2,REP,"$93,670",0,94861.05,0,2556.59,1365.59,0,93665.55,0,61561.94,0,1049808.37,4.5,SC,3,,,,,,0,0,06/30/2026,0,0
H4SC01313,"BIGGS, SHERI",I,2,REP,"$505,333",110850.78,390677.28,0,104085.26,218741.08,0,0,0,0,0,395000,89551.38,SC,3,,,,,,291475.5,0,06/30/2026,820.45,3500
H4SC04101,"HARVEY, KATHRYN",C,1,DEM,$308,0,6838.69,0,6531,0,275.69,0,0,0,0,0,0,SC,4,,,,,,0,0,03/31/2025,0,0
H6SC04171,"MCCLAIN, COURTNEY",C,1,DEM,"$32,993",0,37392.42,0,0,1206.56,0,0,0,0,0,0,32993.15,SC,4,,,,,,0,0,09/30/2026,0,0
H0SC04240,"SMART, ANDREW THOMAS",C,2,REP,$0,0,0,0,2556.51,2556.51,0,0,0,0,0,0,0,SC,4,,,,,,0,0,06/30/2026,0,0
H4SC04093,"MORGAN, ADAM",C,2,REP,$0,0,2953.04,0,2953.04,0,0,0,0,1693.55,0,0,0,SC,4,,,,,,0,0,01/31/2025,0,0
H6SC04189,"ATCHLEY, DAVID MICHAEL",C,2,REP,"$210,127",0,206386.09,0,0,3740.8,0,0,0,0,0,61845.12,210124.83,SC,4,,,,,,0,0,06/30/2026,8764.62,0
H6SC04205,"LEE, ROBERT EUGENE",C,2,REP,"$24,659",0,24773.68,0,0,-152.16,14038.12,2000,0,1363.14,0,0,8620.54,SC,4,,,,,,0,0,06/30/2026,0,0
H8SC04250,"TIMMONS, WILLIAM R IV",I,2,REP,"$1,595,725",12991.46,1538615.07,0,20115.02,77224.61,0,650000,0,923342.05,0,0,292757.85,SC,4,,,,,,637500,0,06/30/2026,5000,0
H2SC05102,"HUNDLEY, EVANGELINE",C,1,DEM,$0,0,520.95,0,520.95,0,0,0,0,520.95,0,0,0,SC,5,,,,,,0,0,09/30/2025,0,0
H6SC05178,"HARPER, ALEX",O,1,DEM,"$23,137",0,23136.74,2000,0,0,0,575.76,0,575.76,0,0,22560.98,SC,5,,,,,,0,0,05/20/2026,4716.58,0
H6SC05186,"CLOUGH, ANDREW",O,1,DEM,"$6,539",0,5473.01,0,0,1066.2,0,5000,0,0,0,5000,1539.21,SC,5,,,,,,0,0,05/20/2026,0,0
H6SC05228,"DITTMER, MALLORY",O,1,DEM,"$139,717",2000,65208.98,20,0,74508.44,0,1208.66,150,1208.66,150,0,136238.83,SC,5,,,,,,100,0,06/30/2026,180,0
H6SC05202,"CLIMER, WES",O,2,REP,"$884,284",0,284663,0,0,599620.63,5629.58,0,0,0,0,0,642654.05,SC,5,,,,,,236000,0,06/30/2026,1000,0
H6SC05210,"BLEDSOE, BILL",O,2,REP,"$50,003",0,50000,0,0,8.11,0,50000,0,50000,0,0,0,SC,5,,,,,,0,0,02/24/2026,0,0
H8SC05158,"NORMAN, RALPH W. JR.",I,2,REP,"$101,114",0,605410.47,0,594610.68,90314.59,7000,0,0,0,0,0,12611.68,SC,5,,,,,,63500,0,06/30/2026,2.68,0
H2SC02042,"CLYBURN, JAMES E",I,1,DEM,"$1,225,051",20894.66,1429385.48,0,1839127.23,1634792.67,0,0,0,0,0,0,457422.16,SC,6,,,,,,720490.83,0,06/30/2026,1658,0
H2SC06019,"TALLON, ROBIN",C,1,DEM,$0,0,7309.5,0,96506.02,89196.52,0,0,0,0,0,11521.38,0,SC,6,,,,,,0,0,06/30/2026,0,0
H2SC06142,"BUCKNER, DUKE",C,2,REP,$340,0,10289.28,0,9949.28,0,0,0,0,9903.13,0,21896.87,340,SC,6,,,,,,0,0,12/10/2025,0,0
H6SC06168,"WASHINGTON, MAURICE G MR I",C,2,REP,"$25,610",0,17777.02,0,0,7832.98,0,0,0,0,0,3480,25610,SC,6,,,,,,0,0,06/30/2026,0,0
H6SC07034,"VINCENT, JOHN GREGORY",C,1,DEM,"$297,264",0,234885.28,0,0,62378.25,549.86,10200,0,10200,0,0,282341.67,SC,7,,,,,,3500,0,06/30/2026,492,3500
H2SC07280,"FRY, RUSSELL",I,2,REP,"$1,720,803",238668.49,1243168.82,0,561182.69,1038816.61,0,0,0,0,0,0,774347.82,SC,7,,,,,,697663.82,250,06/30/2026,20273.87,0
H2SC07298,"BARTON, GARRETT DR.",C,2,REP,$0,0,367.91,0,367.91,0,0,0,0,0,0,156506.2,0,SC,7,,,,,,0,0,03/31/2026,0,0
H4SD00064,"JOHNSON, SHERYL",C,1,DEM,$0,0,-1912.1,0,-1912.1,0,0,0,0,0,0,0,0,SD,0,,,,,,0,0,03/31/2025,0,0
H6SD01133,"MAWHINEY, BILLY",O,1,DEM,"$31,138",0,31138,0,0,0,0,2000,0,2000,0,0,28038,SD,0,,,,,,700,0,03/31/2026,0,0
H6SD01141,"GRONLI, NICOLE",O,1,DEM,"$261,764",0,150785.71,0,0,110977.81,1500,0,0,0,0,0,245960.13,SD,0,,,,,,6840,6093,06/30/2026,363,0
H4SD01047,"MCNEAL, JUSTIN SHAD MR",C,2,REP,"$7,000",0,47420.31,125,40420.31,0,0,0,0,34003.91,0,15996.09,7000,SD,0,,,,,,0,0,01/31/2026,0,0
H4SD01054,"MCNEAL, JUSTIN SHAD MR",C,2,REP,"$7,000",0,47420.31,125,40420.31,0,0,0,0,34003.91,0,15996.09,7000,SD,0,,,,,,0,0,01/31/2026,0,0
H6SD01109,"JACKLEY, MARTY",O,2,REP,"$1,438,706",10290.32,375981.05,0,0,1062725.38,1000,0,0,0,0,0,1246028.6,SD,0,,,,,,181250,0,06/30/2026,2000,1000
H6SD01117,"CRABTREE, CASEY",O,2,REP,"$254,950",0,236227.91,0,0,18722.45,0,0,0,0,0,0,245361.36,SD,0,,,,,,9500,0,06/30/2026,0,0
H8SD01055,"JOHNSON, DUSTY",I,2,REP,"$1,694,900",305272,5546921.46,5000000,5245125,1393103.87,0,0,0,0,0,0,812820.28,SD,0,,,,,,322400,0,06/30/2026,59650,10000
H0TN01092,"WALSINGHAM, BLAIR NICOLE",O,1,DEM,$0,0,0,0,0,0,0,0,0,0,0,0,0,TN,1,,,,,,0,0,06/30/2026,0,0
H6TN01537,"BURKE, KRISTI",C,1,DEM,"$101,984",0,87877.31,0,0,14106.2,10,0,0,0,0,0,101615.11,TN,1,,,,,,250,0,07/17/2026,0,0
H0TN01118,"HARSHBARGER, DIANA",I,2,REP,"$1,274,194",35408.49,739900.04,65000,1450769.13,1985062.87,0,0,0,0,0,1456793,477165.96,TN,1,,,,,,683250,0,07/17/2026,10656.85,21000
H4TN02084,"GEORGE, JANE ANNE",C,1,DEM,"$2,343",0,9188.23,0,6845.43,0,140.06,0,0,0,0,0,188.88,TN,2,,,,,,0,0,06/30/2026,0,0
H6TN02162,"VELK, ADAM JAY",C,1,DEM,$0,0,0,0,0,0,0,0,0,0,0,0,0,TN,2,,,,,,0,0,09/16/2025,0,0
H6TN02170,"BARNETT, MICHAELA",C,1,DEM,"$397,584",0,341353.67,0,0,56230.11,415,6000,0,0,0,6000,385550.31,TN,2,,,,,,250,0,07/17/2026,155,250
H8TN02069,"DUNCAN, JOHN J REP. JR.",I,2,REP,"$31,702",0,95920.25,35000,471315.36,407096.82,0,0,0,0,0,0,0,TN,2,,,,,,0,0,06/30/2026,0,0
H8TN02119,"BURCHETT, TIM",I,2,REP,"$2,428,734",19441.7,2189477.4,0,728190.08,967446.83,0,0,0,0,0,23686.61,2249399.13,TN,2,,,,,,141525.26,0,07/17/2026,0,0
H8TN02127,"MATLOCK, JAMES LLOYD",O,2,REP,$0,0,1130.8,0,1130.8,0,0,0,0,0,0,240000,0,TN,2,,,,,,0,0,03/18/2026,0,0
H4TN03199,"ALLEN, JACK BURKS MR JR",C,1,DEM,$0,0,0,0,0,0,0,0,0,0,0,0,0,TN,3,,,,,,0,0,03/31/2025,0,0
H6TN03202,"HAWN, JOEL DEREK MR",C,1,DEM,$140,0,69.75,0,0,70.25,30,0,0,0,0,0,110,TN,3,,,,,,0,0,03/31/2025,0,0
H6TN03228,"GOLLADAY, ANNA",C,1,DEM,"$55,555",0,28351.8,0,6667.47,33870.46,0,0,0,0,0,0,52695.74,TN,3,,,,,,0,0,07/17/2026,0,0
H0TN03254,"FLEISCHMANN, CHARLES J",I,2,REP,"$2,330,803",0,752330.86,0,3257052.08,4835524.55,0,0,0,0,0,0,1482029.79,TN,3,,,,,,9500,632750,07/17/2026,11020,0
H4TN04270,"BRODERICK, VICTORIA",C,1,DEM,"$59,772",0,58973.75,0,7692.45,8490.41,500,0,0,0,0,0,51210.22,TN,4,,,,,,250,1000,07/17/2026,635,0
H6TN04234,"LARSON, PATRICK",C,1,DEM,$0,0,0,0,0,0,0,0,0,0,0,0,0,TN,4,,,,,,0,0,03/31/2026,0,0
H6TN04267,"LANIER, TIMOTHY",C,1,DEM,"$13,594",0,10613.95,0,0,2980.04,0,7268.99,0,12.72,0,7256.27,6325,TN,4,,,,,,0,0,07/17/2026,0,0
H6TN05363,"NEAL, JOYCE ELAINE ED.D.",C,1,DEM,"$8,310",0,7396.28,0,0,768.8,6220,0,0,0,0,0,2090,TN,4,,,,,,0,0,07/22/2026,0,0
H6TN05371,"CORTESE, MIKE",C,1,DEM,"$741,733",0,619475.47,0,0,122257.73,0.67,0,0,0,0,0,732522.74,TN,4,,,,,,8500,0,07/17/2026,150,0
H0TN04195,"DESJARLAIS, SCOTT HON.",I,2,REP,"$536,843",0,407735.16,0,366018.36,495126.13,0,0,0,0,0,0,228786.8,TN,4,,,,,,307000,0,07/17/2026,0,0
H4TN04155,"FAPARUSI, YOMI DR. SR.",C,2,REP,$0,0,0,0,0,0,0,0,0,0,0,15000,0,TN,4,,,,,,0,0,06/30/2026,0,0
H4TN04247,"DAVIS, THOMAS EUGENE",C,2,REP,"$17,965",0,20178.58,0,2139.64,0,2345.49,3555.48,0,0,0,5655.48,10093.77,TN,4,,,,,,0,735,08/31/2026,3398.73,0
H6TN04275,"JAMES, JOSHUA",C,2,REP,"$3,613",0,3051.52,0,0,560.99,0,612.51,0,0,0,612.51,3000,TN,4,,,,,,0,0,07/17/2026,0,0
H6TN05397,"MOLDER, CHAZ",C,1,DEM,"$2,599,775",21870,1117578.66,0,0,1482195.91,0,0,0,0,0,32785.77,2361617.36,TN,5,,,,,,215700,220.78,07/17/2026,22079.41,350
H6TN05439,"HURLEY, RACHEL",C,1,DEM,"$35,503",0,32800.97,0,0,2701.8,0,0,0,0,0,0,35502.77,TN,5,,,,,,0,0,07/17/2026,0,0
H2TN05339,"STARBUCK, ROBBY",O,2,REP,$0,0,0,0,0,0,0,0,0,0,0,115787.79,0,TN,5,,,,,,0,0,03/31/2026,0,0
H2TN05354,"LEE, WILLIAM BAXTER",O,2,REP,$0,0,750,0,9399.81,8649.81,0,0,0,0,0,317380,0,TN,5,,,,,,0,0,06/30/2026,0,0
H2TN05362,"ORTAGUS, MORGAN",O,2,REP,$0,0,500,0,7187.84,6687.84,0,0,0,0,0,0,0,TN,5,,,,,,0,0,06/30/2026,0,0
H2TN05370,"WINSTEAD, KURT",O,2,REP,$0,0,0,0,7718.59,7718.59,0,0,0,0,0,732966,0,TN,5,,,,,,0,0,06/30/2026,0,0
H2TN05446,"OGLES, ANDY",I,2,REP,"$613,135",2000,617406.75,0,61920.64,57648.62,0,0,0,0,0,70368.75,459935.17,TN,5,,,,,,135000,0,07/17/2026,8481.35,2500
H2TN05479,"BEIERLEIN, JEFF",O,2,REP,$0,0,0,0,0,0,0,0,0,0,0,144516.71,0,TN,5,,,,,,0,0,03/31/2026,0,0
H4TN05137,"JOHNSTON, COURTNEY",C,2,REP,$783,0,13770.2,0,12987.1,0,0,0,0,0,0,0,0,TN,5,,,,,,0,0,09/30/2025,0,0
H6TN05405,"HATCHER, CHARLIE",C,2,REP,"$719,503",0,614682.2,0,0,104820.75,133713.47,0,0,0,0,0,582289.48,TN,5,,,,,,3500,0,07/17/2026,14750,0
H2TN06162,"COOPER, RANDAL DEAN",C,1,DEM,$0,0,256.7,0,2655.64,2398.94,0,0,0,0,0,0,0,TN,6,,,,,,0,0,06/30/2026,0,0
H4TN04015,"GORDON, BART",I,1,DEM,"$74,838",0,55921.62,0,189293.88,208209.99,0,0,0,0,0,0,0,TN,6,,,,,,0,0,06/30/2026,0,0
H4TN06226,"BERGMAN, LORE ANN",O,1,DEM,"$5,350",0,5648.9,0,0,-298.97,0,0,0,0,0,0,4865,TN,6,,,,,,250,0,08/19/2026,0,0
H6TN06171,"CROLEY, MIKE",O,1,DEM,"$35,380",0,33198.88,0,60,2430.75,0,0,0,0,0,0,35340,TN,6,,,,,,0,0,07/17/2026,50,0
H6TN06239,"BERGMAN, LORE ANN",O,1,DEM,"$5,350",0,5648.9,0,0,-298.97,0,0,0,0,0,0,4865,TN,6,,,,,,250,0,08/19/2026,0,0
H6TN06247,"BALLIN, CRAIG",O,1,DEM,"$6,210",0,6210.22,0,0,0,0,5000,0,4482.03,0,517.97,1210.22,TN,6,,,,,,0,0,03/01/2026,0,0
H6TN06270,"MOSLEY, CHANEY",O,1,DEM,"$86,869",0,61101.38,0,0,25767.71,20,0,0,0,0,0,86849.09,TN,6,,,,,,0,0,07/17/2026,200,0
H0TN06224,"ZELENIK, LOU ANN",C,2,REP,$0,0,0,0,128.32,128.32,0,0,0,0,0,228000,0,TN,6,,,,,,0,0,06/30/2026,0,0
H2TN05347,"BROOKS, NATISHA",O,2,REP,"$50,000",0,43591.87,0,-15,6393.13,0,50000,0,0,0,50000,0,TN,6,,,,,,0,0,07/17/2026,0,0
H6TN06205,"HILLEARY, WILLIAM V.",O,2,REP,"$1,552,429",0,929933.7,0,0,622495.02,0,0,0,0,0,0,1506921.13,TN,6,,,,,,45500,0,07/17/2026,16536.45,0
H6TN06213,"GARRETT, JOHNNY",O,2,REP,"$2,380,327",0,2092741.5,0,0,287585.48,2291.57,1200000,0,0,0,1200000,1074835.41,TN,6,,,,,,103200,0,07/17/2026,5000,0
H6TN06221,"GAINES, BRAD",O,2,REP,"$3,525",0,1.3,0,0,3523.7,0,0,0,0,0,0,3525,TN,6,,,,,,0,0,06/30/2026,0,0
H8TN06086,"MATHENY, JUDD",O,2,REP,$0,0,0,0,0,0,0,0,0,0,0,0,0,TN,6,,,,,,0,0,03/31/2025,0,0
H8TN06094,"ROSE, JOHN W.",I,2,REP,"$77,877",12000,1016339.86,0,983754.33,45291.42,0,0,0,800000,0,145846.34,47876.95,TN,6,,,,,,18000,0,06/30/2026,3749,0
H6TN07229,"DIXIE, VINCENT",C,1,DEM,"$250,384",0,228885.33,0,0,21498.42,0,3500,0,0,0,35078.62,217908.6,TN,7,,,,,,27250,0,07/17/2026,12375,0
H6TN07260,"MITCHELL, JAMES BO",C,1,DEM,"$246,853",0,246852.74,0,0,0,12000,0,0,0,0,0,216513.25,TN,7,,,,,,12000,0,06/24/2026,8000,0
H6TN07286,"COPELAND, DARDEN HUNTER",C,1,DEM,"$868,615",0,789925.84,0,0,78688.8,64135.83,165000,0,0,0,165000,636478.81,TN,7,,,,,,3000,0,07/17/2026,0,0
H6TN07344,"HOLLOWAY, SALETTA",C,1,DEM,"$60,673",0,58962.41,0,0,1710.91,0,47218.32,0,0,0,47218.32,13455,TN,7,,,,,,0,0,07/17/2026,0,0
H2TN06030,"BLACKBURN, MARSHA MRS.",I,2,REP,"$3,087,690",2097849.94,7792604.4,0,5138614.78,433700.53,0,0,0,0,0,0,246614.63,TN,7,,,,,,132500,0,06/30/2026,0,0
H4TN07166,"OGLES, BRANDON THOMAS",O,2,REP,$0,0,0,0,0,0,0,0,0,0,0,0,0,TN,7,,,,,,0,0,06/30/2026,0,0
H6TN07161,"VAN EPPS, MATTHEW ROBERT",I,2,REP,"$2,300,690",41435.03,2092736.19,0,0,207954.13,0,0,0,0,0,60000,1665149.83,TN,7,,,,,,582300,7305,07/17/2026,1000,1000
H6TN07179,"KNIGHT, JASON",O,2,REP,"$46,034",0,45157.42,0,0,876.81,1200,20000,0,0,0,26954.63,24800.22,TN,7,,,,,,0,0,06/30/2026,0,0
H6TN07187,"REEVES, LEE BRIAN MR. JR.",C,2,REP,"$600,370",0,600369.7,0,0,0,0,300000,0,349.17,0,0,300369.7,TN,7,,,,,,0,0,12/31/2025,3552.05,0
H6TN07203,"BARRETT, JOSEPH MICHAEL",C,2,REP,"$336,392",0,336392.06,0,0,0,0,0,0,0,0,0,317906.42,TN,7,,,,,,18485.64,0,01/25/2026,25930.83,2500
H6TN07211,"FOLEY, MASON",C,2,REP,"$501,553",0,501553,0,0,0,0,407000,0,0,0,0,75053,TN,7,,,,,,5500,0,12/31/2025,0,0
H6TN07245,"PARKS, STEWART THOMAS",C,2,REP,"$362,620",0,362928.15,0,0,-308.47,231617.37,67167.31,0,100,0,0,63832,TN,7,,,,,,0,0,02/04/2026,0,0
H6TN07278,"COOPER, STUART",C,2,REP,"$35,150",0,35150.32,2800,0,0,0,2445.06,0,0,0,2445.06,28656.58,TN,7,,,,,,0,0,10/31/2025,1500,0
H6TN07294,"BULSO, GINO",C,2,REP,"$833,756",0,833756.18,0,0,0,18972.72,750000,0,3798.8,0,0,64783.46,TN,7,,,,,,0,0,03/26/2026,0,0
H6TN07310,"LEURS, JOSEPH H",C,2,REP,"$7,505",0,22721.29,0,0,-15216.21,6600,0,0,0,0,22194.58,8.08,TN,7,,,,,,0,0,06/30/2026,0,0
H8TN07076,"GREEN, MARK DR.",I,2,REP,"$270,375",69436.31,336976.71,0,66857.37,255.41,700,4000,0,0,0,4000,158926.48,TN,7,,,,,,36500,0,06/30/2026,54900,5000
H4TN08123,"FREEMAN, SARAH",C,1,DEM,$10,0,1427.91,0,1417.91,0,0,0,0,0,0,912.27,10,TN,8,,,,,,0,0,09/30/2025,0,0
H6TN08250,"STOTTS-PEARSON, ERIKA",C,1,DEM,$0,0,0,0,3987.34,3987.34,0,0,0,0,0,5717.7,0,TN,8,,,,,,0,0,06/30/2026,0,0
H6TN08359,"BRYAN, DEWEY GORDON",C,1,DEM,"$169,350",0,127057.64,0,0,42292.36,155500,0,0,0,0,0,13850,TN,8,,,,,,0,0,07/17/2026,0,0
H6TN08367,"KUHN, HEIDI",C,1,DEM,"$39,805",0,26326.87,0,0,13478.13,0,0,0,0,0,0,38305,TN,8,,,,,,1500,0,07/17/2026,0,0
H0TN08246,"FINCHER, STEVE MR.",I,2,REP,"$53,530",0,27277.52,0,1274824.47,1301077.44,0,0,0,0,0,0,0,TN,8,,,,,,0,0,06/30/2026,0,0
H2TN07103,"KUSTOFF, DAVID",I,2,REP,"$2,232,874",97000,1285496.95,109000,2059460.81,3006838.25,0,0,0,90000,0,146500,1051629.39,TN,8,,,,,,1028850,0,07/17/2026,5667.5,3000
H4TN08099,"MILLS, JOHN JOHN",O,2,REP,"$18,262",0,15206.09,0,2057.94,5113.85,0,16500,0,362.23,0,110903.76,1762,TN,8,,,,,,0,0,07/22/2026,0,0
H6TN08177,"LUTTRELL, MARK H JR",O,2,REP,$0,0,837.05,0,867.05,0,0,0,0,0,0,0,0,TN,8,,,,,,0,0,06/30/2026,0,0
H8TN07043,"LEATHERWOOD, THOMAS F III",O,2,REP,$0,0,0,0,0,0,0,0,0,0,0,46416.44,0,TN,8,,,,,,0,0,03/31/2026,0,0
H6TN05355,"TORINO, JAMES PHD",C,1,DEM,"$119,549",0,71020.49,0,0,48528.66,850,100000,0,0,0,100000,18224.6,TN,9,,,,,,0,0,07/17/2026,0,0
H6TN09068,"COHEN, STEVE I MR.",I,1,DEM,"$776,211",0,652524.94,0,1719832.69,1843018.39,0,0,0,0,0,0,341801.77,TN,9,,,,,,320482.5,779.17,06/30/2026,47800,22500
H6TN09449,"PEARSON, JUSTIN J.",C,1,DEM,"$2,344,947",0,1500213.73,0,0,844732.89,278.38,0,0,0,0,0,2308939.64,TN,9,,,,,,32694.15,0,07/17/2026,16450.67,0
H6TN09498,"LAMAR, LONDON",C,1,DEM,"$76,320",0,68714.11,0,0,7606.32,0,0,0,0,0,0,60056,TN,9,,,,,,16200,0,07/17/2026,0,0
H0TN09061,"BERGMANN, CHARLOTTE",C,2,REP,"$66,902",0,58595.41,0,3440.68,11746.82,0,0,0,0,0,51650.56,64401.55,TN,9,,,,,,2500,0,07/17/2026,0,0
H6TN09464,"TAYLOR, BRENT",C,2,REP,"$1,549,482",0,1132104.37,0,0,417377.22,0,1000000,0,0,0,1000000,465995.12,TN,9,,,,,,82300,0,07/17/2026,0,0
H6TN09472,"WARNER, WILLIAM TODD",C,2,REP,"$689,617",0,468526.48,0,0,-237637.47,0,620000,0,0,0,0,69616.95,TN,9,,,,,,0,0,07/17/2026,0,0
H6TN09480,"THOMPSON, JEREMY",C,2,REP,"$228,564",0,186734.72,0,0,41829.28,7100,0,0,0,0,0,218464,TN,9,,,,,,3000,0,07/17/2026,0,0
H6TX01303,"RAY, MASIKA AKILAH",C,1,DEM,"$18,902",0,18892.13,0,0,10.35,0,13484.37,0,321.62,0,13162.75,5018.11,TX,1,,,,,,0,0,06/30/2026,500,0
H6TX01337,"ALEXANDER, DAX CORNELL",C,1,DEM,"$14,291",0,13111.49,0,0,1179.19,5625,0,0,0,0,0,8665.68,TX,1,,,,,,0,0,06/30/2026,0,0
H6TX01352,"PRINCE, YOLANDA RENA",C,1,DEM,"$9,245",0,3752.01,0,-5099.02,393.57,0,7038.25,0,0,0,9636.37,2206.35,TX,1,,,,,,0,0,06/30/2026,0,0
H2TX01112,"MORAN, NATHANIEL QUENTIN",I,2,REP,"$1,797,848",263031.94,1401247.78,0,380946.12,777546.02,0,0,0,0,0,0,747700.31,TX,1,,,,,,779600,0,06/30/2026,2245.21,0
H2TX02383,"FULFORD, ROBIN DAWN",C,1,DEM,$0,0,193.94,0,5189.14,4995.2,0,0,0,0,0,14595.55,0,TX,2,,,,,,0,0,06/30/2026,0,0
H6TX02095,"TURNER, JIM",C,1,DEM,"$45,908",0,43878.41,0,313227.57,315256.9,0,0,0,0,0,0,0,TX,2,,,,,,0,0,06/30/2026,0,0
H6TX02251,"FINNIE, SHAUN",C,1,DEM,"$2,729,677",0,1260476.12,0,0,1469200.64,0,1961000,0,0,0,1961000,764947.65,TX,2,,,,,,1000,0,06/30/2026,5500,0
H2TX08158,"ELLIS, JAMESON",C,2,REP,"$6,340",0,6388.09,0,48.19,0,0,0,0,0,0,0,6339.73,TX,2,,,,,,0,0,03/31/2025,3405,0
H2TX08232,"ETWOP, MARTIN",C,2,REP,"$13,788",0,11397.56,0,-2391.99,-1.59,3000,0,0,0,0,0,9692.96,TX,2,,,,,,0,0,04/30/2026,160,0
H6TX02236,"PLUMB, NICHOLAS LEE MR.",C,2,REP,"$9,245",0,9175.62,0,0,69.23,3352.05,0,0,0,0,0,5892.8,TX,2,,,,,,0,0,06/30/2026,0,0
H6TX08175,"TOTH, STEVE",C,2,REP,"$824,450",29275.42,671514.75,0,0,152935.25,0,13000,0,13000,0,0,713027.92,TX,2,,,,,,67800,0,06/30/2026,28320.72,1500
H8TX02166,"CRENSHAW, DANIEL",I,2,REP,"$2,735,888",523632.52,3180270.71,5105.56,469307.75,24924.74,0,0,0,0,0,36500,1458544.31,TX,2,,,,,,638410.1,0,06/30/2026,314376.35,54300
H2TX03274,"SRIVASTAVA, SANDEEP KUMAR",C,1,DEM,"$619,280",0,623966.87,0,4686.46,0,617709.41,0,0,570688.73,0,45,1571,TX,3,,,,,,0,0,05/11/2025,0,0
H6TX03226,"WHEATLEY, JORDAN DOUGLAS",C,1,DEM,"$20,611",0,20610.58,0,0,0,439.58,0,0,0,0,0,20171,TX,3,,,,,,0,0,01/30/2026,0,0
H6TX03234,"HUNT, EVAN",C,1,DEM,"$446,506",0,402627.78,0,0,43877.75,0,75000,0,0,0,75580.7,366005.53,TX,3,,,,,,5500,0,06/30/2026,106,0
H8TX03099,"BURCH, LORIE",C,1,DEM,$0,0,0,0,0,0,0,0,0,0,0,20322.78,0,TX,3,,,,,,0,0,06/30/2026,0,0
H2TX00064,"SELF, KEITH ALAN",C,2,REP,"$645,503",0,542149.44,0,109340.89,212694.22,1850.94,0,0,0,0,0,460593.15,TX,3,,,,,,178673.45,0,06/30/2026,21944,1000
H2TX03316,"IVANOVSKIS, JEREMY DANIEL",C,2,REP,"$1,200",0,1200,0,0,0,1200,0,0,0,0,0,0,TX,3,,,,,,0,0,12/02/2025,0,0
H4TX03122,"PENNIE, DEMETRICK TRE DR.",C,2,REP,$0,0,0.2,0,1179.22,1179.02,0,0,0,0,0,4905.35,0,TX,3,,,,,,0,0,03/31/2025,0,0
H6TX03259,"NEWGENT, MARK",C,2,REP,"$170,710",0,170709.92,0,0,0,10,0,109.43,109.43,0,0,166672.89,TX,3,,,,,,3000,0,06/30/2026,1510,0
H6TX04166,"RUBELL, ANDREW LEE",C,1,DEM,"$4,470",0,4302.64,0,0,167.36,0,0,0,0,0,0,1345,TX,4,,,,,,3125,0,02/11/2026,0,0
H6TX04174,"PEARCE, JASON",C,1,DEM,"$16,271",0,14185.04,0,0,2086.05,0,8796.82,0,0,0,8796.82,7474.27,TX,4,,,,,,0,0,06/30/2026,0,0
H0TX04193,"RANSOM, TRAVIS",C,2,REP,$0,0,425,0,0,20005.48,0,0,0,0,0,0,0,TX,4,,,,,,0,0,06/30/2026,0,0
H0TX04219,"FALLON, PATRICK",I,2,REP,"$790,505",231629.6,353557.98,6600,660078.27,1097025.68,0,0,0,0,0,25000,258495.24,TX,4,,,,,,300080,0,06/30/2026,18250,10000
H0TX32079,"MCLENDON, FLOYD JR.",C,2,REP,$0,0,0,0,43858.23,43858.23,0,0,0,0,0,0,0,TX,4,,,,,,0,0,06/30/2026,0,0
H2TX04132,"THOMAS, DANIEL M.",C,2,REP,$0,0,0,0,176.33,176.33,0,0,0,0,0,14551.21,0,TX,4,,,,,,0,0,06/30/2026,0,0
H8TX04154,"DANIELS, SHOLDON MR.",C,2,REP,"$357,415",0,379209.69,0,0,-21794.97,1375.94,700,0,700,0,0,353400.75,TX,4,,,,,,690.64,0,03/31/2026,0,0
H2TX05253,"TORRES, RUTH MS.",C,1,DEM,"$20,748",0,16988.71,0,362.97,4035.09,0,20000,0,0,0,38040.14,748,TX,5,,,,,,0,0,05/06/2026,0,0
H6TX05189,"HOCKETT, CHELSEY ALEXANDRA",C,1,DEM,"$12,666",0,-13257.72,0,0,5129.08,0,0,0,0,0,0,12665.95,TX,5,,,,,,0,0,06/30/2026,0,0
H6TX05197,"HOCKETT, CHELSEY ALEXANDRA",C,1,DEM,"$12,666",0,-13257.72,0,0,5129.08,0,0,0,0,0,0,12665.95,TX,5,,,,,,0,0,06/30/2026,0,0
H6TX05171,"EDWARDS, TRAVIS",C,2,REP,"$17,628",0,17883.04,0,282.36,27.57,9600,0,0,0,0,0,8028.25,TX,5,,,,,,0,0,12/31/2025,3700,0
H8TX05144,"GOODEN, LANCE",I,2,REP,"$1,341,647",389304.36,729586.83,0,717356.96,1329417.31,0,0,0,0,0,0,396592.89,TX,5,,,,,,523533.08,0,06/30/2026,0,0
H4TX06224,"LOVE, JOHN BENARD III",C,1,DEM,$111,0,7526.87,0,11958.15,4541.92,0,0,0,0,0,0,110.53,TX,6,,,,,,0,0,03/31/2026,0,0
H6TX25203,"MINTON, DANNY",C,1,DEM,"$44,283",0,30645.42,0,0,13637.58,0,3125,0,0,0,3125,36158,TX,6,,,,,,0,0,06/30/2026,0,0
H2TX06269,"HARRISON, BRIAN E",O,2,REP,$0,0,0,0,1.19,1.19,0,0,0,0,0,134000,0,TX,6,,,,,,0,0,06/30/2026,0,0
H2TX06335,"RODIMER, DAN",O,2,REP,$0,0,0,0,1086.61,1086.61,0,0,0,0,0,0,0,TX,6,,,,,,0,0,06/30/2026,0,0
H6TX06229,"STAHL, BRIAN",C,2,REP,"$189,021",0,158816.66,0,0,30204.55,100,0,0,0,0,0,183921.21,TX,6,,,,,,5000,0,06/30/2026,312.3,0
H8TX06266,"ELLZEY, JOHN KEVIN SR.",I,2,REP,"$4,660,385",2226205.51,3272430.78,0,1095447.64,2483401.76,0,0,0,0,0,0,1636528.75,TX,6,,,,,,743634.86,0,06/30/2026,48641.99,1500
H4TX07081,"AGWAN, PERVEZ S",C,1,DEM,"$1,255",0,1222.75,0,-32.73,0,0,0,0,0,0,105000,1255.48,TX,7,,,,,,0,0,06/30/2025,0,0
H8TX07140,"FLETCHER, ELIZABETH",I,1,DEM,"$1,426,057",529000,1040012.31,0,1316661.79,1702706.46,0,0,0,0,0,0,268848.47,TX,7,,,,,,601600,0,06/30/2026,8558.33,1000
H0TX07196,"NOTEWARE, JAMES",C,2,REP,$0,0,0,0,1550.07,1550.07,0,0,0,0,0,43146,0,TX,7,,,,,,0,0,06/30/2026,0,0
H2TX07119,"COHEN, TINA",C,2,REP,$25,0,66718.51,0,93883.69,27190.18,0,0,0,0,0,50000,25,TX,7,,,,,,0,0,06/30/2026,0,0
H4TX07099,"KANE, CAROLINE",C,2,REP,"$1,688",0,577.18,0,-1111.13,0,1591.79,86.52,0,0,0,0,10,TX,7,,,,,,0,0,04/14/2025,0,0
H4TX07149,"OMORUYI, KENNETH EHIOSU",C,2,REP,$700,0,955.16,0,253.35,-1.81,0,200,0,0,0,139130,500,TX,7,,,,,,0,0,06/30/2026,0,0
H6TX07151,"HALE, ALEXANDER",C,2,REP,"$76,578",0,70235.7,0,0,6341.89,5.21,3610.22,0,0,0,5077.34,70457.15,TX,7,,,,,,2500,0,06/30/2026,0,0
H6TX07169,"KALAI, ALEXANDER ZACHARY",C,2,REP,"$315,098",0,315097.86,0,0,0,8827.09,243845.77,0,0,0,0,62425,TX,7,,,,,,0,0,04/28/2026,1500,0
H0TX08145,"JONES, LAURA",O,1,DEM,"$21,980",0,16621.43,0,2500.75,7859.32,0,0,0,280,0,2040,19355,TX,8,,,,,,2625,0,06/30/2026,0,0
H6TX08225,"COLEMAN, KEITH",O,1,DEM,"$11,974",0,11564.53,0,0,409.91,414,0,0,0,0,0,11560.39,TX,8,,,,,,0,0,06/30/2026,0,0
H2TX08182,"LUTTRELL, MORGAN JOE",I,2,REP,"$333,226",210.74,674556.64,0,700551.67,359220.91,0,0,0,0,0,0,239818.2,TX,8,,,,,,85600,0,06/30/2026,15000,0
H6TX02228,"TRAN, NICK B.",C,2,REP,"$288,505",0,283468.17,0,0,5036.43,8026.03,1500,0,0,0,1500,276847.01,TX,8,,,,,,0,0,06/30/2026,9770.3,0
H6TX08209,"STEINMANN, JESSICA HART",O,2,REP,"$2,064,033",321845.96,1941845.06,0,0,122187.48,0,650000,0,225000,0,425000,795136.58,TX,8,,,,,,297050,0,06/30/2026,0,2000
H6TX08233,"JENSEN, BRETT",O,2,REP,"$2,860,440",0,2860439.61,0,0,0,128411.77,2720734,0,0,0,2767669.01,11293.72,TX,8,,,,,,0,0,03/31/2026,0,0
H6TX09090,"WILMER, DEDDRICK T",C,2,REP,"$46,032",0,38214.29,0,0,7817.9,42500,0,0,0,0,0,2682.22,TX,8,,,,,,0,0,02/11/2026,0,0
H4TX02181,"FILLER, PETER",C,1,DEM,"$4,144",0,4200.53,0,56.57,0,0,0,0,0,0,0,4143.96,TX,9,,,,,,0,0,03/05/2026,0,0
H4TX06232,"BUFORD, JAMES",C,1,DEM,"$72,951",0,72985.6,0,34.6,0,56300,0,0,0,0,0,16651,TX,9,,,,,,0,0,04/01/2026,85.83,0
H6TX09207,"VIRTS, TERRY",C,1,DEM,"$665,423",0,454248.15,0,0,2903.14,0,53125,0,0,0,317479.29,582804.59,TX,9,,,,,,5000,0,06/30/2026,21675,0
H6TX09215,"IVEY, R. TODD DR.",C,1,DEM,"$192,630",0,192629.5,0,0,0,4726.5,0,0,0,0,0,171903,TX,9,,,,,,16000,0,06/30/2026,26000,5000
H6TX09231,"GUTIERREZ, LETICIA",C,1,DEM,"$55,358",0,36700.32,0,0,18657.58,0,500,0,0,0,500,54607.9,TX,9,,,,,,0,0,06/30/2026,0,0
H0TX09077,"STOCKMAN, STEVE",C,2,REP,"$251,777",0,207997.07,0,0,43780.22,0,204541.29,12000,0,0,231234.36,12060,TX,9,,,,,,0,0,06/30/2026,0,0
H6TX09124,"CAIN, BRISCOE ROWELL III",C,2,REP,"$621,309",66616.31,595887.35,0,0,25422.12,5000,100000,7000,0,0,107000,390350.19,TX,9,,,,,,52336.53,0,06/30/2026,14000,0
H6TX09140,"MEALER, ALEXANDRA",C,2,REP,"$2,080,514",112406.67,1718473.99,0,0,362039.67,4850.44,0,0,0,0,0,1703956.31,TX,9,,,,,,259300,0,06/30/2026,15284.98,0
H6TX09157,"STOVALL, DWAYNE BRADLEY",C,2,REP,"$27,696",0,29295.3,0,1599.72,0,13500,0,0,0,0,0,13195.58,TX,9,,,,,,0,0,04/14/2026,2488.02,0
H6TX09165,"MIMS, DAN",C,2,REP,"$425,385",0,422959.66,0,0,2425.63,10460.29,370000,0,0,0,370000,44925,TX,9,,,,,,0,0,06/30/2026,0,0
H6TX09181,"THAIN, TERRY LEE MR",C,2,REP,"$5,250",0,3397.28,0,6.18,1858.9,0,5200,0,0,0,5200,50,TX,9,,,,,,0,0,12/31/2025,0,0
H6TX09199,"SARMIENTO, CRYSTAL",C,2,REP,"$79,458",0,71582.93,0,0,7875.3,0,12000,0,12000,0,0,66456.13,TX,9,,,,,,1000,0,06/30/2026,0,0
H8TX29110,"BLANCO, JAIMY",C,2,REP,"$121,906",0,122924.17,0,1018.22,0,0,0,0,0,0,0,109993.69,TX,9,,,,,,12840,0,06/30/2026,0,0
H4TX10226,"BOISSEAU, THERESA",C,1,DEM,$0,0,0,0,0,0,0,0,0,0,0,6579.86,0,TX,10,,,,,,0,0,01/10/2025,0,0
H6TX10148,"GALLAHER, SCOT B.",C,1,DEM,$0,0,0,0,-92.5,-92.5,0,0,0,0,0,10250,0,TX,10,,,,,,0,0,09/30/2026,0,0
H6TX10171,"COLEMAN, TAYHLOR",O,1,DEM,"$70,849",0,63249.74,0,0,7598.91,0,0,0,0,0,45757.92,70847.89,TX,10,,,,,,0,0,06/30/2026,91,0
H6TX10205,"MARSHALL, DAWN DR.",O,1,DEM,"$11,567",0,11566.55,0,0,0,2050,0,0,0,0,0,9516.55,TX,10,,,,,,0,0,07/14/2026,1365.26,0
H6TX10254,"ECKHARDT, SARAH",O,1,DEM,"$113,353",0,110495.8,0,0,2856.75,0,0,0,0,0,0,112352.55,TX,10,,,,,,1000,0,03/31/2026,2462,0
H6TX10262,"ECKHARDT, SARAH",O,1,DEM,"$113,353",0,110495.8,0,0,2856.75,0,0,0,0,0,0,112352.55,TX,10,,,,,,1000,0,03/31/2026,2462,0
H6TX10296,"REYNA, BERNARDO",O,1,DEM,"$3,182",0,3239.5,0,0,-57.25,57.25,3125,0,0,0,3125,0,TX,10,,,,,,0,0,12/31/2025,0,0
H6TX31102,"ROURK, CAITLIN MCCLAY",C,1,DEM,"$363,959",0,271818.62,0,0,92140.35,28061.09,0,0,0,0,0,328047.88,TX,10,,,,,,7650,200,06/30/2026,35,0
H8TX10110,"SIEGEL, MICHAEL",C,1,DEM,$0,0,539.1,0,4852.63,4313.53,0,0,0,0,0,95985.8,0,TX,10,,,,,,0,0,06/30/2026,0,0
H0TX35064,"SHARON, JENNIFER",O,2,REP,"$19,272",0,18705.17,0,0,566.83,0,17000,0,7500,0,9500,2200,TX,10,,,,,,0,0,06/30/2026,0,0
H4TX10093,"MCCAUL, MICHAEL",I,2,REP,"$276,976",126499.53,408044.48,0,131068.91,0,0,25800,0,28500,0,0,43847.67,TX,10,,,,,,67300,0,07/30/2026,43300,1500
H6TX10221,"GOBER, CHRIS",O,2,REP,"$2,559,185",76500,2439557.92,0,0,119626.92,24821.91,1625000,0,875000,0,750000,701244.02,TX,10,,,,,,129145.5,0,06/30/2026,10000,0
H6TX10239,"MACLEOD, SCOTT",O,2,REP,"$199,958",14927.79,199957.68,0,0,0,12790.35,106000,0,65000,0,0,66239.54,TX,10,,,,,,0,0,06/30/2026,8886,0
H6TX10247,"KING, KARA",O,2,REP,"$231,139",0,231138.66,0,0,0,8546.32,100000,0,100000,0,0,122592.34,TX,10,,,,,,0,0,05/06/2026,38446.48,0
H6TX10270,"BIUS, WALTER BENJAMIN",O,2,REP,"$453,886",0,113556.49,0,0,340329.37,0,428750.86,0,0,0,428750.86,25135,TX,10,,,,,,0,0,03/31/2026,0,0
H6TX10288,"ALTMAN, ROB",O,2,REP,"$193,488",0,35004.43,0,0,158483.13,550,175000,0,0,0,75000,17937.56,TX,10,,,,,,0,0,02/11/2026,0,0
H6TX10304,"STORY, JEREMY",O,2,REP,"$48,668",0,24339.05,0,0,21787.79,0,8214.93,0,0,0,0,40452.69,TX,10,,,,,,0,0,06/30/2026,0,0
H6TX17127,"BROWN, ROBERT",O,2,REP,"$7,854",0,7709.3,0,-144.44,0,7643.74,0,0,0,0,0,210,TX,10,,,,,,0,0,04/15/2026,0,0
H6TX17135,"BROWN, ROBERT",C,2,REP,"$7,854",0,7709.3,0,-144.44,0,7643.74,0,0,0,0,0,210,TX,10,,,,,,0,0,04/15/2026,0,0
H6TX21343,"KARLSRUHER, JESSICA",C,2,REP,"$199,278",0,199278.07,0,0,0,1397.83,9911.9,0,1092.11,0,8819.79,156968.34,TX,10,,,,,,31000,0,06/30/2026,7000,10000
H6TX11112,"REYNOLDS, CLAIRE ANNE",C,1,DEM,"$89,281",0,42491.11,0,0,46790.25,5,0,0,0,0,3317.1,84198.41,TX,11,,,,,,5000,0,06/30/2026,0,0
H0TX11230,"PFLUGER, AUGUST LEE II",I,2,REP,"$3,189,023",2181916.54,2631404.34,50000,2324105.54,2881724.29,0,0,0,0,0,0,729051.78,TX,11,,,,,,182500,0,06/30/2026,14100.07,3500
H0TX11263,"BATCH, BRANDON",O,2,REP,$0,0,167.04,0,167.04,0,0,0,0,0,0,0,0,TX,11,,,,,,0,0,03/19/2025,0,0
H4TX19136,"CONAWAY, MICHAEL HONORABLE",I,2,REP,"$3,580",0,35343.65,0,53087.68,21324.27,0,0,0,0,0,0,0,TX,11,,,,,,0,0,06/30/2026,0,0
H2TX12085,"HUNT, TREY",O,1,DEM,$0,0,0,0,1182.79,1182.79,0,0,0,0,0,9340,0,TX,12,,,,,,0,0,02/15/2025,0,0
H8TX12108,"MORGAN-AGUILERA, KENNETH",C,1,DEM,"$10,350",0,10556.15,0,-236.05,0,6700,0,0,0,0,0,3650.42,TX,12,,,,,,0,0,03/03/2026,0,0
H4TX12057,"O'SHEA, JOHN",O,2,REP,"$24,200",0,33764.76,0,9932.28,367.52,11200,13000,0,0,0,123140.88,0,TX,12,,,,,,0,0,06/30/2026,5100,0
H4TX12065,"GOLDMAN, CRAIG",I,2,REP,"$1,756,535",776120.5,783571.11,0,535896.46,1508860.69,0,0,0,0,0,0,373103.62,TX,12,,,,,,607300,0,06/30/2026,15000,4500
H4TX12081,"GARDNER, SHELLIE LUCILLE",O,2,REP,"$2,799",0,3310.29,0,511.79,0,0,0,0,3310.29,0,0,0,TX,12,,,,,,0,0,05/16/2025,0,0
H4TX12099,"DORRIS, CLINT",O,2,REP,$0,0,0,0,6242.9,6242.9,0,0,0,0,0,16329.36,0,TX,12,,,,,,0,0,06/30/2026,0,0
H6TX12060,"GRANGER, KAY",I,2,REP,$926,0,58697.62,0,140929.66,83157.59,0,0,0,0,0,0,0,TX,12,,,,,,0,0,06/30/2026,0,0
H6TX13159,"NAIR, MARK",C,1,DEM,"$98,404",0,87594.81,0,100,10909.11,1132.28,10000,0,10000,0,0,86521.64,TX,13,,,,,,0,750,06/30/2026,2910.95,0
H0TX13137,"EKSTROM, CHRIS",O,2,REP,$0,0,0,0,1000,1000,0,0,0,0,0,268200,0,TX,13,,,,,,0,0,06/30/2026,0,0
H0TX13228,"JACKSON, RONNY LYNN",I,2,REP,"$4,036,265",1049358.54,2027411.64,0,3401947.63,5410801.19,0,0,0,0,0,0,2605375.31,TX,13,,,,,,240600,0,06/30/2026,134542.08,0
H6TX13167,"WEDGEWORTH, CHASITY",C,2,REP,"$6,769",0,6256.8,0,0,512.22,815.02,0,0,0,0,0,5954,TX,13,,,,,,0,0,02/11/2026,0,0
H6TX14157,"VOGIATZIS, KONSTANTINOS",C,1,DEM,"$12,880",0,9052.73,0,-1731.98,2095,0,10784.71,0,0,0,10784.71,2095,TX,14,,,,,,0,0,12/31/2025,0,0
H6TX14165,"VOGIATZIS, KONSTANTINOS",C,1,DEM,"$12,880",0,9052.73,0,-1731.98,2095,0,10784.71,0,0,0,10784.71,2095,TX,14,,,,,,0,0,12/31/2025,0,0
H6TX14173,"DAVIS, RICHARD HARVEY III",C,1,DEM,"$31,761",0,31761.49,0,0,0,27160.67,0,0,0,0,0,4600.82,TX,14,,,,,,0,0,06/30/2026,0,0
H6TX14181,"BARTIE, THURMAN BILL MR",C,1,DEM,"$26,823",0,27465.1,0,-450,-1091.91,0,0,0,0,0,0,25723.19,TX,14,,,,,,0,1100,06/30/2026,0,0
H2TX14149,"WEBER, RANDY",I,2,REP,"$972,561",217910.37,671254.64,0,620572.21,921878.46,0,0,0,70031.18,0,0,251409.26,TX,14,,,,,,435611.1,0,06/30/2026,2500,5000
H6TX14140,"FORGY, JESSICA JEANINE",C,2,REP,"$3,000",0,380.05,0,1000,3619.95,0,0,0,0,0,0,3000,TX,14,,,,,,0,0,03/31/2025,0,0
H2TX15203,"VALLEJO, MICHELLE",C,1,DEM,$0,0,16392.78,0,17813.06,1420.28,0,0,0,0,0,100000,0,TX,15,,,,,,0,0,06/30/2026,3325,0
H6TX15055,"HINOJOSA, RUBEN E.",I,1,DEM,$0,0,7175,0,52739.31,45564.31,0,0,0,0,0,0,0,TX,15,,,,,,0,0,06/30/2026,0,0
H6TX15238,"CUELLAR, ADA",C,1,DEM,"$1,264,373",0,1260489.78,0,0,3882.95,100,1097200,0,0,0,1101525,152638.51,TX,15,,,,,,10000,0,06/30/2026,341,0
H6TX15246,"PULIDO, BOBBY",C,1,DEM,"$2,960,462",113738.23,1804525.57,0,0,1155936.36,150300,0,0,0,0,0,2439537.38,TX,15,,,,,,243550,220.77,06/30/2026,38606.52,6000
H0TX15124,"DE LA CRUZ, MONICA",I,2,REP,"$5,273,960",1244740.6,3424606.96,0,613969.89,2463322.86,84,0,0,0,0,0,3312300.74,TX,15,,,,,,705285.12,0,06/30/2026,28355.39,1500
H6TX15113,"ZAMORA, EDDIE",C,2,REP,$0,0,0,0,0,0,0,0,0,0,0,0,0,TX,15,,,,,,0,0,03/31/2025,0,0
H6TX15196,"SALINAS, XAVIER MR.",O,2,REP,$0,0,0,0,0,0,0,0,0,0,0,0,0,TX,15,,,,,,0,0,06/30/2026,0,0
H8TX16109,"ESCOBAR, VERONICA",I,1,DEM,"$858,766",0,704155.88,0,115844.62,270455.02,0,0,0,0,0,0,492367.85,TX,16,,,,,,366368.43,0,06/30/2026,7753.12,1500
H2TX16250,"MONTANEZ BERRIOS (DMB), DELIRIS",C,2,REP,"$7,317",0,7719.68,0,500,821.44,95.25,2887.86,0,823.64,0,82677.19,4334.37,TX,16,,,,,,0,0,06/30/2026,0,0
H6TX16160,"CABILDO, HECTOR MIGUEL MR. JR",C,2,REP,"$10,964",0,5702.53,0,20.75,5282.52,0,5581,0,0,0,5581,5383.3,TX,16,,,,,,0,0,02/11/2026,0,0
H6TX16202,"BARRAZA, MANUEL",C,2,REP,"$4,000",0,3431.85,0,0,268.15,0,0,0,0,0,0,4000,TX,16,,,,,,0,0,05/06/2026,0,0
H6TX17143,"MITCHELL, JAMES GORDON",C,1,DEM,"$19,378",0,19017.76,0,0,0,2308.4,9786.66,0,0,0,0,7283,TX,17,,,,,,0,0,03/31/2026,0,0
H6TX17168,"SHEPARD, CASEY",C,1,DEM,"$8,801",0,5655.87,0,0,3145.06,302.27,5000,0,0,0,5000,3498.66,TX,17,,,,,,0,0,06/30/2026,0,0
H2TX03126,"SESSIONS, PETE",I,2,REP,"$1,050,237",0,557216.11,0,440935.66,933956.23,10,0,0,0,0,0,498752.72,TX,17,,,,,,516176.27,0,06/30/2026,0,0
H2TX08216,"CARSON, PAULETTE",O,2,REP,$0,0,10,0,55,60,0,0,0,0,0,4550,0,TX,17,,,,,,0,0,06/30/2026,0,0
H6TX17119,"PATTERSON, WILLIAM RALPH",C,2,REP,$0,0,0,0,3156.55,3156.55,0,0,0,0,0,231225,0,TX,17,,,,,,0,0,06/30/2026,0,0
H4TX09095,"GREEN, ALEXANDER",I,1,DEM,"$1,725,771",3136.76,1860105.1,0,219084.99,84750.67,0,400000,0,0,0,400000,1229955.48,TX,18,,,,,,84000,0,06/30/2026,77681.53,-2000
H4TX18054,"LEE, SHEILA JACKSON",I,1,DEM,$0,0,30579.24,0,12656.73,-17922.51,0,0,0,0,0,4896,0,TX,18,,,,,,0,0,06/30/2026,0,4343.31
H4TX18138,"EDWARDS, AMANDA",C,1,DEM,"$1,895,212",168.53,1893098.34,0,1213.94,3327.16,21885.3,0,0,0,0,0,1808553.01,TX,18,,,,,,64350,0,02/28/2026,123852.53,0
H4TX18153,"MARTIN, ISAIAH MR.",C,1,DEM,"$1,223,942",0,1353909.39,0,174634.56,44667.45,0,0,0,0,0,0,1221987.1,TX,18,,,,,,1500,0,12/31/2025,2201,0
H4TX18237,"TURNER, SYLVESTER",I,1,DEM,"$29,184",0,236836.67,1035.25,208062.69,410.05,0,0,0,0,0,0,20075,TX,18,,,,,,9000,0,10/31/2025,1000,0
H4TX18245,"LEE CARTER, ERICA",C,1,DEM,$50,0,15408.87,0,15358.87,0,0,0,0,0,0,0,50,TX,18,,,,,,0,0,07/17/2025,50,0
H6TX18232,"MENEFEE, CHRISTIAN",C,1,DEM,"$3,637,579",0,3481562.61,0,0,156015.99,100,0,0,0,0,0,3399374.79,TX,18,,,,,,234867.67,0,06/30/2026,8492,0
H6TX18315,"EATMON, EBONY RAIN",O,1,DEM,"$13,547",0,10908.75,0,50,2687.75,0,0,0,0,0,0,13546.5,TX,18,,,,,,0,0,06/30/2025,0,0
H6TX18364,"JONES, JOLANDA",O,1,DEM,"$404,152",0,404152.42,0,0,0,10,0,0,0,0,0,359884.77,TX,18,,,,,,43250,0,11/21/2025,1270,0
H6TX18372,"HUEY, STEPHEN",C,1,DEM,"$37,857",0,26092.3,0,0,11764.27,0,0,0,0,0,0,37856.57,TX,18,,,,,,0,0,09/30/2025,0,0
H6TX18380,"PRESTWICH, LIZETTE",O,1,DEM,$750,0,750,0,0,0,0,500,0,328.52,0,0,250,TX,18,,,,,,0,0,09/12/2025,0,0
H6TX18471,"BROWN, GRETCHEN",C,1,DEM,"$17,588",0,1548.3,0,0,5501.7,10759.88,0,0,0,0,0,6828,TX,18,,,,,,0,0,06/30/2026,0,0
H0TX14234,"SAJNA, CYRUS MR",C,2,REP,$0,0,0,0,608.91,608.91,0,0,0,0,0,1398000,0,TX,18,,,,,,0,0,06/30/2025,0,0
H4TX18161,"CENTONZE, LANA MRS.",C,2,REP,$0,0,0,0,0,0,0,0,0,0,0,31460.24,0,TX,18,,,,,,0,0,01/31/2025,0,0
H4TX18252,"DUNN, MARIA MS.",C,2,REP,$0,0,0,0,0,0,0,0,0,0,0,0,0,TX,18,,,,,,0,0,01/31/2025,0,0
H6TX18323,"BERRY, ALLEN D DR",C,2,REP,"$8,512",0,8683.42,0,0,-171.29,2704.13,0,0,0,0,0,5261,TX,18,,,,,,0,0,07/15/2026,500,0
H6TX18489,"VENCES, ELIZABETH MRS",C,2,REP,$0,0,8068.88,0,0,0,0,0,0,0,0,0,0,TX,18,,,,,,0,0,06/30/2026,0,0
H6TX19198,"RABLE, KYLE",O,1,DEM,"$31,276",0,20810.9,0,0,7630.63,200,0,0,0,0,0,30075.77,TX,19,,,,,,1000,0,06/30/2026,0,0
H4TX19102,"NEUGEBAUER, RANDY HONORABLE",I,2,REP,"$2,704",0,184374.54,0,181670.38,0,0,0,0,0,0,0,0,TX,19,,,,,,0,0,07/07/2026,0,0
H4TX19318,"ZINK, RYAN",O,2,REP,"$53,825",0,45874.87,0,4899.7,12850.32,0,0,0,0,0,3125,53825.49,TX,19,,,,,,0,0,06/30/2026,0,0
H6TX19099,"ARRINGTON, JODEY",I,2,REP,"$1,682,094",768000,1975852.41,0,1884196.33,1590437.72,0,0,0,0,0,0,242302.56,TX,19,,,,,,622500,0,06/30/2026,256374,39500
H6TX19206,"SELL, TOM",O,2,REP,"$2,143,025",0,1758258.98,0,0,384766.49,0,0,0,0,0,7623.99,1616486.38,TX,19,,,,,,524039.09,0,06/30/2026,14001,1000
H6TX19222,"ENRIQUEZ, ABRAHAM",O,2,REP,"$703,968",0,703968.44,0,0,0,0,100000,0,32232.87,0,0,598580.01,TX,19,,,,,,3500,0,07/24/2026,43574.22,2500
H6TX19230,"MAY, DONALD R",O,2,REP,"$254,579",0,254552.67,0,0,26.78,0,250000,0,16800,0,236511.07,4579.45,TX,19,,,,,,0,0,06/30/2026,0,0
H6TX19248,"BARBEE, JAMES BOB MR.",O,2,REP,"$16,000",0,14156.3,0,0,1843.7,16000,0,0,0,0,0,0,TX,19,,,,,,0,0,02/11/2026,0,0
H6TX19255,"CORLEY, JASON",O,2,REP,"$41,661",0,41660.71,0,0,0,4870.71,0,0,0,0,0,36690,TX,19,,,,,,100,0,03/25/2026,0,0
H6TX19263,"SMITH, MATTHEW",O,2,REP,"$376,368",0,371880.79,0,0,4487.61,0,320000,0,0,0,320000,50368.4,TX,19,,,,,,6000,0,06/30/2026,6541.02,0
H2TX35011,"CASTRO, JOAQUIN",I,1,DEM,"$514,776",0,499053.88,0,138657.52,154379.66,0,0,0,0,0,0,373773.02,TX,20,,,,,,141000,0,06/30/2026,2732,0
H6TX20113,"BAEZ, EDGARDO RAFAEL DR",C,2,REP,"$48,536",0,27073.41,0,0,21462.49,1850,30135,0,0,0,30135,16050.9,TX,20,,,,,,500,0,06/30/2026,0,0
H4TX21108,"HOOK, KRISTIN A DR.",O,1,DEM,"$243,839",0,144127.63,0,4357.16,104069.01,0,0,0,0,0,131.03,236895.06,TX,21,,,,,,4170,200,06/30/2026,0,0
H6TX10197,"ANDRADE, JAVI",O,1,DEM,$742,0,0,0,0,742,0,0,0,0,0,0,742,TX,21,,,,,,0,0,09/30/2025,0,0
H6TX21251,"TAYLOR, GARY FRANK",O,1,DEM,"$16,737",0,16645.94,0,0,91.06,7350,0,0,0,0,0,9387,TX,21,,,,,,0,0,04/03/2026,3003.76,0
H6TX21269,"VANBURG, REGINA DR.",O,1,DEM,"$13,892",0,11860.53,0,0,1869.01,440,2750,0,0,0,2750,10702.21,TX,21,,,,,,0,0,03/31/2026,0,0
H6TX21277,"WEBER, DANIEL",O,1,DEM,"$2,371",0,36.51,0,0,2334.63,30,0,0,0,0,0,2341.14,TX,21,,,,,,0,0,09/30/2025,0,0
H6TX21285,"BETTS, DANIEL",O,2,REP,"$177,457",0,177151.16,0,0,305.87,0,0,0,0,0,0,177132.03,TX,21,,,,,,0,0,06/30/2026,62582.03,0
H6TX21301,"TEIXEIRA, MARK CHARLES",O,2,REP,"$3,922,216",122000,3540015.15,0,0,382201,0,2750000,0,0,0,2750000,750385.65,TX,21,,,,,,299830.5,0,06/30/2026,3500,0
H6TX21319,"WHEELER, MIKE",O,2,REP,"$344,226",0,344226.47,0,0,0,21.86,225836.8,0,0,0,225836.8,118367.81,TX,21,,,,,,0,0,06/30/2026,14500,0
H6TX21350,"CAHILL, JASON",O,2,REP,"$382,589",48246.32,382588.95,0,0,0,0,260000,0,31751.63,0,0,74275,TX,21,,,,,,0,0,06/30/2026,43300,0
H6TX21376,"TRAINOR, JAMES E III",O,2,REP,"$151,643",0,151578.54,0,0,64.25,295.8,0,0,0,0,0,143346.99,TX,21,,,,,,8000,0,06/30/2026,0,3500
H6TX21384,"ROJAS, PAUL",O,2,REP,"$165,026",0,8164.5,0,0,156861.5,0,130000,0,0,0,130000,34026,TX,21,,,,,,1000,0,02/11/2026,0,0
H6TX21426,"MARTINEZ, WESTON CHARLES",O,2,REP,"$26,384",0,26383.77,0,0,0,14094.23,0,0,0,0,0,7289.54,TX,21,,,,,,5000,0,04/12/2026,0,0
H6TX23216,"ENRIQUEZ, EZEKIEL",O,2,REP,"$114,590",0,110531.94,0,-2171.43,0,13258,40663.72,0,0,0,0,60667.66,TX,21,,,,,,0,0,08/25/2026,3119.1,0
H8TX21224,"NARVAIZ, SUSAN",O,2,REP,$0,0,0,0,80.92,80.92,0,0,0,0,0,0,0,TX,21,,,,,,0,0,06/30/2026,0,0
H8TX21307,"ROY, CHIP",I,2,REP,"$782,908",233500.75,2839518.86,0,2277316.63,220705.65,0,0,0,0,0,0,483868.85,TX,21,,,,,,61000,0,06/30/2026,111425,2500
H0TX14184,"THOMAS, ROBERT",O,1,DEM,"$5,400",0,4800,0,0,600,5400,0,0,0,0,0,0,TX,22,,,,,,0,0,03/31/2026,0,0
H0TX22161,"MOORE, NYANZA DAVIS",O,1,DEM,$0,0,0,0,831.18,831.18,0,0,0,0,0,21904.5,0,TX,22,,,,,,0,0,06/30/2026,0,0
H4TX22197,"GREENE-SCOTT, MARQUETTE",O,1,DEM,"$53,761",0,53614.64,0,0,126.68,0,0,0,0,0,0,47126.63,TX,22,,,,,,1634,5000,06/30/2026,0,0
H6TX22291,"VUORINEN, PEARL ANN",O,1,DEM,"$21,500",0,14307.83,0,0,7192.17,16500,0,0,0,0,0,5000,TX,22,,,,,,0,0,02/11/2026,0,0
H0TX22302,"NEHLS, TROY",I,2,REP,"$429,506",18584.76,566873.94,0,289078.7,151711.02,0,0,0,0,0,126.73,159108.08,TX,22,,,,,,211650,0,06/30/2026,32415.65,30000
H2TX14123,"HARRIS HOSS, FELICIA",O,2,REP,$0,0,3870,0,164398.94,160528.94,0,0,0,0,0,413890.09,0,TX,22,,,,,,0,0,06/30/2026,0,0
H6TX22267,"CLARK, REBECCA",O,2,REP,"$51,639",0,51639.12,0,0,0,6125,15000,0,7171.55,0,0,29514.12,TX,22,,,,,,0,0,04/15/2026,1000,0
H6TX22275,"JETTON, JACEY",O,2,REP,$0,0,0,0,0,0,0,0,0,0,0,0,0,TX,22,,,,,,0,0,12/31/2025,0,0
H6TX22283,"NEHLS, TREVER",O,2,REP,"$206,463",0,183204.52,0,0,23258.5,0,0,0,0,0,0,119141.87,TX,22,,,,,,86250,0,06/30/2026,0,0
H4TX23138,"LIMON, SANTOS M.",O,1,DEM,"$356,755",0,6815,0,0,349940,0,354400,0,0,0,354400,2355,TX,23,,,,,,0,0,06/30/2025,0,0
H6TX23257,"ENCK, GRETEL MARYSDATTER",O,1,DEM,"$98,534",0,98534.36,0,0,0,27620,20000,0,20000,0,0,50914.36,TX,23,,,,,,0,0,03/31/2026,15,0
H6TX23273,"STOUT, KATY PADILLA",O,1,DEM,"$484,915",7400,313542.25,0,0,171372.78,7392.42,2400,0,2400,0,0,440407.26,TX,23,,,,,,23000.01,0,06/30/2026,35,0
H8TX23121,"JONES, GINA ORTIZ",O,1,DEM,"$5,000",0,5916.31,0,916.31,0,0,0,0,0,0,0,0,TX,23,,,,,,0,0,01/30/2025,0,0
H0TX35015,"GONZALES, ERNEST ANTHONY TONY II",I,2,REP,"$2,270,926",834627.55,3503410.06,0,1458986.92,226503.01,0,0,0,0,0,19518.46,859466.6,TX,23,,,,,,474550,0,06/30/2026,431507.5,70000
H4TX23120,"HERRERA, BRANDON",O,2,REP,"$1,937,719",1369341.85,1636736.29,0,8040.96,309023.45,0,420000,0,0,0,570000,85420.97,TX,23,,,,,,62500,0,06/30/2026,0,0
H4TX28046,"CANSECO, FRANCISCO 'QUICO' RAUL",O,2,REP,"$80,050",0,6250,0,127821.13,201621.13,32000,48050,0,0,0,171490.89,0,TX,23,,,,,,0,0,12/31/2025,0,0
H6TX23232,"RUBIO, SUSAN STOREY",O,2,REP,"$418,519",0,418518.66,0,0,0,0,350000,0,265436.5,0,163470.79,68133.48,TX,23,,,,,,0,0,10/24/2025,69123.48,0
H2TX24197,"EPPLER, SAM",C,1,DEM,$148,0,232.38,0,84.38,0,0,0,0,0,0,0,0,TX,24,,,,,,0,0,03/31/2025,0,0
H6TX24172,"BURGE, KEVIN BERYL",C,1,DEM,"$209,860",0,172595.24,0,0,37264.51,3500,0,0,0,0,0,206359.75,TX,24,,,,,,0,0,06/30/2026,0,0
H6TX24180,"WARE, TIMOTHY JOE II",C,1,DEM,"$95,900",0,88758.81,0,9107.54,704.92,718.92,57670.7,2500,0,0,0,32766,TX,24,,,,,,0,0,05/06/2026,1000,0
H6TX24198,"BUCHWALD, JON",C,1,DEM,"$195,905",0,195905.36,0,0,0,20.24,172839,0,12328.57,0,0,18550.93,TX,24,,,,,,0,0,06/30/2026,0,0
H6TX24206,"HAWKS, NATHAN THOMAS",C,1,DEM,"$19,134",0,19134.17,0,0,0,1964,0,0,0,0,0,17170,TX,24,,,,,,0,0,12/18/2025,0,0
H6TX24214,"HENDLEY, AARON",C,1,DEM,$6,0,28,0,0,0,6,0,0,0,0,0,0,TX,24,,,,,,0,0,11/11/2025,28,0
H0TX24209,"VAN DUYNE, ELIZABETH ANN",I,2,REP,"$2,540,738",729546.12,1628596.42,0,1960872.11,2873013.32,0,0,0,0,0,0,570713.96,TX,24,,,,,,1102311.1,0,06/30/2026,0,2000
H6TX25211,"MARKS, WILLIAM JAMES",C,1,DEM,"$79,055",0,79054.94,0,0,0,1000,30000,0,9088.52,0,0,47610.09,TX,25,,,,,,0,0,05/31/2026,7000,0
H6TX25229,"OTOOLE, STEPHEN CHARLES",C,1,DEM,$0,0,320.32,0,533.86,213.54,0,0,0,0,0,0,0,TX,25,,,,,,0,0,06/30/2025,0,0
H2TX33040,"WILLIAMS, ROGER",I,2,REP,"$1,424,050",881027.03,919362,0,571500.96,1076189.08,0,0,0,0,0,0,69715.09,TX,25,,,,,,454978,0,06/30/2026,0,1500
H4TX26172,"LINEBERGER, ERNEST ROBINSON III",C,1,DEM,"$122,446",0,122511.71,0,3492.69,3426.61,0,5000,0,0,0,36000,117445.63,TX,26,,,,,,0,0,06/30/2026,424,0
H6TX26144,"SHOOK, STEVEN JAMES",C,1,DEM,"$17,227",0,14623,0,0,3807.04,0,0,0,0,0,0,17226.54,TX,26,,,,,,0,0,06/30/2026,0,0
H2TX26093,"BURGESS, MICHAEL C. DR.",I,2,REP,-$26,0,13828.57,0,13854.6,0,0,0,0,0,0,0,-26.03,TX,26,,,,,,0,0,07/15/2025,755.71,0
H4TX03114,"THAKUR, ALBERT BURT",O,2,REP,$0,0,0,0,749.61,749.61,0,0,0,0,0,6106,0,TX,26,,,,,,0,0,06/30/2026,0,0
H4TX26149,"GILL, BRANDON",I,2,REP,"$4,217,213",398589.37,2933524.34,6740.13,127823.4,1411512.35,0,0,0,505000,0,46734.08,3384259.12,TX,26,,,,,,376086.1,2803.64,06/30/2026,9000,0
H4TX26180,"HUFFMAN, JOHN",O,2,REP,$0,0,0,0,117.18,117.18,0,0,0,0,0,95000,0,TX,26,,,,,,0,0,06/30/2026,0,0
H8TX26090,"BIRKENSTOCK, VERONICA",C,2,REP,$0,0,0,0,249.38,249.38,0,0,0,0,0,98206.82,0,TX,26,,,,,,0,0,06/30/2026,0,0
H4TX27089,"LLOYD, TANYA W",C,1,DEM,"$139,788",0,128664.89,0,187.33,11310.52,71.89,0,0,0,0,29277.08,139716.19,TX,27,,,,,,0,0,06/30/2026,525,0
H6TX10163,"HAWBAKER, BRANDON",C,2,REP,"$6,703",0,6493.12,0,0,211.68,38,4587,0,0,0,4587,2077.31,TX,27,,,,,,0,0,06/30/2026,0,0
H6TX27084,"DEEB, GREGORY PATRICK",C,2,REP,$0,0,0,0,108.76,108.76,0,0,0,0,0,77738.07,0,TX,27,,,,,,0,0,06/30/2026,0,0
H6TX27126,"HATLEY, CHRIS",C,2,REP,"$55,602",0,36630.88,0,0,-27754.05,0,46067.79,0,4766.78,0,233.22,9533.78,TX,27,,,,,,0,0,04/15/2026,0,0
H8TX27049,"CLOUD, MICHAEL",I,2,REP,"$1,062,241",22209.67,927985.27,0,136877.29,271132.63,0,0,0,0,0,0,819031.94,TX,27,,,,,,208250,1000,06/30/2026,17580.35,0
H0TX28077,"CISNEROS, JESSICA",C,1,DEM,$0,0,26841.67,0,26841.67,0,0,0,0,0,0,0,0,TX,28,,,,,,0,0,01/28/2025,0,0
H2TX21185,"VILLARREAL, RICARDO",C,1,DEM,"$67,967",0,46437.21,0,0,21529.49,0,58830.74,0,0,0,58830.74,9135.96,TX,28,,,,,,0,0,06/30/2026,0,0
H2TX23082,"CUELLAR, HENRY R.",I,1,DEM,"$2,231,952",106694.09,1150307.35,0,47958.91,1129603.88,13500,301000,0,0,0,301000,1123180.23,TX,28,,,,,,670600,5465.69,06/30/2026,2604.64,0
H2TX28081,"BENAVIDES, TANNYA",C,1,DEM,$0,0,0,0,-901.47,-901.47,0,0,0,0,0,0,0,TX,28,,,,,,0,0,06/30/2026,0,0
H6TX28082,"ESPARZA, JUAN",C,2,REP,"$32,404",0,32403.99,0,0,0,0,30453,0,0,0,0,1025,TX,28,,,,,,0,0,08/13/2025,0,0
H6TX28124,"TIJERINA, TANO",C,2,REP,"$1,399,881",553214.67,631692.9,119676.76,0,768188.13,0,0,0,0,0,0,603666.24,TX,28,,,,,,238000,5000,06/30/2026,0,0
H4TX18179,"SLATER, ROBERT",C,1,DEM,"$33,892",0,17587.42,0,0,16304.58,25000,0,0,0,0,0,8892,TX,29,,,,,,0,0,06/30/2026,0,0
H6TX18406,"JOHNSON, JARVIS",C,1,DEM,"$142,143",0,47713.24,0,0,71009.3,0,100000,0,0,0,0,42143,TX,29,,,,,,0,0,02/11/2026,0,0
H8TX29052,"GARCIA, SYLVIA R",I,1,DEM,"$987,402",0,1158183.53,0,371753.81,200972.67,0,0,0,0,0,0,335398.27,TX,29,,,,,,650849.51,0,06/30/2026,1500,0
H6TX29122,"FIERRO, MARTHA ELENA,",C,2,REP,$0,0,0,0,0,0,0,0,0,0,0,0,0,TX,29,,,,,,0,0,06/30/2026,0,0
H0TX30073,"MALLORY CARAWAY, BARBARA",O,1,DEM,"$20,148",0,21518.09,0,84.93,-1285.61,0,4321.55,0,0,0,4321.55,15726,TX,30,,,,,,0,0,06/30/2026,0,0
H0TX30099,"BURTON, HASANI",C,1,DEM,$0,0,0,0,0,0,0,0,0,0,0,0,0,TX,30,,,,,,0,0,06/30/2026,0,0
H2TX30178,"CROCKETT, JASMINE",I,1,DEM,"$8,056,948",160237.66,9584628.68,4907000,1611233.21,83553.02,0,0,0,0,0,0,7674211.34,TX,30,,,,,,169050,0,06/30/2026,76536.77,7000
H6TX30153,"LABRUCE, RODNEY",O,1,DEM,"$5,520",0,4646.12,0,1443,3125,0,3125,0,0,0,3125,2395,TX,30,,,,,,0,0,06/30/2026,0,0
H6TX30245,"HAYNES, FREDERICK III",O,1,DEM,"$420,153",0,300376.99,2500,0,119775.73,0,0,0,0,0,0,372638.06,TX,30,,,,,,47514.52,0,06/30/2026,163,0
H6TX30252,"MALLORY CARAWAY, BARBARA",O,1,DEM,"$20,148",0,21518.09,0,84.93,-1285.61,0,4321.55,0,0,0,4321.55,15726,TX,30,,,,,,0,0,06/30/2026,0,0
H4TX30109,"DANIELS, SHOLDON",O,2,REP,"$357,415",0,379209.69,0,0,-21794.97,1375.94,700,0,700,0,0,353400.75,TX,30,,,,,,690.64,0,03/31/2026,0,0
H6TX30187,"HEISE, GREGOR HEINRICH",O,2,REP,"$174,885",0,174631.21,0,0,254.15,100,40000,0,0,0,40000,133737.31,TX,30,,,,,,0,0,06/30/2026,4190,0
H6TX30203,"REAZOR, STEPHANI",O,2,REP,"$1,606",0,1606,0,0,0,0,0,0,0,0,0,1600,TX,30,,,,,,0,0,02/23/2026,0,0
H6TX30211,"JACKSON, EVERETT HONORABLE",O,2,REP,"$17,215",0,16056.08,0,0,1158.71,0,200,0,200,0,0,17014.79,TX,30,,,,,,0,0,06/30/2026,342.28,0
H4TX31081,"WHITLOW, STUART NORMAN MR.",C,1,DEM,"$203,979",5000,207629.84,0,3650.51,0,0,183355.33,0,8355.74,0,376999.59,15624,TX,31,,,,,,0,0,06/30/2026,0,0
H4TX31099,"PFEIL, RICK",C,1,DEM,$0,0,22060.49,0,22060.49,0,0,0,0,22060.49,0,102939.51,0,TX,31,,,,,,0,0,06/30/2026,0,0
H4TX31107,"WALBRIDGE, BRIAN",C,1,DEM,$0,0,0,0,0,0,0,0,0,0,0,0.15,0,TX,31,,,,,,0,0,09/30/2025,0,0
H6TX31045,"CLARK, MIKE",C,1,DEM,$0,0,0,0,0,0,0,0,0,0,0,3237.83,0,TX,31,,,,,,0,0,06/30/2026,0,0
H6TX31094,"EARLY, JUSTIN",C,1,DEM,"$123,522",0,106122.07,0,0,17399.71,9842.1,32800,0,0,0,58737.45,73873.57,TX,31,,,,,,7000,0,06/30/2026,550,0
H8TX31033,"MANN, CHRISTINE EADY",C,1,DEM,$0,0,0,0,0,0,0,0,0,0,0,0,0,TX,31,,,,,,0,0,06/30/2026,0,0
H8TX31058,"HEGAR, MARY JENNINGS MJ",C,1,DEM,$0,0,714.95,0,0,-197.7,0,0,0,0,0,0,0,TX,31,,,,,,0,0,03/31/2026,0,0
H0TX31030,"GARAPATI, ABHIRAM",C,2,REP,"$55,000",0,16000,0,0,39000,0,55000,0,0,0,55000,0,TX,31,,,,,,0,0,12/31/2025,0,0
H0TX31048,"WILLIAMS, MICHAEL HOWARD MR.",C,2,REP,$0,0,0,0,68407.53,68407.53,0,0,0,0,0,130172.58,0,TX,31,,,,,,0,0,09/30/2025,0,0
H2TX31044,"CARTER, JOHN R REP.",I,2,REP,"$1,419,042",529797.59,1289653.97,0,41438.95,170827.4,0,0,0,0,0,0,406933.73,TX,31,,,,,,482311.1,0,06/30/2026,5343.56,5000
H2TX31168,"JOHNS, DERRICK",C,2,REP,"$2,637",0,2637.01,0,0,0,2250,0,0,0,0,0,386.09,TX,31,,,,,,0,0,06/30/2026,493.92,0
H6TX31078,"GOMEZ NORIEGA, VALENTINA",C,2,REP,"$122,957",0,122800.08,0,260,-28657.46,0,0,0,0,0,0,122957.13,TX,31,,,,,,0,0,03/31/2026,50,0
H6TX31086,"HAMDEN, RAYMOND H II",C,2,REP,"$145,682",0,148220.92,0,0,-1926.85,0,110000,0,108241.54,0,-2741.54,35681.77,TX,31,,,,,,0,0,03/31/2026,0,0
H6TX31128,"DOWELL, STEVEN CLAY JR",C,2,REP,"$50,599",0,50408.81,0,0,190.42,28593.99,0,0,0,0,0,21996.1,TX,31,,,,,,0,0,06/30/2026,0,0
H6TX31136,"ABEL, WILLIAM P",C,2,REP,"$7,671",0,7670.38,0,0,-120.18,6170.58,0,0,0,0,0,1500,TX,31,,,,,,0,0,06/09/2026,0,0
H6TX31144,"BERRY, DAVID LEE DR.",C,2,REP,"$36,800",0,36800,0,0,0,700,25100,0,4492.79,0,0,11000,TX,31,,,,,,0,0,02/11/2026,11000,0
H6TX31151,"SHLOMI, OFFER VINCE",C,2,REP,"$333,790",0,333693.76,0,0,96.06,22270.18,307500,0,0,0,307500,1684.64,TX,31,,,,,,0,0,06/30/2026,0,0
H6TX31177,"LOSSA, ELVIS ARTURO",C,2,REP,"$11,383",0,7526.34,0,0,3856.57,676,5331.91,0,0,0,5331.91,2250,TX,31,,,,,,0,0,02/11/2026,0,0
H4TX06216,"CORNWALLIS, ALEX",C,1,DEM,"$58,931",0,104350,0,45418.95,0,0,0,0,104350,0,0,58931.05,TX,32,,,,,,0,0,03/29/2025,0,0
H4TX32071,"MOORE, JUSTIN",O,1,DEM,$0,0,0,0,-1343.25,-1343.25,0,0,0,0,0,32633.23,0,TX,32,,,,,,0,0,06/30/2026,0,0
H6TX32217,"BARRIOS, DAN F.",C,1,DEM,"$96,538",0,90494.61,0,0,6043.27,0,0,0,0,0,0,86975.49,TX,32,,,,,,0,750,06/30/2026,500,0
H2TX32182,"DAY, DARRELL",C,2,REP,"$116,812",0,117839.54,0,89334.52,88307.09,0,76773.03,0,0,0,228575.35,39862.08,TX,32,,,,,,0,25,06/30/2026,0,0
H4TX32097,"KHAN, GULREZ",O,2,REP,$50,0,50,0,9067.64,9067.64,0,50,0,50,0,6000,0,TX,32,,,,,,0,0,03/31/2025,0,0
H6TX32118,"SHAITO, ZAIN",C,2,REP,"$8,988",0,8987.8,0,0,0,0,0,0,0,0,0,8987.8,TX,32,,,,,,0,0,10/21/2025,0,0
H6TX32126,"MONTANEZ, MONTY",C,2,REP,"$47,046",0,47045.95,0,0,0,1350.5,24386.71,400,5829.24,0,0,19209.75,TX,32,,,,,,1100,0,07/29/2026,0,0
H6TX32134,"CARRASCO, AIMEE",C,2,REP,"$34,575",0,34575,0,0,0,0,33000,0,0,0,0,1575,TX,32,,,,,,0,0,06/30/2026,0,0
H6TX32142,"NIEHAUS, ERIC",C,2,REP,"$35,269",0,35269.47,0,0,0,0,30000,0,0,0,30000,5269.47,TX,32,,,,,,0,0,12/31/2025,0,0
H6TX32159,"BINKLEY, RYAN",C,2,REP,"$3,218,073",0,3218072.7,0,0,0,0,2754000,0,56444.08,0,0,453172.7,TX,32,,,,,,8500,0,09/02/2026,133427.04,0
H6TX32167,"PEARSON, TOBEY MR",C,2,REP,$0,0,0,0,0,0,0,0,0,0,0,0,0,TX,32,,,,,,0,0,12/25/2025,0,0
H6TX32175,"PEARSON, TOBEY MR",C,2,REP,$0,0,0,0,0,0,0,0,0,0,0,0,0,TX,32,,,,,,0,0,12/25/2025,0,0
H6TX32183,"PEARSON, TOBEY MR",C,2,REP,$0,0,0,0,0,0,0,0,0,0,0,0,0,TX,32,,,,,,0,0,12/25/2025,0,0
H6TX32191,"BONDAR, PAUL",C,2,REP,"$3,202,937",0,3019675.45,0,0,183261.15,0,3177663.77,0,100000,0,3315417.96,6368.48,TX,32,,,,,,10600,0,06/30/2026,2500,9600
H6TX32209,"VAZIRI, ABTEEN",C,2,REP,"$120,370",0,144266.79,0,0,-44708.93,0,3125,0,3125,0,0,70784.43,TX,32,,,,,,46460.84,0,06/30/2026,236.84,143.56
H6TX32225,"YARBROUGH, JACE",C,2,REP,"$865,911",2216.53,740499.09,0,0,125411.82,0,207000,0,0,0,207000,472694.38,TX,32,,,,,,184000,0,06/30/2026,4500,1000
H6TX32241,"HESLOP, GORDON",C,2,REP,"$70,606",0,65820.71,0,-2324.3,5483.56,0,70070.74,0,0,0,70070.74,535,TX,32,,,,,,0,0,07/15/2026,0,0
H2TX33073,"VEASEY, MARC ALLISON",I,1,DEM,"$770,175",0,1204171.14,21000,1009480.43,575484.68,0,0,0,0,0,0,228055.44,TX,33,,,,,,542100,0,06/30/2026,33784.57,32500
H4TX32089,"JOHNSON, JULIE",O,1,DEM,"$2,334,099",0,2548742.35,0,230903.4,16260.35,7000,50000,0,0,0,50000,1601368.26,TX,33,,,,,,674580.09,0,06/30/2026,53716.5,31000
H6TX33074,"HAFEEZ, ZEESHAN",O,1,DEM,"$409,935",0,324472.14,0,0,85462.51,0,0,0,0,0,0,409934.65,TX,33,,,,,,0,0,02/11/2026,0,0
H8TX32098,"ALLRED, COLIN",O,1,DEM,"$7,431,941",4237607.67,7272054.35,3112146,0,159886.93,0,0,0,0,0,0,3123283.98,TX,33,,,,,,62550,0,06/30/2026,58766.07,0
H6TX33041,"SCHWAB, KURT",O,2,REP,"$13,215",0,12344.75,0,0,870.25,125,0,100,0,0,100,12990,TX,33,,,,,,0,0,02/11/2026,84.8,0
H6TX15162,"GONZALEZ, VICENTE",I,1,DEM,"$3,773,915",557428.66,1523562.69,0,282059.76,2532412.14,0,0,0,325000,0,425000,1902919.86,TX,34,,,,,,1307061.11,4788.47,06/30/2026,11264.73,2000
H6TX34064,"ROSAS, ETIENNE PH.D.",C,1,DEM,"$170,356",0,150380.5,0,0,17157.61,100,0,0,0,0,0,164821.16,TX,34,,,,,,5000,0,03/31/2026,4300,0
H2TX34113,"FLORES, MAYRA NOHEMI",C,2,REP,"$1,409,672",28991.2,1411072.08,0,2828.29,1428.18,0,0,0,0,0,5500,1249093.19,TX,34,,,,,,73500,0,06/30/2026,25243.17,7500
H2TX34188,"CISNEROS, LAURA DR.",C,2,REP,$0,0,0,0,172.2,172.2,0,0,0,0,0,224800,0,TX,34,,,,,,0,0,06/30/2026,0,0
H2TX34220,"KUNKLE, GREGORY SCOTT JR.",C,2,REP,"$9,155",0,7853.75,0,0,1301.25,0,0,0,0,0,0,1300,TX,34,,,,,,7855,0,12/31/2025,0,0
H4TX27105,"MANDEL, CHARLES",C,2,REP,"$1,002,821",0,1034606.43,0,86471.47,54686.47,134.99,1000000,0,0,0,1000000,2686.44,TX,34,,,,,,0,0,07/15/2026,2665.62,0
H6TX34049,"ALLEN, KEITH",C,2,REP,"$156,627",0,157571.33,0,944.54,0,2920,90363.9,0,26120.42,0,0,29950.4,TX,34,,,,,,0,0,03/31/2026,2645.42,0
H6TX34056,"MORALES, MARIO ALBERTO",C,2,REP,"$16,335",0,16335.21,0,0,0,40,0,0,0,0,0,16295.21,TX,34,,,,,,0,0,09/30/2025,0,0
H6TX34080,"FLORES, ERIC",C,2,REP,"$2,874,990",611482.83,2188633.24,116673.78,0,686332,745.31,576500,0,0,0,591622.27,1368959.9,TX,34,,,,,,312302.2,5000,06/30/2026,55896.31,0
H6TX34098,"HINOJOSA, ALFREDO JR.",C,2,REP,"$36,058",0,36057.71,0,0,0,0,0,0,0,0,0,36057.71,TX,34,,,,,,0,0,01/31/2026,3000,0
H6TX34114,"BUENTELLO, LUIS F",C,2,REP,"$45,004",0,46000.58,0,0,-1812.1,0,0,0,0,0,0,45004.29,TX,34,,,,,,0,0,06/30/2026,0,0
H6TX34130,"NAGY, JAY",C,2,REP,"$15,459",0,15459.24,0,0,0,7337.95,0,0,0,0,0,8121.29,TX,34,,,,,,0,0,02/04/2026,6964.56,0
H8TX21331,"GARZA, MAURO EVERETT MR.",C,2,REP,"$12,502",0,12659,0,156.52,0,0,11502.48,0,0,0,0,1000,TX,34,,,,,,0,0,06/30/2026,0,0
H6TX35061,"MASTERSON-MOYES, WHITNEY",C,1,DEM,"$62,724",0,61367.69,0,0,1356.26,2828.95,30000,0,4609,0,25391,29390,TX,35,,,,,,0,0,06/30/2026,1000,0
H6TX35079,"LIRA, JOHN",C,1,DEM,"$144,967",0,144966.71,0,0,0,41704.47,0,0,0,0,0,102262.24,TX,35,,,,,,1000,0,06/30/2026,0,0
H6TX35095,"GARCIA, JOHNNY",C,1,DEM,"$931,699",7500,608591.19,0,0,323108.19,0,0,0,0,0,0,708832.64,TX,35,,,,,,209500,5228.77,06/30/2026,2012,0
H6TX35103,"GALINDO, MAUREEN",C,1,DEM,"$40,362",0,28625.52,0,0,15844.25,4107.28,0,0,0,0,0,36254.91,TX,35,,,,,,0,0,06/30/2026,0,0
H2TX35029,"NARVAIZ, SUSAN",C,2,REP,$0,0,0,0,392.25,392.59,0,0,0,0,0,146242.05,0,TX,35,,,,,,0,0,06/30/2026,0,0
H4TX28129,"FURMAN, JAY COMMANDER",C,2,REP,"$462,556",24148,466882.53,0,4922.26,596.11,70734.38,242300,0,53600,0,748692.2,118899.73,TX,35,,,,,,3500,0,06/30/2026,27855.08,0
H4TX35025,"WRIGHT, STEVEN WILLIAM",C,2,REP,"$25,375",0,43024.14,0,17649.14,0,0,25375,0,20429.4,0,0,0,TX,35,,,,,,0,0,04/15/2026,0,0
H6TX34072,"CORTEZ, JOSHUA",C,2,REP,"$265,463",0,265463.27,0,0,0,0,12000,0,2000,0,0,251963.27,TX,35,,,,,,1500,0,06/30/2026,51151.97,0
H6TX35020,"KRAUSE, RYAN P",C,2,REP,"$237,646",0,237646.11,0,-2235.59,0,0,185282,0,9000,0,45542.54,52364.11,TX,35,,,,,,0,0,06/30/2026,7000,0
H6TX35046,"SCHUCHARDT, CHRISTOPHER THOMAS MR",C,2,REP,$0,0,0,0,0,0,0,0,0,0,0,0,0,TX,35,,,,,,0,0,09/05/2026,0,0
H6TX35053,"LUJAN, JOHN",C,2,REP,"$758,586",0,729523.74,0,0,29062.3,0,42000,0,0,0,120500,669982.86,TX,35,,,,,,46602.74,0,06/30/2026,16924.7,0
H6TX35087,"DE LA CRUZ, CARLOS JR.",C,2,REP,"$1,048,751",34933.18,776361.78,0,0,272388.92,0,53000,0,0,0,116500,765712.52,TX,35,,,,,,195000,0,06/30/2026,85,0
H6TX35111,"ADAMS, RANDAL HASKEL",C,2,REP,"$24,493",0,24493,0,0,0,2327.38,20000,0,7193.31,0,0,2165.62,TX,35,,,,,,0,0,07/08/2026,0,0
H6TX35137,"HICKS-CALLAWAY, VANESSA F.",C,2,REP,"$6,394",0,5114.23,0,0,-4206.27,6154.01,0,0,0,0,0,240,TX,35,,,,,,0,0,04/15/2026,0,0
H4TX14111,"HART, RHONDA J",C,1,DEM,$0,0,0,0,0,0,0,0,0,0,0,4796.81,0,TX,36,,,,,,0,0,03/31/2026,0,0
H6TX36028,"ROGERS, DOUG",C,1,DEM,"$230,985",0,230985,0,0,0,105,200000,0,176319.12,0,23680.88,30880,TX,36,,,,,,0,0,06/30/2026,0,0
H6TX02079,"BABIN, BRIAN",I,2,REP,"$1,006,944",303761.88,744500.31,0,646202.65,908646.24,0,0,0,0,0,0,233773.56,TX,36,,,,,,432301.75,0,06/30/2026,19.82,0
H0TX31097,"IMAM, DONNA",O,1,DEM,$0,0,453.72,0,18113.6,17659.88,0,0,0,0,0,0,0,TX,37,,,,,,0,0,06/30/2026,0,0
H2TX35144,"CASAR, GREG",O,1,DEM,"$1,172,881",22550,946714.09,0,370838.96,597005.39,0,0,0,0,0,10000,888990.46,TX,37,,,,,,251220,0,06/30/2026,1551.61,0
H4TX10028,"DOGGETT, LLOYD",I,1,DEM,"$471,289",0,309125.2,0,6227828.08,6389992.06,0,0,0,0,0,0,76473.34,TX,37,,,,,,150228.75,0,06/30/2026,0,0
H6TX35038,"PENA, LAUREN B.",O,2,REP,"$117,890",0,117119.71,0,0,769.92,0,0,0,0,0,0,117889.63,TX,37,,,,,,0,0,06/30/2026,0,0
H6TX37026,"GARY, GE'NELL",O,2,REP,"$10,797",0,10797.17,0,0,0,350,250,0,0,0,250.12,10197.17,TX,37,,,,,,0,0,06/30/2026,0,0
H6TX37059,"MALZAHN, JANET",O,2,REP,"$5,332",0,2634.56,0,0,2697.62,0,2000,0,0,0,8480.54,3332.18,TX,37,,,,,,0,0,06/30/2026,0,0
H4TX38011,"MCDONOUGH, MELISSA A",O,1,DEM,"$66,929",0,45689.27,0,22699.79,43939.42,28042.46,0,0,0,0,113239.86,37386.44,TX,38,,,,,,500,1000,06/30/2026,0,0
H6TX38016,"COOK, CURTIS II",O,1,DEM,$0,0,0,0,0,0,0,0,0,0,0,0,0,TX,38,,,,,,0,0,10/01/2025,0,0
H6TX38024,"HUNTER, MARVALETTE",O,1,DEM,"$137,093",0,137082.33,0,0,10.81,0,0,0,0,0,0,127241.09,TX,38,,,,,,8750.01,0,06/30/2026,1750,0
H6TX38040,"COURTS, THERESA",O,1,DEM,"$4,495",0,4421.83,0,0,-23.73,3735,0,0,0,0,0,760,TX,38,,,,,,0,0,08/06/2026,38.88,0
H0TX07170,"HUNT, WESLEY",I,2,REP,"$2,129,887",439168.28,4587880.36,0,2487176.16,29183.19,0,0,0,0,0,37718.9,1429739.92,TX,38,,,,,,166500,0,06/30/2026,77132.37,15500
H2TX18207,"MONTIEL, CARMEN",C,2,REP,"$147,355",0,142376,0,442.49,5421.7,15500,0,0,0,0,11554.55,130372.3,TX,38,,,,,,500,0,03/31/2026,1062.21,0
H6TX02244,"BONCK, JON",O,2,REP,"$1,644,127",1359,1554994.44,0,0,89132.69,21231.4,330000,100000,100000,0,330000,1014280.41,TX,38,,,,,,173125.2,0,06/30/2026,0,0
H6TX08217,"YUNA, JEFFREY MICHAEL MR",O,2,REP,"$52,481",0,53887.07,0,0,-1406.48,825,38753.38,0,200,0,0,12902.21,TX,38,,,,,,0,0,07/15/2026,0,0
H6TX38065,"DEZEVALLOS, SHELLY",O,2,REP,"$1,143,733",0,1134550.89,0,0,9181.91,34909.6,450000,0,0,0,450000,598221.6,TX,38,,,,,,54000,0,06/30/2026,38918.88,5000
H6TX38073,"GORALSKI, CRAIG",O,2,REP,"$6,462",0,6087.4,0,0,0,1000,0,0,0,0,0,5462.48,TX,38,,,,,,0,0,11/03/2026,0,0
H6TX38081,"PRATT, MICHAEL",O,2,REP,"$374,707",0,374707.44,0,0,0,0,280000,0,226273.6,0,0,94707.44,TX,38,,,,,,0,0,07/15/2026,9379.28,0
H6TX38115,"RUBIN, LARRY DAVID",O,2,REP,"$523,615",0,522164.9,0,0,1449.94,86622.86,329000,0,12000,0,317000,102578.42,TX,38,,,,,,5000,0,06/30/2026,0,0
H4UT02304,"RIEBE, KATHLEEN",C,1,DEM,"$125,124",0,118854.35,0,0,6269.64,17586.67,15000,0,0,0,22499,92537.32,UT,1,,,,,,0,0,06/30/2026,3500,0
H6UT01152,"TOMKINS, ANTHONY",C,1,DEM,$120,0,119.52,0,0,0,119.52,0,0,0,0,0,0,UT,1,,,,,,0,0,09/30/2025,0,0
H6UT01178,"BLOUIN, NATE",C,1,DEM,"$704,721",0,665157.59,0,0,39563.42,0,0,8000,0,0,8000,645055.31,UT,1,,,,,,50379.03,0,06/30/2026,5196.75,1950
H6UT01194,"KITCHEN, DEREK",C,1,DEM,"$59,242",0,59241.67,0,0,0,25,0,0,0,0,0,59216.67,UT,1,,,,,,0,0,04/09/2026,1750,0
H6UT01210,"LOPEZ CHAVEZ, EVA",C,1,DEM,"$52,800",0,52333.94,0,0,465.86,0,0,0,0,0,0,52799.8,UT,1,,,,,,0,0,06/30/2026,0,0
H6UT01228,"MOHAMED, LIBAN",C,1,DEM,"$352,472",0,274052.8,750,0,78418.85,46066.16,0,0,0,0,0,296396.09,UT,1,,,,,,10000,0,06/30/2026,0,0
H6UT01236,"FARRELL, MICHAEL",C,1,DEM,"$313,062",0,300293.14,0,0,12769.13,50000,200000,0,0,0,200000,42908.84,UT,1,,,,,,0,0,06/30/2026,0,0
H8UT04053,"MCADAMS, BEN",C,1,DEM,"$2,262,255",89575,1977908.28,4050,15003.33,299349.65,0,0,0,0,0,0,1977494.37,UT,1,,,,,,193290.83,0,06/30/2026,3500,0
H4UT01140,"MILLER, PAUL",C,2,REP,$0,0,0,0,0,0,0,0,0,0,0,0,0,UT,1,,,,,,0,0,04/15/2025,0,0
H6UT01244,"OWEN, RILEY MONTGOMERY",C,2,REP,"$132,533",0,122964.74,0,0,9568.15,0,30000,0,30000,0,0,98532.89,UT,1,,,,,,4000,0,06/30/2026,7000,0
H0UT02286,"JOLIN, ASHLEY",C,1,DEM,$0,0,0,0,1526.41,1526.41,0,0,0,0,0,0,0,UT,2,,,,,,0,0,06/30/2026,0,0
H6UT01160,"CROSBY, PETER",C,1,DEM,"$60,225",0,31698.28,0,0,23283.12,175.48,0,0,0,0,0,60049.49,UT,2,,,,,,0,0,06/30/2026,0,0
H6UT02432,"FARNSWORTH, TYLER SCOTT",C,1,DEM,"$4,948",0,5500.9,0,553.01,0,827.68,1125,0,1225,0,0,1995.21,UT,2,,,,,,1000,0,07/06/2026,1179.72,0
H6UT02457,"GILLINS, JAROM",C,1,DEM,"$1,596",0,1104.81,0,0,491.19,100,0,0,0,0,16186.05,1496,UT,2,,,,,,0,0,03/31/2026,0,0
H6UT02473,"MERRILL, STEVEN",C,1,DEM,"$21,088",0,20327.33,0,0,760.67,0,14000,0,360,0,13640,6083,UT,2,,,,,,1000,0,06/30/2026,0,0
H0UT01205,"MOORE, BLAKE",I,2,REP,"$2,536,636",113590.29,2183697.46,0,1534022.94,1886961.7,0,0,0,0,0,0,999545.93,UT,2,,,,,,1421500,0,06/30/2026,30014.85,0
H2UT02324,"STEWART, CHRIS",I,2,REP,$0,0,43543.29,0,43542.83,0,0,0,0,0,0,0,0,UT,2,,,,,,0,0,02/25/2026,0,0
H4UT02387,"JENKINS, COLBY C",C,2,REP,$0,0,1.58,0,1.58,0,0,0,0,0,0,0,0,UT,2,,,,,,0,0,03/31/2025,0,0
H4UT02395,"MURSET, TYLER WILLIAM",C,2,REP,"$5,300",0,8850.76,0,120.29,279.8,0,5000,0,0,0,10000,0,UT,2,,,,,,0,0,06/30/2026,0,0
H6UT02523,"LISONBEE, KARIANNE",C,2,REP,"$218,611",0,204937.71,0,0,13673.37,0,4000,0,4000,0,0,207849.17,UT,2,,,,,,5541.98,0,06/30/2026,36302.71,1041.98
H0UT03219,"ANDERSON, JARED LYLE",C,1,DEM,$0,0,0,0,0,0,0,0,0,0,0,0,0,UT,3,,,,,,0,0,06/30/2025,0,0
H6UT02465,"MERRILL, STEVEN",C,1,DEM,"$21,088",0,20327.33,0,0,760.67,0,14000,0,360,0,13640,6083,UT,3,,,,,,1000,0,06/30/2026,0,0
H6UT03182,"UDELL, KENT DR.",C,1,DEM,"$47,533",0,34198.2,0,0,13335.27,20,0,0,0,0,1533.51,47382.72,UT,3,,,,,,130.75,0,06/30/2026,0,0
H4UT02296,"MALOY, CELESTE",I,2,REP,"$1,453,861",53292.56,1238502.69,0,107021.43,322379.42,0,0,0,0,0,0,709248.13,UT,3,,,,,,672923,0,06/30/2026,105.05,500
H4UT03252,"PEAY, STEWART",O,2,REP,$0,0,27451.65,0,27451.65,0,0,0,0,0,0,0,0,UT,3,,,,,,0,0,03/29/2025,0,0
H4UT03286,"DOUGALL, JOHN",O,2,REP,$104,0,4544.18,0,4440.18,0,0,0,0,0,0,269425.1,26.03,UT,3,,,,,,0,0,06/30/2026,0,0
H4UT03328,"DAHLIN, KATHRYN W",O,2,REP,$0,0,12066.58,0,12066.58,0,0,0,0,0,0,20000,0,UT,3,,,,,,0,0,06/30/2026,0,0
H6UT03190,"HARRIS, DAVID",C,2,REP,"$42,995",0,42995.08,0,0,0,0,14000,0,3183.08,0,10816.92,28995.08,UT,3,,,,,,0,0,04/07/2026,0,0
H6UT03208,"LYMAN, PHILLIP KAY",C,2,REP,"$48,004",0,50752.64,0,12578.08,2115.3,0,10000,0,0,0,0,38004.06,UT,3,,,,,,0,0,06/30/2026,0,0
H8UT03238,"CURTIS, JOHN",I,2,REP,"$737,003",0,850934.48,0,788682.66,674751.12,0,0,0,0,0,0,345960.81,UT,3,,,,,,391000,0,06/30/2026,-999,2500
H0UT02096,"MATHESON, JAMES DAVID",C,1,DEM,$62,0,4749.93,0,425726.67,421038.86,0,0,0,0,0,0,0,UT,4,,,,,,0,0,06/30/2026,0,0
H4UT04060,"FALLICK-WANG, KATRINA",C,1,DEM,$0,0,242.77,0,242.77,0,0,0,0,0,0,0,0,UT,4,,,,,,0,0,01/31/2026,0,0
H6UT02424,"LARSEN, JONNY",O,1,DEM,"$53,579",0,52449.89,0,0,1128.9,0,36155.42,0,933.83,0,35221.59,16973.37,UT,4,,,,,,250,200,06/30/2026,0,0
H0UT04076,"OWENS, BURGESS",I,2,REP,"$735,674",69804.37,869102.6,0,133428.85,0,210.21,0,0,0,0,0,511816.93,UT,4,,,,,,152500,0,06/30/2026,39815,16000
H2UT04072,"HUNSAKER, JAKE",C,2,REP,$0,0,0,0,9.28,9.28,0,0,0,0,0,85000,0,UT,4,,,,,,0,0,06/30/2026,0,0
H4UT03260,"KENNEDY, MIKE",I,2,REP,"$971,393",46500,705037.56,0,125201.81,391556.75,0,0,0,0,0,225000,430497.5,UT,4,,,,,,494000,0,06/30/2026,98.56,5000
H6VA01182,"POHL, AMANDA",C,1,DEM,"$51,418",0,51417.71,0,0,0,0,0,0,0,0,0,51299.71,VA,1,,,,,,0,100,02/27/2026,0,0
H6VA01190,"KHANNA, LISA VEDERNIKOVA",C,1,DEM,"$277,648",0,277648.13,0,0,0,0,0,0,0,0,0,277528.82,VA,1,,,,,,0,0,01/30/2026,21474,0
H6VA01208,"TULL, MELVIN",C,1,DEM,"$293,545",0,293544.95,0,0,0,0,85000,0,10747.27,0,74252.73,207417.08,VA,1,,,,,,0,0,08/31/2026,8505,0
H6VA01216,"LUCCHETTI, ANDREW",C,1,DEM,"$57,728",0,57728.39,0,0,0,26391.39,0,0,0,0,0,31337,VA,1,,,,,,0,0,08/22/2025,7000,0
H6VA01224,"SHEA, JAMES MICHAEL",C,1,DEM,"$2,660",0,2660,0,0,0,0,0,0,700,0,0,1410,VA,1,,,,,,0,0,03/31/2026,0,0
H6VA01232,"BHATTI, ATA-UL-SALAAM",C,1,DEM,"$299,389",0,253809.54,0,0,45579.35,109.93,0,0,0,0,0,297528.77,VA,1,,,,,,1750,0,07/15/2026,410,0
H6VA01240,"KOPP, ERICKA",C,1,DEM,"$15,949",0,10303.26,0,0,5646.02,351.27,0,0,0,0,0,15598,VA,1,,,,,,0,0,07/15/2026,0,0
H6VA01257,"SUBLETTE, SEAN",C,1,DEM,"$66,111",0,66110.85,0,0,0,0,0,0,0,0,0,65971.85,VA,1,,,,,,0,0,12/08/2025,10,0
H6VA01273,"CYWINSKI, TIMOTHY STEPHEN",C,1,DEM,"$30,967",0,12618.64,0,5456.69,-88.77,765,0,0,0,0,0,30201.8,VA,1,,,,,,0,0,07/15/2026,0,0
H6VA01299,"TAYLOR, SHANNON LEIGH",C,1,DEM,"$2,140,980",103500,1136752.66,0,0,1004227.46,0,0,0,0,0,0,1687926.35,VA,1,,,,,,341794.7,220.77,07/15/2026,22161.89,1000
H6VA01307,"KNAPP, JASON",C,1,DEM,"$594,641",0,492069.11,0,0,102571.82,30524.8,225000,0,70000,0,155000,339116.13,VA,1,,,,,,0,0,07/15/2026,7224,0
H6VA01315,"BEGGS, ELIZABETH DEMPSEY",C,1,DEM,"$166,681",0,156861.88,0,0,9819.32,5446.02,37900,0,1000,0,36900,123305.18,VA,1,,,,,,0,25,07/15/2026,15,0
H6VA01323,"LITTLEPAGE, LEWIS",C,1,DEM,"$6,900",0,7286.38,0,0,0,0,5425.39,0,2792.1,0,2633.29,1474.5,VA,1,,,,,,0,0,06/30/2026,96.5,0
H8VA01147,"WITTMAN, ROBERT J. MR.",I,2,REP,"$4,053,142",1347519.84,1136232.18,0,1375880.13,4292789.47,0,0,0,0,0,0,1442542.81,VA,1,,,,,,1169350,0,07/15/2026,20659.13,0
H2VA02098,"SLEISTER, NICOLAUS",C,1,DEM,"$5,426",0,5426.49,0,0,0,3292.49,0,0,0,0,0,2134,VA,2,,,,,,0,0,02/20/2026,0,0
H4VA02060,"COTTER SMASAL, MISSY",C,1,DEM,"$1,124",0,14070.38,0,12946.85,0,0,0,0,0,0,0,0,VA,2,,,,,,0,0,04/14/2025,0,0
H6VA02115,"BROWN, SHAUN DENISE",C,1,DEM,$0,0,0,0,65,65,0,0,0,0,0,5380,0,VA,2,,,,,,0,0,06/30/2026,0,0
H6VA02149,"OSYF, JAMES",C,1,DEM,"$412,938",0,334247.83,0,0,78690.3,7000,0,0,0,0,22500,373655.01,VA,2,,,,,,29500,0,06/30/2026,18920.25,20000
H6VA02156,"WILLIAMSON, MICHAEL",C,1,DEM,"$352,643",0,352643.18,0,0,0,2902.66,0,0,0,0,0,342800.47,VA,2,,,,,,500,0,08/19/2026,5684,0
H6VA02164,"MOSOLF, PATRICK MR.",C,1,DEM,"$169,271",0,68764.98,0,0,100507.09,0,154697.04,4800,300,0,159197.74,8933,VA,2,,,,,,0,0,07/15/2026,100,0
H6VA02172,"DEVANATH, NILA",C,1,DEM,"$285,705",0,266015.88,0,0,19688.65,21377.99,0,0,0,0,17885.4,260342.98,VA,2,,,,,,2500,0,07/15/2026,28600,0
H6VA02180,"STRICKLER, MATT",C,1,DEM,"$313,160",0,197945.05,0,0,115214.47,7377.4,0,0,0,0,0,304782.12,VA,2,,,,,,1000,0,06/30/2026,7095,7000
H6VA02198,"LURIA, ELAINE",C,1,DEM,"$4,659,795",867186.79,1077072.09,0,0,3582723.21,8010.13,0,0,0,0,0,3378739.76,VA,2,,,,,,405442.31,220.77,07/15/2026,16814.28,2000
H6VA02255,"FLEMING, WILLIAM WEATHERS DR.",C,1,DEM,"$55,200",0,44678.5,0,0,10521.5,0,0,0,0,0,0,55200,VA,2,,,,,,0,0,07/15/2026,0,0
H8VA02111,"LURIA, ELAINE",I,1,DEM,$591,0,8473.01,0,7882.12,0,0,0,0,0,0,0,0,VA,2,,,,,,561.89,0,07/15/2025,0,0
H2VA02064,"KIGGANS, JENNIFER",I,2,REP,"$5,954,338",1698666.06,2608075.05,0,45477.4,3391740.42,0,0,0,0,0,38100.66,2987464.21,VA,2,,,,,,1250100.68,5500,07/15/2026,34131.56,3500
H6VA01117,"SCOTT, ROBERT C",I,1,DEM,"$688,200",0,659220.47,0,162863.29,191843.08,0,0,0,0,0,3191.43,382819.35,VA,3,,,,,,305380.91,0,07/15/2026,0,0
H2VA03070,"NAMKUNG, TERRY TOLBERT MR.",C,2,REP,$0,0,551.03,0,551.03,0,0,0,0,0,0,0,0,VA,3,,,,,,0,0,04/11/2025,0,0
H4VA03100,"SITKA, JOHN DR. III",C,2,REP,$0,0,94.85,0,94.85,0,0,0,0,0,0,0,0,VA,3,,,,,,0,0,02/14/2025,0,0
H6VA03121,"RIVERA, EDWIN MR. JR.",C,2,REP,"$6,555",0,4792.75,0,0,1761.88,4100,0,0,0,0,0,1954.63,VA,3,,,,,,500,0,07/15/2026,0,0
H4VA04066,"MCCLELLAN, JENNIFER",I,1,DEM,"$1,135,225",0,991900.96,0,54101.21,197425.64,0,0,0,0,0,0,525780.82,VA,4,,,,,,607800.03,0,07/15/2026,3961,0
H4VA07192,"MOHER, WILLIAM",O,2,REP,$1,0,1,0,0,0,0,0,0,0,0,0,1,VA,4,,,,,,0,0,01/07/2025,0,0
H0VA05145,"WEBB, BRYANT CAMERON DR.",C,1,DEM,$0,0,10292.5,0,21253.21,10960.71,0,0,0,0,0,0,0,VA,5,,,,,,0,0,06/30/2026,0,0
H4VA05063,"RILEY, PAUL",C,1,DEM,"$3,245",0,23895.56,0,21734.27,0,0,0,0,0,0,0,3245,VA,5,,,,,,0,0,04/17/2026,0,0
H4VA05089,"WITT, GLORIA TINSLEY",C,1,DEM,$0,0,9358.75,0,9366.44,7.69,0,0,0,0,0,0,0,VA,5,,,,,,0,0,03/31/2025,0,0
H6VA05167,"PRUITT, MIKE",C,1,DEM,"$433,147",0,369746.07,0,0,63400.93,320,0,0,0,0,0,432345.52,VA,5,,,,,,0,0,06/30/2026,19123.08,0
H6VA05175,"ZABRISKIE, KATHRYN (KATE) MS.",C,1,DEM,"$47,156",0,47155.84,0,0,0,2148.98,31440.88,0,0,0,0,13560.7,VA,5,,,,,,0,0,12/31/2025,0,0
H6VA05183,"STICHEL, ADELE",C,1,DEM,"$105,238",0,105237.9,0,0,0,0,0,0,0,0,0,105237.9,VA,5,,,,,,0,0,01/31/2026,26000,0
H6VA05191,"KRZYZANOWSKI, SUZANNE K",C,1,DEM,"$16,897",0,10519.14,954.75,0,6377.86,5100,0,0,0,0,0,11797,VA,5,,,,,,0,0,07/15/2026,0,0
H6VA05209,"TRACINSKI, ROBERT WILLIAM",C,1,DEM,"$54,103",0,52229.22,0,15655.43,17528.82,0,253.96,0,253.96,0,0,53848.65,VA,5,,,,,,0,0,07/22/2026,0,0
H6VA05217,"PERRIELLO, THOMAS",C,1,DEM,"$2,140,402",34500,629110.16,0,0,1511291.47,13111.2,0,0,0,0,0,1978288.86,VA,5,,,,,,106850,0,07/15/2026,8288.75,0
H0VA05095,"HURT, ROBERT",I,2,REP,$6,0,22955,0,36476.76,13527.29,0,0,0,0,0,0,0,VA,5,,,,,,0,0,07/15/2026,0,0
H0VA05160,"GOOD, ROBERT G. HON.",C,2,REP,"$44,968",3083.05,42876.39,0,4371.38,6462.61,0,10000,0,0,0,27523.42,10330.21,VA,5,,,,,,18800,0,07/15/2026,200,12000
H0VA07133,"MCGUIRE, JOHN J. MR. III",C,2,REP,"$1,781,840",246442.18,1291712.94,0,34218.51,524345.91,0,0,0,0,0,41487.84,1117597.61,VA,5,,,,,,415800.55,0,07/15/2026,40862.87,28864.65
H6VA05233,"LUCERO, MELANIE VIRGINIA",C,2,REP,"$88,298",0,80476.71,0,0,7821.27,0,50000,0,0,0,50000,38063.98,VA,5,,,,,,0,0,07/15/2026,0,0
H4VA06061,"MITCHELL, KEN",C,1,DEM,"$179,514",0,210237.51,0,53772.55,23049.46,110,0,47000,0,0,48000,128824.29,VA,6,,,,,,270,0,07/13/2026,502,0
H6VA06165,"BARLOW, PETE HAMILTON",C,1,DEM,"$130,990",0,123762.26,0,0,7227.24,250,12500,0,0,0,12500,118184.16,VA,6,,,,,,0,0,06/30/2026,7000,0
H6VA06173,"MACY, BETH",C,1,DEM,"$1,686,322",0,838851.95,0,0,847470.41,0,0,0,0,0,0,1643476.96,VA,6,,,,,,38550,700,07/15/2026,6117,0
H6VA06181,"GOODITIS, WENDY",C,1,DEM,"$52,710",0,52710,0,0,0,0,0,0,0,0,0,51710,VA,6,,,,,,1000,0,04/15/2026,3500,0
H8VA06138,"LEWIS, JENNIFER",C,1,DEM,$0,0,0,0,0,0,0,0,0,0,0,0,0,VA,6,,,,,,0,0,10/03/2025,0,0
H8VA06096,"DUNBAR, CYNTHIA",O,2,REP,$0,0,0,0,0,0,0,0,0,0,0,47565.42,0,VA,6,,,,,,0,0,09/30/2025,0,0
H8VA06104,"CLINE, BENJAMIN LEE",I,2,REP,"$1,441,436",117600,1058316.84,0,328322.03,711441.57,0,0,0,0,0,0,725922.38,VA,6,,,,,,597759.68,0,07/15/2026,3000,0
H4VA07234,"VINDMAN, YEVGENY 'EUGENE'",I,1,DEM,"$12,355,664",204941.28,5917504.37,150,134933.74,6573093.27,715.67,0,0,0,0,0,11233363.54,VA,7,,,,,,818285.32,2948.75,07/15/2026,101797.63,1000
H4VA07242,"FRANKLIN, MARGARET",O,1,DEM,$0,0,387.22,0,387.22,0,0,0,0,387.22,0,0,0,VA,7,,,,,,0,0,04/13/2025,0,0
H4VA07267,"HEINZER, CLIFFORD",O,1,DEM,$29,0,37.26,0,30.99,0,0,0,0,0,0,0,28.67,VA,7,,,,,,0,0,06/06/2025,0,0
H4VA07275,"GUZMAN, ELIZABETH",C,1,DEM,"$72,225",0,59107.32,0,0,13118.04,0,0,0,0,0,7448.44,71225.36,VA,7,,,,,,1000,0,06/30/2026,20,0
H6VA00028,"COONEY, JOSEPH PATRICK",C,1,DEM,"$641,665",0,459208.49,0,0,182456.07,0,0,0,0,0,0,640753.78,VA,7,,,,,,0,0,07/15/2026,39416,0
H6VA07247,"HELMER, DAN",C,1,DEM,"$849,251",0,513644.03,0,0,335606.81,0,0,0,0,0,1442.49,798250.84,VA,7,,,,,,51000,0,06/30/2026,113141,7000
H6VA07254,"MCAULIFFE, DOROTHY",C,1,DEM,"$1,256,357",0,558169.62,0,0,698187.31,7000,0,0,0,0,0,1236341.25,VA,7,,,,,,13000,0,06/30/2026,181250,1000
H6VA07270,"MCCLURE, ADELE",C,1,DEM,"$80,032",0,74320.03,0,0,5712.27,0,0,0,0,0,0,70552.3,VA,7,,,,,,3500,0,06/30/2026,0,0
H6VA07288,"SALIM, SADDAM",C,1,DEM,"$25,057",0,25056.98,0,0,0,0,0,0,0,0,0,25056.98,VA,7,,,,,,0,0,06/11/2026,110,0
H6VA07296,"SCHIARIZZI, JOSEPH",C,1,DEM,"$203,939",0,203938.56,0,0,0,18182.88,150000,0,110000,0,40000,35755.68,VA,7,,,,,,0,0,06/30/2026,0,0
H2VA07154,"CASTORANI, JOHN",C,2,REP,$0,0,0,0,10649.65,10649.65,0,0,0,0,0,26167.96,0,VA,7,,,,,,0,0,06/30/2026,0,0
H2VA07170,"ANDERSON, DERRICK",O,2,REP,-$314,1044.31,56029.38,0,56343.63,0,0,0,0,0,0,0,-1064.04,VA,7,,,,,,0,0,06/12/2025,0,0
H2VA07261,"VEGA, YESLI",C,2,REP,$0,0,0,0,4000.25,4000.25,0,0,0,0,0,328500.66,0,VA,7,,,,,,0,0,06/30/2026,0,0
H4VA07143,"BRAT, DAVID ALAN",C,2,REP,$0,0,16823.23,0,64238.66,47415.43,0,0,0,0,0,0,0,VA,7,,,,,,0,0,07/15/2026,0,0
H4VA07200,"HAMILTON, CAMERON",O,2,REP,"$2,125",0,3190.33,0,1065.33,0,0,0,0,0,0,0,2125,VA,7,,,,,,0,0,07/20/2026,0,0
H4VA07226,"TODD, TERRIS EUGENE",O,2,REP,$0,0,13135.11,0,13135.11,0,0,0,0,10635.11,0,0,0,VA,7,,,,,,0,0,04/15/2026,0,0
H4VA07291,"PRABHUDOSS, JOHN",O,2,REP,$0,0,10522.43,0,10522.43,0,0,0,0,10372.43,0,0,0,VA,7,,,,,,0,0,12/31/2025,0,0
H4VA07333,"MARTIN, MARIA",O,2,REP,$0,0,0,0,0,0,0,0,0,0,0,0,0,VA,7,,,,,,0,0,02/14/2025,0,0
H6VA07171,"MAYFIELD, DARIUS",C,2,REP,"$34,760",0,34096.78,0,0,663.22,0,12500,0,3500,0,26987,17260,VA,7,,,,,,5000,0,07/15/2026,0,0
H6VA07189,"GRAY, JOHN",C,2,REP,"$237,671",0,237671.23,0,0,0,0,100200,0,65573.78,0,0,137471.23,VA,7,,,,,,0,0,08/31/2026,0,0
H6VA07197,"DURANT, TARA ANNE",C,2,REP,"$392,454",23925.3,290115.89,250,0,102338.16,0,0,0,0,0,0,356867.98,VA,7,,,,,,9500,0,06/30/2026,82989.32,0
H6VA07205,"OLLIVANT, DOUGLAS",C,2,REP,"$251,134",0,185333.57,0,0,65800.69,0,0,0,0,0,0,243884.25,VA,7,,,,,,7250,0,07/15/2026,0,0
H6VA07239,"WASHINGTON, WAVERLY E. MR.",C,2,REP,"$51,994",0,51973.51,0,0,20.1,11534,0,0,0,0,0,33459.61,VA,7,,,,,,7000,0,07/15/2026,260.56,0
H6VA07320,"HARDING, PHILIP A.",C,2,REP,"$125,916",0,38074.04,0,0,87842.26,0,12899.74,0,0,0,12899.74,113016.56,VA,7,,,,,,0,0,07/15/2026,0,0
H4VA08216,"HOPE, PATRICK ALAN",C,1,DEM,$0,0,0,0,2923,2923,0,0,0,0,0,18463,0,VA,8,,,,,,0,0,06/30/2026,0,0
H4VA08224,"BEYER, DONALD STERNOFF JR.",I,1,DEM,"$2,125,761",0,1843889.56,0,557062.68,838934.44,0,0,0,0,0,0,1545925.08,VA,8,,,,,,573250,0,07/15/2026,9332,1000
H4VA08281,"LEVINE, MARK HERBERT",O,1,DEM,$0,0,0,0,0,0,0,0,0,0,0,0,0,VA,8,,,,,,0,0,06/30/2026,0,0
H6VA08278,"SEIFELDEIN, MO",C,1,DEM,"$159,815",0,142247.65,0,0,17567.78,0,0,0,0,0,4353.57,158815.43,VA,8,,,,,,1000,0,07/15/2026,299,0
H6VA08286,"DUFFIN, MICHAEL CHRISTIAN MR.",C,1,DEM,"$35,839",0,34669.74,0,0,1169.26,40,0,0,0,0,40,35399,VA,8,,,,,,0,0,07/15/2026,50,0
H6VA08294,"GRAY, DANIEL",C,1,DEM,"$14,092",0,13162.6,0,0,929.24,3847.89,0,0,0,0,0,10025,VA,8,,,,,,0,0,06/30/2026,100,0
H6VA08328,"DUNIGAN, ADAM MICHAEL",C,1,DEM,"$266,859",0,266858.81,0,0,0,65815.28,46000,0,1750,0,44250,155043.53,VA,8,,,,,,0,0,09/30/2026,24869,0
H0VA08172,"KIM, HEERAK CHRISTIAN DR.",C,2,REP,"$3,300",0,2262.08,0,279.37,1317.29,2500,0,0,0,0,0,800,VA,8,,,,,,0,0,06/30/2026,0,0
H6VA08252,"SABIO, TONY",C,2,REP,"$21,917",0,4014.03,0,0,17903.16,3712.44,0,0,0,0,0,12204.75,VA,8,,,,,,1000,5000,07/15/2026,0,0
H4VA09057,"BAKER, KAREN G.H. MS.",C,1,DEM,"$8,222",0,1689.72,0,0,6559.01,7072.01,0,0,0,0,0,0,VA,9,,,,,,0,0,06/01/2025,0,0
H6VA09102,"MURPHY, ADAM",C,1,DEM,"$58,700",0,55774.9,0,0,2925.33,2974.87,0,0,0,0,0,50825.36,VA,9,,,,,,4900,0,07/15/2026,0,0
H6VA09136,"POWERS, JOY",C,1,DEM,"$85,335",0,71394.86,0,0,13940.61,2587.46,0,0,0,0,0,82744.94,VA,9,,,,,,3.07,0,07/15/2026,0,0
H6VA09144,"CROCKETT, DOUGLAS",C,1,DEM,"$10,736",0,10932.08,0,438.73,243.04,1539.94,0,0,0,0,0,9194.34,VA,9,,,,,,0,0,07/15/2026,0,0
H0VA09055,"GRIFFITH, H MORGAN",I,2,REP,"$1,828,839",29450,1318860.55,500,463888.7,973866.75,0,0,0,0,0,0,549440.39,VA,9,,,,,,1224588.55,0,07/15/2026,10002.68,1000
H4VA10238,"BOYSKO, JENNIFER",O,1,DEM,$0,0,841.47,0,841.47,0,0,0,0,0,0,0,0,VA,10,,,,,,0,0,04/13/2025,0,0
H4VA10279,"SUBRAMANYAM, SUHAS",I,1,DEM,"$1,170,446",50413.32,678467.24,150,90833.44,582811.94,2170.56,0,0,0,0,0,785369.44,VA,10,,,,,,320985,0,07/15/2026,5636,0
H4VA10303,"DEVOE, MARION SR.",O,1,DEM,$0,0,0,0,10395,0,0,0,0,0,0,0,0,VA,10,,,,,,0,0,03/02/2026,0,0
H4VA10345,"MALDONADO, MICHELLE ANN ELIZABETH",O,1,DEM,$0,0,371.76,0,371.76,0,0,0,0,0,0,0,0,VA,10,,,,,,0,0,06/30/2026,0,0
H8VA10080,"HELMER, DANIEL",O,1,DEM,$934,0,4163.62,0,3229.69,0,0,0,0,2399.77,0,281413.97,0,VA,10,,,,,,0,0,06/26/2025,0,0
H8VA10106,"WEXTON, JENNIFER",I,1,DEM,$29,0,1574.15,0,1544.73,0,0,0,0,0,0,0,0,VA,10,,,,,,0,0,03/31/2025,125,0
H0VA10186,"ANDREWS, ALISCIA",O,2,REP,"$2,891",0,4233.73,0,434.54,-908.69,0,0,0,0,0,0,914.69,VA,10,,,,,,0,0,11/10/2025,174.53,0
H0VA11127,"ANANTATMULA, MANGA",O,2,REP,$15,0,386.2,0,476.2,105,0,0,0,0,0,1000,15,VA,10,,,,,,0,0,04/16/2025,0,0
H2VA10224,"MAX, CALEB J MR",C,2,REP,$0,0,126,0,340.19,214.19,0,0,0,0,0,142875.59,0,VA,10,,,,,,0,0,06/30/2026,0,0
H2VA10240,"CAO, HUNG",C,2,REP,"$11,703",0,202092.75,0,407805.63,217415.64,654.04,0,0,0,0,0,-75.85,VA,10,,,,,,0,0,06/30/2026,554.4,-200
H2VA10265,"TAYLOR, BROOKE",O,2,REP,$0,0,2422.85,0,12607.24,10184.39,0,0,0,0,0,0,0,VA,10,,,,,,0,0,06/30/2026,0,0
H2VA10273,"BECKWITH, DAVID",C,2,REP,"$107,334",0,53073.28,0,0,54260.44,0,50000,0,0,0,50000,55333.72,VA,10,,,,,,2000,0,07/15/2026,0,0
H2VA11206,"CLANCY, MIKE",O,2,REP,$0,0,1122.24,0,1122.24,0,0,0,0,1076.91,0,0,0,VA,10,,,,,,0,0,03/05/2025,0.7,0
H4VA10113,"WASINGER, ROBERT K",O,2,REP,$0,0,0,0,5,5,0,0,0,0,0,15092.63,0,VA,10,,,,,,0,0,06/30/2026,0,0
H6VA10225,"PERRY, JULIE",C,2,REP,"$15,971",0,15492.57,0,0,478.87,0,0,0,0,0,0,15971.44,VA,10,,,,,,0,0,07/15/2026,0,0
H6VA10233,"WONG, M. SAM",C,2,REP,"$223,056",0,220224.12,0,0,2831.64,0,213620.85,0,0,0,221827.55,8493.51,VA,10,,,,,,0,0,06/30/2026,0,0
H6VA10258,"SUTTLES, ANTHONY",C,2,REP,"$34,500",0,34500,0,0,0,8100,26400,0,0,0,0,0,VA,10,,,,,,0,0,07/15/2026,0,0
H6VA11066,"WALKINSHAW, JAMES",I,1,DEM,"$2,758,961",10000,1779784.68,0,0,979175.85,0,0,0,0,0,0,1802370.48,VA,11,,,,,,922069.42,10000,07/15/2026,16319.5,3000
H6VA11074,"PEKARSKY, STELLA",C,1,DEM,"$398,266",0,397925.33,0,0,340.78,0,250000,0,0,0,250000,128866.11,VA,11,,,,,,19000,0,06/30/2026,0,5015
H6VA11082,"BENNETT, CANDICE",O,1,DEM,"$37,520",0,37325.46,0,1371.67,1565.75,8662.91,0,0,0,0,0,28856.63,VA,11,,,,,,0,0,07/27/2025,0,0
H6VA11116,"AISEN, JOSHUA",O,1,DEM,"$6,495",0,6495,0,0,0,0,0,0,0,0,0,6495,VA,11,,,,,,0,0,06/30/2025,100,0
H6VA11132,"MARTINEZ NUCETE, LEO",O,1,DEM,"$220,250",0,220250,0,0,0,38317,0,0,0,0,0,177783,VA,11,,,,,,4150,0,08/25/2025,7050,150
H6VA11140,"ROMA, AMY",C,1,DEM,"$1,285,227",0,1285227.09,0,0,0,355361.59,400000,0,400000,0,0,523865.5,VA,11,,,,,,6000,0,03/31/2026,129510,0
H6VA11157,"SHIN, IRENE",O,1,DEM,"$145,935",0,145935.2,0,0,0,0,0,0,0,0,0,126935.2,VA,11,,,,,,19000,0,07/31/2025,10006,3500
H6VA11165,"LEE, DANIEL",O,1,DEM,"$137,141",0,137140.53,0,0,0,100,58322,0,726.32,0,0,78221,VA,11,,,,,,0,0,08/21/2025,8000,0
H6VA11199,"PAPANU, AMY",O,1,DEM,"$96,535",0,96534.94,0,0,0,80249.94,0,0,0,0,0,16285,VA,11,,,,,,0,0,07/03/2025,0,0
H6VA11207,"PUNNOOSE, PRIYA DR.",O,1,DEM,"$62,295",0,62295,0,0,0,0,20000,0,4553.02,0,0,36295,VA,11,,,,,,6000,0,10/28/2025,525,0
H6VA11231,"FRAM, BREE",O,1,DEM,"$289,058",0,287678.92,0,0,1378.73,0,0,0,0,0,0,283293.75,VA,11,,,,,,0,0,06/30/2026,9235,0
H8VA11062,"CONNOLLY, GERALD EDWARD",I,1,DEM,"$718,796",139700.3,4219056.39,100000,3500260.83,0,0,0,0,0,0,0,335912.14,VA,11,,,,,,163550,0,06/30/2026,11266,5000
H2VA08152,"LIPSMAN, KARINA",O,2,REP,"$22,189",0,25055.83,0,2866.48,0,0,0,0,0,0,0,22180,VA,11,,,,,,0,0,07/16/2026,900,0
H4VA11129,"VAN METER, MICHAEL LEWIS",C,2,REP,"$4,579",0,7678.05,0,3098.64,0,0,0,0,0,0,0,4579.41,VA,11,,,,,,0,0,08/04/2025,0,0
H6VA11108,"HEADRICK, NATHAN",C,2,REP,"$252,395",0,252394.7,0,0,0,250000,0,0,0,0,0,2394.7,VA,11,,,,,,0,0,09/18/2025,0,149267.41
H6VA11173,"RAND, LUCAS",O,2,REP,"$50,230",0,50229.5,0,0,0,3480,15200,0,0,0,0,31549.5,VA,11,,,,,,0,0,09/30/2025,0,0
H6VA11215,"WHITSON, STEWART",O,2,REP,"$268,077",79453.48,268076.89,0,0,0,0,6426.55,0,6426.55,0,0,168268.38,VA,11,,,,,,8250,5000,09/30/2025,125,0
H6VA11249,"PURVES, ARTHUR GRAHAME MR.",O,2,REP,"$10,780",0,10580.08,0,0,199.86,0,3981.84,0,0,0,3981.84,6798.1,VA,11,,,,,,0,0,08/27/2026,981.77,0
H2VI00082,"PLASKETT, STACEY",I,1,DEM,"$712,670",0,712704.78,0,11246.37,11211.8,0,0,0,0,0,24733.1,433168.97,VI,0,,,,,,279000,0,06/30/2026,50985.97,7500
H6VI01057,"HELENESE, NICOLE TERI ANN",C,1,DEM,"$39,900",0,25539.43,0,0,14360.21,15137.26,0,0,0,0,0,22262.38,VI,0,,,,,,2500,0,07/12/2026,0,0
H6VI01073,"SMITH, DELIA LAVERNE MRS.",C,1,DEM,"$30,320",0,12316.84,0,0,18003,0,4509.84,0,0,0,4509.84,25810,VI,0,,,,,,0,0,06/30/2026,200,0
H6VI01081,"FRANCIS, RASHIDA",C,1,DEM,$745,0,342.1,0,1742.5,2145.4,0,0,0,0,0,0,390,VI,0,,,,,,0,0,06/30/2026,0,0
H2VT01076,"BALINT, REBECCA 'BECCA'",I,1,DEM,"$956,339",0,475768.27,0,145761.49,626331.88,0,0,0,0,0,0,672729.25,VT,0,,,,,,279250.01,779.16,07/22/2026,4117.43,8000
H4VT01056,"COESTER, C. MARK MR",C,2,REP,"$36,039",0,17760.15,0,-9070.44,9208.36,20896.54,0,0,0,0,114000,15142.41,VT,0,,,,,,0,0,07/22/2026,0,0
H6VT01085,"MALLOY, GERALD MR.",C,2,REP,"$58,280",0,38572.72,0,0,19707.24,5055.45,0,16500,0,0,16500,36468.5,VT,0,,,,,,0,0,07/23/2026,0,0
H0WA08046,"DELBENE, SUZAN K",I,1,DEM,"$3,550,452",283617,3504487.93,0,1063720.61,1109684.66,0,0,0,0,0,495000,1769605.11,WA,1,,,,,,1479955.67,37.68,07/15/2026,26705,0
H6WA01212,"GORDON, HUNTER",C,1,DEM,"$98,588",0,90574.93,0,0,8013.1,0,44250,0,0,0,44250,53088.03,WA,1,,,,,,0,0,07/15/2026,324,0
H2WA01252,"CAVALERI, VINCENT",C,2,REP,$0,0,3122,0,3122,0,0,0,0,0,0,0,0,WA,1,,,,,,0,0,12/31/2025,0,0
H4WA01266,"BREWER, JAMES E.",C,2,REP,$0,0,1230.91,0,1230.91,0,0,0,0,0,0,0,0,WA,1,,,,,,0,0,03/31/2025,0,0
H4WA01282,"SILVA, MARY",C,2,REP,"$3,186",0,2622.29,0,246.13,819.98,2244.16,0,0,0,0,0,941.98,WA,1,,,,,,0,0,07/15/2026,0,0
H8WA01077,"BEELER, JEFFREY ALLEN SR.",C,2,REP,$0,0,94.63,0,94.63,0,0,0,0,0,0,0,0,WA,1,,,,,,0,0,06/30/2025,0,0
H0WA02080,"LARSEN, RICK",I,1,DEM,"$2,038,786",0,1634123.11,0,247436.47,652099.53,0,0,0,0,0,0,839246.79,WA,2,,,,,,1157275,0,07/15/2026,1015,4000
H4WA02173,"BINDA, JOSHUA",C,1,DEM,$0,0,0,0,0,0,0,0,0,0,0,0,0,WA,2,,,,,,0,0,03/31/2025,0,0
H6WA02202,"SCHEEL, TOMAS ROBERTO",C,1,DEM,"$10,409",0,8126.12,0,0,2282.87,0,0,0,0,0,24003.14,10408.99,WA,2,,,,,,0,0,06/30/2026,0,0
H6WA02210,"PELLETTI, RAYMOND",C,2,REP,"$2,390",0,650,0,0,1740,0,0,0,0,0,0,2390,WA,2,,,,,,0,0,06/30/2026,0,0
H2WA03134,"HENNRICH, BRENT WILLIAM",C,1,DEM,"$258,757",0,242199.51,0,39,17781.71,450,0,0,0,0,0,258306.88,WA,3,,,,,,0,0,07/15/2026,0,0
H2WA03217,"GLUESENKAMP PEREZ, MARIE",I,1,DEM,"$6,292,683",2788314.63,4254323.49,0,26460.37,2064819.51,0,0,0,0,0,8500,2540924.82,WA,3,,,,,,861810.91,2905.31,07/15/2026,19102.69,9550.01
H6WA03317,"RASBAND, TROY AUSTIN",C,1,DEM,"$11,049",0,8825.56,0,0,2223.82,5469.65,0,0,0,0,0,5579.73,WA,3,,,,,,0,0,07/15/2026,0,0
H0WA03187,"HERRERA BEUTLER, JAIME",I,2,REP,$0,0,6202,0,6202,0,0,0,0,0,0,0,0,WA,3,,,,,,0,0,06/30/2026,0,0
H2WA03100,"KENT, JOSEPH",C,2,REP,"$85,248",66983.79,84676.42,231,-1031.99,-460,0,0,0,40000,0,80000,2404,WA,3,,,,,,2593,0,06/30/2026,560.8,5300
H2WA03118,"YAKHOUR, WADI",C,2,REP,$630,0,1061.39,0,480,48.71,630.1,0,0,0,0,0,0,WA,3,,,,,,0,0,04/21/2026,0,0
H2WA03183,"FRENCH, LESLIE LEIGH",C,2,REP,$235,0,185.13,0,-6748.07,-6698.21,132,0,0,0,0,40053.78,55,WA,3,,,,,,0,0,03/31/2026,0,0
H6WA03267,"BARRAN, ANTONY",C,2,REP,"$45,056",0,42477.83,0,0,2578.24,0,0,0,0,0,0,45056.07,WA,3,,,,,,0,0,07/15/2026,0,0
H6WA03275,"BRAUN, JOHN",C,2,REP,"$2,214,441",391766.98,947406.42,14728.07,0,1267034.84,10833.79,600,0,0,0,600,1531367.75,WA,3,,,,,,279845.01,0,08/18/2026,5347.92,1175
H4WA04211,"BOYD, CHERISSA BROOKS",C,1,DEM,$0,0,354.58,0,674.64,320.06,0,0,0,0,0,4950,0,WA,4,,,,,,0,0,02/04/2025,0,0
H6WA04190,"DURESKY, JOHN",O,1,DEM,"$179,020",0,144710.81,0,0,34309.34,287,600,0,0,0,600,170724.46,WA,4,,,,,,5500,1500,07/15/2026,37,5000
H2WA04165,"SESSLER, JERROD",O,2,REP,"$605,364",5000,612602.29,0,75003.04,67764.51,8786.47,300681.35,0,240800,0,483235.54,289545.94,WA,4,,,,,,350,1000,07/15/2026,0,0
H4WA04104,"NEWHOUSE, DAN",I,2,REP,"$718,856",6318.71,724010.06,0,104807.45,99653.06,0,0,0,0,0,0,245232.04,WA,4,,,,,,380954,0,06/30/2026,37085,44500
H4WA04179,"SMILEY, TIFFANY",C,2,REP,$0,0,22062.32,0,22062.32,0,0,0,0,0,0,0,0,WA,4,,,,,,0,0,03/31/2025,0,0
H6WA04216,"MCKINNEY, AMANDA",O,2,REP,"$981,820",45475.48,766372.57,0,0,215446.98,13791.8,50000,0,0,0,0,761549.12,WA,4,,,,,,110500,0,07/15/2026,10100,0
H6WA04224,"BOEHNKE, MATTHEW",O,2,REP,"$212,006",0,148266.58,0,0,63739.34,11995.87,0,0,0,0,0,179195.23,WA,4,,,,,,20500,0,07/15/2026,0,0
H6WA04232,"HUGHS, JOHN C",O,2,REP,"$4,958",0,4243.71,0,0,714.17,0,0,0,0,0,0,4957.88,WA,4,,,,,,0,0,07/15/2026,0,0
H4WA05168,"CONROY, CARMELA",C,1,DEM,"$396,217",0,334895.56,0,13141.59,74462.79,9940.76,0,0,0,0,23420.91,363169.3,WA,5,,,,,,13100,0,07/15/2026,316,0
H6WA05023,"FOLEY, THOMAS S",C,1,DEM,"$1,101",0,400,0,19117.42,19943,0,0,0,0,0,0,0,WA,5,,,,,,0,0,06/30/2026,0,0
H6WA05213,"WOMACK, DAVID",C,1,DEM,"$131,462",0,95895.14,0,0,35567.27,9647.72,1740,0,0,0,1740,119001.6,WA,5,,,,,,0,1000,07/15/2026,0,0
H6WA05221,"MAVALWALLA, BAJUN",C,1,DEM,"$128,135",0,113369.03,0,0,14765.5,3818.65,20000,0,0,0,20000,104315.88,WA,5,,,,,,0,0,07/15/2026,0,0
H6WA05247,"FAGAN, KEVIN",C,1,DEM,"$45,258",0,45257.82,0,0,0,2740,15000,0,1026.41,0,0,27413.32,WA,5,,,,,,0,0,09/01/2026,175,0
H6WA05288,"FREUDENBERG, RICHARD",C,1,DEM,"$32,889",0,12670.79,0,0,20217.73,26944.17,0,0,0,0,2500,5944.35,WA,5,,,,,,0,0,07/15/2026,0,0
H4WA05192,"MAYCUMBER, JACQUELIN",C,2,REP,$0,0,0,0,0,0,0,0,0,0,0,0,0,WA,5,,,,,,0,0,08/18/2025,0,0
H4WA05200,"DANSEL, BRIAN",C,2,REP,$0,0,3042.3,0,1521.15,0,0,0,0,0,0,0,0,WA,5,,,,,,0,0,12/31/2025,0,0
H4WA05218,"DANSEL, BRIAN",C,2,REP,$0,0,3042.3,0,1521.15,0,0,0,0,0,0,0,0,WA,5,,,,,,0,0,12/31/2025,0,0
H4WA05234,"BAUMGARTNER, MICHAEL JAMES",I,2,REP,"$1,738,226",41126.01,976007.41,0,191564.67,953783.6,0,0,0,90100,0,0,1327829.26,WA,5,,,,,,366950,0,07/15/2026,6228.14,0
H4WA05242,"BINGLE, JONATHAN",C,2,REP,"$4,640",0,4715.74,0,75.57,0,4640.17,0,0,0,0,0,0,WA,5,,,,,,0,0,01/30/2026,0,0
H4WA05259,"COOPER, TERRI KAY",C,2,REP,$0,0,11000.39,0,11000.39,0,0,0,0,0,0,0,0,WA,5,,,,,,0,0,05/05/2025,0,0
H2WA06129,"KILMER, DEREK",I,1,DEM,"$4,591",0,128323.57,0,638922.94,515190.09,0,0,0,0,0,0,0,WA,6,,,,,,0,0,06/30/2026,0,0
H4WA06109,"FRANZ, HILARY",O,1,DEM,$0,0,0,0,0,0,0,0,0,0,0,0,0,WA,6,,,,,,0,0,01/31/2025,0,0
H4WA06117,"RANDALL, EMILY",I,1,DEM,"$1,195,247",1594.29,981487.55,0,27871.68,241630.83,0,0,0,0,0,0,876066.66,WA,6,,,,,,311706.07,0,07/15/2026,3645.59,2500
H0WA06081,"KREISELMAIER, ELIZABETH",O,2,REP,$0,0,1365.39,0,1365.39,0,0,0,0,1365.39,0,0,0,WA,6,,,,,,0,0,09/30/2025,0,0
H6WA06260,"LAWSON, LEON",C,2,REP,"$18,171",0,14961.53,0,4000,7209.7,0,0,0,0,0,4000,18171.23,WA,6,,,,,,0,0,06/30/2026,0,0
H6WA06286,"FOX, TERESA",C,2,REP,"$27,615",0,24778.9,0,0,2836.12,20,7515,0,0,0,12343.78,19080.02,WA,6,,,,,,0,1000,07/15/2026,0,0
H6WA07458,"JAYAPAL, PRAMILA",I,1,DEM,"$2,502,816",61450,2748754.89,0,2012724.77,1766785.64,0,0,0,0,0,0,2155249.89,WA,7,,,,,,280500,612.99,07/15/2026,46525.88,3250
H2WA07127,"MOON, CLIFFORD E",C,2,REP,$0,0,193.9,0,-19120.97,-19314.87,0,0,0,0,0,1500,0,WA,7,,,,,,0,0,07/15/2026,0,0
H4WA08147,"SHETH, NIRAV",C,2,REP,"$11,811",0,10525,0,3757.96,5043.77,5900,0,0,0,0,0,5910.81,WA,7,,,,,,0,0,07/22/2026,0,0
H8WA08189,"SCHRIER, KIM DR.",I,1,DEM,"$3,016,894",12407.53,1329765.23,0,1821622.67,3508750.96,0,0,0,0,0,0,2035067.49,WA,8,,,,,,900550,0,07/15/2026,5827.11,12000
H2WA08182,"LARKIN, MATT MR",C,2,REP,$0,0,0,0,2667.9,2667.9,0,0,0,0,0,1158500,0,WA,8,,,,,,0,0,06/30/2026,0,0
H4WA08139,"CARMEN, GOERS",C,2,REP,"$20,540",0,20789.23,0,249.23,0,20500,0,0,0,0,0,40,WA,8,,,,,,0,0,07/30/2025,0,0
H6WA08126,"HAGGLUND, BOB",C,2,REP,"$27,785",0,26230.52,0,0,1554.71,22569,0,0,0,0,0,5216.23,WA,8,,,,,,0,0,07/15/2026,0,0
H6WA08142,"VALLEZA, ANDRES R MR.",C,2,REP,"$22,088",0,21374.14,0,78.35,1248.98,591.94,0,0,0,0,0,21496.48,WA,8,,,,,,0,0,06/30/2026,0,0
H6WA08159,"HA, TRINH DR.",C,2,REP,"$166,734",0,138540.3,0,0,28193.69,13478.55,15000,0,0,0,20435,137751.44,WA,8,,,,,,0,0,07/15/2026,0,0
H6WA08167,"MELINE, SPENCER HARRISON",C,2,REP,"$126,517",0,36654.73,0,0,89861.9,0,85000,0,0,0,85000,41516.63,WA,8,,,,,,0,0,07/15/2026,0,0
H4WA09095,"CHAUDHRY, MELISSA",C,1,DEM,"$30,073",0,65585.24,0,118743.21,67155.14,0,0,0,0,0,0,27225.54,WA,9,,,,,,0,0,07/15/2026,0,0
H6WA09025,"SMITH, D. ADAM",I,1,DEM,"$1,882,001",0,1583205.56,0,570752.82,869548.73,0,0,0,0,0,0,1317790.76,WA,9,,,,,,563000,165.44,07/15/2026,22890.42,0
H4WA09061,"BASLER, DOUGLAS MICHAEL",C,2,REP,"$99,242",0,94764.19,0,542.97,5020.66,72000,760,0,0,0,760,26481.88,WA,9,,,,,,0,0,07/15/2026,0,0
H0WA10034,"STRICKLAND, MARILYN",I,1,DEM,"$1,511,304",0,1414393.72,181025,580587.75,677497.64,0,0,0,0,0,50000,839106.37,WA,10,,,,,,667379.67,0,07/15/2026,2824.84,1000
H6WA08134,"ARAFAT, ADAM NEIL",C,1,DEM,$330,0,0,0,0,330,0,0,0,0,0,0,330,WA,10,,,,,,0,0,03/31/2026,0,0
H6WA10023,"SCHEEL, ALEXANDER WILLIAM",C,1,DEM,"$6,237",0,228.06,0,0,6008.94,0,0,0,0,0,0,6237,WA,10,,,,,,0,0,06/30/2026,0,0
H0WI01104,"RANDAZZA-PADE, JOSHUA JERRY",C,1,DEM,$0,0,0,0,0,0,0,0,0,0,0,123.68,0,WI,1,,,,,,0,0,03/31/2026,0,0
H2WI01100,"ROE, ANN",C,1,DEM,$0,0,9945,0,11475.17,1530.17,0,0,0,0,0,0,0,WI,1,,,,,,0,0,06/30/2026,0,0
H4WI01056,"BARCA, PETER WILLIAM",C,1,DEM,"$3,749",0,20658.49,0,16909.49,0,0,0,0,11571.2,0,18304.22,1250,WI,1,,,,,,1499,1000,02/27/2025,0,0
H4WI01163,"SANTOS, LORENZO JUAN",C,1,DEM,"$17,333",0,10012.84,373.6,1127.56,8447.72,0,0,0,0,0,0,17333,WI,1,,,,,,0,0,07/22/2026,0,0
H4WI01197,"BARCA, PETER",C,1,DEM,"$3,749",0,20658.49,0,16909.49,0,0,0,0,11571.2,0,18304.22,1250,WI,1,,,,,,1499,1000,02/27/2025,0,0
H6WI01267,"FOLLMER, ADAM",C,1,DEM,"$5,200",0,446.19,0,0,4753.95,131.38,5000,0,0,0,5000,0,WI,1,,,,,,0,0,06/30/2026,0,0
H6WI01275,"STILLS, GAGE JAMES",C,1,DEM,"$1,786",0,1575.83,0,0,897.84,0,0,0,0,0,0,1785.96,WI,1,,,,,,0,0,06/29/2026,0,0
H6WI01283,"BERMAN, MITCHELL",C,1,DEM,"$712,984",0,561340.28,0,0,151643.67,0,0,0,0,0,0,693483.95,WI,1,,,,,,19500,0,07/22/2026,3241,0
H6WI01291,"ARANDA, MIGUEL",C,1,DEM,"$9,800",0,3502.04,0,6380,12577.58,0,0,0,0,0,0,9783,WI,1,,,,,,16.62,0,07/22/2026,0,0
H6WI01333,"BURGELIS, PETER",C,1,DEM,"$54,563",0,35666.62,900,0,18895.97,8681.59,0,0,0,0,0,45131,WI,1,,,,,,750,0,06/30/2026,0,0
H8WI01123,"BRYCE, RANDY",C,1,DEM,"$47,524",0,40992.26,0,0,6532.04,0,0,0,0,0,0,47524.3,WI,1,,,,,,0,0,06/30/2026,0,0
H8WI01149,"POLCE, NICK",O,2,REP,$0,0,0,0,0,0,0,0,0,0,0,0,0,WI,1,,,,,,0,0,09/17/2025,0,0
H8WI01156,"STEIL, BRYAN GEORGE",I,2,REP,"$5,467,777",2190887.63,1359848.79,0,2219170.37,6327098.65,0,0,0,0,0,0,1493422.77,WI,1,,,,,,1633675.16,1000,07/22/2026,23390.65,13600
H2WI02124,"POCAN, MARK",I,1,DEM,"$814,874",0,933048.01,0,1002216.96,884042.57,0,0,0,0,0,0,369281.35,WI,2,,,,,,401660,0,07/22/2026,600.5,0
H2WI02173,"BARRY, CHARITY",C,2,REP,"$3,926",0,4043.42,0,167.11,49.53,2119.43,0,0,0,0,0,679.41,WI,2,,,,,,0,0,06/30/2026,0,0
H2WI02181,"OLSEN, ERIK",C,2,REP,"$2,840",0,3414.6,0,617,0,2790,0,0,0,0,0,50,WI,2,,,,,,0,0,09/12/2025,0,0
H8WI02121,"THERON, DANIEL PETER",C,2,REP,$0,0,0,0,4708.19,4708.19,0,0,0,0,0,9000,0,WI,2,,,,,,0,0,06/30/2026,0,0
H2WI03130,"COOKE, REBECCA",C,1,DEM,"$8,601,146",824809.39,6784680.42,0,10139.52,1826605.06,0,0,0,0,0,0,7251910.21,WI,3,,,,,,523475.01,0,07/22/2026,43085.78,7000
H4WI03169,"COOKE, REBECCA",C,1,DEM,"$8,601,146",824809.39,6784680.42,0,10139.52,1826605.06,0,0,0,0,0,0,7251910.21,WI,3,,,,,,523475.01,0,07/22/2026,43085.78,7000
H4WI03201,"SHANKLAND, KATRINA",C,1,DEM,"$2,388",0,4032.6,0,2353.07,708.47,0,0,0,0,0,3750.73,0,WI,3,,,,,,0,0,06/30/2026,0,0
H4WI03219,"WILSON, ERIC",C,1,DEM,"$20,753",0,21073.22,0,319.87,0,20753.13,0,0,7000,0,0,0,WI,3,,,,,,0,0,03/31/2026,6.09,0
H6WI03099,"KIND, RONALD JAMES",I,1,DEM,"$17,064",0,110372.44,0,554507.6,461199.03,0,0,0,0,0,0,0,WI,3,,,,,,0,0,06/30/2026,0,0
H6WI03172,"BERGE, EMILY",C,1,DEM,"$728,722",0,622757.85,0,0,105964.02,1053.04,0,0,0,0,0,726448.55,WI,3,,,,,,1200,0,07/22/2026,1137.11,0
H6WI03180,"BENJAMIN, LAURA S",C,1,DEM,"$32,066",0,25372.65,0,0,6693.02,0,10000,0,0,0,10000,21917.73,WI,3,,,,,,0,0,09/30/2025,400,0
H0WI03175,"VAN ORDEN, DERRICK F. MR.",I,2,REP,"$7,526,052",2078471.21,3365829.24,0,516806.06,4677029.04,0,0,0,0,0,181867.07,4403716.55,WI,3,,,,,,994741.95,15000,07/22/2026,146120.52,1500
H4WI04183,"MOORE, GWEN S",I,1,DEM,"$1,070,659",0,1064345.53,0,22247.45,28560.71,668,0,0,0,0,4000,381223.55,WI,4,,,,,,682958.33,32.67,07/22/2026,321,0
H6WI04071,"DONAHUE, AMY",C,1,DEM,"$18,410",0,16763.96,1252,0,1646.38,3600,0,0,0,0,0,14810.34,WI,4,,,,,,0,0,07/22/2026,0,0
H4WI04282,"NATH, PURNIMA",C,2,REP,"$1,925",0,3056.85,0,6610.35,5478.5,0,0,0,0,0,0,1925,WI,4,,,,,,0,0,07/22/2026,0,0
H4WI05115,"STEINHOFF, BEN",C,1,DEM,"$5,937",0,7650.85,0,7391.43,-4321.93,0,0,0,0,0,1000,5936.72,WI,5,,,,,,0,0,06/30/2026,0,0
H6WI05136,"BECK, ANDREW",C,1,DEM,"$14,612",0,11590.4,0,176.16,3158.02,1200,425,0,0,0,425,12987.26,WI,5,,,,,,0,0,06/30/2026,0,0
H0WI05113,"FITZGERALD, SCOTT",I,2,REP,"$1,376,100",13777.28,886619.38,250000,837605.8,1327086.89,0,0,0,0,0,0,486503.72,WI,5,,,,,,872100,750,07/22/2026,30.15,0
H4WI06139,"ZARBANO, JOHN",C,1,DEM,$0,0,91.34,0,91.34,0,0,0,0,0,0,0,0,WI,6,,,,,,0,0,01/01/2025,0,0
H6WI06142,"WOJCIECHOWSKI, AARON MICHAEL",C,1,DEM,"$44,015",169.84,44015.37,0,0,0,50.01,22000,0,2857.16,0,19142.84,20545.52,WI,6,,,,,,1250,0,06/30/2026,0,0
H6WI06167,"MARSCHALL, JOEY",C,1,DEM,$201,0,9.7,0,0,191.3,1,0,0,0,0,0,200,WI,6,,,,,,0,0,06/30/2025,0,0
H6WI06175,"HEIDENREICH, MICHAEL",C,1,DEM,"$3,326",0,2621.34,0,0,705,116.34,0,0,0,0,0,3210,WI,6,,,,,,0,0,06/30/2026,0,0
H6WI06191,"SMITH, BRADLEY",C,1,DEM,"$166,061",0,105780.41,0,0,60280.47,11286.04,0,0,0,0,0,153091.93,WI,6,,,,,,1000,0,07/22/2026,400,0
H6WI06217,"BELL, AMANDA H",C,1,DEM,"$42,394",0,37802.74,0,0,4591.59,548.28,5000,0,0,0,5000,36616.4,WI,6,,,,,,0,0,07/22/2026,0,0
H6WI06225,"BELL, AMANDA H",C,1,DEM,"$42,394",0,37802.74,0,0,4591.59,548.28,5000,0,0,0,5000,36616.4,WI,6,,,,,,0,0,07/22/2026,0,0
H2WI06067,"MULLENIX, DOUGLAS",C,2,REP,$0,0,0,0,15092.21,15092.21,0,0,0,0,0,43613,0,WI,6,,,,,,0,0,06/30/2026,0,0
H4WI06048,"GROTHMAN, GLENN S.",I,2,REP,"$929,020",0,621773.56,0,522489.71,829735.85,0,0,0,0,0,139110,650550.52,WI,6,,,,,,277500,250,07/22/2026,9525,0
H6WI07199,"ARMSTRONG, CHRISTOPHER CAMPBELL",O,1,DEM,"$36,724",0,36554.25,0,0,169.82,0,0,0,0,0,0,36453,WI,7,,,,,,250,0,07/22/2026,20,0
H6WI07207,"CLARK, FREDERIC",O,1,DEM,"$423,041",0,249064.47,0,0,173976.92,30,5000,0,0,0,5000,408692.22,WI,7,,,,,,6500,0,07/22/2026,500,0
H6WI07231,"MURRAY, GINGER L",O,1,DEM,"$159,921",0,138920.16,0,0,21000.41,7000,120000,0,28918.5,0,95774.34,32920.57,WI,7,,,,,,0,0,07/22/2026,0,0
H0WI03159,"EBBEN, JESSI",O,2,REP,"$528,023",0,235171.57,0,1602.32,294453.38,41500,50000,0,0,41500,50000,411067.6,WI,7,,,,,,25390.96,0,07/22/2026,1322.32,0
H0WI07051,"DUFFY, SEAN",I,2,REP,"$310,026",0,1140926.51,0,2078242.75,1247342.17,0,0,0,0,0,0,0,WI,7,,,,,,0,0,06/30/2026,0,0
H0WI07101,"TIFFANY, TOM",I,2,REP,"$170,882",0,322101.55,0,175940.38,24720.84,0,0,0,0,0,0,118513.01,WI,7,,,,,,52328,0,07/22/2026,22750,6000
H6WI07215,"WASSGREN, PAUL",O,2,REP,"$3,403,946",0,3403945.86,0,0,0,40365.96,3200000,0,2850672.76,0,0,104012.28,WI,7,,,,,,0,0,06/30/2026,45500,0
H6WI07223,"ALFONSO, MICHAEL",O,2,REP,"$1,351,546",0,688137.56,0,0,663408.47,0,0,0,0,0,0,1140546.03,WI,7,,,,,,211000,0,07/22/2026,31391.06,1000
H6WI07249,"HERMENING, KEVIN",O,2,REP,"$1,180,818",0,974536.26,0,0,206282.05,34257.25,1000126.97,0,22249.63,0,977877.34,109019.14,WI,7,,,,,,0,0,07/22/2026,1,0
H6WI07256,"THRELFALL-BAUM, NIINA",O,2,REP,"$25,274",0,21024.38,0,0,4249.44,6850,0,0,0,0,1337.53,18423.82,WI,7,,,,,,0,0,07/22/2026,0,0
H0WI08125,"STUCK, AMANDA",C,1,DEM,$0,0,0,0,36.31,36.31,0,0,0,0,0,0,0,WI,8,,,,,,0,0,06/30/2026,0,0
H4WI08101,"LYERLY, KRISTIN",O,1,DEM,"$5,409",0,27516.04,0,25609.43,3502.41,0,0,0,0,0,0,0,WI,8,,,,,,0,0,09/30/2025,0,0
H4WI08127,"EISENHEIM, ERIK BRIAN MR.",O,1,DEM,"$7,786",0,7728.28,0,35,92.7,0,7298.09,0,0,0,18824.93,70,WI,8,,,,,,0,0,06/30/2026,0,0
H6WI08197,"SCHEFFLER, MARK CHRISTOPHER",C,1,DEM,"$136,755",0,126664.39,417.15,0,10090.61,15100,25000,0,0,0,25000,96655,WI,8,,,,,,0,0,07/22/2026,0,0
H6WI08205,"CROSSON, RICK",C,1,DEM,"$75,430",0,39306.85,0,5097.92,23332.11,1960,0,0,0,0,0,66809.17,WI,8,,,,,,6660.87,0,07/22/2026,0,0
H6WI08221,"DEVILLE, KATRINA VIOLETTA",C,1,DEM,"$22,220",0,17726.27,0,376.43,4869.87,13039.06,0,0,0,0,0,9180.65,WI,8,,,,,,0,0,07/22/2026,0,0
H4WI08093,"JACQUE, ANDRE",O,2,REP,$0,0,0,0,0,0,0,0,0,0,0,0,0,WI,8,,,,,,0,0,06/30/2026,0,0
H4WI08119,"WIED, TONY",I,2,REP,"$1,090,216",16048.4,619885.49,0,45230.5,515561.16,0,0,0,0,0,634225.01,476248.71,WI,8,,,,,,596900,0,07/22/2026,0,2000
H6WV01137,"AGUIRRE, BRITTA",C,1,DEM,"$171,320",0,170941.32,0,0,378.24,0,0,0,0,0,7774.93,169099.11,WV,1,,,,,,2220.45,0,06/30/2026,2086,0
H6WV01160,"GEORGE, VINCENT RAYMOND MR.",C,1,DEM,"$258,330",0,0,0,0,258330,0,240000,0,0,0,240000,18330,WV,1,,,,,,0,0,06/30/2026,0,0
H4WV01058,"EVANS, JONATHAN DERRICK",C,2,REP,"$1,220,940",0,1188897.71,0,60930.78,92972.79,0,0,0,0,0,0,1185211.94,WV,1,,,,,,0,0,06/30/2026,6796,0
H6WV01111,"JACKSON, LARRY",C,2,REP,"$102,110",0,97153.58,0,1000,5955.92,0,94000,0,0,0,100000,8109.5,WV,1,,,,,,0,0,06/30/2026,0,0
H8WV03097,"MILLER, CAROL DEVINE",I,2,REP,"$1,746,898",11985.47,1382060.71,0,239541.98,604378.98,0,0,0,0,0,417992.72,500424.13,WV,1,,,,,,1232138.58,0,06/30/2026,0,250
H4WV02247,"WENDELIN, STEVEN COMMANDER USN, (RET)",C,1,DEM,"$21,594",1000,21854.18,200,260,0,5469.88,0,0,0,0,0,15106.18,WV,2,,,,,,0,0,06/08/2026,103,0
H6WV02150,"PARSI, AHSAN",C,1,DEM,"$134,245",0,90575.49,0,0,43669.4,60,0,0,0,0,0,133184.89,WV,2,,,,,,1000,0,06/30/2026,0,0
H6WV02184,"TOMANA, STEPHANIE",C,1,DEM,"$17,965",0,17899.22,0,0,65.69,7482.76,0,0,0,0,0,9981.99,WV,2,,,,,,500,0,06/30/2026,0,0
H8WV02073,"UNGER, JOHN R II",C,1,DEM,$80,0,0,0,47996.35,48076.76,0,0,0,0,0,0,13.51,WV,2,,,,,,0,0,06/30/2026,0,0
H4WV02197,"GAASERUD, ALEXANDER",O,2,REP,$0,0,0,0,20.86,20.86,0,0,0,0,0,0,0,WV,2,,,,,,0,0,06/30/2026,0,0
H4WV02205,"MOORE, RILEY",I,2,REP,"$1,325,162",339261.63,697052.71,0,122962.83,751072.41,0,0,0,0,0,60882.19,463426.91,WV,2,,,,,,522450,0,06/30/2026,1360,0
H4WV02213,"EARLEY, JOSEPH FREDERICK",O,2,REP,$0,0,0,0,0,0,0,0,0,0,0,0,0,WV,2,,,,,,0,0,02/01/2025,0,0
H4WV02254,"WALKER, CHRISTOPHER",O,2,REP,"$1,694",0,1690.22,0,230.21,233.74,1600,0,0,0,0,87000,93.75,WV,2,,,,,,0,0,06/30/2026,60,0
H4WV03070,"JENKINS, EVAN H",I,2,REP,$0,0,0,0,10.26,10.26,0,0,0,0,0,600,0,WV,3,,,,,,0,0,06/30/2026,0,0
H0WY01036,"GREYBULL, LYNNETTE",C,1,DEM,$0,0,390,0,584.93,194.93,0,0,0,0,0,1460,0,WY,0,,,,,,0,0,06/30/2026,0,0
H4WY00196,"CAMERON, KYLE G.",C,1,DEM,$0,0,0,0,0,0,0,0,0,0,0,0,0,WY,0,,,,,,0,0,06/30/2025,0,0
H6WY01173,"KINNEY, LISA",O,1,DEM,"$17,946",0,15936.25,0,0,2009.75,0,0,0,0,0,11223,17946,WY,0,,,,,,0,0,07/29/2026,0,0
H2WY00166,"HAGEMAN, HARRIET",I,2,REP,"$2,435,023",534393.79,2402616.58,0,882963.04,915369,0,0,0,0,0,0,1274565.24,WY,0,,,,,,519700,62000,07/29/2026,3900,0
H6WY00217,"GRAY, CHUCK",O,2,REP,"$1,621,197",0,1381050.61,0,0,240146.39,0,1377000,0,0,0,1377000,240791,WY,0,,,,,,0,2500,07/29/2026,0,0
H6WY00225,"BALOW, JILLIAN",O,2,REP,"$180,501",0,75538.31,0,0,104962.9,125000,0,0,0,0,125000,55499.24,WY,0,,,,,,0,0,07/29/2026,0,0
H6WY00233,"GIRALT, DAVID",O,2,REP,"$213,244",0,176700.08,0,0,36543.45,0,64691.48,0,0,0,64691.48,106052.05,WY,0,,,,,,42500,0,07/29/2026,0,0
H6WY00241,"BITEMAN, DENNIS BO DEAN II",O,2,REP,"$115,130",0,86532.76,0,0,28597.3,0,0,0,0,0,0,114592.81,WY,0,,,,,,500,0,07/29/2026,3434.25,0
H6WY01140,"CHRISTENSEN, KEVIN",O,2,REP,"$35,952",0,26219.23,0,0,9732.27,3000,15000,0,0,0,15000,17951.5,WY,0,,,,,,0,0,07/29/2026,0,0
H6WY01157,"CHAPMAN, FRANK",O,2,REP,"$1,092,145",0,665008.38,0,0,427136.27,768,1060000,0,0,0,1060000,31375.71,WY,0,,,,,,0,0,07/29/2026,0,0
H6WY01165,"FRIESS, STEPHEN",O,2,REP,"$3,282,745",177529.94,2485618.92,0,0,797125.77,0,3000000,0,0,0,3000000,100214.75,WY,0,,,,,,5000,0,07/29/2026,5138.21,0
H6WY01207,"GOODENOUGH, KEITH BRIAN MR.",O,2,REP,"$2,035",0,2034.69,0,0,0,0,750,0,750,0,0,1284.69,WY,0,,,,,,0,0,08/29/2026,0,0
H8WY00148,"LUMMIS, CYNTHIA MARIE",I,2,REP,"$1,493,104",331332.77,1335394.19,0,677339.73,835049.18,0,0,0,0,0,0,402561.34,WY,0,,,,,,697132.24,62000,07/29/2026,373740.22,232225
P00006213,"DELANEY, JOHN K.",C,1,DEM,"$1,500",0,1650,0,547.43,397.43,1500,0,0,0,0,1493250,0,0,0,,,,,,0,0,06/30/2026,0,0
P00006825,"CUNNINGHAM, HART P.",C,1,DEM,$0,0,0,0,0,0,0,0,0,0,0,0,0,0,0,,,,,,0,0,06/30/2026,0,0
P00009225,"SENEY, RAYMOND J",C,1,DEM,$0,0,0,0,214.75,214.75,0,0,0,0,0,1800,0,0,0,,,,,,0,0,06/30/2026,0,0
P00009621,"WARREN, ELIZABETH",C,1,DEM,"$6,314",0,7172.84,0,1647.12,788.57,0,0,0,0,0,0,0,0,0,,,,,,0,0,06/30/2026,0,0
P00009910,"WILLIAMSON, MARIANNE",C,1,DEM,"$2,024",0,5476.07,0,3451.93,0,992.36,0,0,0,0,3151.9,0,0,0,,,,,,0,0,04/03/2025,-5454.27,0
P00012054,"DE BLASIO, BILL",C,1,DEM,$0,0,2431.83,0,2431.83,0,0,0,0,0,0,0,0,0,0,,,,,,0,0,12/05/2025,-58.56,0
P00013045,"POPE SR, WAYNE ANTHONY",,1,DEM,"$44,060",0,44059.9,0,0,0,44059.9,0,0,0,0,0,44059.9,0,0,,,,,,0,0,07/15/2026,18459,0
P00014530,"BLOOMBERG, MICHAEL R.",C,1,DEM,"$20,713",0,0,0,3214938.93,3235651.74,0,0,0,0,0,0,0,0,0,,,,,,0,0,06/30/2026,0,0
P40002347,"EDWARDS, JOHN",O,1,DEM,$0,0,0,0,0,0,0,0,0,0,0,331586.46,0,0,0,,,,,,0,0,06/30/2026,0,0
P40002404,"SHARPTON, REV ALFRED C",C,1,DEM,$0,0,0,0,-11636.54,-11636.54,0,0,0,0,0,925713.78,0,0,0,,,,,,0,0,06/30/2026,0,0
P40007676,"SMYTH, HERBERT EZEKIEL ZEKE",C,1,DEM,$0,0,0,0,0,0,0,0,0,0,0,0,0,0,0,,,,,,0,0,09/11/2025,0,0
P40010514,"PEREZ-SERRATO, ARMANDO",C,1,DEM,"$32,400",0,11200,0,-18700,2500,32400,0,0,4500,0,0,0,0,0,,,,,,0,0,12/31/2025,6700,0
P40013716,"BUKOVINAC, TERRISA LIN",C,1,DEM,$0,0,0,0,-461.69,-461.69,0,0,0,0,0,573.81,0,0,0,,,,,,0,0,06/30/2026,0,0
P40014573,"HOFFMAN, RALPH ROBBIE MR",,1,DEM,$0,0,335.34,0,5,-330.34,0,0,0,0,0,0,0,0,0,,,,,,0,0,06/30/2026,0,0
P40016024,"PALMER, JASON MICHAEL MR.",C,1,DEM,$0,0,0,0,0,0,0,0,0,0,0,688710,0,0,0,,,,,,0,0,06/30/2026,0,0
P40016131,"PHILLIPS, DEAN",C,1,DEM,$37,0,1102.3,0,4681.65,3616.14,0,0,0,0,0,5535000,0,0,0,,,,,,0,0,07/31/2026,0,0
P60007168,"SANDERS, BERNARD",C,1,DEM,"$76,186",0,-15053.37,0,65637.97,156877.7,0,0,0,0,0,0,0,0,0,,,,,,0,0,07/31/2026,270,0
P60007176,"FAAS, SOURAYA",C,1,DEM,$0,0,0,0,0,0,0,0,0,0,0,9300,0,0,0,,,,,,0,0,06/30/2026,0,0
P80000268,"CARTER, WILLIE FELIX",,1,DEM,"$5,151",0,4898.28,0,62.14,100,5150.91,0,0,0,0,1250,0,0,0,,,,,,0,0,06/30/2026,0,0
P80007768,"HOFFMAN, RALPH ROBBIE",,1,DEM,$0,0,335.34,0,5,-330.34,0,0,0,0,0,0,0,0,0,,,,,,0,0,06/30/2026,0,0
P80008386,"TRAINOR, JAMES",,1,DEM,"$1,700",0,2339.07,0,1543.07,904,1700,0,0,0,0,0,0,0,0,,,,,,0,0,06/30/2026,0,0
P00010033,"VILLARI, TIMOTHY",,2,REP,"$8,228",0,68297.32,0,60069.4,0,0,8227.92,0,68297.32,0,0,0,0,0,,,,,,0,0,09/30/2025,0,0
P00011239,"WELD, WILLIAM FLOYD (BILL)",C,2,REP,$0,0,0,0,15.7,15.7,0,0,0,0,0,386367.3,0,0,0,,,,,,0,0,06/30/2026,0,0
P00013649,"SANFORD, MARSHALL HON",C,2,REP,"$206,237",0,177136.14,0,1323503.03,1352604.38,0,0,0,0,0,0,13767,0,0,,,,,,0,0,07/22/2026,0,0
P00014357,"BUCHSER-LOCHOCKI, SUSAN",C,2,REP,$738,0,819.55,0,11803.84,11332.87,735.33,0,0,0,0,0,3,0,0,,,,,,0,0,06/30/2026,0,0
P20002721,"SANTORUM, RICHARD J.",O,2,REP,$4,0,0,0,1721.35,1725.35,0,0,0,0,0,983606.46,4,0,0,,,,,,0,0,06/30/2026,0,0
P20002978,"BACHMANN, MICHELE",C,2,REP,$213,0,88438.37,0,1156412.6,1068187.42,0,0,0,0,0,1914.4,0,0,0,,,,,,0,0,06/30/2026,0,0
P40003824,"FRAYER, DONALD ROBERT",C,2,REP,$0,0,0,0,-1076.41,-1076.41,0,0,0,0,0,0,0,0,0,,,,,,0,0,06/30/2026,0,0
P40007650,"RUOHO, MICHAEL JEFFREY",C,2,REP,$0,0,550,0,413.65,-136.35,0,0,0,0,0,0,0,0,0,,,,,,0,0,03/31/2025,0,0
P40010415,"NORRIS, JIM ALEXANDER SR",,2,REP,$0,0,775779979,0,775779979,-775779979,0,0,0,0,0,0,0,0,0,,,,,,0,0,09/30/2025,0,0
P40011868,"BINKLEY, RYAN",C,2,REP,"$15,500",0,16211.99,0,1491.02,779.03,0,15500,0,0,0,11073000,0,0,0,,,,,,0,0,06/30/2026,0,0
P40012155,"SCOTT, TIMOTHY E.",C,2,REP,"$5,328,236",451397.57,6174548.07,0,5717522.55,4871210.34,0,0,0,0,0,0,4499280.21,0,0,,,,,,176300,0,06/30/2026,16277.55,0
P40012593,"ELDER, LARRY",C,2,REP,$0,0,635,0,772.01,137.01,0,0,0,0,0,149395.5,0,0,0,,,,,,0,0,06/30/2026,0,0
P40013435,"PENCE, MIKE",C,2,REP,"$35,477",0,222083.13,0,229211.83,42606.16,0,0,0,0,0,136763.6,0,0,0,,,,,,0,0,07/31/2026,0,0
P40013518,"BURGUM, DOUG",C,2,REP,-$103,0,886.46,0,989.86,0,0,0,0,695.77,0,0,-513,0,0,,,,,,0,0,03/31/2025,0,0
P40015992,"STUCKENBERG, DAVID JAMES",C,2,REP,$0,0,0,0,41102,41102,0,0,0,0,0,154090.05,0,0,0,,,,,,0,0,11/30/2025,0,0
P60003654,"GINGRICH, NEWT",C,2,REP,$5,0,50,0,118.43,73.86,0,0,0,0,0,4639534.55,0,0,0,,,,,,0,0,06/30/2026,0,0
P60006111,"CRUZ, RAFAEL EDWARD TED",O,2,REP,$0,0,0,0,32048.27,32048.27,0,0,0,0,0,0,0,0,0,,,,,,0,0,06/30/2026,0,0
P60006723,"RUBIO, MARCO",O,2,REP,$0,0,0,0,3609.89,3609.89,0,0,0,0,0,827657.12,0,0,0,,,,,,0,0,06/30/2026,0,0
P60007572,"PATAKI, GEORGE E",O,2,REP,$0,0,324,0,3124.87,2800.87,0,0,0,0,0,20000,0,0,0,,,,,,0,0,06/30/2026,0,0
P60008521,"CHRISTIE, CHRIS",C,2,REP,$0,0,13185.01,0,32731.57,19546.56,0,0,0,0,0,0,0,0,0,,,,,,0,0,06/30/2026,0,0
P80006497,"CHEADER, ROBERT",,2,REP,$0,0,0,0,0,0,0,0,0,0,0,0,0,0,0,,,,,,0,0,07/01/2025,0,0
P80007255,"MAXWELL, STEPHEN CORTNEY MR.",,2,REP,"$4,780",0,2896.62,0,0,113.38,1244.02,3481.28,0,0,0,2900,55,0,0,,,,,,0,0,06/30/2026,0,0
P80007982,"LE, JIMMY T MR SR",,2,REP,$0,0,0,0,-5227.21,-5227.21,0,0,0,0,0,7658.9,0,0,0,,,,,,0,0,12/31/2025,0,0
P80009103,"ARNOLD, MARIE ENCAR ARANA",,2,REP,$0,0,0,0,0,0,0,0,0,0,0,0,0,0,0,,,,,,0,0,07/30/2026,0,0
P80009285,"JAGER, PHYLLIS",,2,REP,"$214,000",0,151346.2,0,0,62653.8,214000,0,0,0,0,0,0,0,0,,,,,,0,0,06/30/2026,0,0
P80009384,"GREANEY, DANIEL JOHN",,2,REP,"$59,675",0,19967.66,0,0,39707.76,0,0,55181.66,0,0,58181.66,4493.76,0,0,,,,,,0,0,06/30/2026,0,0
P00004861,"BICKELMEYER, MICHAEL",,2,REP,"$1,051",0,974.25,0,2.1,78.85,1006.35,0,0,0,0,0,0,0,,,,,,,0,0,06/30/2026,0,0
S6AK00276,"PELTOLA, MARY",C,1,DEM,"$18,545,132",1648275.45,13908377.35,0,0,4636755.08,0,0,0,0,0,0,16257753.91,AK,0,,,,,,602145.64,1500,07/29/2026,65056.46,0
S2AK00127,"TSHIBAKA, KELLY",C,2,REP,$0,0,3589.19,0,3589.19,0,0,0,0,0,0,0,0,AK,0,,,,,,0,0,11/04/2025,0,0
S4AK00099,"MURKOWSKI, LISA",I,2,REP,"$1,287,064",0,380960.6,0,617160.25,1523263.88,0,0,0,0,0,0,896236.1,AK,0,,,,,,335800,0,06/30/2026,1522,0
S4AK00214,"SULLIVAN, DAN",I,2,REP,"$9,136,967",2808865.46,3932802.55,0,2090904.79,7295069.2,0,0,0,0,0,0,4093298.45,AK,0,,,,,,1936758,62000,07/29/2026,12791.02,6100
S6AK00326,"SULLIVAN, DANIEL J",C,2,REP,"$18,835",0,10435,0,0,8400,0,10400,0,0,0,14780.41,8435,AK,0,,,,,,0,0,07/29/2026,0,0
S6AL00302,"CRUMPTON, RONALD (RON) STEVEN",C,1,DEM,$0,0,0,0,5.14,5.14,0,0,0,0,0,0,0,AL,0,,,,,,0,0,03/31/2026,0,0
S6AL00393,"WHEELER, MARK SHANNON MR II",O,1,DEM,"$17,374",0,16808.44,0,0,566.04,0,0,0,0,0,833.28,17374.48,AL,0,,,,,,0,0,04/29/2026,0,0
S6AL00427,"LARRIETT, DAKARAI",O,1,DEM,"$154,254",0,151838.14,0,0,2415.88,10,2500,0,0,0,89370,151724.02,AL,0,,,,,,20,0,06/30/2026,791,0
S6AL00435,"SWEETSER, KYLE",O,1,DEM,"$166,056",9.11,163371.9,0,0,2683.73,150.84,0,0,0,12994,19421.89,150895.68,AL,0,,,,,,15000,0,06/30/2026,4151.5,0
S6AL00518,"WESS, EVERETT W",O,1,DEM,"$83,341",0,62571.98,0,0,-10011.31,0,70643.23,0,0,0,0,12697.42,AL,0,,,,,,0,0,06/30/2026,0,0
S0AL00206,"BYRNE, BRADLEY ROBERTS",C,2,REP,$0,0,0,0,3933.13,3933.13,0,0,0,0,0,0,0,AL,0,,,,,,0,0,06/30/2026,0,0
S0AL00230,"TUBERVILLE, THOMAS H",I,2,REP,"$726,223",229123.16,1191963.2,0,532330.47,66589.77,0,0,0,0,0,11814.88,366857.58,AL,0,,,,,,127500,0,06/30/2026,305420.01,157000
S0AL00289,"MERRILL, JOHN H",C,2,REP,$0,0,9160,0,222335.78,213175.78,0,0,0,0,0,0,0,AL,0,,,,,,0,0,06/30/2026,0,0
S2AL00145,"BRITT, KATIE BOYD",I,2,REP,"$2,706,561",7328.1,1580922.4,0,4109548.7,5235186.81,0,0,0,0,0,30327,2232328.61,AL,0,,,,,,437050,0,06/30/2026,8900,1000
S2AL00152,"TAYLOR, JESSICA",O,2,REP,$0,0,0,0,3509.13,3509.13,0,0,0,0,0,175990.61,0,AL,0,,,,,,0,0,06/30/2026,0,0
S6AL00443,"HUDSON, JARED",C,2,REP,"$1,920,539",0,1806649.59,0,0,113888.95,0,0,0,0,0,0,1909179.58,AL,0,,,,,,11000,0,06/30/2026,282205.53,0
S6AL00450,"MARSHALL, STEVEN T",C,2,REP,"$1,298,351",72691.39,1298351.43,0,0,0,0,0,0,0,0,0,1133665.04,AL,0,,,,,,91500,0,06/30/2026,310282.9,0
S6AL00468,"WALKER, RODNEY",O,2,REP,"$2,015,963",25372.15,2015962.9,1086.7,0,0,50000,1864000,0,1200000,0,664000,38626.03,AL,0,,,,,,0,0,06/30/2026,1000,0
S6AL00476,"MOORE, FELIX BARRY",O,2,REP,"$3,787,330",234460.16,3284673.21,17019.94,125131.66,627788.17,0,50000,0,0,0,360928.39,2615610.48,AL,0,,,,,,881597.83,0,06/30/2026,33000,2500
S6AL00484,"MURPHY, MORGAN W. W.",O,2,REP,"$1,281,322",148651.95,1175905.86,29500,0,105415.93,0,100000,250000,100000,250000,75028.88,737956.56,AL,0,,,,,,12000,0,07/22/2026,41000,0
S6AL00500,"BURTON, MATTHEW SETH",O,2,REP,"$74,362",0,74362.27,0,0,0,11690.66,0,0,0,0,0,62671.61,AL,0,,,,,,0,0,06/04/2026,0,0
S8AL00308,"STRANGE, LUTHER J III",I,2,REP,$0,0,3750,0,39793.2,36043.2,0,0,0,0,0,178713.5,0,AL,0,,,,,,0,0,12/31/2025,0,0
S6AL00401,"GLASGOW, VALMA K",O,1,DEM,$294,0,294,0,100,100,294,0,0,0,0,0,0,AL,,,,,,,0,0,07/15/2026,0,0
S0AR00218,"WHITFIELD, DANIEL ALLEN",C,1,DEM,$353,0,36.27,0,1877.23,2194.31,0,0,0,0,0,5039.84,353.06,AR,0,,,,,,0,0,06/30/2026,0,0
S2AR00115,"JAMES, NATALIE",C,1,DEM,$0,0,0,0,215.31,215.31,0,0,0,0,0,5910.62,0,AR,0,,,,,,0,0,06/30/2026,0,0
S6AR00173,"DUNBAR, ETHAN N SR.",C,1,DEM,"$17,462",0,22253.18,0,1288.94,1110.62,420,0,0,0,0,0,16960.7,AR,0,,,,,,0,81,03/27/2026,0,0
S6AR00181,"RUSSELL, JAMES RICHARD MR III",C,1,DEM,"$3,087",0,3186.9,0,100,0,0,1000,0,302,0,798,2086.9,AR,0,,,,,,0,0,11/15/2025,1500,0
S6AR00199,"SHOFFNER, HALLIE",C,1,DEM,"$2,269,114",0,1405535.66,0,0,863578.12,0,0,0,0,10,0,2247891.01,AR,0,,,,,,11010,9050,06/30/2026,1106,0
S0AR00150,"BOOZMAN, SEN. JOHN",I,2,REP,"$507,949",19553.26,247714.19,0,1110776.5,1371011.11,0,0,0,0,0,0,193014.87,AR,0,,,,,,251700,0,06/30/2026,0,0
S2AR00107,"BEQUETTE, JAKE MR.",C,2,REP,$0,0,0,0,183.47,183.47,0,0,0,0,0,14953.71,0,AR,0,,,,,,0,0,06/30/2026,0,0
S4AR00103,"COTTON, THOMAS",I,2,REP,"$6,233,117",1373299.48,3752101.46,5991.12,7450869.83,9931884.93,0,0,0,0,0,73959,3174164.47,AR,0,,,,,,1129500,62000,06/30/2026,66082.5,7500
S6AR00207,"ASHBY, MICAH",C,2,REP,"$41,162",0,126.26,0,0,754.4,81.18,41060.35,0,0,0,734.4,20,AR,0,,,,,,0,0,02/11/2026,0,0
S6AR00215,"LITTLE, JEB",C,2,REP,"$92,532",0,92404.15,0,0,127.4,37139.1,47100,0,47100,0,0,8261.95,AR,0,,,,,,0,0,03/31/2026,0,0
S0AZ00350,"KELLY, MARK",I,1,DEM,"$40,775,023",108678.81,20889818.08,375000,4402433.57,24287638.18,23.41,0,0,0,0,0,40390781.86,AZ,0,,,,,,26750,0,06/30/2026,257767.29,0
S4AZ00139,"GALLEGO, RUBEN",I,1,DEM,"$4,345,411",296384.63,2475393,0,211152.7,2081170.73,0,0,0,0,0,0,3519260.17,AZ,0,,,,,,446662.83,0,06/30/2026,55414.21,1700
S0AZ00376,"MCCARTHY, DANIEL",C,2,REP,$700,0,1188.67,0,488.67,0,0,700,0,0,0,0,0,AZ,0,,,,,,0,0,06/30/2025,0,0
S2AZ00141,"FLAKE, JEFF",I,2,REP,$0,0,11000,0,821352.48,810352.48,0,0,0,0,0,0,0,AZ,0,,,,,,0,0,06/30/2026,0,0
S2AZ00331,"LAMON, JIM MR",C,2,REP,$0,0,0,0,4448.39,4448.39,0,0,0,0,0,18437111.07,0,AZ,0,,,,,,0,0,06/30/2026,0,0
S2AZ00349,"MCGUIRE, MICHAEL MICK",C,2,REP,$0,0,0,0,2615.92,2615.92,0,0,0,0,0,450705,0,AZ,0,,,,,,0,0,06/30/2026,0,0
S2AZ00356,"BRNOVICH, MARK MR.",C,2,REP,$25,0,0.99,0,5156.65,5180.66,0,0,0,0,0,463173.45,25,AZ,0,,,,,,0,0,06/30/2026,0,0
S2AZ00372,"MASTERS, BLAKE",C,2,REP,$0,0,0,0,0,0,0,0,0,0,0,0,0,AZ,0,,,,,,0,0,02/21/2025,0,0
S4AZ00188,"LAMB, MARK",O,2,REP,$0,0,3482.65,0,16623.94,13141.29,0,0,0,0,0,47400.96,0,AZ,0,,,,,,0,0,06/30/2026,0,0
S4AZ00212,"WHITE, ALAN MR",O,2,REP,$0,0,0,0,0,0,0,0,0,0,0,0,0,AZ,0,,,,,,0,0,03/31/2026,0,0
S4AZ00220,"LAKE, KARI",O,2,REP,"$381,385",0,113544.43,0,218213.48,486053.63,0,0,0,0,0,1007045.27,233332.88,AZ,0,,,,,,0,0,06/30/2026,9127.7,0
S6AZ00217,"MELUSKEY, ALEXANDER",C,2,REP,$0,0,45,0,6222.99,6114,0,0,0,0,0,791373.02,0,AZ,0,,,,,,0,0,06/30/2026,0,0
S8AZ00379,"WILLS, LONNIE MR.",,2,REP,$0,0,0,0,0,0,0,0,0,0,0,0,0,AZ,0,,,,,,0,0,04/15/2026,0,0
S2CA00955,"PADILLA, ALEX",I,1,DEM,"$1,502,700",500010.39,854740.96,0,6642855.02,7290814.38,0,0,0,0,0,7.78,854103.33,CA,0,,,,,,145005,3500,06/30/2026,1297.67,0
S2CA01276,"URSICH, TIMOTHY J DR",C,1,DEM,$0,0,0,0,14010.95,14010.95,0,0,0,0,0,15388.46,0,CA,0,,,,,,0,0,06/30/2026,0,0
S4CA00522,"PORTER, KATHERINE",O,1,DEM,"$210,788",0,1624451.71,0,1413663.78,0,0,0,0,0,0,0,0,CA,0,,,,,,0,0,08/15/2025,0,0
S4CA00555,"SCHIFF, ADAM",I,1,DEM,"$8,832,154",401447.13,4960719.67,0,6381026.62,10252461.04,0,0,0,0,0,0,7218132.59,CA,0,,,,,,69401,0,06/30/2026,123755.76,2900
S4CA00613,"RAB, AEJAZ ( RAJI )",O,1,DEM,$0,0,100,0,-374.85,-474.85,0,0,0,0,0,10000,0,CA,0,,,,,,0,0,06/30/2026,0,0
S4CA00688,"INAM, ZAFAR",O,1,DEM,$0,0,436,0,436,0,0,0,0,436,0,0,0,CA,0,,,,,,0,0,11/06/2025,0,0
S4CA00704,"ROSE, JOHN",O,1,DEM,$0,0,0,0,125,125,0,0,0,0,0,6317.73,0,CA,0,,,,,,0,0,02/16/2025,0,0
S4CA00712,"ROSE, JOHN DAVID",O,1,DEM,$0,0,0,0,125,125,0,0,0,0,0,6317.73,0,CA,0,,,,,,0,0,02/16/2025,0,0
S4CA00845,"GILANI, SEPI",O,1,DEM,$0,0,707.88,0,2205.28,1497.4,0,0,0,0,0,0,0,CA,0,,,,,,0,0,06/30/2026,0,0
S6CA00691,"SANCHEZ, LORETTA",O,1,DEM,$0,0,1542.65,0,2909.64,1366.99,0,0,0,0,0,0,0,CA,0,,,,,,0,0,06/30/2026,0,0
S2CA00872,"LIEW, SARAH SUN DR.",,2,REP,$0,0,0,0,-57.93,0,0,0,0,0,0,0,0,CA,0,,,,,,0,0,06/30/2026,0,0
S2CA01003,"HENG, ELIZABETH",C,2,REP,$0,0,0,0,0,0,0,0,0,0,0,88725.88,0,CA,0,,,,,,0,0,06/30/2026,0,0
S2CA01094,"WILLIAMS, CORDIE LEE DR.",C,2,REP,$0,0,0,0,0,0,0,0,0,0,0,44900,0,CA,0,,,,,,0,0,06/30/2026,0,0
S4CA00407,"GARY-PANDOL, DENICE LYN MS.",O,2,REP,$0,0,0,0,456.44,456.44,0,0,0,0,0,11624.14,0,CA,0,,,,,,0,0,06/30/2026,0,0
S4CA00639,"EARLY, ERIC",O,2,REP,$0,0,450,0,2065.43,1615.43,0,0,0,0,0,160635.57,0,CA,0,,,,,,0,0,06/30/2026,0,0
S4CA00670,"REISS, JONATHAN",O,2,REP,$206,0,174.39,0,39.21,27.67,0,0,0,0,0,0,206.03,CA,0,,,,,,0,0,06/30/2026,0,0
S8CA00515,"BRADLEY, JAMES",C,2,REP,"$1,325",0,18377.25,0,17052.24,0,1190,0,0,0,0,0,10,CA,0,,,,,,0,0,06/01/2026,0,0
S4CA00589,"LEE, BARBARA",O,1,DEM,"$58,793",0,105883.19,0,48791.98,1702.26,0,0,0,0,0,86293.14,27344.6,CA,,,,,,,27500,0,06/30/2026,4791.5,0
S0CO00211,"BENNET, MICHAEL F.",I,1,DEM,"$213,775",25000,478870.83,0,466855.54,201759.71,0,0,0,0,0,374819,139207.92,CO,0,,,,,,18500,0,06/30/2026,8570,0
S0CO00468,"JOHNSTON, MICHAEL C",C,1,DEM,$0,0,167592.97,0,1042710.87,875117.9,0,0,0,0,0,0,0,CO,0,,,,,,0,0,06/30/2026,0,0
S0CO00575,"HICKENLOOPER, JOHN W.",I,1,DEM,"$8,119,380",1188458.74,7471142.64,0,1435632.98,2083870.46,0,0,0,0,0,0,5806791.5,CO,0,,,,,,896272.77,62000,06/30/2026,55290.52,31000
S6CO00408,"BRESLIN, KAREN",C,1,DEM,"$165,312",0,163439.39,0,0,1872.27,573.82,0,0,0,0,0,158641.09,CO,0,,,,,,6096.75,0,06/30/2026,1005,0
S6CO00457,"SCANLON, MICHAEL",C,1,DEM,$0,0,0,0,0,0,0,0,0,0,0,0,0,CO,0,,,,,,0,0,08/05/2025,0,0
S6CO00465,"ZIMPFER, ANTHONY JACOB",C,1,DEM,"$4,308",0,4307.68,0,0,0,0,140.68,0,0,0,140.68,4167,CO,0,,,,,,0,0,06/22/2026,1125.86,0
S6CO00473,"HASLEY, BRASHAD D",C,1,DEM,"$20,336",0,20335.73,0,0,0,1500,17753.47,0,2507.14,0,0,1082.26,CO,0,,,,,,0,0,02/11/2026,0,0
S6CO00499,"GONZALES, JULIE",C,1,DEM,"$979,215",0,835705.92,0,0,143508.79,0,0,0,0,0,0,953346.15,CO,0,,,,,,24525.32,0,06/30/2026,4776.2,0
S2CO00209,"BREMER, ELI",C,2,REP,$0,0,0,0,0,0,0,0,0,0,0,65937.74,0,CO,0,,,,,,0,0,03/31/2025,0,0
S2CO00241,"O'DEA, JOSEPH MATTHEW",C,2,REP,$0,0,1677,0,3630.98,1953.98,0,0,0,0,0,3811000,0,CO,0,,,,,,0,0,03/31/2026,0,0
S4CO00379,"TRUJILLO, FLOYD",C,2,REP,$0,0,0,0,1024.25,1024.25,0,0,0,0,0,102930.68,0,CO,0,,,,,,0,0,06/30/2026,0,0
S6CO00424,"MARKERT, GEORGE WASHINGTON MR V",C,2,REP,"$315,360",0,315360.14,0,0,0,48766.44,50000,0,10879.39,0,39120.61,213488.7,CO,0,,,,,,3000,0,06/30/2026,13635,0
S6CO00440,"JOSHI, JANAK",C,2,REP,"$485,987",0,485987.2,0,0,0,0,350100,0,224969.81,0,125130.19,125887.2,CO,0,,,,,,10000,0,07/17/2026,0,0
S6CO00481,"JONES, DATHAN CHARLES",C,2,REP,$25,0,1054.64,0,1075,45.36,0,0,0,0,0,0,25,CO,0,,,,,,0,0,06/30/2026,0,0
S6CO00507,"BAISLEY, MARK",C,2,REP,"$138,147",0,88913.26,0,336.91,50021.12,0,2200,0,2200,0,0,134872.3,CO,0,,,,,,0,999,06/30/2026,3500,0
S0CT00177,"BLUMENTHAL, RICHARD",I,1,DEM,"$612,252",182900,373460.79,0,1238141.53,1476933.19,0,0,0,0,0,0,272627.19,CT,0,,,,,,103500,0,06/30/2026,5380,1000
S2CT00132,"MURPHY, CHRISTOPHER S",I,1,DEM,"$13,308,354",783398.38,7377282.63,0,5526774.86,11457846.37,0,0,0,0,0,0,12263734.59,CT,0,,,,,,0,0,06/30/2026,74567.83,3000
S2CT00256,"HYDE, ROBERT FINLEY",C,2,REP,$0,0,0,0,0,0,0,0,0,0,0,0,0,CT,0,,,,,,0,0,10/20/2025,0,0
S8CT00121,"COREY, MATTHEW MCKINNON",C,2,REP,$0,0,7217.4,0,7217.4,0,0,0,0,0,0,10000,0,CT,0,,,,,,0,0,03/31/2025,0,0
S6MD03441,"VAN HOLLEN, CHRIS",I,1,DEM,"$1,973,280",303783.99,627943.59,0,1953402.17,3298739.02,0,0,0,0,0,2209.56,1588611.18,DC,0,,,,,,78250,0,06/30/2026,5550.67,0
S0DE00092,"COONS, CHRISTOPHER A.",I,1,DEM,"$4,168,081",665544.03,1559897.11,0,2185199.85,4793384.05,0,0,0,0,0,0,1989694.63,DE,0,,,,,,1408376.74,0,08/26/2026,21042.87,6500
S0DE00175,"SCARANE, JESSICA",C,1,DEM,$0,0,0,0,0,0,0,0,0,0,0,0,0,DE,0,,,,,,0,0,06/30/2025,0,0
S4DE00060,"BLUNT ROCHESTER, LISA",I,1,DEM,"$1,016,908",58000,1040416.83,0,144457.18,120948.42,0,0,0,0,0,0,522077.97,DE,0,,,,,,290000,0,06/30/2026,2789.46,0
S6DE00156,"BEARDSLEY, CHRISTOPHER MR.",C,1,DEM,"$22,356",0,13165.27,0,0,9190.73,0,12850,0,0,0,12850,9006,DE,0,,,,,,500,0,12/31/2025,0,0
S6DE00263,"APPELHANS, JEFFERY RYAN",C,1,DEM,"$1,468",0,82.87,0,0,1385.51,100,0,0,0,0,6419.19,1368.38,DE,0,,,,,,0,0,08/26/2026,0,0
S8DE00079,"CARPER, THOMAS R.",I,1,DEM,$0,0,55789.69,0,55789.69,0,0,0,0,0,0,0,0,DE,0,,,,,,0,0,03/31/2025,-29500,-40900
S6DE00131,"O'DONNELL, CHRISTINE",O,2,REP,$0,0,0,0,471.26,471.26,0,0,0,0,0,39118.92,0,DE,0,,,,,,0,0,06/30/2026,0,0
S6DE00198,"SHULLI, JOHN",C,2,REP,"$118,334",0,109920.13,0,0,8414.03,1480,100000,0,0,0,100000,16854.16,DE,0,,,,,,0,0,08/26/2026,209.2,0
S6DE00206,"KATZ, MICHAEL S DR.",C,2,REP,"$159,367",0,60954.39,0,0,98412.61,10,129250,0,0,0,129250,29805.27,DE,0,,,,,,300,0,08/26/2026,0,0
S8DE00129,"TRUONO, EUGENE (GENE) J JR",C,2,REP,"$1,687",0,1686.71,0,471.14,471.14,0,1686.71,0,0,0,205873.48,0,DE,0,,,,,,0,0,06/30/2026,0,0
S4DE00094,"HANSEN, ERIC",,1,DEM,$0,0,0,0,0,0,0,0,0,0,0,0,0,DE,,,,,,,0,0,01/09/2025,0,0
S2FL00581,"GRAYSON, ALAN MARK",C,1,DEM,"$388,153",0,386772.28,0,126917.81,128298.88,0,318646.74,0,21900,0,4153577.21,59500.41,FL,0,,,,,,10000,0,07/29/2026,68,0
S4FL00587,"EHR, PHILLIP",C,1,DEM,"$146,888",0,75697.24,0,16850.92,88041.72,10200,133000,0,0,0,444083.63,3507.19,FL,0,,,,,,0,0,06/30/2025,91,0
S4FL00637,"CAMPBELL, STANLEY",C,1,DEM,$0,0,118434.38,0,118434.38,0,0,0,0,0,0,1401000,0,FL,0,,,,,,0,0,03/31/2025,0,0
S6FL00376,"GRAYSON, ALAN MARK",C,1,DEM,"$388,153",0,386772.28,0,126917.81,128298.88,0,318646.74,0,21900,0,4153577.21,59500.41,FL,0,,,,,,10000,0,07/29/2026,68,0
S6FL00673,"LYLES, TAMIKA MS",C,1,DEM,"$23,287",0,23287.14,0,0,0,0,21000,0,20147.25,0,852.75,2287.14,FL,0,,,,,,0,0,03/31/2026,0,0
S6FL00749,"ATKINS, JOEY MENDOZA",C,1,DEM,"$9,473",0,8740.93,0,0,731.82,0,2000,0,0,0,7613,7472.75,FL,0,,,,,,0,0,07/29/2026,105,0
S6FL00756,"WEIL, JOSHUA JOSEPH",C,1,DEM,"$15,933,478",0,15933478.15,0,0,0,16,0,0,0,0,0,15463011.3,FL,0,,,,,,33908.17,2500,09/30/2025,154815.44,6451.97
S6FL00798,"JENKINS, JENNIFER",C,1,DEM,"$725,731",0,617619.46,0,0,108111.28,0,0,0,0,0,0,702730.74,FL,0,,,,,,8000,0,07/29/2026,1570.25,0
S6FL00806,"MUJICA, HECTOR DANIEL",C,1,DEM,"$856,667",0,845911.09,65250,0,10756.17,72845.53,90000,0,0,0,173185.45,647044.33,FL,0,,,,,,500,0,06/30/2026,1434,0
S6FL00830,"NIXON, ANGELA",C,1,DEM,"$974,845",0,709866.35,0,0,264978.36,0,0,0,0,0,0,974844.71,FL,0,,,,,,0,0,07/29/2026,0,0
S6FL00855,"VINDMAN, ALEXANDER",C,1,DEM,"$16,273,862",64400,9020003.41,10000,0,7253859.04,20,0,0,0,0,2516.99,15970988.22,FL,0,,,,,,216050,55,07/29/2026,91787,7000
S0FL00338,"RUBIO, MARCO",I,2,REP,"$1,434,869",1422853.29,202624.59,0,1602547.12,2834791.5,0,0,0,0,0,0,11055.76,FL,0,,,,,,0,0,06/30/2026,0,0
S4FL00553,"GROSS, KEITH",C,2,REP,"$12,325,575",0,11329071.41,0,5776.65,1002279.79,0,12220420.31,0,9000000,0,5646796.24,98154.24,FL,0,,,,,,7000,0,07/29/2026,0,1000
S6FL00236,"MCBRIDE, WILLIAM",C,2,REP,$0,0,0,0,0,0,0,0,0,0,0,250000,0,FL,0,,,,,,0,0,01/24/2025,0,0
S6FL00418,"RIVERA, ERNESTO J",C,2,REP,"$15,973",0,15003.16,0,0,969.55,0,10700,0,0,0,18690.35,5022.71,FL,0,,,,,,0,0,07/29/2026,0,0
S6FL00624,"LAROSE, JOSUE ECONOMIST",C,2,REP,$0,0,0,0,0,0,0,0,0,0,0,0,0,FL,0,,,,,,0,0,06/30/2026,0,0
S6FL00640,"MOODY, ASHLEY",I,2,REP,"$11,270,805",4205779.97,2779629.11,0,0,8491175.43,0,0,0,0,0,0,4953352.8,FL,0,,,,,,2021000,62000,07/29/2026,91002.34,17000
S6FL00657,"LANG, JAKE",C,2,REP,"$32,876",0,31375.01,0,0,1500.82,0,26937.73,0,0,0,26937.73,5938.1,FL,0,,,,,,0,0,06/30/2026,0,0
S6FL00848,"GLEASON, CHRISTOPHER",C,2,REP,"$26,001",0,25212.82,0,0,788.44,3300,200,0,0,0,200,22501.26,FL,0,,,,,,0,0,07/29/2026,0,0
S6FL00897,"RIVERA, ERNEST ERNIE JOHN REV. DR.",C,2,REP,"$15,973",0,15003.16,0,0,969.55,0,10700,0,0,0,18690.35,5022.71,FL,0,,,,,,0,0,07/29/2026,0,0
S8FL00273,"SCOTT, RICK SEN",I,2,REP,"$1,582,501",444296.75,1690416.98,0,798363.57,690447.65,614374.17,0,0,0,0,24138834,402372.23,FL,0,,,,,,80250,0,06/30/2026,11100,2500
S0GA00559,"WARNOCK, RAPHAEL",I,1,DEM,"$2,595,782",103004.12,3232651.94,0,4738574.99,4101705.27,0,0,0,0,0,0,2407264.24,GA,0,,,,,,75500,0,06/30/2026,-213611.53,-1725
S8GA00180,"OSSOFF, T. JONATHAN",I,1,DEM,"$77,279,766",7876619.15,39682882.19,1000,4990566.71,42587451,0,0,0,0,0,0,67764725.1,GA,0,,,,,,920315.95,11000,06/30/2026,345948.21,1800
S2GA00282,"MCCOLUMN, JONATHAN MR",C,2,REP,"$36,144",0,23433.03,0,-298.45,12412.31,0,30000,0,0,0,30000,6143.79,GA,0,,,,,,0,0,03/31/2026,0,0
S6GA00267,"BOX, REAGAN",C,2,REP,"$82,286",0,90529.69,0,8043.24,-200.01,0,0,0,0,0,0,82286.44,GA,0,,,,,,0,0,05/04/2026,0,0
S6GA00374,"CARTER, EARL LEROY",C,2,REP,"$7,300,243",635277.18,10259563.33,2500,3018930.34,59609.84,0,3500000,0,0,0,3500000,1937290.48,GA,0,,,,,,1098775,0,06/30/2026,338621.34,196700
S6GA00382,"KING, JOHN",C,2,REP,"$563,078",0,563078.46,0,0,0,0,0,0,0,0,0,551345.42,GA,0,,,,,,11500,0,01/31/2026,234692.19,1500
S6GA00390,"COLLINS, MICHAEL A JR",C,2,REP,"$7,409,350",2437476.23,5932538.69,730000,604135.54,2079981.42,65000,0,0,0,0,461915.72,4394251.8,GA,0,,,,,,495631.55,0,06/30/2026,26105.15,3500
S2HI00106,"HIRONO, MAZIE K.",I,1,DEM,"$562,723",684.23,548381.03,0,1405874.85,1420216.75,0,0,0,0,0,0,512565.89,HI,0,,,,,,37500,0,06/30/2026,6597,3300
S4HI00136,"SCHATZ, BRIAN",I,1,DEM,"$1,484,359",0,613423.62,0,1656624.42,2527559.84,0,0,0,0,0,0,1048306.16,HI,0,,,,,,346047.21,0,06/30/2026,12518.5,0
S2HI00155,"MCDERMOTT, ROBERT",C,2,REP,$185,0,111.31,0,124.34,197.53,58.72,0,0,0,0,4500,125.1,HI,0,,,,,,0,0,06/30/2026,0,0
S4HI00177,"LAM, ADRIEL",C,2,REP,$0,0,741.75,0,741.75,0,0,0,0,741.75,0,0,0,HI,0,,,,,,0,0,06/30/2025,0,0
S0IA00176,"GREENFIELD, THERESA",C,1,DEM,$0,0,41411.9,0,164708.58,123296.68,0,0,0,0,0,0,0,IA,0,,,,,,0,0,06/30/2026,0,0
S2IA00164,"FINKENAUER, ABBY",C,1,DEM,"$19,573",0,26553.4,0,9473.17,2492.98,0,0,0,0,0,316125.32,45,IA,0,,,,,,0,0,06/30/2026,0,0
S6IA00256,"SAGE, NATHAN",O,1,DEM,"$1,433,544",0,1433487.97,0,0,55.68,500,0,0,0,0,6821.92,1397235.36,IA,0,,,,,,7800,0,06/30/2026,46786.25,0
S6IA00264,"SCHOLTEN, JAMES",O,1,DEM,"$213,415",0,205271.15,0,0,8144.3,0,0,0,0,0,10100,199410.45,IA,0,,,,,,11005,0,12/31/2025,250,0
S6IA00280,"NORRIS, JACKIE",O,1,DEM,"$363,563",0,363563.01,0,0,0,7000,0,0,0,0,0,351417.86,IA,0,,,,,,4000,0,03/20/2026,8415,0
S6IA00298,"TUREK, JOSHUA",O,1,DEM,"$6,276,527",0,3914213.12,0,0,2362313.78,0,0,0,0,0,0,5835816.67,IA,0,,,,,,378126.83,62000,06/30/2026,40162.18,5000
S0IA00028,"GRASSLEY, CHARLES E",I,2,REP,"$328,050",45263.02,300738.25,0,332900.94,360213.14,0,0,0,0,0,0,224442.09,IA,0,,,,,,52500,0,06/30/2026,10323.59,5000
S2IA00131,"CARLIN, JAMES M.",C,2,REP,$0,0,0,0,0,0,0,0,0,0,0,0,0,IA,0,,,,,,0,0,02/16/2025,0,0
S4IA00095,"WHITAKER, MATTHEW GEORGE MATT",O,2,REP,$0,0,0,0,7987.56,7987.56,0,0,0,0,0,49187.37,0,IA,0,,,,,,0,0,06/30/2026,0,0
S4IA00129,"ERNST, JONI K",I,2,REP,"$2,002,592",362932.04,2307957.08,0,2239842.74,1934477.68,0,0,0,0,0,0,997371.94,IA,0,,,,,,637250,0,06/30/2026,572056.24,407000
S6IA00249,"CARLIN, JAMES",O,2,REP,"$494,420",0,489153.91,0,0,5266.22,0,352006.46,0,0,0,355506.46,137058.57,IA,0,,,,,,0,0,06/30/2026,401,0
S6IA00314,"ARENHOLZ, ASHLEY HINSON",O,2,REP,"$10,217,845",2714376.17,5396429.3,24438,1928075.4,6749491.49,0,0,0,0,0,0,5267628.55,IA,0,,,,,,2170366.77,62000,06/30/2026,19505.37,3000
S6ID00138,"ROTH, DAVID JORDAN",C,1,DEM,"$14,627",0,14802.92,0,665.77,278.5,3156.03,0,0,0,0,10160.77,9070.71,ID,0,,,,,,400,2000,06/30/2026,32,0
S2ID00129,"TROTTER, JAMES SCOTT",C,2,REP,$0,0,0,0,0,0,0,0,0,0,0,0,0,ID,0,,,,,,0,0,03/31/2025,0,0
S6ID00120,"EVANS, JOE",C,2,REP,"$7,741",0,7650.17,0,0,90.83,0,6891,0,73.14,0,6791,850,ID,0,,,,,,0,0,03/30/2026,0,0
S6ID00153,"ROY, JOSHUA S",C,2,REP,"$57,170",0,53001.35,0,0,4168.55,8523.01,30452.09,100,0,0,30552.09,17319.92,ID,0,,,,,,0,0,06/30/2026,1,0
S6ID00161,"LAVE, DENNY",C,2,REP,"$170,735",0,170735,0,0,0,0,148000,0,1064.3,0,0,12120,ID,0,,,,,,10000,0,06/30/2026,0,0
S8ID00027,"CRAPO, MICHAEL D",I,2,REP,"$1,090,242",346111.51,671871.64,0,2571593.81,2989963.86,0,0,0,0,0,0,267671.21,ID,0,,,,,,396500,0,06/30/2026,3400,0
S6IL00151,"DURBIN, RICHARD J.",I,1,DEM,"$80,463",35242.92,753717.63,0,1674787.22,1001532.73,0,0,0,0,0,0,32050.68,IL,0,,,,,,7000,0,06/30/2026,220910.07,49800
S6IL00292,"DUCKWORTH, L. TAMMY",I,1,DEM,"$5,148,750",414960.18,3760886.79,0,2743952.96,4131816.17,0,0,0,0,0,0,4461800.46,IL,0,,,,,,131800,0,06/30/2026,20807.4,2000
S6IL00409,"SWANN, CHRISTOPHER ALEXANDER",O,1,DEM,"$17,643",0,17458.64,0,0,-408.8,9600,0,0,0,0,0,7732.57,IL,0,,,,,,310,0,03/31/2026,0,0
S6IL00458,"STRATTON, JULIANA",O,1,DEM,"$5,906,599",541000,4798640.54,0,0,1107958.01,0,0,0,0,0,0,4860705.55,IL,0,,,,,,426633.99,0,06/30/2026,35959.5,10500
S6IL00565,"BUSTOS, AWISI",O,1,DEM,"$42,029",0,46453.58,0,0,0,0,42000,0,0,0,0,28.81,IL,0,,,,,,0,0,06/30/2026,0,0
S6IL00599,"SHEPHERD, JUMP WESLEY",O,1,DEM,"$4,167",0,11760.93,0,0,-7594.07,0,0,0,0,0,0,4166.86,IL,0,,,,,,0,0,02/01/2026,0,0
S6IL00607,"DELGADO, ADAM",O,1,DEM,"$59,061",0,55778.58,0,0,3282.3,46092.7,0,0,0,0,0,12360.8,IL,0,,,,,,0,0,04/14/2026,0,0
S6IL00631,"RODRIQUEZ, ADAIR",O,1,DEM,$236,0,148.48,0,0,0,130,0,0,0,0,0,106,IL,0,,,,,,0,0,12/31/2025,0,0
S0IL00501,"HUBBARD, PEGGY",C,2,REP,$0,0,0,0,6535.87,6535.87,0,0,0,0,0,0,0,IL,0,,,,,,0,0,06/30/2026,0,0
S0IL00550,"CHLEBEK, CASEY",C,2,REP,"$202,000",0,201972.54,0,0,27.46,85000,37000,0,0,0,37000,80000,IL,0,,,,,,0,0,07/27/2026,0,0
S2IL00200,"CHLEBEK, CASEY",C,2,REP,"$202,000",0,201972.54,0,0,27.46,85000,37000,0,0,0,37000,80000,IL,0,,,,,,0,0,07/27/2026,0,0
S4IL00438,"TRUAX, DOUGLAS LEE",C,2,REP,$0,0,0,0,0,0,0,0,0,0,0,0,0,IL,0,,,,,,0,0,06/30/2026,0,0
S6IL00391,"BENNETT, DOUGLAS",O,2,REP,"$1,000",0,906.15,0,1453.77,1547.62,1000,0,0,0,0,115600,0,IL,0,,,,,,0,0,06/30/2026,0,0
S6IL00425,"GOODMAN, JOHN",O,2,REP,"$28,555",0,22855.91,0,0,5699.51,0,8362,0,0,0,8362,20193.42,IL,0,,,,,,0,0,09/30/2025,0,0
S6IL00466,"CHLEBEK, CASIMER MR.",O,2,REP,"$202,000",0,201972.54,0,0,27.46,85000,37000,0,0,0,37000,80000,IL,0,,,,,,0,0,07/27/2026,0,0
S6IL00615,"TRACY, DON",O,2,REP,"$2,459,890",4205,947465.99,1000,0,1512423.84,0,2000000,0,0,0,2000000,401920.12,IL,0,,,,,,11075,1250,06/30/2026,2157.04,0
S6IL00672,"EVANS, JEANNIE",O,2,REP,"$1,308,510",0,1305141.26,0,0,3368.91,121706.39,928000,0,0,0,928000,224439,IL,0,,,,,,0,0,06/30/2026,55501,0
S8IL00223,"MCCLANAHAN, ZACHARY",,2,REP,"$2,559",0,1456.41,0,0,1102.09,0,0,0,0,0,0,2542.7,IL,0,,,,,,0,0,06/30/2026,0,0
S6IL00474,"KELLY, ROBIN",O,1,DEM,"$3,507,919",2158560.13,3477782.49,0,0,30136.51,0,0,0,0,0,0,1075148.98,IL,,,,,,,229001.96,0,06/30/2026,119592,43001.96
S6IL00482,"KRISHNAMOORTHI, S",O,1,DEM,"$31,558,603",19380171.21,31484014.95,82603.27,0,74587.81,0,0,0,0,0,7820.99,11005837.05,IL,,,,,,,495361.2,500,06/30/2026,3304526.23,130650
S6IL00581,"RYAN, KEVIN",O,1,DEM,"$139,011",0,149062.03,6225,0,-10051.4,5165.69,0,0,0,0,0,127676.84,IL,,,,,,,388,350,06/30/2026,0,0
S6IL00623,"DEAN, JONATHAN",O,1,DEM,"$124,404",0,111839.88,0,0,12564.19,11407.09,61000,0,10900,0,50177,50993.35,IL,,,,,,,0,0,06/30/2026,0,0
S6IL00649,"MAXWELL, BRYAN",O,1,DEM,"$21,976",0,20613.84,0,0,1362.16,0,0,0,0,0,0,21976,IL,,,,,,,0,0,06/30/2026,0,0
S6IL00656,"BOTSFORD, STEVE",O,1,DEM,"$372,718",0,372618.2,0,0,100.17,362994.57,0,0,0,0,0,9717,IL,,,,,,,0,0,06/30/2026,0,0
S6IL00490,"CAPPARELLI, R CARY",O,2,REP,"$13,472",0,12643.39,0,0,828.5,250,4748.41,0,0,0,4748.41,8473.48,IL,,,,,,,0,0,04/14/2026,0,0
S6IL00540,"LONG, PAMELA",O,2,REP,"$24,715",0,22829.78,0,0,1885.28,0,2637.99,0,0,0,2637.99,22077.07,IL,,,,,,,0,0,04/09/2026,0,0
S0IN00061,"HILL, BARON P",O,1,DEM,"$1,195",0,14396.77,0,54471.73,41269.92,0,0,0,0,0,0,0,IN,0,,,,,,0,0,06/30/2026,0,0
S2IN00091,"DONNELLY, JOSEPH S",I,1,DEM,"$4,323",0,11148.71,0,100718.56,93892.97,0,0,0,0,0,0,0,IN,0,,,,,,0,0,06/30/2026,0,0
S2IN00166,"MCCRAY, VALERIE L DR",O,1,DEM,"$5,203",0,6189.82,0,990.75,4979.56,0,4500.07,0,0,0,671.07,703,IN,0,,,,,,0,0,12/31/2025,0,0
S4IN00261,"POTTS, KEITH",O,1,DEM,"$6,400",0,5853.68,0,163.59,709.91,6400,0,0,0,0,10800,0,IN,0,,,,,,0,0,06/30/2026,0,0
S4IN00279,"CARMICHAEL, ROBERT MARC",O,1,DEM,$0,0,11487.88,0,13200.15,1712.27,0,0,0,0,0,0,0,IN,0,,,,,,0,0,06/30/2026,0,0
S8IN00049,"BAYH, EVAN",O,1,DEM,"$331,957",0,37579.01,0,1948892.43,2243270.51,0,0,0,0,0,0,0,IN,0,,,,,,0,0,06/30/2026,0,0
S4IN00196,"BANKS, JAMES E. HON.",I,2,REP,"$2,291,159",655465.74,1784260.88,0,2613356.72,3120254.43,0,0,0,0,0,14150.92,997039.69,IN,0,,,,,,491269,0,06/30/2026,33449.38,0
S6IN00191,"YOUNG, TODD CHRISTOPHER",I,2,REP,"$4,401,018",2300223.48,1621395.17,0,4425942.64,7205565.85,0,0,0,0,0,0,1197281.97,IN,0,,,,,,677510,1000,06/30/2026,48329.2,0
S8IN00189,"ROKITA, THEODORE EDWARD",C,2,REP,$0,0,5135.54,0,5135.54,5135.54,0,0,0,0,0,0,0,IN,0,,,,,,0,0,09/30/2026,0,0
S0KS00166,"WIESNER, PATRICK",C,1,DEM,$0,0,210.89,0,11805.03,11594.14,0,0,0,0,0,50500,0,KS,0,,,,,,0,0,06/30/2026,0,0
S0KS00307,"REDDI, USHA",O,1,DEM,"$1,539",0,4000,0,10980.99,8520.23,0,0,0,0,0,0,0,KS,0,,,,,,0,0,06/30/2026,0,0
S6KS00239,"PARELKAR, LOIS ANNE ELIZABETH LEA",C,1,DEM,"$32,725",0,30076.33,0,0,2648.72,4603.62,5500,0,0,0,5500,22621.43,KS,0,,,,,,0,0,07/15/2026,0,0
S6KS00247,"DAVIS, CHRISTY",C,1,DEM,"$194,388",0,108478.19,0,0,85910.07,0,0,0,0,0,0,194388.26,KS,0,,,,,,0,0,06/30/2026,0,0
S6KS00262,"SPIDEL NEUMANN, SANDY",C,1,DEM,"$410,527",0,249918.14,0,0,160608.56,3500,300000,0,0,0,395743.5,106933.43,KS,0,,,,,,0,0,07/15/2026,25,0
S6KS00270,"MURRAY, ERIK",C,1,DEM,"$212,503",0,200007.9,0,0,12495.21,0,0,0,0,0,0,212503.11,KS,0,,,,,,0,0,07/15/2026,0,0
S6KS00288,"SCHMIDT, PATRICK",C,1,DEM,"$256,046",0,251019.06,0,0,5027.12,0,0,0,0,0,0,238796.18,KS,0,,,,,,17250,0,07/15/2026,0,0
S6KS00296,"TAYLOR, NOAH",C,1,DEM,"$161,738",0,148395.32,0,0,13342.33,3500,0,0,0,0,0,142440.73,KS,0,,,,,,15000,0,07/15/2026,35,0
S6KS00304,"HART, JASON",C,1,DEM,"$51,403",0,50856.06,0,0,547.01,31671.23,2279.39,0,0,0,-1832.14,17377.45,KS,0,,,,,,0,0,07/19/2026,100,0
S6KS00312,"HAMILTON, ADAM",C,1,DEM,"$4,169,078",0,2438456.9,0,0,1730620.91,50,50000,0,0,0,50000,4097828.55,KS,0,,,,,,17500,0,07/15/2026,14145.97,0
S6KS00320,"LATZ, KEVIN",C,1,DEM,"$39,880",0,13623.48,0,25322.38,75210.08,30000,0,0,0,0,0,9879.92,KS,0,,,,,,0,0,07/15/2026,0,0
H6KS01179,"MARSHALL, ROGER W",I,2,REP,"$4,009,075",638753.4,326015.09,0,1705018.64,5388078.28,0,0,0,0,0,0,1719571.25,KS,0,,,,,,1493250,62000,07/15/2026,52646.35,61500
S0KS00091,"MORAN, JERRY",I,2,REP,"$1,301,304",582177.11,312788.77,0,4769384.3,5757899.7,0,0,0,0,0,44832.45,191059.56,KS,0,,,,,,325950,0,06/30/2026,10751.22,2500
S0KS00315,"MARSHALL, ROGER W",I,2,REP,"$4,009,075",638753.4,326015.09,0,1705018.64,5388078.28,0,0,0,0,0,0,1719571.25,KS,0,,,,,,1493250,62000,07/15/2026,52646.35,61500
S0KS00349,"HAMILTON, BOB",O,2,REP,$0,0,0,0,0,0,0,0,0,0,0,1150,0,KS,0,,,,,,0,0,06/30/2026,0,0
S0KY00339,"MCGRATH, AMY",O,1,DEM,"$2,373,625",0,2370499.93,0,0,3124.91,6000,0,0,0,0,11710.88,2324666.08,KY,0,,,,,,25000,0,06/30/2026,90820.12,0
S0KY00420,"BOOKER, CHARLES",C,1,DEM,"$7,863",0,8057.2,0,5732.69,5538.56,0,0,0,0,0,89544,2863.07,KY,0,,,,,,5000,0,06/30/2026,-1850,0
S6KY00211,"STEVENSON, PAMELA",O,1,DEM,"$311,392",0,286744.63,0,0,-13505.15,0,0,0,0,0,99956.69,303714.57,KY,0,,,,,,2500,0,03/31/2026,366,0
S6KY00328,"FORSYTHE, LOGAN",O,1,DEM,"$46,938",0,43805.16,0,0,3132.87,0,0,0,0,0,0,46271.77,KY,0,,,,,,0,0,12/31/2025,0,0
S6KY00336,"WILLETT, JOEL",O,1,DEM,"$350,036",0,321249.37,0,0,28786.64,0,200000,0,104000,0,96000,145036.01,KY,0,,,,,,5000,0,12/31/2025,25,0
S6KY00369,"ROMANS, DALE",O,1,DEM,"$838,360",0,671448.94,0,0,166911.05,0,0,230000,0,0,230000,604859.99,KY,0,,,,,,3500,0,06/30/2026,0,0
S6KY00385,"BOOKER, CHARLES",O,1,DEM,"$1,099,509",0,789886.51,0,0,309622.58,0,0,0,0,0,89868.33,1074758.8,KY,0,,,,,,24750,0,06/30/2026,4137,0
S0KY00156,"PAUL, RAND",I,2,REP,"$3,928,654",225665.89,3877540.03,0,6693597.37,6744711.14,0,0,0,0,0,0,3215414.29,KY,0,,,,,,97046.15,0,06/30/2026,43062.85,0
S0KY00198,"THONEY, ROGER",C,2,REP,$0,0,130,0,1571.53,1441.53,0,0,0,0,0,27900,0,KY,0,,,,,,0,0,06/30/2026,0,0
S2KY00012,"MCCONNELL, MITCH",I,2,REP,"$217,447",11008.48,969119.37,0,8093464.4,7341791.94,0,0,0,0,0,0,18653.82,KY,0,,,,,,15000,0,06/30/2026,581890.02,204912.37
S6KY00237,"CAMERON, DANIEL",O,2,REP,"$2,254,283",0,2245826.07,0,0,8456.7,0,0,0,0,0,0,2248776.88,KY,0,,,,,,4700,0,06/30/2026,207519.41,0
S6KY00260,"FARIS, MICHAEL",O,2,REP,"$61,530",0,78371.26,0,0,-16841.31,10219.02,0,0,0,0,0,50310.93,KY,0,,,,,,1000,0,03/31/2026,0,0
S6KY00278,"FARIS, MICHAEL JAMES",O,2,REP,"$61,530",0,78371.26,0,0,-16841.31,10219.02,0,0,0,0,0,50310.93,KY,0,,,,,,1000,0,03/31/2026,0,0
S6KY00286,"BARR, GARLAND ANDY",O,2,REP,"$9,981,055",2155733.92,11368587.12,3361.42,3693077.64,2305546,0,0,0,0,0,0,5609782.56,KY,0,,,,,,1933311.42,62000,06/30/2026,39500,19000
S6KY00302,"MORRIS, NATE",O,2,REP,"$8,631,719",309690.86,8249173.47,26100,0,382545.22,0,6301500,0,0,0,6991783.94,1960970.71,KY,0,,,,,,43500,0,06/30/2026,300468.34,11500
S6KY00393,"WENZEL, DONALD RAY",,2,REP,"$2,531",0,2531.4,0,0,0,2431.4,0,0,0,0,0,0,KY,,,,,,,100,0,05/19/2026,0,0
S2LA00168,"STEIB, SYRITA",C,1,DEM,$0,0,0,0,13076.63,13076.63,0,0,0,0,0,33614.25,0,LA,0,,,,,,0,0,04/16/2025,0,0
S4LA00040,"JOHN, CHRIS",C,1,DEM,$130,0,108.18,0,2.79,24.61,100,30,0,0,0,246510.15,0,LA,0,,,,,,0,0,06/30/2026,0,0
S6LA00615,"DAVIS, JAMIE",C,1,DEM,"$1,983,548",0,1504444.32,0,0,479104.06,0,10000,0,0,0,10000,1969137.21,LA,0,,,,,,0,0,06/30/2026,11879,0
S6LA00680,"CROCKETT, GARY",C,1,DEM,"$350,000",0,49541.39,0,337861.06,270987.45,0,350000,0,0,0,0,0,LA,0,,,,,,0,0,06/07/2026,0,0
S6LA00706,"ALBARES, NICHOLAS S.",C,1,DEM,"$143,284",0,143283.64,0,0,0,0,0,5275,0,19.26,5255.74,134508.64,LA,0,,,,,,3500,0,06/30/2026,0,0
S4LA00057,"VITTER, DAVID B",I,2,REP,$0,0,3800,1000,5261.28,1461.28,0,0,0,0,0,0,0,LA,0,,,,,,0,0,06/30/2026,0,0
S4LA00065,"KENNEDY, JOHN NEELY",I,2,REP,"$9,951,156",309906.44,7291841.09,0,15930181.7,18589497.03,0,0,0,0,0,0,8794223.77,LA,0,,,,,,106600,0,06/30/2026,214361.21,0
S4LA00107,"CASSIDY, WILLIAM M.",I,2,REP,"$7,000,079",2331093.84,8753163.58,0,6580418.28,4827334,0,0,0,0,0,0,2552002.08,LA,0,,,,,,1739509.52,62000,06/30/2026,65087.31,4500
S6LA00318,"FLEMING, JOHN C. JR.",C,2,REP,"$12,266,221",0,12244778.86,0,18896.38,40338.79,0,11515000,0,7499275,0,4544723,741721.27,LA,0,,,,,,8000,0,06/30/2026,-16700,0
S6LA00532,"WYATT, SAMUEL LEE MR.",C,2,REP,"$299,400",0,296452.77,0,0,2947.61,0,191056.58,0,0,0,191056.58,106914.96,LA,0,,,,,,0,0,06/30/2026,9401.68,0
S6LA00540,"MIGUEZ, BLAKE",C,2,REP,"$6,612,410",16557.7,4579818.24,0,0,2032592.21,0,3013458.06,0,1001102.53,0,2012355.53,3481120.84,LA,0,,,,,,68410.38,0,07/18/2026,52545.28,0
S6LA00573,"SEIDEN, KATHY W",C,2,REP,"$1,202,191",0,1202191,0,0,0,0,1075000,0,995000,0,0,127191,LA,0,,,,,,0,0,05/12/2026,0,0
S6LA00581,"EMERSON, JULIE CATHRYN",C,2,REP,"$688,875",0,661354.64,0,0,27520.38,0,300000,0,300000,0,0,362375.02,LA,0,,,,,,18000,0,06/30/2026,101500,0
S6LA00664,"LETLOW, JULIA",C,2,REP,"$6,210,122",4007113.59,4783049.37,0,0,1427072.13,0,0,0,0,0,0,1378950.91,LA,0,,,,,,762000,62000,06/30/2026,31256.21,3500
S6LA00672,"SKRMETTA, ERIC",C,2,REP,"$67,750",0,63105.35,0,0,4644.65,0,0,0,0,0,0,64250,LA,0,,,,,,3500,0,06/30/2026,0,0
S6LA00698,"SPENCER, MARK",C,2,REP,"$5,421",0,5366.02,0,0,54.98,120,5275,0,0,0,5275,26,LA,0,,,,,,0,0,06/30/2026,1,0
S2MA00170,"WARREN, ELIZABETH",I,1,DEM,"$4,413,931",107000,4109645.05,0,3450046.67,3754333.02,0,0,0,0,0,0,4234605.7,MA,0,,,,,,20000,0,06/30/2026,30368.08,0
S4MA00028,"MARKEY, EDWARD SEN.",I,1,DEM,"$5,352,148",2284238.31,5814159.22,0,1810686.97,1348676.08,0,0,0,0,0,0,2362475.2,MA,0,,,,,,589250,0,08/12/2026,87148.23,12000
S6MA00254,"RIKLEEN, ALEXANDER",C,1,DEM,"$79,333",0,77343.76,0,0,1989.22,154.09,23887.24,0,0,0,59389.41,55291.65,MA,0,,,,,,0,0,06/30/2026,20,0
S6MA00296,"MOULTON, SETH",C,1,DEM,"$6,213,103",1469.16,6228105.21,0,1850338.06,1835335.73,0,0,0,0,0,0,5853522.29,MA,0,,,,,,241200,0,08/12/2026,128575.78,16000
S4MA00291,"ANTONELLIS, ROBERT JOSEPH",C,2,REP,"$2,600",0,0,0,-630.63,1969.37,0,2600,0,0,0,60457.76,0,MA,0,,,,,,0,0,06/30/2026,0,0
S4MA00358,"DEATON, JOHN",C,2,REP,$38,0,48374.32,0,48336.1,0,0,0,0,41478.25,0,0,-5,MA,0,,,,,,0,0,04/03/2025,0,0
S6MA00270,"BECH, NATHAN ALEXANDER",C,2,REP,"$80,010",0,56107.16,0,4773.74,28676.58,10,80000,0,4773.74,0,132087.21,0,MA,0,,,,,,0,0,06/30/2026,0,0
S6MA00304,"DEATON, JOHN",C,2,REP,"$1,561,360",0,848942.9,0,0,712417.4,53414,1000000,0,0,0,1005000,472175.11,MA,0,,,,,,5775,0,08/12/2026,0,0
S2MD00529,"SMITH, MICHELLE LAURENCE MS",C,1,DEM,$0,0,0,0,0,0,0,0,0,0,0,0,0,MD,0,,,,,,0,0,06/30/2026,0,0
S4MD00301,"JAWANDO, WILL",O,1,DEM,$0,0,138465.86,0,138465.86,0,0,0,0,0,0,0,0,MD,0,,,,,,0,0,07/15/2025,0,0
S4MD00319,"TRONE, DAVID",O,1,DEM,"$26,207,404",0,24745121.25,0,3841.43,1466123.74,406107.21,25000000,0,580000,0,25000000,197365,MD,0,,,,,,0,0,06/30/2026,0,0
S4MD00327,"ALSOBROOKS, ANGELA",I,1,DEM,"$1,768,461",390570.31,1131757.7,6414.25,49845.38,686548.88,0,0,0,0,0,29625.33,848882.39,MD,0,,,,,,433250,0,06/30/2026,20921.55,2000
S6MD03177,"CARDIN, BENJAMIN L",I,1,DEM,"$7,214",0,439029.86,0,463441.73,31625.78,0,0,0,0,0,0,0,MD,0,,,,,,0,0,06/30/2026,-34850,-7000
S2MD00602,"FRIEND, LORIE R",O,2,REP,$0,0,0,0,-2161.94,-2161.94,0,0,0,0,0,8692.25,0,MD,0,,,,,,0,0,06/30/2026,0,0
S4MD00293,"FICKER, ROBIN",O,2,REP,$27,0,225,0,198.4,0,0,0,0,0,0,0,0,MD,0,,,,,,0,0,01/16/2026,0,0
S4MD00483,"HOGAN, LARRY",O,2,REP,"$142,948",2292,296257.42,0,153309.81,0,0,0,0,0,0,9357.08,19160.13,MD,0,,,,,,0,0,06/30/2026,5800,0
S0ME00111,"GIDEON, SARA",C,1,DEM,"$49,048",0,1383100.88,0,3761420.02,2427367.18,0,0,0,0,0,0,0,ME,0,,,,,,0,0,06/30/2026,29976.75,0
S4ME00113,"COSTELLO, DAVID",C,1,DEM,"$154,377",0,154377.1,5000,0,0,5270.98,110000,0,110000,0,0,39095.46,ME,0,,,,,,0,0,08/26/2026,4250,0
S6ME00332,"WOOD, JORDAN",C,1,DEM,"$6,044,820",0,5847145.75,0,0,197674.7,17021.92,400000,0,0,0,611176.12,5524532.14,ME,0,,,,,,37600,0,06/30/2026,66068.09,5000
S6ME00340,"LAFLAMME, ANDREA",C,1,DEM,"$16,254",0,6211.33,0,0,10043.16,0,1750,0,0,0,1750,14136.5,ME,0,,,,,,0,0,06/30/2026,0,0
S6ME00357,"FAVREAU, TUCKER",C,1,DEM,"$13,599",0,13591.97,0,0,7.13,8670.25,0,0,0,0,0,4928.77,ME,0,,,,,,0,0,07/12/2026,0,0
S6ME00365,"RODRIGUEZ, DAIRA",C,1,DEM,"$242,582",0,242582.34,0,0,0,53000,160000,0,160000,0,0,29582.33,ME,0,,,,,,0,0,12/31/2025,0,0
S6ME00373,"PLATNER, GRAHAM",C,1,DEM,"$21,050,419",0,19287361.26,0,0,1763058.12,0,0,0,0,0,0,20666360.16,ME,0,,,,,,271559.4,63000,06/30/2026,124391.38,0
S6ME00381,"KLEBAN, DAN",C,1,DEM,"$458,786",0,458699.92,0,0,86.5,214666.84,0,0,0,0,1687.5,244074.58,ME,0,,,,,,0,0,06/30/2026,33107.5,0
S6ME00407,"MILLS, JANET TRAFTON",C,1,DEM,"$6,063,106",115851.94,5960322.98,0,0,102783.47,0,0,0,0,0,149437.6,5494557.38,ME,0,,,,,,140912.38,0,06/30/2026,545498.77,39228.38
S6ME00431,"LOUD, PAIGE",C,1,DEM,"$60,562",0,55806.47,0,0,4755.74,0,31662.77,0,0,0,31662.77,24439.44,ME,0,,,,,,3500,0,06/30/2026,10,0
S6ME00456,"BELLOWS, SHENNA",C,1,DEM,"$381,371",0,381235.14,0,0,135.5,0,0,0,0,0,0,381358.95,ME,0,,,,,,0,0,08/31/2026,44450,0
S6ME00159,"COLLINS, SUSAN M.",I,2,REP,"$16,169,827",4281989.2,7708020.91,0,2576308.9,11038115.42,0,0,0,0,0,0,10501136.6,ME,0,,,,,,1201550,62000,06/30/2026,352014.91,12200
S6ME00316,"CALABRESE, CARMEM VINCENT MR.",C,2,REP,"$17,760",0,21259.71,0,0,-3500,0,0,0,0,0,0,17759.71,ME,0,,,,,,0,0,09/30/2025,0,0
S6ME00324,"CALABRESE, CARMEN VINCENT MR.",C,2,REP,"$17,760",0,21259.71,0,0,-3500,0,0,0,0,0,0,17759.71,ME,0,,,,,,0,0,09/30/2025,0,0
S4MI00355,"PETERS, GARY",I,1,DEM,"$248,405",6170.41,830402.11,0,7128329.47,6546332.44,0,0,0,0,0,0,18622.32,MI,0,,,,,,9500,0,06/30/2026,368518.94,234600
S4MI00470,"SLOTKIN, ELISSA",I,1,DEM,"$5,242,247",2847.24,2862382.55,40000,282715.38,2662579.65,0,0,0,0,0,0,4939281.13,MI,0,,,,,,29000,0,06/30/2026,58580.42,1700
S4MI00496,"BEYDOUN, NASSER",O,1,DEM,$0,0,0,0,16246.13,439.64,0,0,0,0,0,0,0,MI,0,,,,,,0,0,06/30/2026,0,0
S6MI00392,"MCMORROW, MALLORY",O,1,DEM,"$11,386,720",16793.93,9519089.08,0,0,1867631.28,83.66,0,0,0,0,0,11146705.25,MI,0,,,,,,64484.41,0,07/15/2026,86019.18,0
S6MI00418,"EL-SAYED, ABDUL",O,1,DEM,"$14,514,336",0,11961573.38,0,0,2552762.55,0,0,0,0,0,0,14408058.06,MI,0,,,,,,71845.23,0,07/15/2026,68392.39,0
S6MI00426,"STEVENS, HALEY",O,1,DEM,"$11,884,632",1681792.89,9091338.23,260750,0,2793294.2,0,0,0,0,0,168410.81,9216539.84,MI,0,,,,,,708306,0,07/15/2026,66724.36,0
S6MI00459,"TATE, JOSEPH ALLEN",O,1,DEM,"$243,636",0,243635.76,0,0,0,0,0,0,0,0,0,222028.21,MI,0,,,,,,6250,0,09/30/2025,5092,0
S6MI00467,"HOWARD, RACHEL ELIZABETH",O,1,DEM,"$10,937",0,6170.77,0,0,4766.23,0,3287,0,0,0,3287,7650,MI,0,,,,,,0,0,09/30/2025,0,0
S8MI00281,"STABENOW, DEBBIE",I,1,DEM,"$8,350",0,622820.6,0,614470.24,0,0,0,0,0,0,0,0,MI,0,,,,,,7344.19,0,06/30/2025,-152286.59,-36030
S4MI00454,"HOOVER, MICHAEL",O,2,REP,$0,0,0,0,1660.59,1660.59,0,0,0,0,0,72992.99,0,MI,0,,,,,,0,0,06/30/2026,0,0
S4MI00561,"O'DONNELL, SHERRELL ANNE",O,2,REP,"$5,790",0,13084.37,0,7294.22,0,2717.55,0,0,7500,0,0,72.6,MI,0,,,,,,0,0,04/14/2025,0,0
S4MI00579,"SAVAGE, SHARON MAUREEN",O,2,REP,$0,0,0,0,49174.49,49174.49,0,0,0,0,0,0,0,MI,0,,,,,,0,0,03/31/2025,0,0
S4MI00595,"ROGERS, MICHAEL J",O,2,REP,"$10,898,177",3166695.03,6680643.32,6048.21,255703.72,4473237.49,0,0,0,0,0,0,6831818.66,MI,0,,,,,,787227.09,62000,07/15/2026,26800.12,7500
S4MI00637,"MEIJER, PETER MR.",O,2,REP,$0,0,719.39,0,15867.86,15148.47,0,0,0,0,0,514533.5,0,MI,0,,,,,,0,0,06/30/2026,0,0
S4MI00694,"AMASH, JUSTIN",O,2,REP,$552,0,3500,0,3200.34,252.52,549.66,0,0,0,0,0,0,MI,0,,,,,,0,0,06/30/2026,0,0
S6MI00384,"HEURTEBISE, FREDERICK",O,2,REP,"$10,059",0,10058.6,0,0,0,0,0,0,0,0,0,10058.6,MI,0,,,,,,0,0,05/03/2025,0,0
S6MI00434,"SCOTT, GENEVIEVE",O,2,REP,"$83,079",0,80540.62,0,0,2538.61,0,48669.16,0,0,0,48669.16,34410.07,MI,0,,,,,,0,0,06/30/2026,208.2,0
S6MI00517,"SMITH, BERNADETTE",O,2,REP,"$77,240",0,73172.67,0,0,4067.23,0,0,0,0,0,0,77083.57,MI,0,,,,,,0,0,06/30/2026,0,0
S8MI00372,"JAMES, JOHN",C,2,REP,$0,0,-9467.32,0,770.28,10237.6,0,0,0,0,0,0,0,MI,0,,,,,,0,0,06/30/2026,0,0
S6MN00465,"LOPEZ FRANZEN, MELISA",O,1,DEM,"$299,376",0,299376.29,0,0,0,100000,0,0,0,0,0,191138.59,MN,0,,,,,,5000,0,07/15/2025,9304,0
S6MN00499,"CRAIG, ANGIE",O,1,DEM,"$12,746,618",1053126.18,9179437.38,74499.44,0,3567180.3,0,373000,0,0,0,389289.67,10479555.02,MN,0,,,,,,784834.6,824.83,07/22/2026,107211.17,3500
S8MN00578,"SMITH, TINA",I,1,DEM,"$48,764",0,575582.94,0,727733.84,200915.14,0,0,0,0,0,0,15204.03,MN,0,,,,,,23000,0,06/30/2026,86328,61000
S4MN00361,"ORTMAN, JULIANNE",C,2,REP,$0,0,0,0,4.98,4.98,0,0,0,0,0,49563.29,0,MN,0,,,,,,0,0,06/30/2026,0,0
S4MN00486,"RUOHO, MIKE",O,2,REP,$0,0,550,0,413.65,-136.35,0,0,0,0,0,0,0,MN,0,,,,,,0,0,03/31/2025,0,0
S4MN00502,"WHITE, ROYCE",O,2,REP,"$661,620",0,764958.34,0,139108.68,35770.82,0,0,0,0,0,75,629903.87,MN,0,,,,,,0,0,07/22/2026,64625.05,0
S4MN00510,"FRASER, JOSEPH",C,2,REP,$30,0,9903.6,0,18546.9,8693.3,0,0,0,0,0,198898.57,30,MN,0,,,,,,0,0,06/30/2026,9900,0
S6MN00457,"SCHWARZE, ADAM",O,2,REP,"$1,439,561",72552.52,1255744.21,0,0,183816.32,0,40000,0,0,0,40000,1251293.35,MN,0,,,,,,55293.31,2500,07/22/2026,17915.91,3500
S6MN00515,"WEILER, TOM",O,2,REP,"$220,514",0,100734.81,0,1760.68,121539.5,15619.12,165259,0,23999,0,200760,39635.51,MN,0,,,,,,0,0,07/22/2026,0,0
S6MN00531,"HANN, DAVID W",O,2,REP,"$133,465",0,133465.26,0,0,0,0,0,0,0,0,7315,133285.92,MN,0,,,,,,0,0,06/30/2026,14040.78,0
S6MN00549,"YORK, MARK",O,2,REP,"$74,070",0,69527.69,0,0,4541.98,5000,1000,0,0,0,50322.43,68069.67,MN,0,,,,,,0,0,06/30/2026,0,0
S6MN00556,"TAFOYA, MICHELE",O,2,REP,"$5,337,942",374776.76,3965545.21,0,331.1,1372727.66,7878.48,0,0,0,0,294847.11,4722985.93,MN,0,,,,,,167000,62000,07/22/2026,82915.26,0
S8MN00586,"HOUSLEY, KARIN",C,2,REP,$0,0,1405,0,4892.6,3487.6,0,0,0,0,0,0,0,MN,0,,,,,,0,0,06/30/2025,0,0
S6MN00267,"KLOBUCHAR, AMY",I,3,DEM,"$2,516,029",620194.27,3095885.42,0,1781557.02,1201700.94,0,0,0,0,0,0,1578205.83,MN,0,,,,,,159000,0,06/30/2026,347022.77,26500
S6MN00440,"FLANAGAN, MARGARET",O,3,DEM,"$6,517,348",40493.93,5458744.13,0,0,1058604.04,7000,0,0,0,0,0,6259934.21,MN,0,,,,,,177992.29,0,07/22/2026,54796.2,1000
S4MN00551,"PETERSEN, RAYMOND DAVID",O,2,REP,$973,0,972.93,0,0,0,972.93,0,0,0,0,0,0,MN,,,,,,,0,0,05/10/2026,0,0
S4MO00250,"BELL, WESLEY",C,1,DEM,"$3,561,712",88850,2901538.28,0,433920.89,1094094.47,0,0,0,0,0,0,2875721.28,MO,0,,,,,,590795.68,0,07/15/2026,18147.09,0
H0MO07113,"LONG, BILLY MR.",I,2,REP,"$136,900",0,166732.28,0,29832.28,0,0,0,0,130000,0,0,136900,MO,0,,,,,,0,0,04/15/2025,2940,5000
S2MO00536,"GREITENS, ERIC",O,2,REP,$0,0,0,0,0,0,0,0,0,0,0,76963.5,0,MO,0,,,,,,0,0,06/30/2026,0,0
S2MO00544,"SCHMITT, ERIC",I,2,REP,"$3,340,312",671675.42,2293128.77,0,520563.68,1567747.13,0,0,0,0,0,0,2413136.8,MO,0,,,,,,255500,0,06/30/2026,20410.21,2000
S2MO00726,"LONG, BILLY",O,2,REP,"$136,900",0,166732.28,0,29832.28,0,0,0,0,130000,0,0,136900,MO,0,,,,,,0,0,04/15/2025,2940,5000
S8MO00160,"HAWLEY, JOSHUA DAVID SEN",I,2,REP,"$1,696,758",1349250.77,1139095.78,0,298262.88,855924.75,0,0,0,0,0,0,312809.05,MO,0,,,,,,28000,0,06/30/2026,0,0
S8MO00178,"SYKES, B COURTLAND",C,2,REP,$0,0,0,0,4410.12,4410.12,0,0,0,0,0,0,0,MO,0,,,,,,0,0,06/30/2026,0,0
S2MO00742,"HARRIS, RONALD",O,1,DEM,$100,0,126,0,30.22,4.22,0,100,0,0,0,9520.02,0,MO,,,,,,,0,0,03/06/2026,0,0
S6MS00133,"COLOM, SCOTT",C,1,DEM,"$2,384,921",103000,1537875.34,0,0,847045.8,193.09,25000,0,0,0,61083.11,1943727.26,MS,0,,,,,,312330,0,06/30/2026,22736.47,0
S6MS00141,"TILL, PRISCILLA WILLIAMS",C,1,DEM,"$8,584",0,3029.82,0,0,0,2000,0,0,0,0,0,1501.05,MS,0,,,,,,0,0,04/15/2026,0,0
S6MS00158,"TILL, PRISCILLA WILLIAMS",C,1,DEM,"$8,584",0,3029.82,0,0,0,2000,0,0,0,0,0,1501.05,MS,0,,,,,,0,0,04/15/2026,0,0
S8MS00287,"ESPY, MICHAEL",C,1,DEM,$0,0,3527,0,137244.44,133717.44,0,0,0,0,0,0,0,MS,0,,,,,,0,0,06/30/2026,0,0
S4MS00120,"MCDANIEL, CHRISTOPHER BRIAN",O,2,REP,$25,0,36,0,31.47,20.47,0,0,0,0,0,46700,25,MS,0,,,,,,0,0,06/30/2026,0,0
S4MS00203,"BURTON, TIMOTHY GHANNON COLONEL(R)",C,2,REP,$0,0,1595.63,0,1595.63,0,0,0,0,1481.63,0,0,0,MS,0,,,,,,0,0,04/30/2025,0,0
S6MS00109,"ADLAKHA, SARAH ANNE DR",C,2,REP,"$566,184",0,556454.75,0,0,9729.37,0,496000,0,0,0,547000,70184.12,MS,0,,,,,,0,0,02/18/2026,1750,0
S8MS00196,"WICKER, ROGER SEN.",I,2,REP,"$224,073",10580,479663.03,0,2994748.81,2739159.13,0,0,0,0,0,0,78213.32,MS,0,,,,,,116500,0,06/30/2026,994.4,7500
S8MS00261,"HYDE-SMITH, CINDY",I,2,REP,"$3,825,455",775755.62,1759323.1,0,476763.85,2535895.72,0,0,0,0,0,60000,1867446.55,MS,0,,,,,,1120050,62000,06/30/2026,5100,19400
S0MT00116,"BALLARD, JACK",C,1,DEM,$0,0,9.04,0,9.04,0,0,0,0,0,0,0,0,MT,0,,,,,,0,0,06/30/2026,0,0
S4MT00217,"HUMMERT, MICHAEL",O,1,DEM,"$12,330",0,4447.18,0,744.73,8627.55,700,10000,0,0,0,14850,1630,MT,0,,,,,,0,0,06/30/2026,0,0
S6MT00162,"TESTER, R. JON",I,1,DEM,"$269,777",484.95,333398.07,0,765883.64,702262.95,0,0,0,0,0,0,0,MT,0,,,,,,0,0,06/30/2026,23633.71,2500
S6MT00238,"NEILL, REILLY",O,1,DEM,"$294,625",0,270497.24,0,179.58,24307.72,41113.23,88000,0,0,0,91000,165244.38,MT,0,,,,,,66.52,200,06/30/2026,1738,0
S6MT00246,"BLACKWOLF, MICHAEL JAMES MR.",O,1,DEM,"$26,144",0,25616.21,0,0,527.79,542,0,0,0,0,0,25602,MT,0,,,,,,0,0,03/31/2026,0,0
S6MT00253,"BANKHEAD, ALANI INES",O,1,DEM,"$58,829",0,37011.39,0,1160,21484.67,6522.15,0,0,0,0,0,45679.62,MT,0,,,,,,6627.29,0,06/30/2026,0,0
S6MT00303,"KEHOE, CHRISTOPHER",O,1,DEM,"$1,000",0,80,0,0,920.05,1000,0,0,0,0,0,0,MT,0,,,,,,0,0,06/09/2026,0,0
S2MT00096,"DAINES, STEVE",I,2,REP,"$4,728,811",1753510.23,3872916.55,3356.83,1758242.92,2614137.48,0,0,0,0,0,44813.08,1375089.88,MT,0,,,,,,1352050,62000,06/30/2026,858316.53,625800
S4MT00183,"SHEEHY, TIM",I,2,REP,"$1,524,206",80638.34,2167184.88,0,1389007.94,746029.14,0,0,0,1350000,0,355530.01,1089918.45,MT,0,,,,,,417375,7600,06/30/2026,136117.11,19500
S6MT00097,"REHBERG, DENNIS RAY",C,2,REP,$0,0,0,0,0,0,0,0,0,0,0,0,0,MT,0,,,,,,0,0,06/30/2026,0,0
S6MT00295,"ALME, KURT",O,2,REP,"$1,984,861",324240.63,534142.12,0,0,1450718.79,0,0,0,0,0,0,1021120.28,MT,0,,,,,,577500,62000,06/30/2026,0,0
S8MT00234,"ROSENDALE, MATT MR.",C,2,REP,$920,0,810202.39,0,920092.8,110810.82,0,0,0,750000,0,123500.7,0,MT,0,,,,,,0,0,06/30/2026,0,0
S6MT00329,"CALHOUN, LEE",,2,REP,"$8,325",0,8325.38,0,0,0,8325.38,0,0,0,0,0,0,MT,,,,,,,0,0,06/05/2026,0,0
S0NC00343,"SMITH, ERICA DANETTE",O,1,DEM,$0,0,0,0,4894.23,4894.23,0,0,0,0,0,91969.74,0,NC,0,,,,,,0,0,06/30/2026,0,0
S2NC00471,"NEWTON, EVERETTE (RETT) S.",O,1,DEM,$0,0,0,0,0,0,0,0,0,0,0,0,0,NC,0,,,,,,0,0,06/30/2026,0,0
S2NC00497,"BEASLEY, CHERI",O,1,DEM,$0,0,18125.35,0,18125.35,0,0,0,0,0,0,0,0,NC,0,,,,,,0,0,05/23/2025,0,0
S6NC00340,"NICKEL, WILEY",O,1,DEM,"$588,995",0,1277986.16,0,688991.16,0,559.55,0,0,539000,0,0,534864.47,NC,0,,,,,,41010,0,03/20/2026,98457.1,13500
S6NC00407,"COOPER, ROY",O,1,DEM,"$34,975,789",19824119.1,14258221.92,0,0,20717567.26,0,0,0,0,0,0,13115398.02,NC,0,,,,,,750034.38,70528.23,06/30/2026,144518.74,1250
S8NC00270,"WILLIAMS, MARCUS W.",O,1,DEM,"$5,656",0,5656.28,0,0,0,0,0,0,0,0,0,5656.28,NC,0,,,,,,0,0,03/17/2026,0,0
S0NC00293,"SMITH, SANDY",C,2,REP,$0,0,0,0,144.86,144.86,0,0,0,0,0,180983.66,0,NC,0,,,,,,0,0,06/30/2026,0,0
S2NC00307,"WALKER, BRADLEY MARK MR.",C,2,REP,$0,0,0,0,0,0,0,0,0,0,0,0,0,NC,0,,,,,,0,0,06/30/2026,0,0
S2NC00505,"BUDD, THEODORE P",I,2,REP,"$1,307,989",170129.63,1118974.6,0,282358.27,471372.93,0,0,0,0,0,0,878242.63,NC,0,,,,,,253250,0,06/30/2026,16176.67,0
S4NC00162,"TILLIS, THOM R SEN",I,2,REP,"$4,707,960",535740.69,3299846.71,2869.61,2238086.49,3646199.6,0,0,0,0,0,0,2636769.36,NC,0,,,,,,1483500,0,06/30/2026,983282.97,672750
S6NC00357,"NILSSON, ROBERT ANDERS MR",O,2,REP,$0,0,52,0,52,1912.66,0,0,0,0,0,0,5651.22,NC,0,,,,,,0,0,11/08/2025,0,0
S6NC00373,"BROWN, DON",O,2,REP,"$224,689",0,225529.84,0,840.61,0,11634.26,0,0,0,0,0,211660.12,NC,0,,,,,,0,0,04/13/2026,8222.15,0
S6NC00415,"WHATLEY, MICHAEL",O,2,REP,"$11,272,504",4621452.36,7810806.43,1031.31,0,3461698.06,0,0,0,0,0,46927.61,5465481.76,NC,0,,,,,,874330,62000,06/30/2026,10461.85,12500
S6NC00472,"DANSIE, RICHARD",O,2,REP,"$2,410",0,1780,0,0,630.17,0,2400,0,0,0,2400,10,NC,0,,,,,,0,0,12/31/2025,0,0
S6NC00480,"JOHNSON, THOMAS LEE",O,2,REP,"$6,720",0,4626.94,0,0,0,4517.1,0,0,0,0,0,2202.97,NC,0,,,,,,0,0,04/13/2026,0,0
S6NC00522,"MORROW, MICHELE",O,2,REP,"$13,014",0,13200.44,0,0,-186.62,0,0,0,0,0,0,13013.82,NC,0,,,,,,0,0,06/30/2026,0,0
S2ND00123,"CHRISTIANSEN, KATRINA",C,1,DEM,"$8,432",0,16691.46,0,8259.22,0,0,0,0,0,0,0,0,ND,0,,,,,,0,0,06/30/2025,871,0
S0ND00093,"HOEVEN, JOHN",I,2,REP,"$389,847",38791.29,282326.62,0,567303.95,674824.36,0,0,0,0,0,100000,175619.5,ND,0,,,,,,174100,0,06/30/2026,0,200
S8ND00120,"CRAMER, KEVIN MR.",I,2,REP,"$1,139,407",0,1202932.86,0,2354889.37,2291363.6,0,0,0,0,0,0,899432.87,ND,0,,,,,,185500,0,06/30/2026,23206.18,0
S6NE00095,"NELSON, E BENJAMIN",O,1,DEM,$0,0,0,0,0,3927.22,0,0,0,0,0,0,0,NE,0,,,,,,0,0,06/30/2026,0,0
S6NE00160,"FORBES, WILLIAM",C,1,DEM,"$1,000",0,1000,0,0,0,1000,0,0,0,0,0,0,NE,0,,,,,,0,0,05/21/2026,0,0
S2NE00094,"FISCHER, DEBRA S.",I,2,REP,"$831,700",159320.1,448880.23,0,25211.83,408031.22,0,0,0,9400,0,0,330979.04,NE,0,,,,,,339154.16,0,06/30/2026,0,0
S4NE00090,"SASSE, BENJAMIN E.",C,2,REP,"$30,491",0,231891.25,10000,2470913.02,2269512.89,0,0,0,0,0,0,0,NE,0,,,,,,0,0,06/30/2026,0,0
S6NE00129,"RICKETTS, PETE",I,2,REP,"$11,233,507",1931744.84,4809505.91,0,486969.11,6910969.9,5295887.54,0,0,0,0,0,2224229.78,NE,0,,,,,,1639815.15,62000,06/30/2026,21655,51250.02
S0NH00219,"SHAHEEN, JEANNE",I,1,DEM,"$172,667",0,756829.29,0,1456085.32,871922.99,0,0,0,0,0,0,101435.84,NH,0,,,,,,54526.58,0,06/30/2026,139201.49,94201.58
S6NH00091,"HASSAN, MARGARET WOOD",I,1,DEM,"$2,539,768",0,1748252.67,0,950734.37,1742249.94,0,0,0,0,0,0,1946384.62,NH,0,,,,,,560537.02,0,06/30/2026,26421.58,5500
S6NH00141,"PAPPAS, CHRIS",O,1,DEM,"$15,384,657",749077.42,11540323.25,0,407584.23,4251917.81,0,0,0,0,0,0,13527025.65,NH,0,,,,,,1104872.76,1500,08/19/2026,96937.59,10000
S6NH00182,"MANZUR, KARISHMA",O,1,DEM,"$415,081",0,311136.43,0,0,103944.63,0,25000,0,0,0,33416.27,389393.78,NH,0,,,,,,250,0,08/19/2026,2235,250
S0NH00326,"BOLDUC, DONALD C.",C,2,REP,$0,0,51574.94,0,51574.94,0,0,0,0,0,0,0,0,NH,0,,,,,,0,0,03/16/2026,0,0
S2NH00231,"SMITH, KEVIN H.",C,2,REP,$0,0,10165.64,0,10165.64,0,0,0,0,0,0,0,0,NH,0,,,,,,0,0,12/24/2025,-30,0
S2NH00272,"MANSHARAMANI, VIKRAM",,2,REP,$0,0,59387.79,0,59387.79,0,0,0,0,45755.05,0,0,0,NH,0,,,,,,0,0,09/07/2025,0,0
S6NH00166,"BROWN, SCOTT P.",O,2,REP,"$2,150,452",628338.22,1733910.18,0,0,416542.31,0,0,0,0,0,0,1391027.97,NH,0,,,,,,130733.2,0,08/19/2026,0,0
S6NH00174,"INNIS, DAN",O,2,REP,"$48,503",0,48502.53,0,0,0,0,0,0,0,0,0,48502.53,NH,0,,,,,,0,0,01/25/2026,6763.11,0
S6NH00208,"SUNUNU, JOHN E",O,2,REP,"$4,180,252",1299365.21,1110715.12,0,496.36,3070033.12,0,0,0,0,0,0,2398775.12,NH,0,,,,,,417000,62000,08/19/2026,2000,0
S6NH00190,"SULLIVAN, JARED",,1,DEM,"$100,112",0,100212.19,0,100,0,13100,0,0,0,0,0,87012.19,NH,,,,,,,0,0,06/30/2026,17000,0
S2NH00280,"FENTON, BRUCE",C,2,REP,$0,0,83426.24,0,83426.24,0,0,0,0,83406.24,0,1724693.76,0,NH,,,,,,,0,0,04/02/2025,0,0
S0NJ00068,"BYRNE, BRENDAN THOMAS JR",C,1,DEM,"$976,710",0,158474.65,69000,654667.01,1472902.13,0,0,0,0,0,0,0,NJ,0,,,,,,0,0,06/30/2026,0,0
S2NJ00080,"LAUTENBERG, FRANK R",C,1,DEM,$0,0,2500,0,89427.9,86927.9,0,0,0,0,0,0,0,NJ,0,,,,,,0,0,06/30/2026,0,0
S4NJ00185,"BOOKER, CORY A.",I,1,DEM,"$18,869,341",3919000,7000887.26,0,11192485.99,23060940.12,0,0,0,0,0,0,13880640.98,NJ,0,,,,,,500530,0,06/30/2026,192455.2,13025
S4NJ00466,"KIM, ANDY",I,1,DEM,"$1,659,590",172660.19,1088776.61,1500,621700.08,1192513.73,0,0,0,0,0,0,1376919.78,NJ,0,,,,,,64005.01,0,06/30/2026,12530.47,0
S8NJ00392,"ANDREWS, ROBERT E",C,1,DEM,$58,0,155,0,1274.27,1177.38,0,0,0,0,0,114656.39,0,NJ,0,,,,,,0,0,06/30/2026,0,0
S0NJ00191,"SINGH, HIRSH V",C,2,REP,$0,0,0,0,0,0,0,0,0,0,0,0,0,NJ,0,,,,,,0,0,05/07/2025,0,0
S0NJ00217,"MEHTA, RIKIN",C,2,REP,$0,0,0,0,55.93,55.93,0,0,0,0,0,320000,0,NJ,0,,,,,,0,0,03/31/2026,0,0
S4NJ00409,"MELE, GREGG",O,2,REP,"$79,425",0,76341.09,0,0,3083.83,0,53746.4,0,0,0,98552.25,25678.52,NJ,0,,,,,,0,0,06/30/2026,177.13,0
S4NJ00441,"SERRANO GLASSNER, CHRISTINE",O,2,REP,$0,0,0,0,0,0,0,0,0,0,0,0,0,NJ,0,,,,,,0,0,04/25/2025,0,0
S4NJ00532,"MURPHY, JUSTIN MICHAEL LL.M.",C,2,REP,"$27,316",0,26296.95,0,-896.06,122.51,0,4931.96,0,0,0,8781.96,21483.56,NJ,0,,,,,,500,150,06/30/2026,1000,0
S4NJ00540,"BASHAW, CURTIS",O,2,REP,$142,0,67787.23,0,67644.84,0,0,0,0,59156.63,0,0,142.39,NJ,0,,,,,,0,0,03/31/2025,619.68,0
S6NJ00131,"ZIMMER, DICK",C,2,REP,$0,0,8199.39,0,8199.39,0,0,0,0,0,0,0,0,NJ,0,,,,,,0,0,06/19/2025,0,0
S6NJ00271,"KEAN, THOMAS H JR",C,2,REP,$0,0,24066,0,24450.51,384.51,0,0,0,24000,0,88000,0,NJ,0,,,,,,0,0,06/30/2026,0,0
S6NJ00412,"ZDAN, ALEX",C,2,REP,"$48,322",0,43687.91,0,0,4633.9,1620.51,0,0,0,0,0,44326.3,NJ,0,,,,,,2375,0,06/30/2026,0,0
S6NJ00420,"TABOR, RICHARD JEROME SR",C,2,REP,"$27,190",0,27190,0,0,0,0,0,0,0,0,0,27065,NJ,0,,,,,,125,0,07/14/2026,0,0
S6NJ00438,"LEBOVICS, ROBERT",C,2,REP,"$178,219",0,168298.82,0,0,9920,3631.15,140000,0,0,0,140000,13817.67,NJ,0,,,,,,0,0,06/30/2026,0,0
S8NJ00483,"SINGH, HIRSH",C,2,REP,$0,0,0,0,0,0,0,0,0,0,0,0,0,NJ,0,,,,,,0,0,05/07/2025,0,0
S0NM00058,"LUJAN, BEN RAY",I,1,DEM,"$5,626,629",958220,2443667.94,0,1213792.89,4396754.26,0,0,0,0,0,0,2908105.38,NM,0,,,,,,1738346.09,0,06/30/2026,87128.38,25000
S0NM00074,"TOULOUSE OLIVER, MAGGIE",O,1,DEM,$0,0,90,0,2693.05,2603.05,0,0,0,0,0,15312.17,0,NM,0,,,,,,0,0,06/30/2026,0,0
S2NM00088,"HEINRICH, MARTIN",I,1,DEM,"$1,459,066",9290,1230687.74,0,319551.15,547929.47,0,0,0,0,0,0,1003066.09,NM,0,,,,,,443421.39,0,06/30/2026,644.72,10000
S6NM01145,"DODSON, MATT",C,1,DEM,"$32,743",0,32560.15,0,0,182.89,7005,4000,0,0,0,4000,21738.04,NM,0,,,,,,0,0,06/30/2026,0,0
S0NM00116,"SANCHEZ, LOUIE J",O,2,REP,$0,0,6080.66,0,3040.33,0,0,0,0,0,0,0,0,NM,0,,,,,,0,0,06/30/2025,0,0
S4NM00183,"DOMENICI, NELLA LOUISE LOUISE",C,2,REP,"$2,536",0,70693.82,0,71657.57,3499.55,3300,0,0,0,0,2800000,-764.2,NM,0,,,,,,0,0,06/30/2026,-3300,304.55
S6NM01129,"L, BEN R JR.",C,2,REP,$0,0,0,0,0,0,0,0,0,0,0,0,0,NM,0,,,,,,0,0,12/31/2025,0,0
S6NM01186,"MARKER, LARRY E",C,2,REP,"$33,525",0,21674.9,0,0,11850.1,0,0,0,0,0,0,28525,NM,0,,,,,,0,5000,06/30/2026,0,0
S6NV00200,"CORTEZ MASTO, CATHERINE",I,1,DEM,"$2,219,394",15200,2358196.16,0,3496046.02,3357244.11,0,0,0,0,0,0,1649308.57,NV,0,,,,,,267135,0,06/30/2026,13063.93,0
S6NV00234,"MAHENDRA, SUJEET BOBBY NARENDRA",C,1,DEM,$0,0,0,0,2976.47,2976.47,0,0,0,0,0,32000,0,NV,0,,,,,,0,0,06/30/2026,0,0
S8NV00156,"ROSEN, JACKY",I,1,DEM,"$1,473,353",20067.65,2146598.88,0,1780095.8,1106850.27,0,0,0,0,0,0,1042952.93,NV,0,,,,,,185000,0,06/30/2026,62839.89,0
S0NV00203,"TARKANIAN, DANNY",C,2,REP,$0,0,0,0,0,0,0,0,0,0,0,0,0,NV,0,,,,,,0,0,03/31/2026,0,0
S2NV00324,"LAXALT, ADAM",C,2,REP,$0,0,35721.2,0,257635.57,221914.37,0,0,0,0,0,0,0,NV,0,,,,,,0,0,06/30/2026,0,0
S2NV00332,"HOCKSTEDLER, WILLIAM ERIC",C,2,REP,$0,0,11627,0,12127.55,500.55,0,0,0,11627,0,2530.62,0,NV,0,,,,,,0,0,02/18/2025,0,0
S4NV00270,"MARCHANT, JIM",C,2,REP,$0,0,0,0,0,0,0,0,0,0,0,0,0,NV,0,,,,,,0,0,09/30/2025,0,0
S4NV00304,"GUNTER, JEFF DR",C,2,REP,"$2,048",0,1207.62,0,7424.4,8264.3,0,0,0,0,0,2763394.15,2020.79,NV,0,,,,,,0,0,06/30/2026,94.05,0
S4NV00312,"GRADY, TONY",C,2,REP,$0,0,0,0,97.37,97.37,0,0,0,0,0,0,0,NV,0,,,,,,0,0,06/30/2026,0,0
S0NY00188,"CLINTON, HILLARY RODHAM",C,1,DEM,$0,0,22343.44,0,22343.44,0,0,0,0,0,0,0,0,NY,0,,,,,,0,0,06/30/2025,0,0
S0NY00410,"GILLIBRAND, KIRSTEN",I,1,DEM,"$2,803,029",1431434,1214219.37,0,715726.91,2304536.88,0,0,0,0,0,0,1111494.76,NY,0,,,,,,153193.49,0,06/30/2026,11739.9,0
S0NY00667,"SALEM, KHALED MR",C,1,DEM,$0,0,0,0,18700,0,0,0,0,0,0,0,0,NY,0,,,,,,0,0,06/30/2026,0,0
S4NY00271,"SALEM, KHALED",C,1,DEM,$0,0,0,0,18700,0,0,0,0,0,0,0,0,NY,0,,,,,,0,0,06/30/2026,0,0
S8NY00082,"SCHUMER, CHARLES E.",I,1,DEM,"$990,636",0,2313026.69,0,9323631.56,8001240.58,0,0,0,0,0,0,600960.43,NY,0,,,,,,126375,0,06/30/2026,29416.25,-500
S8NY00330,"COCHRAN, HEIDI",,1,DEM,"$9,856",0,5069.99,0,0,4785.93,0,5000,0,0,0,5000,4855.92,NY,0,,,,,,0,0,06/30/2026,0,0
S0NY00550,"TOWNSEND, JAY",C,2,REP,$0,0,0,0,0,0,0,0,0,0,0,108845.1,0,NY,0,,,,,,0,0,03/31/2026,0,0
S2NY00259,"LONG, WENDY",C,2,REP,$0,0,0,0,3963.4,3963.4,0,0,0,0,0,242902.84,0,NY,0,,,,,,0,0,06/30/2026,0,0
S2NY00499,"PINION, JOSEPH III",C,2,REP,$0,0,0,0,611.53,611.53,0,0,0,0,0,78576.15,0,NY,0,,,,,,0,0,06/30/2026,0,0
S4NY00313,"BELLON, DAVID A. ESQ.",C,2,REP,$0,0,0,0,6334.67,6334.67,0,0,0,0,0,0,0,NY,0,,,,,,0,0,06/30/2026,0,0
S4NY00404,"SAPRAICONE, MICHAEL",C,2,REP,"$12,699",0,59200.37,0,54375.74,7874.18,0,0,0,0,0,615250,0,NY,0,,,,,,6600,0,06/30/2026,0,0
S6NY00243,"SPENCER, JOHN D",C,2,REP,$0,0,0,0,679.14,679.14,0,0,0,0,0,239112,0,NY,0,,,,,,0,0,03/31/2026,0,0
S6OH00155,"HACKETT, PAUL III",C,1,DEM,"$11,230",0,4523.33,0,10540.09,0,1000,0,0,0,3954.16,72996,50,OH,0,,,,,,10000,0,06/30/2026,0,0
S6OH00163,"BROWN, SHERROD",C,1,DEM,"$38,566,234",6300061.93,22336492.78,0,0,16229741.32,0,0,0,0,0,0,31146133.4,OH,0,,,,,,861022.72,200,06/30/2026,241646.01,1500
S6OH00346,"VOLPE, CHRISTOPHER",C,1,DEM,"$4,337",0,4168.88,0,0,168.3,113.83,0,0,0,0,0,4203.35,OH,0,,,,,,0,0,02/15/2026,695.9,0
S6OH00353,"VOLPE, CHRISTOPHER",C,1,DEM,"$4,337",0,4168.88,0,0,168.3,113.83,0,0,0,0,0,4203.35,OH,0,,,,,,0,0,02/15/2026,695.9,0
S6OH00361,"KINCAID, RONALD E JR",C,1,DEM,"$46,619",0,50695.17,0,13.18,17486.87,0,9634.01,2500,0,0,350,34445.71,OH,0,,,,,,0,0,06/30/2026,0,0
S6OH00387,"ODE, FREDERICK J",C,1,DEM,"$5,001,939",0,4976073.41,0,0,25865.53,0,0,0,0,0,0,5000000,OH,0,,,,,,0,0,06/30/2026,4540000,0
S2OH00170,"MANDEL, JOSHUA A.",O,2,REP,$276,0,9769.21,0,-18329.24,-27822.31,0,0,0,0,0,122480.92,0,OH,0,,,,,,0,0,06/30/2026,0,0
S2OH00287,"PUKITA, MARK MR.",O,2,REP,$0,0,6839.82,0,-430162.07,-437001.89,0,0,0,0,0,463764.11,0,OH,0,,,,,,0,0,06/30/2026,0,0
S2OH00360,"TIMKEN, JANE",O,2,REP,$0,0,715.51,0,5362.9,4859.39,0,0,0,0,0,4060000,0,OH,0,,,,,,0,0,06/30/2026,0,0
S2OH00436,"VANCE, J D",I,2,REP,"$220,301",0,199643.8,0,135631.56,156288.66,0,0,0,0,0,0,108913.42,OH,0,,,,,,80000,0,06/30/2026,0,0
S2OH00477,"DOLAN, MATT",C,2,REP,"$1,035",0,70147.45,0,113134.12,44022.02,0,0,0,0,0,12697000,0,OH,0,,,,,,0,0,06/30/2026,0,0
S4OH00192,"MORENO, BERNIE",I,2,REP,"$2,734,381",1724722.83,2473567.62,0,378319.71,639132.67,0,0,0,1400000,0,7039894.14,726036.89,OH,0,,,,,,275371.32,0,06/30/2026,14958.71,1500
S4OH00200,"LAROSE, FRANK",C,2,REP,"$11,500",0,30050.13,0,18550.13,0,0,0,0,25000,0,0,1500,OH,0,,,,,,10000,0,06/30/2026,-12000,0
S6OH00304,"HUSTED, JON",I,2,REP,"$14,360,028",5675891.08,4940716.33,4663.33,0,9419311.2,0,0,0,0,0,0,6280012.05,OH,0,,,,,,2320510,62050,06/30/2026,211050.11,7741.02
S6OK04163,"THOMAS, N'KIYLA JASMINE - ANN",C,1,DEM,"$57,159",0,57639.22,0,936.34,455.95,0,0,0,0,0,0,56419.7,OK,0,,,,,,0,0,08/05/2026,10.59,0
S6OK04171,"GREEN, TROY WESLEY",C,1,DEM,"$32,974",0,24082.54,0,0,8891.23,6967.71,0,0,0,0,0,25756.06,OK,0,,,,,,0,250,06/30/2026,0,0
S6OK04197,"PRIEST, JIM",C,1,DEM,"$370,493",0,314642.61,0,0,55850.77,40,50000,0,0,0,50000,320439.2,OK,0,,,,,,0,0,08/05/2026,0,0
S6OK04270,"YEN, ERVIN STONE DR",C,1,DEM,"$20,793",0,20793,0,0,0,0,10000,0,0,0,10000,10793,OK,0,,,,,,0,0,07/15/2026,10000,0
S2OK00186,"MULLIN, MARKWAYNE",I,2,REP,"$3,181,278",1152806.63,1943965.57,3356.5,183016.79,1420329.55,0,0,0,404850.79,0,25400.39,868155.81,OK,0,,,,,,1098238.12,62000,06/30/2026,514260.66,365366.66
S2OK00194,"HOLLAND, LUCAS",O,2,REP,$692,0,968.49,0,276.43,0,692.06,0,0,0,0,167140.16,0,OK,0,,,,,,0,0,06/30/2026,0,0
S2OK00210,"SHANNON, T.W.",O,2,REP,$0,0,901,0,901,0,0,0,0,7801,0,0,0,OK,0,,,,,,0,0,02/05/2025,-1120,0
S4OK00232,"LANKFORD, JAMES PAUL",I,2,REP,"$988,742",143005.82,553387.78,6630,2338038.26,2773392.5,0,0,0,0,0,0,380686.46,OK,0,,,,,,330750,0,06/30/2026,1201,0
S6OK04213,"HANKINS, NICKY JOE",C,2,REP,"$2,629",0,3324.05,0,920.91,0,1500,0,0,0,0,0,1128.5,OK,0,,,,,,0,0,07/14/2026,823.41,0
S6OK04239,"HANKINS, NICKY JOE",C,2,REP,"$2,629",0,3324.05,0,920.91,0,1500,0,0,0,0,0,1128.5,OK,0,,,,,,0,0,07/14/2026,823.41,0
S6OK04247,"HERN, KEVIN",C,2,REP,"$9,953,579",2974734.01,7461668.78,73859,0,2491910.11,0,5050000,0,5050000,0,0,1111084.73,OK,0,,,,,,699500,62000,06/30/2026,55161.34,0
S6OK04262,"RAGAIN, BRIAN MATTHEW",C,2,REP,"$26,855",0,19386.26,0,0,7468.57,0,0,0,0,0,0,26854.83,OK,0,,,,,,0,0,06/30/2026,0,0
S6OK04288,"ENGLAND, GARY TY MR.",C,2,REP,"$19,412",0,15000,0,0,4412,0,15000,0,0,0,30704.08,4412,OK,0,,,,,,0,0,06/30/2026,0,0
S6OR00110,"WYDEN, RONALD L.",I,1,DEM,"$1,615,078",347980,1886760.99,0,1770759.44,1499076.85,0,0,0,0,0,0,912322.33,OR,0,,,,,,295000,0,06/30/2026,3785.5,5000
S8OR00207,"MERKLEY, JEFFREY ALAN",I,1,DEM,"$4,540,974",151663.42,1979568.88,0,4266998.65,6828403.72,0,0,0,0,0,0,3538521.76,OR,0,,,,,,477520,0,06/30/2026,38786.32,2500
S4OR00156,"PERKINS, JO RAE",C,2,REP,"$10,577",0,11445.92,0,380.53,152.84,0,693.62,0,1493.62,0,3909.5,9617.75,OR,0,,,,,,0,0,06/30/2026,26.35,0
S6OR05218,"SMITH, DAVID BROCK",C,2,REP,"$120,760",0,91780.62,0,0,28979.57,0,0,0,0,0,8155.68,109688.99,OR,0,,,,,,11000,0,06/30/2026,0,0
S2PA00448,"STREET, SHARIF",O,1,DEM,"$1,112,539",0,1076061.47,0,52558.52,89035.58,0,0,0,0,0,138727.49,959019.13,PA,0,,,,,,145900,4894.27,06/30/2026,1225,5000
S4PA00287,"FORKNER, WILLIAM",C,1,DEM,$0,0,0,0,195.22,195.22,0,0,0,0,0,0,0,PA,0,,,,,,0,0,04/15/2025,0,0
S6PA00217,"CASEY, ROBERT P. JR.",I,1,DEM,"$713,769",38561.63,915566,0,995039.98,793242.96,0,0,0,0,0,0,0,PA,0,,,,,,0,0,06/30/2026,139036.52,2689.59
S6PA00274,"FETTERMAN, JOHN KARL",I,1,DEM,"$2,313,558",333000,2570600.12,0,2314686.59,2057644.31,0,0,0,0,0,20813.9,1856571.13,PA,0,,,,,,39000,0,06/30/2026,94985.25,2500
S2PA00638,"OZ, MEHMET DR",O,2,REP,$657,0,16225.5,0,67927.28,52358.78,0,0,0,0,0,25513728.81,0,PA,0,,,,,,0,0,06/30/2026,0,0
S2PA00661,"MCCORMICK, DAVE",I,2,REP,"$5,402,324",1518951.5,4879263.48,0,605477.88,1128537.93,0,0,0,210000,0,20350922.92,2973455.33,PA,0,,,,,,670750,0,06/30/2026,27520,8500
S8PA00270,"CHRISTIANA, JAMES JOSEPH III",C,2,REP,$0,0,0,0,1889.07,1889.07,0,0,0,0,0,37900,0,PA,0,,,,,,0,0,06/30/2026,0,0
S4RI00069,"WATERS, ALLEN",C,1,DEM,$0,0,345.26,0,1888.97,1543.71,0,0,0,0,0,0,0,RI,0,,,,,,0,0,03/31/2025,0,0
S6RI00163,"REED, JOHN F.",I,1,DEM,"$3,381,651",27737.71,1876159.78,0,1588192.04,3093683.6,0,0,0,0,0,0,2138096.66,RI,0,,,,,,1140100,0,08/20/2026,24711.76,2000
S6RI00221,"WHITEHOUSE, SHELDON",I,1,DEM,"$500,288",0,705797.33,0,1265387.72,1059878.69,0,0,0,0,0,0,436293.09,RI,0,,,,,,53940,0,06/30/2026,2493.31,0
S6RI00270,"BURBRIDGE, CONNOR",C,1,DEM,"$25,189",0,21059.05,0,0,4130.1,3500,0,0,0,0,0,21689.15,RI,0,,,,,,0,0,08/20/2026,110,0
S4RI00051,"MCKAY, RAYMOND TYLER MR",C,2,REP,"$180,468",0,173238.14,0,338.53,7568.84,1,0,0,0,0,689.51,178389.89,RI,0,,,,,,1600,0,08/20/2026,6439.59,0
S4RI00085,"MORGAN, PATRICIA L",C,2,REP,$0,0,0,0,0,0,0,0,0,0,0,41627.71,0,RI,0,,,,,,0,0,03/31/2025,0,0
S6RI00262,"WATERS, ALLEN",C,2,REP,$0,0,345.26,0,1888.97,1543.71,0,0,0,0,0,0,0,RI,0,,,,,,0,0,03/31/2025,0,0
S0SC00289,"HARRISON, JAIME",C,1,DEM,"$39,254",0,542705.71,0,708101.68,204649.7,0,0,0,0,0,0,0,SC,0,,,,,,0,0,06/30/2026,-95,0
S2SC00145,"BRUCE, CATHERINE FLEMING MS.",C,1,DEM,$0,0,0,0,0,5030.29,0,0,0,0,0,0,0,SC,0,,,,,,0,0,09/30/2025,0,0
S6SC04197,"FREEMAN, KYLE ODONNELL",C,1,DEM,"$43,766",0,42639.43,0,903.3,2029.87,0,29500,0,59.8,0,35940.2,14266,SC,0,,,,,,0,0,05/20/2026,200,0
S6SC04239,"ANDREWS, ANNIE",C,1,DEM,"$10,804,041",18913.66,6684745.5,9075,0,4119295,0,0,0,0,0,1025356.88,10677209.93,SC,0,,,,,,104955,0,06/30/2026,41261.94,0
S6SC04270,"BROWN, BRANDON",C,1,DEM,"$85,649",0,28917.31,0,0,0,0,0,0,0,0,0,85648.93,SC,0,,,,,,0,0,09/30/2026,0,0
S6SC04288,"JOHNSON, LEE",C,1,DEM,"$569,186",0,569185.56,0,0,0,0,500000,0,275425.71,0,224574.29,68985.56,SC,0,,,,,,0,200,12/31/2025,0,0
S0SC00149,"GRAHAM, LINDSEY O.",I,2,REP,"$6,766,156",3795817.93,20079974.03,40000,15623617.29,2309799.57,0,0,0,0,0,0,1324355.04,SC,0,,,,,,724473.68,62000,06/30/2026,19100,0
S4SC00240,"SCOTT, TIMOTHY E.",I,2,REP,"$5,328,236",451397.57,6174548.07,0,5717522.55,4871210.34,0,0,0,0,0,0,4499280.21,SC,0,,,,,,176300,0,06/30/2026,16277.55,0
S6SC04189,"HOLLIMAN, ETHAN CLAY",C,2,REP,$0,0,0,0,0,0,0,0,0,0,0,10000,0,SC,0,,,,,,0,0,12/31/2025,0,0
S6SC04213,"LYNCH, MARK",C,2,REP,"$5,919,539",0,5372977.27,0,0,546561.43,0,5050000,0,0,0,5050000,661504.05,SC,0,,,,,,2300,0,07/22/2026,19233.29,0
S6SC04262,"BAUER, ANDRE",C,2,REP,"$216,272",0,216272.42,0,0,0,0,0,0,0,0,0,216172.52,SC,0,,,,,,0,0,12/01/2025,101968.73,0
S6SC04296,"DANS, PAUL",C,2,REP,"$1,081,244",0,959431.62,0,0,121812.1,0,680176.18,0,225000,0,461525.18,329545.44,SC,0,,,,,,0,0,06/30/2026,175,0
S6SC04346,"HERRMANN, PATRICK JOSEPH",C,2,REP,"$17,073",0,17063.1,0,0,9.69,0,0,0,0,0,0,697.79,SC,0,,,,,,0,16375,06/30/2026,0,0
S6SC04361,"DISMUKES, THOMAS KEITH",C,2,REP,"$24,842",0,24831.84,0,0,10,12124.76,0,0,0,0,0,12717.08,SC,0,,,,,,0,0,06/30/2026,1,0
S6SC04379,"COWEN, CALVIN",C,2,REP,"$13,190",0,10883.7,0,0,2306.3,0,13190,0,0,0,13190,0,SC,0,,,,,,0,0,06/30/2026,0,0
S6SC04395,"BUCKNER, DUKE",C,2,REP,"$10,960",0,10455.9,0,0,504.1,0,4110,0,0,0,4110,6850,SC,0,,,,,,0,0,07/22/2026,0,0
S6SC04403,"FRY, RUSSELL",C,2,REP,"$495,027",0,10440.99,0,0,484585.64,0,0,0,0,0,0,477526.63,SC,0,,,,,,17500,0,07/22/2026,0,0
S6SC04437,"GRAHAM, DARLINE",C,2,REP,"$346,783",0,95351.36,0,0,251431.28,0,0,0,0,0,0,299782.64,SC,0,,,,,,47000,0,08/05/2026,0,0
S6SC04445,"NORMAN, RALPH",C,2,REP,"$934,892",0,697552.99,0,0,237338.95,0,400000,0,0,0,400000,504891.94,SC,0,,,,,,30000,0,08/05/2026,0,0
S6SC04452,"SANFORD, MARSHALL C HON.",C,2,REP,"$206,237",0,177136.14,0,1323503.03,1352604.38,0,0,0,0,0,0,13767,SC,0,,,,,,0,0,07/22/2026,0,0
S6SC04460,"PARKER, GLENDA GAIL",C,2,REP,"$13,455",0,13455.49,0,0,0,13455.49,0,0,0,0,0,0,SC,0,,,,,,0,0,09/30/2026,0,0
S6SD01125,"BEAUDION, JULIAN C",C,1,DEM,"$228,295",0,225217.04,0,0,3078.11,3654.9,0,0,0,0,14458.22,213718.51,SD,0,,,,,,3000,6398,06/30/2026,250,0
S2SD00068,"THUNE, JOHN R.",I,2,REP,"$4,141,900",885211.35,1812345.51,0,15384337.27,17713891.65,0,0,0,0,0,0,1304799.4,SD,0,,,,,,758000,0,06/30/2026,44067.7,6500
S4SD00049,"ROUNDS, MIKE",I,2,REP,"$3,176,451",312430.95,2309816.14,0,1870029.07,2736663.91,0,0,0,0,0,0,1328191,SD,0,,,,,,1381800.01,62000,06/30/2026,15100,2000
S6SD01133,"MCNEAL, JUSTIN S",C,2,REP,"$10,993",0,10991.79,0,0,1.34,31.03,100,0,0,0,66227.75,10862.1,SD,0,,,,,,0,0,06/30/2026,0,0
S0TN00342,"BRADSHAW, MARQUITA",C,1,DEM,"$2,257",0,1293.13,0,78.65,1042.59,0,0,0,0,0,0,2257.07,TN,0,,,,,,0,0,07/17/2026,0,0
S4TN00500,"FAIN, DYLAN LEE MR. N/A",C,1,DEM,$0,0,0,0,0,0,0,0,0,0,0,0,0,TN,0,,,,,,0,0,04/22/2026,0,0
S4TN00526,"JOHNSON, GLORIA",C,1,DEM,"$6,530",6530.28,65408.09,0,142484.71,83606.9,0,0,0,0,0,0,0,TN,0,,,,,,0,0,06/30/2026,0,0
S4TN00542,"BRADSHAW, MARQUITA",C,1,DEM,"$2,257",0,1293.13,0,78.65,1042.59,0,0,0,0,0,0,2257.07,TN,0,,,,,,0,0,07/17/2026,0,0
S6TN00380,"BREWER, MARIA A",C,1,DEM,"$9,069",0,3734.97,0,0,5333.75,0,0,0,0,0,0,9068.72,TN,0,,,,,,0,0,07/17/2026,0,0
S8TN00311,"MACKLER, JAMES",O,1,DEM,$0,0,5000,0,29570.91,24570.91,0,0,0,0,0,0,0,TN,0,,,,,,0,0,06/30/2026,0,0
S0TN00144,"SETHI, DR. MANNY",O,2,REP,$50,0,0,0,1777.83,1828.31,0,0,0,0,0,2472311.47,0,TN,0,,,,,,0,0,06/30/2026,0,0
S0TN00169,"HAGERTY, BILL",I,2,REP,"$7,162,897",1709292.87,3855936.81,0,1927469.07,5234429.36,0,0,0,0,0,0,3781066,TN,0,,,,,,1483200,62000,07/17/2026,63139.5,15750
S0TN00201,"BUSH, BYRON",O,2,REP,$0,0,0,0,36789.79,36789.79,0,0,0,0,0,373000,0,TN,0,,,,,,0,0,09/30/2025,0,0
S0TN00219,"PRESLEY, JOHNNY W",O,2,REP,$0,0,5000,0,22684.97,17684.97,0,0,0,0,0,27000,0,TN,0,,,,,,0,0,06/30/2026,0,0
S6TN00216,"CORKER, ROBERT P JR",I,2,REP,"$1,632,016",0,458253.53,0,7785525.6,8959287.95,0,0,0,0,0,0,0,TN,0,,,,,,0,0,06/30/2026,0,0
S8TN00337,"BLACKBURN, MARSHA MRS.",I,2,REP,"$3,087,690",2097849.94,7792604.4,0,5138614.78,433700.53,0,0,0,0,0,0,246614.63,TN,0,,,,,,132500,0,06/30/2026,0,0
S8TN00352,"FINCHER, STEPHEN",O,2,REP,"$53,530",0,27277.52,0,1274824.47,1301077.44,0,0,0,0,0,0,0,TN,0,,,,,,0,0,06/30/2026,0,0
S4TN00534,"MILLER-WATKINS, CIVIL",,1,DEM,"$6,398",0,4895.91,0,1506.72,3008.85,0,100,0,1506.72,0,4135.78,6298.04,TN,,,,,,,0,0,07/17/2026,0,0
S0TX00233,"HEGAR, MARY JENNINGS MJ",C,1,DEM,$0,0,714.95,0,0,-197.7,0,0,0,0,0,0,0,TX,0,,,,,,0,0,03/31/2026,0,0
S0TX00308,"LOVE, JOHN BENARD III",C,1,DEM,$111,0,7526.87,0,11958.15,4541.92,0,0,0,0,0,0,110.53,TX,0,,,,,,0,0,03/31/2026,0,0
S4TX00607,"RODRIGUEZ-PRILLIMAN, HELI",C,1,DEM,"$9,202",0,5535.51,0,-9,1545.82,2699,0,0,0,0,41877,5630.2,TX,0,,,,,,850,0,06/30/2026,0,0
S4TX00722,"ALLRED, COLIN",C,1,DEM,"$7,629,043",643994.18,7772468.72,1765230.67,144134.64,708.42,0,0,0,0,0,0,6648566.14,TX,0,,,,,,26500,0,06/30/2026,138453.65,-5650
S4TX00755,"GUTIERREZ, ROLAND",C,1,DEM,$0,0,90,0,384.83,294.83,0,0,0,0,0,0,0,TX,0,,,,,,0,0,06/30/2026,0,0
S4TX00805,"SHERMAN, CARL OSCAR SR.",C,1,DEM,$0,0,0,0,11360.43,11360.43,0,0,0,0,0,4511,0,TX,0,,,,,,0,0,06/30/2026,0,0
S6TX00396,"SWANSON, MICHAEL",C,1,DEM,"$6,991",0,6991.29,0,0,0,0,5620,0,0,0,4000,1209.36,TX,0,,,,,,0,0,09/30/2025,0,0
S6TX00412,"VIRTS, TERRY",C,1,DEM,"$665,423",0,454248.15,0,0,2903.14,0,53125,0,0,0,317479.29,582804.59,TX,0,,,,,,5000,0,06/30/2026,21675,0
S6TX00479,"TALARICO, JAMES",C,1,DEM,"$68,560,930",2594220,47012775.34,0,0,21548155.08,0,0,0,0,0,0,65585741.88,TX,0,,,,,,348408.24,0,06/30/2026,866643.1,18750
S6TX00552,"CROCKETT, JASMINE",C,1,DEM,"$11,096,966",4857000,11096965.96,368059.41,0,0,0,0,0,0,0,0,6152063.47,TX,0,,,,,,50884.63,0,08/13/2026,231683.56,4500
S8TX00459,"TZINTZUN RAMIREZ, CRISTINA",C,1,DEM,$33,0,21884.15,9450,22307.1,455.57,0,0,0,0,0,0,0,TX,0,,,,,,0,0,06/30/2026,0,0
S0TX00365,"BIERSCHWALE, VIRGIL",C,2,REP,"$9,988",0,9657.03,0,0,383.2,2350,0,0,0,0,0,7638.18,TX,0,,,,,,0,0,03/16/2026,0,0
S2TX00106,"CORNYN, JOHN SEN",I,2,REP,"$8,604,234",2794977.98,12184396.5,2355423.93,4122282.66,542119.97,0,0,0,0,0,0,3756192.44,TX,0,,,,,,1479731.99,62000,06/30/2026,1168477.83,667296.85
S2TX00312,"CRUZ, RAFAEL EDWARD  TED",I,2,REP,"$10,228,280",1409795.99,9050182.09,0,1786707.2,2964804.69,0,0,0,0,0,0,8297999.39,TX,0,,,,,,474800,0,06/30/2026,12955,5000
S4TX00672,"INGALLS, JOSIAH JAMES",C,2,REP,$20,0,50,0,0,-15,0,0,0,0,0,0,20,TX,0,,,,,,0,0,06/30/2026,0,0
S6TX00305,"ALLEN, KEITH",C,2,REP,"$156,627",0,157571.33,0,944.54,0,2920,90363.9,0,26120.42,0,0,29950.4,TX,0,,,,,,0,0,03/31/2026,2645.42,0
S6TX00321,"SCHMOKER, TONY",C,2,REP,"$2,500",0,3106.71,0,3650,0,0,2500,0,0,0,0,0,TX,0,,,,,,0,0,12/31/2025,0,0
S6TX00362,"KHAN, GULREZ",C,2,REP,"$10,793",0,11438.76,0,0,-645.69,0,4100,0,100,0,4000,6692,TX,0,,,,,,0,0,06/30/2026,0,0
S6TX00388,"PAXTON, WARREN KENNETH JR.",C,2,REP,"$9,248,699",6632.58,7492915.18,4962.7,0,1755783.35,0,0,0,0,0,0,9020177.98,TX,0,,,,,,157500,62000,06/30/2026,78228.71,0
S6TX00511,"HUNT, WESLEY",C,2,REP,"$2,129,887",439168.28,4587880.36,0,2487176.16,29183.19,0,0,0,0,0,37718.9,1429739.92,TX,0,,,,,,166500,0,06/30/2026,77132.37,15500
S6TX00545,"CANADY, SARA LARUE",C,2,REP,$770,0,7490.84,0,0,-429.81,0,0,0,0,0,0,705,TX,0,,,,,,0,0,03/31/2026,0,0
S6TX00560,"BENDER, ANNA",C,2,REP,$0,0,0,0,0,0,0,0,0,0,0,5721.45,0,TX,0,,,,,,0,0,03/31/2026,0,0
S4UT00308,"GLEICH, CAROLINE",O,1,DEM,$0,0,24810.26,0,24810.26,0,0,0,0,0,0,0,0,UT,0,,,,,,0,0,02/20/2025,0,0
S8UT00341,"YAHNE, RUSSELL JAY",,1,DEM,"$2,554",0,0,0,1157.2,3711.28,0,2391.16,0,0,0,2391.16,162.92,UT,0,,,,,,0,0,06/30/2026,0,0
S0UT00165,"LEE, MIKE",I,2,REP,"$2,255,169",73631.04,2422941.82,0,908767.89,740995.04,0,0,0,0,0,0,1878780.37,UT,0,,,,,,229974.61,0,06/30/2026,127684.11,2500
S4UT00282,"CURTIS, JOHN",I,2,REP,"$737,003",0,850934.48,0,788682.66,674751.12,0,0,0,0,0,0,345960.81,UT,0,,,,,,391000,0,06/30/2026,-999,2500
S8UT00242,"KENNEDY, MIKE",O,2,REP,$0,0,0,0,0,0,0,0,0,0,0,422543.19,0,UT,0,,,,,,0,0,06/30/2026,0,0
S2UT00377,"HAMBLIN, LAIRD",O,1,DEM,$0,0,0,0,122.92,122.92,0,0,0,0,0,0,0,UT,,,,,,,0,0,06/30/2026,0,0
S2VA00142,"KAINE, TIMOTHY MICHAEL",I,1,DEM,"$787,828",177421.68,1421881.65,0,2799510,2165456.22,0,0,0,0,0,0,390971.33,VA,0,,,,,,130358.5,0,06/30/2026,17972.32,35400
S6VA00093,"WARNER, MARK ROBERT",I,1,DEM,"$17,889,335",5792755.4,7327843.73,0,5553233.82,16114725.24,0,0,0,0,0,0,9258155.93,VA,0,,,,,,2117795,0,07/15/2026,295824.5,14500
S6VA00184,"DANIELS, LORITA DR.",C,1,DEM,"$57,160",0,50121.36,0,0,7038.27,300,47131.28,0,0,0,665.48,9728.35,VA,0,,,,,,0,0,07/10/2026,0,0
S6VA00192,"EICHELBERGER, GREGORY",C,1,DEM,"$5,698",0,5697.72,0,0,0,3919.72,0,0,0,0,0,1778,VA,0,,,,,,0,0,01/15/2026,0,0
S4VA00197,"SMITH, C.L. CHUCK JR",C,2,REP,"$45,715",0,45168.96,0,0,546.18,1000,6000,0,0,0,39958,38715.14,VA,0,,,,,,0,0,07/15/2026,8570,0
S4VA00239,"GARCIA, EDWARD",C,2,REP,$0,0,41.5,0,4066.59,4025.09,0,0,0,0,0,162089.92,0,VA,0,,,,,,0,0,06/30/2026,-250,0
S4VA00247,"EMORD, JONATHAN WALKER MR.",C,2,REP,"$7,359",0,7359.47,0,0,0,7359.47,0,0,0,0,0,0,VA,0,,,,,,0,0,10/10/2025,0,0
S4VA00312,"PARKINSON, SCOTT THOMAS",C,2,REP,$0,0,7017.34,0,7017.34,0,0,0,0,0,0,0,0,VA,0,,,,,,0,0,05/05/2025,200,0
S4VA00338,"VITIELLO, RON",C,2,REP,$0,0,40,0,4660.03,4620.03,0,0,0,0,0,200,0,VA,0,,,,,,0,0,06/30/2026,0,0
S4VA00353,"CAO, HUNG",C,2,REP,"$11,703",0,202092.75,0,407805.63,217415.64,654.04,0,0,0,0,0,-75.85,VA,0,,,,,,0,0,06/30/2026,554.4,-200
S6VA00143,"FARINGTON, KIM",C,2,REP,"$144,778",6726.2,128837.04,0,218.58,16159.68,0,103000,0,0,0,103000,33906.26,VA,0,,,,,,0,0,07/15/2026,1,0
S6VA00176,"REEVES, BRYCE",C,2,REP,"$106,324",49075.68,106324.12,0,0,0,0,0,0,0,0,0,57248.43,VA,0,,,,,,0,0,06/30/2026,4665.29,0
S6VA00200,"WILLIAMS, DAVID EARL MR.",C,2,REP,"$97,045",0,89856.77,0,0,7187.99,0,46000,0,0,0,46000,50559.82,VA,0,,,,,,0,0,07/15/2026,0,0
S6VA00226,"DE PAULA, ALEX",C,2,REP,"$5,675",0,4000,0,0,1675.01,0,5500,0,0,0,5500,175.01,VA,0,,,,,,0,0,03/31/2026,0,0
S8VA00305,"RAIKLIN, IVAN ERIC",C,2,REP,$0,0,0,0,318.78,318.78,0,0,0,0,0,98234.58,0,VA,0,,,,,,0,0,06/30/2026,0,0
S8VA00321,"MIZUSAWA, BERT K",C,2,REP,"$418,742",20168.5,328750.21,0,335.89,90327.92,151454.14,20000,0,0,0,50782.75,221633.87,VA,0,,,,,,5000,0,07/15/2026,1051.58,0
S2VT00235,"WELCH, PETER",I,1,DEM,"$218,690",0,315593.86,15000,1713252,1616347.87,0,0,0,0,0,0,71735.69,VT,0,,,,,,36500,0,06/30/2026,2,0
S2VT00334,"EVANS-FRANTZ, ISAAC",O,1,DEM,$0,0,3068.5,0,12074.98,9006.48,0,0,0,0,0,0,0,VT,0,,,,,,0,0,06/30/2026,0,0
S2VT00292,"MALLOY, GERALD",C,2,REP,"$18,303",0,37111.59,1500,21034.63,2226.09,0,0,0,5000,0,0,17147.98,VT,0,,,,,,0,0,06/30/2026,306.2,0
S2WA00189,"MURRAY, PATTY",I,1,DEM,"$2,800,144",0,1965553.41,0,883461.14,1718051.28,0,0,0,0,0,0,2525410.16,WA,0,,,,,,252700.01,0,06/30/2026,52600.13,0
S8WA00194,"CANTWELL, MARIA",I,1,DEM,"$789,841",0,1264252.49,0,611211.19,136799.69,0,0,0,100000,0,2071350.9,789039.3,WA,0,,,,,,0,0,06/30/2026,1212.5,0
S0WA00258,"CODAY, ARTHUR JR MD",C,2,REP,$0,0,0,0,552.56,552.56,0,0,0,0,0,21297.82,0,WA,0,,,,,,0,0,06/30/2026,0,0
S2WA00460,"HOLYK, ISAAC A",,2,REP,"$1,128",0,1150.18,0,65.08,25.33,0,0,0,0,0,0,1117.63,WA,0,,,,,,0,0,06/30/2026,0,0
S2WA00486,"LAWSON, LEON MR",C,2,REP,"$18,171",0,14961.53,0,4000,7209.7,0,0,0,0,0,4000,18171.23,WA,0,,,,,,0,0,06/30/2026,0,0
S4WA00581,"GARCIA, DR RAUL",C,2,REP,$0,0,0,0,0,0,0,0,0,0,0,0,0,WA,0,,,,,,0,0,01/02/2025,0,0
S2WI00219,"BALDWIN, TAMMY",I,1,DEM,"$2,823,441",0,2200827.44,0,25266.85,647880.22,0,0,0,0,0,0,2539000.98,WI,0,,,,,,127264,0,06/30/2026,174090.78,11600
S2WI00342,"LASRY, ALEX",C,1,DEM,$0,0,1017,0,23433.85,22416.85,0,0,0,0,0,14035000,0,WI,0,,,,,,0,0,06/30/2026,0,0
S2WI00417,"PECKARSKY, PETER",C,1,DEM,$0,0,2303.29,0,2303.29,0,0,0,0,0,0,308361.76,0,WI,0,,,,,,0,0,03/31/2025,0,0
S2WI00458,"LEWIS, CHANTIA",C,1,DEM,$0,0,0,0,158.49,158.49,0,0,0,0,0,0,0,WI,0,,,,,,0,0,06/30/2026,0,0
S8WI00257,"DEVILLE, KATRINA",,1,DEM,"$22,220",0,17726.27,0,376.43,4869.87,13039.06,0,0,0,0,0,9180.65,WI,0,,,,,,0,0,07/22/2026,0,0
S0WI00197,"JOHNSON, RON HAROLD MR.",I,2,REP,"$1,087,713",0,814225.84,0,908045.76,1181533.2,0,0,0,0,0,8027316.94,989967.01,WI,0,,,,,,32000,0,06/30/2026,1682.03,0
S2WI00268,"HOVDE, ERIC D",C,2,REP,"-$1,746",0,123449.91,0,135359.8,10163.54,0,0,0,0,0,20000000,-2314.35,WI,0,,,,,,0,0,06/30/2026,18425,5000
S4WI00256,"HOVDE, ERIC",C,2,REP,"-$1,746",0,123449.91,0,135359.8,10163.54,0,0,0,0,0,20000000,-2314.35,WI,0,,,,,,0,0,06/30/2026,18425,5000
S0WV00215,"SWEARENGIN, PAULA JEAN",C,1,DEM,$0,0,5325.01,0,15779.1,10454.09,0,0,0,0,0,0,0,WV,0,,,,,,0,0,06/30/2026,0,0
S4WV00357,"SHREWSBURY, ZACHARY C",C,1,DEM,"$515,587",0,518440.84,0,0,-2854.25,0,0,0,0,0,25970.56,511319.71,WV,0,,,,,,0,0,06/30/2026,4087,0
S4WV00399,"ELLIOTT, GLENN FREDERICK MR. JR.",O,1,DEM,$0,0,0,0,0,0,0,0,0,0,0,0,0,WV,0,,,,,,0,0,03/24/2025,0,0
S6WV00188,"FETTY ANDERSON, RACHEL LEE",C,1,DEM,"$49,913",0,34780.27,0,6996.63,22129.44,7890.4,0,0,0,0,0,41922.68,WV,0,,,,,,100,0,06/30/2026,0,0
S8WV00119,"SWEARENGIN, PAULA JEAN",C,1,DEM,$0,0,5325.01,0,15779.1,10454.09,0,0,0,0,0,0,0,WV,0,,,,,,0,0,06/30/2026,0,0
S4WV00159,"CAPITO, SHELLEY MOORE",I,2,REP,"$4,624,145",423249.01,2558310.16,0,2311365.21,4377200.52,0,0,0,0,0,0,2458064.75,WV,0,,,,,,1680755.47,62000,06/30/2026,0,0
S4WV00324,"MOONEY, ALEXANDER X",O,2,REP,$4,0,9307.48,0,9303.8,0,0,0,0,0,0,0,0,WV,0,,,,,,0,0,06/30/2025,-700,0
S4WV00332,"JUSTICE, JAMES CONLEY II",I,2,REP,"$79,578",0,577157.51,0,693940.57,196360.61,0,0,0,0,0,0,45327.55,WV,0,,,,,,34250,0,06/30/2026,0,5000
S6WV00147,"EVANS, JONATHAN DERRICK",C,2,REP,"$1,220,940",0,1188897.71,0,60930.78,92972.79,0,0,0,0,0,0,1185211.94,WV,0,,,,,,0,0,06/30/2026,6796,0
S6WV00154,"GAASERUD, ALEXANDER",C,2,REP,"$3,000",0,1740,0,0,1260,0,3000,0,0,0,3000,0,WV,0,,,,,,0,0,06/30/2026,0,0
S6WV00162,"WILLIS, THOMAS EDWARD II",C,2,REP,"$641,739",0,641739.27,0,0,0,0,368000,0,195016,0,0,269939.27,WV,0,,,,,,3500,300,07/10/2026,12127.35,0
S8WV00127,"JENKINS, EVAN H",C,2,REP,$0,0,0,0,10.26,10.26,0,0,0,0,0,600,0,WV,0,,,,,,0,0,06/30/2026,0,0
S4WV00407,"MCNULTY, JANET",,2,REP,"$6,880",0,6880.43,0,0,0,0,0,0,0,0,0,6880.43,WV,,,,,,,0,0,06/30/2026,100,0
S4WY00188,"MORROW, SCOTT D MR",C,1,DEM,$0,0,0,0,834.37,834.37,0,0,0,0,0,0,0,WY,0,,,,,,0,0,06/30/2026,0,0
S6WY00217,"BYRD, JAMES WILLARD MR.",C,1,DEM,"$22,559",0,23292.88,0,489.76,356.16,1000,0,0,0,0,0,21558.71,WY,0,,,,,,0,0,07/29/2026,0,0
S0WY00137,"LUMMIS, CYNTHIA MARIE MRS.",I,2,REP,"$1,493,104",331332.77,1335394.19,0,677339.73,835049.18,0,0,0,0,0,0,402561.34,WY,0,,,,,,697132.24,62000,07/29/2026,373740.22,232225
S6WY00068,"BARRASSO, JOHN A",I,2,REP,"$1,554,352",418244.9,873912.06,0,7728428.59,8408868.14,0,0,0,0,0,0,381918.21,WY,0,,,,,,366749.33,0,06/30/2026,0,0
S6WY00191,"SKOVGARD, JIMMY MR",O,2,REP,"$10,380",0,8064.56,0,879.17,3194.46,0,5388,0,0,0,5388,4991.85,WY,0,,,,,,0,0,07/29/2026,0,0
S6WY00209,"HAGEMAN, HARRIET",O,2,REP,"$2,435,023",534393.79,2402616.58,0,882963.04,915369,0,0,0,0,0,0,1274565.24,WY,0,,,,,,519700,62000,07/29/2026,3900,0
S6WY00225,"MEAD, SAMUEL",C,2,REP,"$288,668",0,177230.28,0,0,111437.48,14151.25,100000,0,0,0,100000,174016.51,WY,0,,,,,,500,0,07/29/2026,4500,0