Candidate,State,Office,District,Gender,Incumbent,Incumbent Challenger,Uncontested,Primary Date,Primary %,Primary Outcome,Runoff %,Runoff Outcome,Justice Dems,Indivisible,WFP,CPC,Sunrise,Sanders,Warren,AOC,DSA,AIPAC,DMFI,J Street,EMILYs List,Party Committee,FPO Rating,Cook PVI Rating
Supha Xayprasith-Mays,Arkansas,Governor,,Female,No,No,No,03/03/2026,19.0%,Lost,,,,,,,,,,,,,,,,,,Safe Rep
Fred Love,Arkansas,Governor,,Male,No,No,No,03/03/2026,81.0%,Won,,,,,,,,,,,,,,,,,,Safe Rep
Terri Yarbrough Green,Arkansas,Representative,1,Female,No,No,Yes,03/03/2026,100.0%,Won,,,,,,,,,,,,,,,,,Safe Rep,
Chris Jones,Arkansas,Representative,2,Male,No,No,No,03/03/2026,92.6%,Won,,,,,,,,,,,,,,,,,Likely Rep,
Zack Huffman,Arkansas,Representative,2,Male,No,No,No,03/03/2026,7.4%,Lost,,,,,,,,,,,,,,,,,Likely Rep,
Robb Ryerse,Arkansas,Representative,3,Male,No,No,Yes,03/03/2026,100.0%,Won,,,,,,,,,,,,,,,,,Safe Rep,
Steven Layne O'Donnell,Arkansas,Representative,4,Male,No,No,No,03/03/2026,47.0%,Lost,,,,,,,,,,,,,,,,,Safe Rep,
"James ""Rus"" Russell, III",Arkansas,Representative,4,Male,No,No,No,03/03/2026,53.0%,Won,,,,,,,,,,,,,,,,,Safe Rep,
Hallie Shoffner,Arkansas,Senate,,Female,No,No,No,03/03/2026,78.3%,Won,,,,,,,,,,,,,,,,,Safe Rep,
Ethan N. Dunbar,Arkansas,Senate,,Male,No,No,No,03/03/2026,21.7%,Lost,,,,,,,,,,,,,,,,,Safe Rep,
Don Davis,North Carolina,Representative,1,Male,Yes,No,Yes,03/03/2026,100.0%,Won,,,,,,,,,,,,Yes,Yes,,,Yes,Lean Dem,
Deborah K. Ross,North Carolina,Representative,2,Female,Yes,No,Yes,03/03/2026,100.0%,Won,,,,,,,,,,,,,,,,,Safe Dem,
Raymond Smith,North Carolina,Representative,3,Male,No,No,No,03/03/2026,56.7%,Won,,,,,,,,,,,,,,,,,Likely Rep,
Allison Jaslow,North Carolina,Representative,3,Female,No,No,No,03/03/2026,43.4%,Lost,,,,,,,,,,,,,,,,,Likely Rep,
Valerie P. Foushee,North Carolina,Representative,4,Female,Yes,No,No,03/03/2026,49.2%,Won,,,No,,No,Yes,No,No,,,,,,,,,Safe Dem,
Mary Patterson,North Carolina,Representative,4,Female,No,Yes,No,03/03/2026,2.6%,Lost,,,No,,No,No,No,No,,,,,,,,,Safe Dem,
Nida Allam,North Carolina,Representative,4,Female,No,Yes,No,03/03/2026,48.2%,Lost,,,Yes,,Yes,No,Yes,Yes,,,,,,,,,Safe Dem,
Kyah Creekmore,North Carolina,Representative,5,Male,No,No,No,03/03/2026,43.3%,Lost,,,,,,,,,,,,,,,,,Safe Rep,
Chuck Hubbard,North Carolina,Representative,5,Male,No,No,No,03/03/2026,56.7%,Won,,,,,,,,,,,,,,,,,Safe Rep,
Keith Davenport,North Carolina,Representative,6,Male,No,No,No,03/03/2026,16.8%,Lost,,,,,,,,,,,,,,,,,Likely Rep,
Beau Blair,North Carolina,Representative,6,Male,No,No,No,03/03/2026,9.9%,Lost,,,,,,,,,,,,,,,,,Likely Rep,
Cyril Jefferson,North Carolina,Representative,6,Male,No,No,No,03/03/2026,39.2%,Won,,,,,,,,,,,,,,,,,Likely Rep,
Alysa Kassay,North Carolina,Representative,6,Female,No,No,No,03/03/2026,34.1%,Lost,,,,,,,,,,,,,,,,,Likely Rep,
Kim Hardy,North Carolina,Representative,7,Female,No,No,Yes,03/03/2026,100.0%,Won,,,,,,,,,,,,,,,,,Likely Rep,
Kevin Clark,North Carolina,Representative,8,Male,No,No,No,03/03/2026,37.2%,Lost,,,,,,,,,,,,,,,,,Safe Rep,
Colby Watson,North Carolina,Representative,8,Male,No,No,No,03/03/2026,47.9%,Won,,,,,,,,,,,,,,,,,Safe Rep,
Jesse Oppenheim,North Carolina,Representative,8,Male,No,No,No,03/03/2026,14.9%,Lost,,,,,,,,,,,,,,,,,Safe Rep,
Lent C. Carr II,North Carolina,Representative,9,Male,No,No,No,03/03/2026,15.8%,Lost,,,,,,,,,,,,,,,,,Likely Rep,
Nigel W. Bristow,North Carolina,Representative,9,Male,No,No,No,03/03/2026,26.7%,Lost,,,,,,,,,,,,,,,,,Likely Rep,
Loren Bibler,North Carolina,Representative,9,Male,No,No,No,03/03/2026,15.7%,Lost,,,,,,,,,,,,,,,,,Likely Rep,
Richard N. Ojeda II,North Carolina,Representative,9,Male,No,No,No,03/03/2026,41.8%,Won,,,,,,,,,,,,,,,,,Likely Rep,
Ashley Bell,North Carolina,Representative,10,Female,No,No,No,03/03/2026,47.3%,Won,,,,,,,,,,,,,,,,,Safe Rep,
West Caudle,North Carolina,Representative,10,Male,No,No,No,03/03/2026,15.6%,Lost,,,,,,,,,,,,,,,,,Safe Rep,
Mir Yarfitz,North Carolina,Representative,10,Male,No,No,No,03/03/2026,9.6%,Lost,,,,,,,,,,,,,,,,,Safe Rep,
"Ralph Scott, Jr.",North Carolina,Representative,10,Male,No,No,No,03/03/2026,6.3%,Lost,,,,,,,,,,,,,,,,,Safe Rep,
Marcus Pearson,North Carolina,Representative,10,Male,No,No,No,03/03/2026,9.9%,Lost,,,,,,,,,,,,,,,,,Safe Rep,
Harry Morley,North Carolina,Representative,10,Male,No,No,No,03/03/2026,11.4%,Lost,,,,,,,,,,,,,,,,,Safe Rep,
Lee Whipple,North Carolina,Representative,11,Male,No,No,No,03/03/2026,1.4%,Lost,,,,,,,,,,,,,,,,No,Toss-Up,
Paul Maddox,North Carolina,Representative,11,Male,No,No,No,03/03/2026,5.1%,Lost,,,,,,,,,,,,,,,,No,Toss-Up,
Jamie Ager,North Carolina,Representative,11,Male,No,No,No,03/03/2026,64.7%,Won,,,,,,,,,,,,,,,,Yes,Toss-Up,
Zelda Briarwood,North Carolina,Representative,11,Female,No,No,No,03/03/2026,13.0%,Lost,,,,,,,,,,,,,,,,No,Toss-Up,
Richard Hudspeth,North Carolina,Representative,11,Male,No,No,No,03/03/2026,15.9%,Lost,,,,,,,,,,,,,,,,No,Toss-Up,
Monaca Maye Williamson,North Carolina,Representative,12,Female,No,Yes,No,03/03/2026,21.1%,Lost,,,,,No,No,,,,,,,,No,,,Safe Dem,
Alma Shealey Adams,North Carolina,Representative,12,Female,Yes,No,No,03/03/2026,78.9%,Won,,,,,Yes,Yes,,,,,,,,Yes,,,Safe Dem,
Paul Barringer,North Carolina,Representative,13,Male,No,No,No,03/03/2026,59.1%,Won,,,,,,,,,,,,,,,,,Likely Rep,
Frank Pierce,North Carolina,Representative,13,Male,No,No,No,03/03/2026,29.4%,Lost,,,,,,,,,,,,,,,,,Likely Rep,
Alexander Nicholi,North Carolina,Representative,13,Male,No,No,No,03/03/2026,11.5%,Lost,,,,,,,,,,,,,,,,,Likely Rep,
LaKesha Womack,North Carolina,Representative,14,Female,No,No,No,03/03/2026,52.2%,Won,,,,,,,,,,,,,,,,,Likely Rep,
Brent Caldwell,North Carolina,Representative,14,Male,No,No,No,03/03/2026,41.8%,Lost,,,,,,,,,,,,,,,,,Likely Rep,
Ahmid Kargbo,North Carolina,Representative,14,Male,No,No,No,03/03/2026,6.0%,Lost,,,,,,,,,,,,,,,,,Likely Rep,
Daryl Farrow,North Carolina,Senate,,Male,No,No,No,03/03/2026,1.2%,Lost,,,,,,,,,,,,,No,No,,No,Likely Dem,
Justin E. Dues,North Carolina,Senate,,Male,No,No,No,03/03/2026,2.7%,Lost,,,,,,,,,,,,,No,No,,No,Likely Dem,
Robert Colon,North Carolina,Senate,,Male,No,No,No,03/03/2026,0.8%,Lost,,,,,,,,,,,,,No,No,,No,Likely Dem,
Marcus W. Williams,North Carolina,Senate,,Male,No,No,No,03/03/2026,2.5%,Lost,,,,,,,,,,,,,No,No,,No,Likely Dem,
Orrick Quick,North Carolina,Senate,,Male,No,No,No,03/03/2026,0.9%,Lost,,,,,,,,,,,,,No,No,,No,Likely Dem,
Roy Cooper,North Carolina,Senate,,Male,No,No,No,03/03/2026,92.0%,Won,,,,,,,,,,,,,Yes,Yes,,Yes,Likely Dem,
Jose Navarro Balbuena,Texas,Governor,,Male,No,No,No,03/03/2026,3.0%,Lost,,,,,,,,,,,,,,,No,,,Likely Rep
Chris Bell,Texas,Governor,,Male,No,No,No,03/03/2026,9.8%,Lost,,,,,,,,,,,,,,,No,,,Likely Rep
Gina Hinojosa,Texas,Governor,,Female,No,No,No,03/03/2026,58.5%,Won,,,,,,,,,,,,,,,Yes,,,Lean Rep
Patricia Abrego,Texas,Governor,,Female,No,No,No,03/03/2026,5.8%,Lost,,,,,,,,,,,,,,,No,,,Likely Rep
"Angela ""Tiaangie"" Villescaz",Texas,Governor,,Female,No,No,No,03/03/2026,6.8%,Lost,,,,,,,,,,,,,,,No,,,Likely Rep
Bobby Cole,Texas,Governor,,Male,No,No,No,03/03/2026,5.1%,Lost,,,,,,,,,,,,,,,No,,,Likely Rep
Carlton W. Hart,Texas,Governor,,Male,No,No,No,03/03/2026,2.9%,Lost,,,,,,,,,,,,,,,No,,,Likely Rep
Zach Vance,Texas,Governor,,Male,No,No,No,03/03/2026,2.7%,Lost,,,,,,,,,,,,,,,No,,,Likely Rep
Andrew White,Texas,Governor,,Male,No,No,No,03/03/2026,5.3%,Lost,,,,,,,,,,,,,,,No,,,Likely Rep
Yolanda R. Prince,Texas,Representative,1,Female,No,No,No,03/03/2026,44.5%,Advanced,72.3%,Won,,,,,,,,,,,,,,,Safe Rep,
Masika Akilah Ray,Texas,Representative,1,Female,No,No,No,03/03/2026,14.6%,Lost,,,,,,,,,,,,,,,,,Safe Rep,
Dax Alexander,Texas,Representative,1,Male,No,No,No,03/03/2026,22.0%,Advanced,27.7%,Lost,,,,,,,,,,,,,,,Safe Rep,
Tracy Andrus,Texas,Representative,1,Male,No,No,No,03/03/2026,18.9%,Lost,,,,,,,,,,,,,,,,,Safe Rep,
Shaun Finnie,Texas,Representative,2,Male,No,No,Yes,03/03/2026,100.0%,Won,,,,,,,,,,,,,,,,,Safe Rep,
Evan Hunt,Texas,Representative,3,Male,No,No,Yes,03/03/2026,100.0%,Won,,,,,,,,,,,,,,,,,Safe Rep,
Jason Pearce,Texas,Representative,4,Male,No,No,No,03/03/2026,52.0%,Won,,,,,,,,,,,,,,,,,Safe Rep,
Andrew L. Rubell,Texas,Representative,4,Male,No,No,No,03/03/2026,48.0%,Lost,,,,,,,,,,,,,,,,,Safe Rep,
Chelsey Hockett,Texas,Representative,5,Female,No,No,No,03/03/2026,45.9%,Advanced,53.0%,Won,,,,,,,,,,,,,,,Safe Rep,
"Ruth ""Truth"" Torres",Texas,Representative,5,Female,No,No,No,03/03/2026,41.6%,Advanced,47.0%,Lost,,,,,,,,,,,,,,,Safe Rep,
Forrest Lumpkin,Texas,Representative,5,Male,No,No,No,03/03/2026,12.6%,Lost,,,,,,,,,,,,,,,,,Safe Rep,
Danny Minton,Texas,Representative,6,Male,No,No,Yes,03/03/2026,100.0%,Won,,,,,,,,,,,,,,,,,Safe Rep,
Lizzie Pannill Fletcher,Texas,Representative,7,Female,Yes,No,Yes,03/03/2026,100.0%,Won,,,,,,,,,,,,Yes,Yes,,Yes,,Safe Dem,
Keith Coleman,Texas,Representative,8,Male,No,No,No,03/03/2026,34.3%,Lost,,,,,,,,,,,,,,,,,Safe Rep,
Laura Jones,Texas,Representative,8,Female,No,No,No,03/03/2026,65.7%,Won,,,,,,,,,,,,,,,,,Safe Rep,
Leticia Gutierrez,Texas,Representative,9,Female,No,No,No,03/03/2026,53.6%,Won,,,,,,,,,,,,,,,,,Likely Rep,
"Earnest Clayton, Jr.",Texas,Representative,9,Male,No,No,No,03/03/2026,16.3%,Lost,,,,,,,,,,,,,,,,,Likely Rep,
Peter Filler,Texas,Representative,9,Male,No,No,No,03/03/2026,1.6%,Lost,,,,,,,,,,,,,,,,,Likely Rep,
Todd Ivey,Texas,Representative,9,Male,No,No,No,03/03/2026,7.1%,Lost,,,,,,,,,,,,,,,,,Likely Rep,
Marty Rocha,Texas,Representative,9,Male,No,No,No,03/03/2026,6.8%,Lost,,,,,,,,,,,,,,,,,Likely Rep,
Terry Virts,Texas,Representative,9,Male,No,No,No,03/03/2026,14.6%,Lost,,,,,,,,,,,,,,,,,Likely Rep,
Dawn Marshall,Texas,Representative,10,Female,No,No,No,03/03/2026,22.7%,Lost,,,,,,,,,,,,,,,,,Safe Rep,
Bernie Reyna,Texas,Representative,10,Male,No,No,No,03/03/2026,16.5%,Lost,,,,,,,,,,,,,,,,,Safe Rep,
Caitlin Rourke,Texas,Representative,10,Female,No,No,No,03/03/2026,60.8%,Won,,,,,,,,,,,,,,,,,Safe Rep,
Claire Reynolds,Texas,Representative,11,Female,No,No,No,03/03/2026,57.6%,Won,,,,,,,,,,,,,,,,,Safe Rep,
Pedro (Pete) Ruiz,Texas,Representative,11,Male,No,No,No,03/03/2026,42.4%,Lost,,,,,,,,,,,,,,,,,Safe Rep,
"Angela ""Heli"" Rodriguez Prillman",Texas,Representative,12,Female,No,No,No,03/03/2026,59.8%,Won,,,,,,,,,,,,,,,,,Safe Rep,
Kenneth Morgan-Aguilera,Texas,Representative,12,Male,No,No,No,03/03/2026,40.2%,Lost,,,,,,,,,,,,,,,,,Safe Rep,
Mark Nair,Texas,Representative,13,Male,No,No,Yes,03/03/2026,100.0%,Won,,,,,,,,,,,,,,,,,Safe Rep,
Thurman Bill Bartie,Texas,Representative,14,Male,No,No,No,03/03/2026,31.3%,Advanced,51.0%,Won,,,,,,,,,,,,,,,Safe Rep,
Richard H. Davis,Texas,Representative,14,Male,No,No,No,03/03/2026,44.3%,Advanced,49.1%,Lost,,,,,,,,,,,,,,,Safe Rep,
Konstantinos Vogiatzis,Texas,Representative,14,Male,No,No,No,03/03/2026,24.4%,Lost,,,,,,,,,,,,,,,,,Safe Rep,
Ada Cuellar,Texas,Representative,15,Female,No,No,No,03/03/2026,32.5%,Lost,,,,,,,,,,,,,,,,,Lean Rep,
Bobby Pulido,Texas,Representative,15,Male,No,No,No,03/03/2026,67.6%,Won,,,,,,,,,,,,,,,,,Lean Rep,
Veronica Escobar,Texas,Representative,16,Female,Yes,No,Yes,03/03/2026,100.0%,Won,,,,,,Yes,,,,,,,,Yes,,,Safe Dem,
J. Gordon Mitchell,Texas,Representative,17,Male,No,No,No,03/03/2026,25.0%,Lost,,,,,,,,,,,,,,,,,Safe Rep,
Casey Shepard,Texas,Representative,17,Male,No,No,No,03/03/2026,32.4%,Advanced,59.9%,Won,,,,,,,,,,,,,,,Safe Rep,
Milah Flores,Texas,Representative,17,Female,No,No,No,03/03/2026,42.6%,Advanced,40.1%,Lost,,,,,,,,,,,,,,,Safe Rep,
Christian Dashaun Menefee,Texas,Representative,18,Male,Yes,Yes,No,03/03/2026,46.0%,Advanced,69.3%,Won,,,,Yes,,,,,,,,,,,Safe Dem,
Gretchen Brown,Texas,Representative,18,Female,No,Yes,No,03/03/2026,2.0%,Lost,,,,,,No,,,,,,,,,,,Safe Dem,
Amanda Edwards,Texas,Representative,18,Female,No,Yes,No,03/03/2026,7.7%,Lost,,,,,,No,,,,,,,,,,,Safe Dem,
Al Green,Texas,Representative,18,Male,Yes,Yes,No,03/03/2026,44.2%,Advanced,30.7%,Lost,,,,No,,,,,,,,,,,Safe Dem,
Kyle Rable,Texas,Representative,19,Male,No,No,Yes,03/03/2026,100.0%,Won,,,,,,,,,,,,,,,,,Safe Rep,
John Atwood,Texas,Representative,20,Male,No,Yes,No,03/03/2026,2.5%,Lost,,,,,,No,,,,,,,,No,,,Safe Dem,
Kendra Elizabeth Wilkerson,Texas,Representative,20,Female,No,Yes,No,03/03/2026,9.4%,Lost,,,,,,No,,,,,,,,No,,,Safe Dem,
Joaquin Castro,Texas,Representative,20,Male,Yes,No,No,03/03/2026,88.2%,Won,,,,,,Yes,,,,,,,,Yes,,,Safe Dem,
Regina Vanburg,Texas,Representative,21,Female,No,No,No,03/03/2026,28.1%,Lost,,,,,,,,,,,,,,,,,Safe Rep,
Gary Taylor,Texas,Representative,21,Male,No,No,No,03/03/2026,11.9%,Lost,,,,,,,,,,,,,,,,,Safe Rep,
Kristin Hook,Texas,Representative,21,Female,No,No,No,03/03/2026,60.1%,Won,,,,,,,,,,,,,,,,,Safe Rep,
Marquette Greene-Scott,Texas,Representative,22,Female,No,No,No,03/03/2026,54.6%,Won,,,,,,,,,,,,,,,,,Safe Rep,
Chris Fernandez,Texas,Representative,22,Male,No,No,No,03/03/2026,18.6%,Lost,,,,,,,,,,,,,,,,,Safe Rep,
Sterling Gadison,Texas,Representative,22,Male,No,No,No,03/03/2026,5.4%,Lost,,,,,,,,,,,,,,,,,Safe Rep,
"Robert ""Puga"" Thomas",Texas,Representative,22,Male,No,No,No,03/03/2026,15.1%,Lost,,,,,,,,,,,,,,,,,Safe Rep,
Pearl Vuorinen,Texas,Representative,22,Female,No,No,No,03/03/2026,6.4%,Lost,,,,,,,,,,,,,,,,,Safe Rep,
Gretel Enck,Texas,Representative,23,Female,No,No,No,03/03/2026,9.0%,Lost,,,,,,,,,,,,,,,,,Likely Rep,
Santos Limon,Texas,Representative,23,Male,No,No,No,03/03/2026,27.2%,Lost,,,,,,,,,,,,,,,,,Likely Rep,
Bruce Richardson,Texas,Representative,23,Male,No,No,No,03/03/2026,11.8%,Lost,,,,,,,,,,,,,,,,,Likely Rep,
Katy Padilla Stout,Texas,Representative,23,Female,No,No,No,03/03/2026,52.1%,Won,,,,,,,,,,,,,,,,,Likely Rep,
John Buchwald,Texas,Representative,24,Male,No,No,No,03/03/2026,25.9%,Lost,,,,,,,,,,,,,,,,,Likely Rep,
Kevin Burge,Texas,Representative,24,Male,No,No,No,03/03/2026,48.0%,Advanced,78.1%,Won,,,,,,,,,,,,,,,Likely Rep,
TJ Ware,Texas,Representative,24,Male,No,No,No,03/03/2026,26.1%,Advanced,21.9%,Lost,,,,,,,,,,,,,,,Likely Rep,
William Marks,Texas,Representative,25,Male,No,No,No,03/03/2026,39.5%,Lost,,,,,,,,,,,,,,,,,Safe Rep,
Dione Sims,Texas,Representative,25,Female,No,No,No,03/03/2026,60.5%,Won,,,,,,,,,,,,,,,,,Safe Rep,
Ernest R. Lineberger III,Texas,Representative,26,Male,No,No,No,03/03/2026,49.0%,Lost,,,,,,,,,,,,,,,,,Safe Rep,
Steven Shook,Texas,Representative,26,Male,No,No,No,03/03/2026,51.1%,Won,,,,,,,,,,,,,,,,,Safe Rep,
Wayne Raasch,Texas,Representative,27,Male,No,No,No,03/03/2026,7.5%,Lost,,,,,,,,,,,,,,,,,Safe Rep,
"""Stock"" Castro-Mendoza",Texas,Representative,27,Male,No,No,No,03/03/2026,29.4%,Lost,,,,,,,,,,,,,,,,,Safe Rep,
Tanya Lloyd,Texas,Representative,27,Female,No,No,No,03/03/2026,63.1%,Won,,,,,,,,,,,,,,,,,Safe Rep,
Andrew Vantine,Texas,Representative,28,Male,No,Yes,No,03/03/2026,5.0%,Lost,,,,,,,,,,,,No,No,,,No,Likely Dem,
Ricardo Villarreal,Texas,Representative,28,Male,No,Yes,No,03/03/2026,37.0%,Lost,,,,,,,,,,,,No,No,,,No,Likely Dem,
Henry Cuellar,Texas,Representative,28,Male,Yes,No,No,03/03/2026,58.1%,Won,,,,,,,,,,,,Yes,Yes,,,Yes,Likely Dem,
Sylvia Garcia,Texas,Representative,29,Female,Yes,No,No,03/03/2026,58.3%,Won,,,,,,,,,,,,,,Yes,Yes,,Safe Dem,
Jarvis D. Johnson,Texas,Representative,29,Male,No,Yes,No,03/03/2026,35.7%,Lost,,,,,,,,,,,,,,No,No,,Safe Dem,
Robert Slater,Texas,Representative,29,Male,No,Yes,No,03/03/2026,6.1%,Lost,,,,,,,,,,,,,,No,No,,Safe Dem,
Rodney Labruce,Texas,Representative,30,Male,No,No,No,03/03/2026,4.3%,Lost,,,No,,,No,No,,,,,,,,,,Safe Dem,
Frederick D. Haynes III,Texas,Representative,30,Male,No,No,No,03/03/2026,72.6%,Won,,,Yes,,,Yes,Yes,,,,,,,,,,Safe Dem,
Barbara Mallory Caraway,Texas,Representative,30,Female,No,No,No,03/03/2026,23.1%,Lost,,,No,,,No,No,,,,,,,,,,Safe Dem,
Justin Early,Texas,Representative,31,Male,No,No,No,03/03/2026,57.6%,Won,,,,,,,,,,,,,,,,,Safe Rep,
Stuart Whitlow,Texas,Representative,31,Male,No,No,No,03/03/2026,42.4%,Lost,,,,,,,,,,,,,,,,,Safe Rep,
Dan Barrios,Texas,Representative,32,Male,No,No,No,03/03/2026,60.4%,Won,,,,,,,,,,,,,,,,,Likely Rep,
Anthony Bridges,Texas,Representative,32,Male,No,No,No,03/03/2026,39.6%,Lost,,,,,,,,,,,,,,,,,Likely Rep,
Colin Allred,Texas,Representative,33,Male,No,Yes,No,03/03/2026,44.0%,Advanced,54.0%,Won,,,,,,,,,,No,,Yes,No,,Safe Dem,
Carlos Quintanilla,Texas,Representative,33,Male,No,Yes,No,03/03/2026,14.4%,Lost,,,,,,,,,,,,No,,No,No,,Safe Dem,
Julie Johnson,Texas,Representative,33,Female,Yes,No,No,03/03/2026,33.2%,Advanced,46.0%,Lost,,,,,,,,,,Yes,,Yes,Yes,,Safe Dem,
Zeeshan Hafeez,Texas,Representative,33,Male,No,Yes,No,03/03/2026,8.5%,Lost,,,,,,,,,,,,No,,No,No,,Safe Dem,
Etienne Rosas,Texas,Representative,34,Male,No,Yes,No,03/03/2026,37.3%,Lost,,,,,,,,,,,,No,No,,,No,Lean Dem,
Vicente Gonzalez,Texas,Representative,34,Male,Yes,No,No,03/03/2026,62.7%,Won,,,,,,,,,,,,Yes,Yes,,,Yes,Lean Dem,
Whitney Masterson-Moyes,Texas,Representative,35,Female,No,No,No,03/03/2026,23.4%,Lost,,,,,,,,,,No (Runoff),,,No,,,,Toss-Up,
Johnny C. Garcia,Texas,Representative,35,Male,No,No,No,03/03/2026,27.1%,Advanced,63.8%,Won,,,,,,,,Yes (Runoff),,,Yes,,,Yes (runoff),Toss-Up,
John Lira,Texas,Representative,35,Male,No,No,No,03/03/2026,20.4%,Lost,,,,,,,,,,No (Runoff),,,No,,,,Toss-Up,
Maureen Galindo,Texas,Representative,35,Female,No,No,No,03/03/2026,29.2%,Advanced,36.2%,Lost,,,,,,,,No (Runoff),,,No,,,No (runoff),Toss-Up,
Rhonda Hart,Texas,Representative,36,Female,No,No,No,03/03/2026,64.2%,Won,,,,,,,,,,,,,,,,,Safe Rep,
Doug Alan Rogers,Texas,Representative,36,Male,No,No,No,03/03/2026,35.8%,Lost,,,,,,,,,,,,,,,,,Safe Rep,
Esther Amalia De Jesus Fleharty,Texas,Representative,37,Female,No,Yes,No,03/03/2026,19.3%,Lost,,,No,,,No,No,,,,,,,No,,,Safe Dem,
Greg Casar,Texas,Representative,37,Male,Yes,No,No,03/03/2026,80.8%,Won,,,Yes,,,Yes,Yes,,,,,,,Yes,,,Safe Dem,
Theresa Courts,Texas,Representative,38,Female,No,No,No,03/03/2026,20.1%,Lost,,,,,,,,,,,,,,,,,Safe Rep,
Marvalette Hunter,Texas,Representative,38,Female,No,No,No,03/03/2026,28.3%,Lost,,,,,,,,,,,,,,,,,Safe Rep,
Melissa McDonough,Texas,Representative,38,Female,No,No,No,03/03/2026,51.7%,Won,,,,,,,,,,,,,,,,,Safe Rep,
Jasmine Crockett,Texas,Senate,,Female,No,No,No,03/03/2026,46.2%,Lost,,,,,,,,,,,,,,,Yes,,Lean Dem,
James Talarico,Texas,Senate,,Male,No,No,No,03/03/2026,52.5%,Won,,,,,,,,,,,,,,,No,,Lean Dem,
Ahmad R. Hassan,Texas,Senate,,Male,No,No,No,03/03/2026,1.3%,Lost,,,,,,,,,,,,,,,No,,Lean Dem,
Kelvin Buck,Mississippi,Representative,1,Male,No,No,No,03/10/2026,36.6%,Lost,,,,,,,,,,,,,,,,,Safe Rep,
Cliff Johnson,Mississippi,Representative,1,Male,No,No,No,03/10/2026,63.4%,Won,,,,,,,,,,,,,,,,,Safe Rep,
Evan Littleton Turnage,Mississippi,Representative,2,Male,No,Yes,No,03/10/2026,12.4%,Lost,,,,,,,,,,,,,,No,,,Safe Dem,
Pertis Herman Williams III,Mississippi,Representative,2,Male,No,Yes,No,03/10/2026,1.2%,Lost,,,,,,,,,,,,,,No,,,Safe Dem,
Bennie G. Thompson,Mississippi,Representative,2,Male,Yes,No,No,03/10/2026,86.4%,Won,,,,,,,,,,,,,,Yes,,,Safe Dem,
Michael A. Chiaradio,Mississippi,Representative,3,Male,No,No,Yes,03/10/2026,100.0%,Won,,,,,,,,,,,,,,,,,Safe Rep,
Paul James Blackman,Mississippi,Representative,4,Male,No,No,No,03/10/2026,27.7%,Lost,,,,,,,,,,,,,,,,,Safe Rep,
D. Ryan Grover,Mississippi,Representative,4,Male,No,No,No,03/10/2026,14.6%,Lost,,,,,,,,,,,,,,,,,Safe Rep,
Jeffrey Hulum III,Mississippi,Representative,4,Male,No,No,No,03/10/2026,57.7%,Won,,,,,,,,,,,,,,,,,Safe Rep,
Priscilla W. Till,Mississippi,Senate,,Female,No,No,No,03/10/2026,18.6%,Lost,,,,,,,,,,,,,,,,,Safe Rep,
Scott Colom,Mississippi,Senate,,Male,No,No,No,03/10/2026,72.9%,Won,,,,,,,,,,,,,,,,,Safe Rep,
Albert R. Littell,Mississippi,Senate,,Male,No,No,No,03/10/2026,8.5%,Lost,,,,,,,,,,,,,,,,,Safe Rep,
JB Pritzker,Illinois,Governor,,Male,Yes,No,Yes,03/17/2026,100.0%,Won,,,,,,,,,,,,,,,,,,Safe Dem
Jonathan L. Jackson,Illinois,Representative,1,Male,Yes,No,Yes,03/17/2026,100.0%,Won,,,,,,Yes,,,,,,,,Yes,,,Safe Dem,
Yumeka Brown,Illinois,Representative,2,Female,No,No,No,03/17/2026,10.1%,Lost,,,,No,No,No,No,No,No,,,,No,No,,,Safe Dem,
Robert Peters,Illinois,Representative,2,Male,No,No,No,03/17/2026,12.4%,Lost,,,,Yes,Yes,Yes,Yes,Yes,Yes,,,,No,Yes,,,Safe Dem,
Toni C. Brown,Illinois,Representative,2,Female,No,No,No,03/17/2026,1.2%,Lost,,,,No,No,No,No,No,No,,,,No,No,,,Safe Dem,
Eric France,Illinois,Representative,2,Male,No,No,No,03/17/2026,1.0%,Lost,,,,No,No,No,No,No,No,,,,No,No,,,Safe Dem,
"Patrick J. ""PJK"" Keating",Illinois,Representative,2,Male,No,No,No,03/17/2026,1.3%,Lost,,,,No,No,No,No,No,No,,,,No,No,,,Safe Dem,
Sidney Moore,Illinois,Representative,2,Male,No,No,No,03/17/2026,1.0%,Lost,,,,No,No,No,No,No,No,,,,No,No,,,Safe Dem,
Adal Regis,Illinois,Representative,2,Male,No,No,No,03/17/2026,0.8%,Lost,,,,No,No,No,No,No,No,,,,No,No,,,Safe Dem,
Willie Preston,Illinois,Representative,2,Male,No,No,No,03/17/2026,2.9%,Lost,,,,No,No,No,No,No,No,,,,No,No,,,Safe Dem,
"Jesse Louis Jackson, Jr.",Illinois,Representative,2,Male,No,No,No,03/17/2026,28.9%,Lost,,,,No,No,No,No,No,No,,,,No,No,,,Safe Dem,
Donna Miller,Illinois,Representative,2,Female,No,No,No,03/17/2026,40.4%,Won,,,,No,No,No,No,No,No,,,,Yes,No,,,Safe Dem,
Delia Ramirez,Illinois,Representative,3,Female,Yes,No,Yes,03/17/2026,100.0%,Won,,,Yes,,,Yes,Yes,,,,,,,Yes,,,Safe Dem,
Patty Garcia,Illinois,Representative,4,Female,No,No,Yes,03/17/2026,100.0%,Won,,,,,,,,,,,,,,,,,Safe Dem,
Ellen A. Corley,Illinois,Representative,5,Female,No,Yes,No,03/17/2026,7.4%,Lost,,,,,,,,,,,,No,,No,,,Safe Dem,
Matthew Conroy,Illinois,Representative,5,Male,No,Yes,No,03/17/2026,25.0%,Lost,,,,,,,,,,,,No,,No,,,Safe Dem,
Anthony Michael Tamez,Illinois,Representative,5,Male,No,Yes,No,03/17/2026,2.9%,Lost,,,,,,,,,,,,No,,No,,,Safe Dem,
Mike Quigley,Illinois,Representative,5,Male,Yes,No,No,03/17/2026,64.8%,Won,,,,,,,,,,,,Yes,,Yes,,,Safe Dem,
Sean Casten,Illinois,Representative,6,Male,Yes,No,No,03/17/2026,75.8%,Won,,,,,,,,,,,,,,Yes,,,Safe Dem,
"Joseph ""Joey"" Ruzevich",Illinois,Representative,6,Male,No,Yes,No,03/17/2026,24.2%,Lost,,,,,,,,,,,,,,No,,,Safe Dem,
"Anthony Driver, Jr.",Illinois,Representative,7,Male,No,No,No,03/17/2026,11.6%,Lost,,,,,,Yes,,,,,,No,,No,,,Safe Dem,
Jazmin J. Robinson,Illinois,Representative,7,Female,No,No,No,03/17/2026,2.7%,Lost,,,,,,No,,,,,,No,,No,,,Safe Dem,
Jason Friedman,Illinois,Representative,7,Male,No,No,No,03/17/2026,7.4%,Lost,,,,,,No,,,,,,No,,Yes,,,Safe Dem,
Melissa Conyears-Ervin,Illinois,Representative,7,Female,No,No,No,03/17/2026,20.5%,Lost,,,,,,No,,,,,,Yes,,No,,,Safe Dem,
Anabel Mendoza,Illinois,Representative,7,Female,No,No,No,03/17/2026,5.5%,Lost,,,,,,No,,,,,,No,,No,,,Safe Dem,
Rory Hoskins,Illinois,Representative,7,Male,No,No,No,03/17/2026,1.9%,Lost,,,,,,No,,,,,,No,,No,,,Safe Dem,
Reed Showalter,Illinois,Representative,7,Male,No,No,No,03/17/2026,4.5%,Lost,,,,,,No,,,,,,No,,No,,,Safe Dem,
Richard R. Boykin,Illinois,Representative,7,Male,No,No,No,03/17/2026,4.1%,Lost,,,,,,No,,,,,,No,,Yes,,,Safe Dem,
Felix Tello,Illinois,Representative,7,Male,No,No,No,03/17/2026,0.4%,Lost,,,,,,No,,,,,,No,,No,,,Safe Dem,
David Ehrlich,Illinois,Representative,7,Male,No,No,No,03/17/2026,0.7%,Lost,,,,,,No,,,,,,No,,No,,,Safe Dem,
Thomas Fisher,Illinois,Representative,7,Male,No,No,No,03/17/2026,7.6%,Lost,,,,,,No,,,,,,No,,Yes,,,Safe Dem,
Kina Collins,Illinois,Representative,7,Female,No,No,No,03/17/2026,9.5%,Lost,,,,,,No,,,,,,No,,No,,,Safe Dem,
La Shawn K. Ford,Illinois,Representative,7,Male,No,No,No,03/17/2026,23.7%,Won,,,,,,No,,,,,,No,,Yes,,,Safe Dem,
Junaid Ahmed,Illinois,Representative,8,Male,No,No,No,03/17/2026,26.9%,Lost,,,Yes,,,Yes,Yes,Yes,Yes,Yes,,,No,,,,Safe Dem,
Yasmeen Bankole,Illinois,Representative,8,Female,No,No,No,03/17/2026,9.6%,Lost,,,No,,,No,No,No,No,No,,,No,,,,Safe Dem,
Sanjyot Dunung,Illinois,Representative,8,Female,No,No,No,03/17/2026,2.5%,Lost,,,No,,,No,No,No,No,No,,,No,,,,Safe Dem,
Melissa L. Bean,Illinois,Representative,8,Female,No,No,No,03/17/2026,31.6%,Won,,,No,,,No,No,No,No,No,,,Yes,,,,Safe Dem,
Neil Khot,Illinois,Representative,8,Male,No,No,No,03/17/2026,6.6%,Lost,,,No,,,No,No,No,No,No,,,No,,,,Safe Dem,
Kevin B. Morrison,Illinois,Representative,8,Male,No,No,No,03/17/2026,9.0%,Lost,,,No,,,No,No,No,No,No,,,No,,,,Safe Dem,
Dan Tully,Illinois,Representative,8,Male,No,No,No,03/17/2026,12.6%,Lost,,,No,,,No,No,No,No,No,,,No,,,,Safe Dem,
Ryan Vetticad,Illinois,Representative,8,Male,No,No,No,03/17/2026,1.1%,Lost,,,No,,,No,No,No,No,No,,,No,,,,Safe Dem,
Kat Abughazaleh,Illinois,Representative,9,Female,No,No,No,03/17/2026,26.3%,Lost,,,Yes,,,No,Yes,,No,,,,,No,,,Safe Dem,
Justin Ford,Illinois,Representative,9,Male,No,No,No,03/17/2026,0.6%,Lost,,,No,,,No,No,,No,,,,,No,,,Safe Dem,
Mike Simmons,Illinois,Representative,9,Male,No,No,No,03/17/2026,7.1%,Lost,,,No,,,No,No,,No,,,,,No,,,Safe Dem,
Bethany Johnson,Illinois,Representative,9,Female,No,No,No,03/17/2026,0.5%,Lost,,,No,,,No,No,,No,,,,,No,,,Safe Dem,
Jeff Cohen,Illinois,Representative,9,Male,No,No,No,03/17/2026,0.8%,Lost,,,No,,,No,No,,No,,,,,No,,,Safe Dem,
Phil Andrew,Illinois,Representative,9,Male,No,No,No,03/17/2026,6.1%,Lost,,,No,,,No,No,,No,,,,,No,,,Safe Dem,
Nick Pyati,Illinois,Representative,9,Male,No,No,No,03/17/2026,0.2%,Lost,,,No,,,No,No,,No,,,,,No,,,Safe Dem,
Sam Polan,Illinois,Representative,9,Male,No,No,No,03/17/2026,0.4%,Lost,,,No,,,No,No,,No,,,,,No,,,Safe Dem,
Howard Rosenblum,Illinois,Representative,9,Male,No,No,No,03/17/2026,0.2%,Lost,,,No,,,No,No,,No,,,,,No,,,Safe Dem,
Hoan Huynh,Illinois,Representative,9,Male,No,No,No,03/17/2026,1.8%,Lost,,,No,,,No,No,,No,,,,,No,,,Safe Dem,
Mark Arnold Fredrickson,Illinois,Representative,9,Male,No,No,No,03/17/2026,0.2%,Lost,,,No,,,No,No,,No,,,,,No,,,Safe Dem,
Bushra Amiwala,Illinois,Representative,9,Female,No,No,No,03/17/2026,5.1%,Lost,,,No,,,No,No,,No,,,,,No,,,Safe Dem,
Patricia A. Brown,Illinois,Representative,9,Female,No,No,No,03/17/2026,1.3%,Lost,,,No,,,No,No,,No,,,,,No,,,Safe Dem,
Laura Fine,Illinois,Representative,9,Female,No,No,No,03/17/2026,20.0%,Lost,,,No,,,No,No,,No,,,,,No,,,Safe Dem,
Daniel Biss,Illinois,Representative,9,Male,No,No,No,03/17/2026,29.4%,Won,,,No,,,Yes,No,,Yes,,,,,Yes,,,Safe Dem,
Morgan Coghill,Illinois,Representative,10,Male,No,Yes,No,03/17/2026,21.2%,Lost,,,,,,,,,,,,No,No,,,,Safe Dem,
Brad Schneider,Illinois,Representative,10,Male,Yes,No,No,03/17/2026,78.8%,Won,,,,,,,,,,,,Yes,Yes,,,,Safe Dem,
Bill Foster,Illinois,Representative,11,Male,Yes,No,Yes,03/17/2026,100.0%,Won,,,,,,,,,,,,,,Yes,,,Safe Dem,
Julie Fortier,Illinois,Representative,12,Female,No,No,Yes,03/17/2026,100.0%,Won,,,,,,,,,,,,,,,,,Safe Rep,
Nikki Budzinski,Illinois,Representative,13,Female,Yes,No,No,03/17/2026,75.1%,Won,,,,,,,,,,,,Yes,Yes,Yes,,,Safe Dem,
Dylan Blaha,Illinois,Representative,13,Male,No,Yes,No,03/17/2026,24.9%,Lost,,,,,,,,,,,,No,No,No,,,Safe Dem,
Lauren Underwood,Illinois,Representative,14,Female,Yes,No,Yes,03/17/2026,100.0%,Won,,,,,,,,,,,,,,,,,Safe Dem,
Randy Raley,Illinois,Representative,15,Male,No,No,No,03/17/2026,11.4%,Lost,,,,,,,,,,,,,,,,,Safe Rep,
Jennifer Todd,Illinois,Representative,15,Female,No,No,No,03/17/2026,45.7%,Won,,,,,,,,,,,,,,,,,Safe Rep,
Paul Davis,Illinois,Representative,15,Male,No,No,No,03/17/2026,33.7%,Lost,,,,,,,,,,,,,,,,,Safe Rep,
Kyle Nudo,Illinois,Representative,15,Male,No,No,No,03/17/2026,9.1%,Lost,,,,,,,,,,,,,,,,,Safe Rep,
Paul Nolley,Illinois,Representative,16,Male,No,No,Yes,03/17/2026,100.0%,Won,,,,,,,,,,,,,,,,,Safe Rep,
Eric Sorensen,Illinois,Representative,17,Male,Yes,No,Yes,03/17/2026,100.0%,Won,,,,,,,,,,,,Yes,Yes,Yes,,,Safe Dem,
Kevin Ryan,Illinois,Senate,,Male,No,No,No,03/17/2026,4.9%,Lost,,,,,,,,,No,,,,,,No,,Safe Dem,
Robin Kelly,Illinois,Senate,,Female,No,No,No,03/17/2026,18.3%,Lost,,,,,,,,,No,,,,,,No,,Safe Dem,
Awisi A. Bustos,Illinois,Senate,,Female,No,No,No,03/17/2026,0.6%,Lost,,,,,,,,,No,,,,,,No,,Safe Dem,
Raja Krishnamoorthi,Illinois,Senate,,Male,No,No,No,03/17/2026,32.7%,Lost,,,,,,,,,No,,,,,,No,,Safe Dem,
"Steve Botsford, Jr.",Illinois,Senate,,Male,No,No,No,03/17/2026,0.4%,Lost,,,,,,,,,No,,,,,,No,,Safe Dem,
Christopher Swann,Illinois,Senate,,Male,No,No,No,03/17/2026,0.6%,Lost,,,,,,,,,No,,,,,,No,,Safe Dem,
Bryan Maxwell,Illinois,Senate,,Male,No,No,No,03/17/2026,0.8%,Lost,,,,,,,,,No,,,,,,No,,Safe Dem,
Jonathan Dean,Illinois,Senate,,Male,No,No,No,03/17/2026,0.5%,Lost,,,,,,,,,No,,,,,,No,,Safe Dem,
Sean Brown,Illinois,Senate,,Male,No,No,No,03/17/2026,0.7%,Lost,,,,,,,,,No,,,,,,No,,Safe Dem,
Juliana Stratton,Illinois,Senate,,Female,No,No,No,03/17/2026,40.4%,Won,,,,,,,,,Yes,,,,,,Yes,,Safe Dem,
Frank J. Mrvan,Indiana,Representative,1,Male,Yes,No,No,05/05/2026,80.2%,Won,,,,,,,,,,,,Yes,,,,Yes,Safe Dem,
LaVetta Sparks-Wade,Indiana,Representative,1,Female,No,Yes,No,05/05/2026,19.8%,Lost,,,,,,,,,,,,,,,,No,Safe Dem,
Shaun Michael Maeyens,Indiana,Representative,2,Male,No,No,No,05/05/2026,27.9%,Lost,,,,,,,,,,,,,,,,,Safe Rep,
Jamee Decio,Indiana,Representative,2,Female,No,No,No,05/05/2026,72.1%,Won,,,,,,,,,,,,,,,,,Safe Rep,
Kelly Thompson,Indiana,Representative,3,Female,No,No,Yes,05/05/2026,100.0%,Won,,,,,,,,,,,,,,,,,Safe Rep,
Drew Cox,Indiana,Representative,4,Male,No,No,No,05/05/2026,30.4%,Won,,,,,,,,,,,,,,,,,Safe Rep,
Roger D. Day,Indiana,Representative,4,Male,No,No,No,05/05/2026,6.1%,Lost,,,,,,,,,,,,,,,,,Safe Rep,
Darin Patrick Griesey,Indiana,Representative,4,Male,No,No,No,05/05/2026,6.9%,Lost,,,,,,,,,,,,,,,,,Safe Rep,
"Thomas D. Hall, Jr.",Indiana,Representative,4,Male,No,No,No,05/05/2026,6.6%,Lost,,,,,,,,,,,,,,,,,Safe Rep,
Joe Mackey,Indiana,Representative,4,Male,No,No,No,05/05/2026,22.8%,Lost,,,,,,,,,,,,,,,,,Safe Rep,
Jayden McCash,Indiana,Representative,4,Male,No,No,No,05/05/2026,7.9%,Lost,,,,,,,,,,,,,,,,,Safe Rep,
Paul McPherson,Indiana,Representative,4,Male,No,No,No,05/05/2026,12.6%,Lost,,,,,,,,,,,,,,,,,Safe Rep,
John Phillip Whetstone,Indiana,Representative,4,Male,No,No,No,05/05/2026,6.8%,Lost,,,,,,,,,,,,,,,,,Safe Rep,
Steven Avitabile Avit,Indiana,Representative,5,Male,No,No,No,05/05/2026,2.5%,Lost,,,,,,,,,,,,,,,,,Likely Rep,
J.D. Ford,Indiana,Representative,5,Male,No,No,No,05/05/2026,42.5%,Won,,,,,,,,,,,,,,,,,Likely Rep,
Tara Nelson,Indiana,Representative,5,Female,No,No,No,05/05/2026,13.5%,Lost,,,,,,,,,,,,,,,,,Likely Rep,
Deborah A Pickett,Indiana,Representative,5,Female,No,No,No,05/05/2026,14.1%,Lost,,,,,,,,,,,,,,,,,Likely Rep,
Jackson Franklin,Indiana,Representative,5,Male,No,No,No,05/05/2026,17.0%,Lost,,,,,,,,,,,,,,,,,Likely Rep,
Phil Goss,Indiana,Representative,5,Male,No,No,No,05/05/2026,3.0%,Lost,,,,,,,,,,,,,,,,,Likely Rep,
Dylan McKenna,Indiana,Representative,5,Male,No,No,No,05/05/2026,7.5%,Lost,,,,,,,,,,,,,,,,,Likely Rep,
William Kory Amyx,Indiana,Representative,6,Male,No,No,No,05/05/2026,15.7%,Lost,,,,,,,,,,,,,,,,,Safe Rep,
Nicholas Frederick Baker,Indiana,Representative,6,Male,No,No,No,05/05/2026,13.5%,Lost,,,,,,,,,,,,,,,,,Safe Rep,
Cynthia (Cinde) Wirth,Indiana,Representative,6,Female,No,No,No,05/05/2026,58.7%,Won,,,,,,,,,,,,,,,,,Safe Rep,
David Lawrence Boyd,Indiana,Representative,6,Male,No,No,No,05/05/2026,12.2%,Lost,,,,,,,,,,,,,,,,,Safe Rep,
Denise Paul Hatch,Indiana,Representative,7,Female,No,Yes,No,05/05/2026,3.7%,Lost,,,,,,No,,,,,,,,No,,,Safe Dem,
Destiny Wells,Indiana,Representative,7,Female,No,Yes,No,05/05/2026,23.4%,Lost,,,,,,No,,,,,,,,No,,,Safe Dem,
George Hornedo,Indiana,Representative,7,Male,No,Yes,No,05/05/2026,10.5%,Lost,,,,,,No,,,,,,,,No,,,Safe Dem,
André Carson,Indiana,Representative,7,Male,Yes,No,No,05/05/2026,62.4%,Won,,,,,,Yes,,,,,,,,Yes,,,Safe Dem,
Tabitha Zeigler,Indiana,Representative,8,Female,No,No,No,05/05/2026,15.3%,Lost,,,,,,,,,,,,,,,,,Safe Rep,
Mario Foradori,Indiana,Representative,8,Male,No,No,No,05/05/2026,6.2%,Lost,,,,,,,,,,,,,,,,,Safe Rep,
Mary Allen,Indiana,Representative,8,Female,No,No,No,05/05/2026,66.7%,Won,,,,,,,,,,,,,,,,,Safe Rep,
Christopher Rector,Indiana,Representative,8,Male,No,No,No,05/05/2026,11.8%,Lost,,,,,,,,,,,,,,,,,Safe Rep,
James H. (Jim) Graham,Indiana,Representative,9,Male,No,No,No,05/05/2026,17.3%,Lost,,,,,,,,,,,,,,,,,Safe Rep,
Brad A. Meyer,Indiana,Representative,9,Male,No,No,No,05/05/2026,37.9%,Won,,,,,,,,,,,,,,,,,Safe Rep,
Tim Peck,Indiana,Representative,9,Male,No,No,No,05/05/2026,33.1%,Lost,,,,,,,,,,,,,,,,,Safe Rep,
Keil L. Roark,Indiana,Representative,9,Male,No,No,No,05/05/2026,11.7%,Lost,,,,,,,,,,,,,,,,,Safe Rep,
Amy Acton,Ohio,Governor,,Female,No,No,Yes,05/05/2026,100.0%,Won,,,,,,,,,,,,,,,Yes,,,Toss-Up
Damon Lynch IV,Ohio,Representative,1,Male,No,Yes,No,05/05/2026,32.1%,Lost,,,,,,,,,,,,No,No,,,No,Likely Dem,
Greg Landsman,Ohio,Representative,1,Male,Yes,No,No,05/05/2026,67.9%,Won,,,,,,,,,,,,Yes,Yes,,,Yes,Likely Dem,
Jen Mazzuckelli,Ohio,Representative,2,Female,No,No,No,05/05/2026,53.3%,Won,,,,,,,,,,,,,,,,,Safe Rep,
Todd Wilson,Ohio,Representative,2,Male,No,No,No,05/05/2026,46.7%,Lost,,,,,,,,,,,,,,,,,Safe Rep,
Joe Gerard,Ohio,Representative,3,Male,No,Yes,No,05/05/2026,20.7%,Lost,,,,,,,,,,,,No,No,,,,Safe Dem,
Joyce Beatty,Ohio,Representative,3,Female,Yes,No,No,05/05/2026,79.3%,Won,,,,,,,,,,,,Yes,Yes,,,,Safe Dem,
Joshua D. Kolasinski,Ohio,Representative,4,Male,No,No,Yes,05/05/2026,100.0%,Won,,,,,,,,,,,,,,,,,Safe Rep,
Daniel John Burket,Ohio,Representative,5,Male,No,No,No,05/05/2026,24.4%,Lost,,,,,,,,,,,,,,,,,Safe Rep,
Martin M. Heberling III,Ohio,Representative,5,Male,No,No,No,05/05/2026,25.8%,Lost,,,,,,,,,,,,,,,,,Safe Rep,
Brian A. Shaver,Ohio,Representative,5,Male,No,No,No,05/05/2026,28.7%,Won,,,,,,,,,,,,,,,,,Safe Rep,
Scott E. Tabor,Ohio,Representative,5,Male,No,No,No,05/05/2026,21.1%,Lost,,,,,,,,,,,,,,,,,Safe Rep,
Adrian Vitus,Ohio,Representative,6,Male,No,No,No,05/05/2026,22.0%,Lost,,,,,Yes,,,,,,,,,,,,Safe Rep,
Sean Connolly,Ohio,Representative,6,Male,No,No,No,05/05/2026,20.6%,Lost,,,,,No,,,,,,,,,,,,Safe Rep,
Charles DiPalma,Ohio,Representative,6,Male,No,No,No,05/05/2026,7.2%,Lost,,,,,No,,,,,,,,,,,,Safe Rep,
Brent Hanni,Ohio,Representative,6,Male,No,No,No,05/05/2026,9.6%,Lost,,,,,No,,,,,,,,,,,,Safe Rep,
Malcolm Ritchie,Ohio,Representative,6,Male,No,No,No,05/05/2026,9.0%,Lost,,,,,No,,,,,,,,,,,,Safe Rep,
Elizabeth Kirtley,Ohio,Representative,6,Female,No,No,No,05/05/2026,31.5%,Won,,,,,No,,,,,,,,,,,,Safe Rep,
Brian Poindexter,Ohio,Representative,7,Male,No,No,No,05/05/2026,37.0%,Won,,,,,Yes,Yes,,Yes,,,,,,,,,Lean Dem,
John R. Butchko,Ohio,Representative,7,Male,No,No,No,05/05/2026,1.5%,Lost,,,,,No,No,,No,,,,,,,,,Lean Dem,
Michael Eisner,Ohio,Representative,7,Male,No,No,No,05/05/2026,11.8%,Lost,,,,,No,No,,No,,,,,,,,,Lean Dem,
Ann Marie Donegan,Ohio,Representative,7,Female,No,No,No,05/05/2026,10.5%,Lost,,,,,No,No,,No,,,,,,,,,Lean Dem,
Laura Rodriguez-Carbone,Ohio,Representative,7,Female,No,No,No,05/05/2026,12.3%,Lost,,,,,No,No,,No,,,,,,,,,Lean Dem,
Ed Fitzgerald,Ohio,Representative,7,Male,No,No,No,05/05/2026,21.6%,Lost,,,,,No,No,,No,,,,,,,,,Lean Dem,
Keith Mundy,Ohio,Representative,7,Male,No,No,No,05/05/2026,1.1%,Lost,,,,,No,No,,No,,,,,,,,,Lean Dem,
Scott Schulz,Ohio,Representative,7,Male,No,No,No,05/05/2026,4.3%,Lost,,,,,No,No,,No,,,,,,,,,Lean Dem,
Vanessa Enoch,Ohio,Representative,8,Female,No,No,No,05/05/2026,74.5%,Won,,,,,,,,,,,,,,,,,Likely Rep,
Madaris Grant,Ohio,Representative,8,Male,No,No,No,05/05/2026,25.5%,Lost,,,,,,,,,,,,,,,,,Likely Rep,
Marcy Kaptur,Ohio,Representative,9,Female,Yes,No,Yes,05/05/2026,100.0%,Won,,,,,,,,,,,,,,Yes,,Yes,Lean Dem,
David Esrati,Ohio,Representative,10,Male,No,No,No,05/05/2026,12.8%,Lost,,,,,,,,,,,,,,,No,,Lean Rep,
Manuel Foggie,Ohio,Representative,10,Male,No,No,No,05/05/2026,8.0%,Lost,,,,,,,,,,,,,,,No,,Lean Rep,
Jan Kinner,Ohio,Representative,10,Male,No,No,No,05/05/2026,12.3%,Lost,,,,,,,,,,,,,,,No,,Lean Rep,
Tony Pombo,Ohio,Representative,10,Male,No,No,No,05/05/2026,8.3%,Lost,,,,,,,,,,,,,,,No,,Lean Rep,
Kristina Knickerbocker,Ohio,Representative,10,Female,No,No,No,05/05/2026,32.7%,Won,,,,,,,,,,,,,,,Yes,,Lean Rep,
Janice C. Beckett,Ohio,Representative,10,Female,No,No,No,05/05/2026,25.9%,Lost,,,,,,,,,,,,,,,No,,Lean Rep,
Shontel Brown,Ohio,Representative,11,Female,Yes,No,No,05/05/2026,85.5%,Won,,,,,,Yes,,,,,,Yes,Yes,,,,Safe Dem,
Ardelia Holmes,Ohio,Representative,11,Female,No,Yes,No,05/05/2026,7.9%,Lost,,,,,,No,,,,,,No,No,,,,Safe Dem,
Sean Freeman,Ohio,Representative,11,Male,No,Yes,No,05/05/2026,6.6%,Lost,,,,,,No,,,,,,No,No,,,,Safe Dem,
Jerrad Christian,Ohio,Representative,12,Male,No,No,No,05/05/2026,46.4%,Won,,,,,,,,,,,,,,,,,Safe Rep,
Daniel Crawford,Ohio,Representative,12,Male,No,No,No,05/05/2026,33.6%,Lost,,,,,,,,,,,,,,,,,Safe Rep,
Jason Reynard,Ohio,Representative,12,Male,No,No,No,05/05/2026,20.1%,Lost,,,,,,,,,,,,,,,,,Safe Rep,
Emilia Sykes,Ohio,Representative,13,Female,Yes,No,Yes,05/05/2026,100.0%,Won,,,,,,,,,,,,Yes,Yes,Yes,Yes,Yes,Safe Dem,
Maria Jukic,Ohio,Representative,14,Female,No,No,No,05/05/2026,50.8%,Won,,,,,,,,,,,,,,,,,Safe Rep,
Bill O'Neill,Ohio,Representative,14,Male,No,No,No,05/05/2026,35.8%,Lost,,,,,,,,,,,,,,,,,Safe Rep,
Carl Setzer,Ohio,Representative,14,Male,No,No,No,05/05/2026,13.4%,Lost,,,,,,,,,,,,,,,,,Safe Rep,
Don Leonard,Ohio,Representative,15,Male,No,No,No,05/05/2026,52.9%,Won,,,,,,,,,,,,,,,,,Toss-Up,
Adam C. Miller,Ohio,Representative,15,Male,No,No,No,05/05/2026,47.1%,Lost,,,,,,,,,,,,,,,,,Toss-Up,
Ron Kincaid,Ohio,Senate,,Male,No,No,No,05/05/2026,10.6%,Lost,,,,,,,,,,,,,,No,,No,Lean Dem,
Sherrod Brown,Ohio,Senate,,Male,No,No,No,05/05/2026,89.4%,Won,,,,,,,,,,,,,,Yes,,Yes,Lean Dem,
"Nicholas ""Nick"" Albares",Louisiana,Senate,,Male,No,No,No,05/16/2026,26.3%,Lost,,,,,,,,,,,,,,,,,Likely Rep,
Gary Crockett,Louisiana,Senate,,Male,No,No,No,05/16/2026,26.2%,Advanced,20.1%,Lost,,,,,,,,,,,,,,,Likely Rep,
"""Jamie"" Davis",Louisiana,Senate,,Male,No,No,No,05/16/2026,47.4%,Advanced,79.9%,Won,,,,,,,,,,,,,,,Likely Rep,
Larry Marvin,Nebraska,Governor,,Male,No,No,No,05/12/2026,8.5%,Lost,,,,,,,,,,,,,,,,,,Safe Rep
Lynne Walz,Nebraska,Governor,,Female,No,No,No,05/12/2026,91.5%,Won,,,,,,,,,,,,,,,,,,Safe Rep
Eric Moyer,Nebraska,Representative,1,Male,No,No,No,05/12/2026,42.4%,Lost,,,,,,,,,,,,,,,,,Lean Rep,
Chris Backemeyer,Nebraska,Representative,1,Male,No,No,No,05/12/2026,57.6%,Won,,,,,,,,,,,,,,,,,Lean Rep,
John Cavanaugh,Nebraska,Representative,2,Male,No,No,No,05/12/2026,36.4%,Lost,,,,,,Yes,,,,,,,,Yes,No,,Safe Dem,
Van Argyrakis,Nebraska,Representative,2,Male,No,No,No,05/12/2026,0.3%,Lost,,,,,,No,,,,,,,,No,No,,Safe Dem,
Denise Powell,Nebraska,Representative,2,Female,No,No,No,05/12/2026,38.8%,Won,,,,,,No,,,,,,,,No,Yes,,Safe Dem,
Crystal Rhoades,Nebraska,Representative,2,Female,No,No,No,05/12/2026,14.1%,Lost,,,,,,No,,,,,,,,No,No,,Safe Dem,
Kishla Askins,Nebraska,Representative,2,Female,No,No,No,05/12/2026,6.0%,Lost,,,,,,No,,,,,,,,No,No,,Safe Dem,
Melanie Williams,Nebraska,Representative,2,Female,No,No,No,05/12/2026,3.8%,Lost,,,,,,No,,,,,,,,No,No,,Safe Dem,
James Leuschen,Nebraska,Representative,2,Male,No,No,No,05/12/2026,0.6%,Lost,,,,,,No,,,,,,,,No,No,,Safe Dem,
Becky Kelly Stille,Nebraska,Representative,3,Female,No,No,Yes,05/12/2026,100.0%,Won,,,,,,,,,,,,,,,,,Safe Rep,
William J. Forbes,Nebraska,Senate,,Male,No,No,No,05/12/2026,10.5%,Lost,,,,,,,,,,,,,,,,,Likely Rep,
Cindy Burbank,Nebraska,Senate,,Female,No,No,No,05/12/2026,89.6%,Won,,,,,,,,,,,,,,,,,Likely Rep,
Vince George,West Virginia,Representative,1,Male,No,No,No,05/12/2026,53.0%,Won,,,,,,,,,,,,,,,,,Safe Rep,
"Britta ""Brit"" Aguirre",West Virginia,Representative,1,Female,No,No,No,05/12/2026,47.1%,Lost,,,,,,,,,,,,,,,,,Safe Rep,
Stephanie Spears Tomana,West Virginia,Representative,2,Female,No,No,No,05/12/2026,37.9%,Lost,,,,,,,,,,,,,,,,,Safe Rep,
Ace Parsi,West Virginia,Representative,2,Male,No,No,No,05/12/2026,39.8%,Won,,,,,,,,,,,,,,,,,Safe Rep,
Steven Wendelin,West Virginia,Representative,2,Male,No,No,No,05/12/2026,22.4%,Lost,,,,,,,,,,,,,,,,,Safe Rep,
Thornton Cooper,West Virginia,Senate,,Male,No,No,No,05/12/2026,12.7%,Lost,,,,,,,,,,,,,,,,,Safe Rep,
Jeffrey V. Kessler,West Virginia,Senate,,Male,No,No,No,05/12/2026,27.0%,Lost,,,,,,,,,,,,,,,,,Safe Rep,
Rio Phillips,West Virginia,Senate,,Male,No,No,No,05/12/2026,11.0%,Lost,,,,,,,,,,,,,,,,,Safe Rep,
Rachel Fetty Anderson,West Virginia,Senate,,Female,No,No,No,05/12/2026,33.2%,Won,,,,,,,,,,,,,,,,,Safe Rep,
Zachary Shrewsbury,West Virginia,Senate,,Male,No,No,No,05/12/2026,16.2%,Lost,,,,,,,,,,,,,,,,,Safe Rep,
Will Boyd,Alabama,Governor,,Male,No,No,No,05/19/2026,9.7%,Lost,,,,,,,,,,,,,,,,,,Safe Rep
Jamel J. Brown,Alabama,Governor,,Male,No,No,No,05/19/2026,4.4%,Lost,,,,,,,,,,,,,,,,,,Safe Rep
Doug Jones,Alabama,Governor,,Male,No,No,No,05/19/2026,78.6%,Won,,,,,,,,,,,,,,,,,,Safe Rep
Chad Chig Martin,Alabama,Governor,,Male,No,No,No,05/19/2026,1.6%,Lost,,,,,,,,,,,,,,,,,,Safe Rep
"Nathan ""Nate"" Mathis",Alabama,Governor,,Male,No,No,No,05/19/2026,0.8%,Lost,,,,,,,,,,,,,,,,,,Safe Rep
Yolanda Rochelle Flowers,Alabama,Governor,,Female,No,No,No,05/19/2026,5.0%,Lost,,,,,,,,,,,,,,,,,,Safe Rep
Lee McInnis,Alabama,Representative,3,Male,No,No,Yes,05/19/2026,100.0%,Won,,,,,,,,,,,,,,,,,Safe Rep,
Amanda N. Pusczek,Alabama,Representative,4,Female,No,No,No,05/19/2026,62.8%,Won,,,,,,,,,,,,,,,,,Safe Rep,
Shane Weaver,Alabama,Representative,4,Male,No,No,No,05/19/2026,37.2%,Lost,,,,,,,,,,,,,,,,,Safe Rep,
Jeremy Devito,Alabama,Representative,5,Male,No,No,No,05/19/2026,22.3%,Lost,,,,,,,,,,,,,,,,,Safe Rep,
Candice Dollar Duvieilh,Alabama,Representative,5,Female,No,No,No,05/19/2026,35.7%,Advanced,21.6%,Lost ,,,,,,,,,,,,,,,Safe Rep,
Andrew Sneed,Alabama,Representative,5,Male,No,No,No,05/19/2026,42.0%,Advanced,78.4%,Won,,,,,,,,,,,,,,,Safe Rep,
Dakarai Larriett,Alabama,Senate,,Male,No,No,No,05/19/2026,29.1%,Advanced,45.4%,Lost,,,,,,,,,,,,,,,Safe Rep,
Kyle Sweetser,Alabama,Senate,,Male,No,No,No,05/19/2026,13.9%,Lost,,,,,,,,,,,,,,,,,Safe Rep,
Everett Wess,Alabama,Senate,,Male,No,No,No,05/19/2026,39.6%,Advanced,54.6%,Won,,,,,,,,,,,,,,,Safe Rep,
Mark S. Wheeler II,Alabama,Senate,,Male,No,No,No,05/19/2026,17.4%,Lost,,,,,,,,,,,,,,,,,Safe Rep,
Derrick L Jackson,Georgia,Governor,,Male,No,No,No,05/19/2026,2.3%,Lost,,,,,,,,,,,,,,,No,,,Toss-Up
Geoffrey Lynn Duncan Jr,Georgia,Governor,,Male,No,No,No,05/19/2026,7.0%,Lost,,,,,,,,,,,,,,,No,,,Toss-Up
Jason Fernando Esteves,Georgia,Governor,,Male,No,No,No,05/19/2026,18.7%,Lost,,,,,,,,,,,,,,,No,,,Toss-Up
Keisha R Lance Bottoms,Georgia,Governor,,Female,No,No,No,05/19/2026,56.2%,Won,,,,,,,,,,,,,,,Yes,,,Toss-Up
"Michael ""Mike"" Thurmond",Georgia,Governor,,Male,No,No,No,05/19/2026,12.9%,Lost,,,,,,,,,,,,,,,No,,,Toss-Up
Amanda Duffy,Georgia,Governor,,Female,No,No,No,05/19/2026,1.7%,Lost,,,,,,,,,,,,,,,No,,,Toss-Up
Olu Brown,Georgia,Governor,,Male,No,No,No,05/19/2026,1.1%,Lost,,,,,,,,,,,,,,,No,,,Toss-Up
Amanda Hollowell,Georgia,Representative,1,Female,No,No,No,05/19/2026,24.7%,Advanced,53.0%,Won,,,Yes,,,,,,,,,,,,Likely Rep,
Defonsio Daniels,Georgia,Representative,1,Male,No,No,No,05/19/2026,9.4%,Lost,,,,,No,,,,,,,,,,,,Likely Rep,
Patrick J Wilver,Georgia,Representative,1,Male,No,No,No,05/19/2026,7.0%,Lost,,,,,No,,,,,,,,,,,,Likely Rep,
Sharon Stokes Williamson,Georgia,Representative,1,Female,No,No,No,05/19/2026,14.9%,Lost,,,,,No,,,,,,,,,,,,Likely Rep,
Joyce Marie Griggs,Georgia,Representative,1,Female,No,No,No,05/19/2026,34.5%,Advanced,47.0%,Lost,,,No,,,,,,,,,,,,Likely Rep,
Joey Palimeno,Georgia,Representative,1,Male,No,No,No,05/19/2026,1.5%,Lost,,,,,No,,,,,,,,,,,,Likely Rep,
Randy Zurcher,Georgia,Representative,1,Male,No,No,No,05/19/2026,2.7%,Lost,,,,,No,,,,,,,,,,,,Likely Rep,
Michael McCord,Georgia,Representative,1,Male,No,No,No,05/19/2026,5.5%,Lost,,,,,No,,,,,,,,,,,,Likely Rep,
Sanford Dixon Bishop Jr,Georgia,Representative,2,Male,Yes,No,Yes,05/19/2026,100.0%,Won,,,,,,,,,,,,,,,,,Safe Dem,
Maura Kathleen Keller,Georgia,Representative,3,Female,No,No,No,05/19/2026,60.8%,Won,,,,,,,,,,,,,,,,,Safe Rep,
George Melville Johnson,Georgia,Representative,3,Male,No,No,No,05/19/2026,39.2%,Lost,,,,,,,,,,,,,,,,,Safe Rep,
Ansel Postell,Georgia,Representative,4,Male,No,Yes,No,05/19/2026,11.7%,Lost,,,,,,No,,,,,,,,No,,,Safe Dem,
Ben Truman,Georgia,Representative,4,Male,No,Yes,No,05/19/2026,9.1%,Lost,,,,,,No,,,,,,,,No,,,Safe Dem,
"Henry Calvin ""Hank"" Johnson Jr",Georgia,Representative,4,Male,Yes,No,No,05/19/2026,79.3%,Won,,,,,,Yes,,,,,,,,Yes,,,Safe Dem,
Arnetress Elaine Beatty,Georgia,Representative,5,Female,No,Yes,No,05/19/2026,12.0%,Lost,,,,,,No,,,,,,No,,No,,,Safe Dem,
Nikema Williams,Georgia,Representative,5,Female,Yes,No,No,05/19/2026,88.0%,Won,,,,,,Yes,,,,,,Yes,,Yes,,,Safe Dem,
Lucy McBath,Georgia,Representative,6,Female,Yes,No,Yes,05/19/2026,100.0%,Won,,,,,,,,,,,,Yes,Yes,,,,Safe Dem,
Case Norton,Georgia,Representative,7,Male,No,No,No,05/19/2026,22.3%,Advanced,32.3%,Lost,,,,,,,,,,,,,,,Safe Rep,
Jayson Toweh,Georgia,Representative,7,Male,No,No,No,05/19/2026,19.0%,Lost,,,,,,,,,,,,,,,,,Safe Rep,
Larry D Long,Georgia,Representative,7,Male,No,No,No,05/19/2026,18.8%,Lost,,,,,,,,,,,,,,,,,Safe Rep,
Tony Kozycki,Georgia,Representative,7,Male,No,No,No,05/19/2026,40.0%,Advanced,67.7%,Won,,,,,,,,,,,,,,,Safe Rep,
Justin M. Lucas,Georgia,Representative,8,Male,No,No,No,05/19/2026,46.5%,Lost,,,,,,,,,,,,,,,,,Safe Rep,
Kelly Esti,Georgia,Representative,8,Male,No,No,No,05/19/2026,53.5%,Won,,,,,,,,,,,,,,,,,Safe Rep,
Nick Alex,Georgia,Representative,9,Male,No,No,No,05/19/2026,40.0%,Lost,,,,,,,,,,,,,,,,,Safe Rep,
Caitlyn Gegen,Georgia,Representative,9,Female,No,No,No,05/19/2026,60.0%,Won,,,,,,,,,,,,,,,,,Safe Rep,
"Pamela ""Pam"" Delancy",Georgia,Representative,10,Female,No,No,No,05/19/2026,54.4%,Won,,,,,,,,,,,,,,,,,Safe Rep,
"Alexandra ""Lexy"" Doherty",Georgia,Representative,10,Female,No,No,No,05/19/2026,39.3%,Lost,,,,,,,,,,,,,,,,,Safe Rep,
John B. Dority,Georgia,Representative,10,Male,No,No,No,05/19/2026,6.2%,Lost,,,,,,,,,,,,,,,,,Safe Rep,
Barry Wolfert,Georgia,Representative,11,Male,No,No,No,05/19/2026,25.2%,Lost,,,,,,,,,,,,,,,,,Safe Rep,
Chris Harden,Georgia,Representative,11,Male,No,No,No,05/19/2026,74.8%,Won,,,,,,,,,,,,,,,,,Safe Rep,
Chris Stephens,Georgia,Representative,12,Male,No,No,No,05/19/2026,10.7%,Lost,,,,,,,,,,,,,,,,,Likely Rep,
Ceretta Smith,Georgia,Representative,12,Female,No,No,No,05/19/2026,32.8%,Advanced,55.8%,Won,,,,,,,,,,,,,,,Likely Rep,
Traci George,Georgia,Representative,12,Female,No,No,No,05/19/2026,26.7%,Advanced,44.2%,Lost,,,,,,,,,,,,,,,Likely Rep,
Brianna Woodson,Georgia,Representative,12,Female,No,No,No,05/19/2026,18.7%,Lost,,,,,,,,,,,,,,,,,Likely Rep,
Tracell Peace-Nichols,Georgia,Representative,12,Female,No,No,No,05/19/2026,11.2%,Lost,,,,,,,,,,,,,,,,,Likely Rep,
Heavenly Elaine Kimes,Georgia,Representative,13,Female,No,No,No,05/19/2026,21.5%,Lost,,,,No,,,,,,,,,,No,,,Safe Dem,
Emanuel D Jones,Georgia,Representative,13,Male,No,No,No,05/19/2026,7.5%,Lost,,,,No,,,,,,,,,,No,,,Safe Dem,
Everton Blair,Georgia,Representative,13,Male,No,No,No,05/19/2026,11.6%,Lost,,,,No,,,,,,,,,,No,,,Safe Dem,
Jeff Fauntleroy Sr.,Georgia,Representative,13,Male,No,No,No,05/19/2026,1.4%,Lost,,,,No,,,,,,,,,,,,,Safe Dem,
Joe N. Lester,Georgia,Representative,13,Male,No,No,No,05/19/2026,1.9%,Lost,,,,No,,,,,,,,,,No,,,Safe Dem,
Jasmine Clark,Georgia,Representative,13,Female,No,No,No,05/19/2026,56.1%,Won,,,,Yes,,,,,,,,,,Yes,,,Safe Dem,
Shawn Andre Harris,Georgia,Representative,14,Male,No,No,Yes,05/19/2026,100.0%,Won,,,,,,,,,,,,,,,,,Safe Rep,
Jon Ossoff,Georgia,Senate,,Male,Yes,No,Yes,05/19/2026,100.0%,Won,,,,,,,,,,,,,,Yes,,,Safe Dem,
Chanelle Torrez,Idaho,Governor,,Female,No,No,No,05/19/2026,7.1%,Lost,,,,,,,,,,,,,,,,,,Safe Rep
Terri Pickens,Idaho,Governor,,Female,No,No,No,05/19/2026,61.4%,Won,,,,,,,,,,,,,,,,,,Safe Rep
Jill C. Kirkham,Idaho,Governor,,Female,No,No,No,05/19/2026,17.0%,Lost,,,,,,,,,,,,,,,,,,Safe Rep
Maxine Durand,Idaho,Governor,,Female,No,No,No,05/19/2026,14.5%,Lost,,,,,,,,,,,,,,,,,,Safe Rep
Kenneth Brungardt,Idaho,Representative,1,Male,No,No,No,05/19/2026,12.9%,Lost,,,,,,,,,,,,,,,,,Safe Rep,
Kaylee Peterson,Idaho,Representative,1,Female,No,No,No,05/19/2026,87.1%,Won,,,,,,,,,,,,,,,,,Safe Rep,
Ellie Gilbreath,Idaho,Representative,2,Female,No,No,No,05/19/2026,72.5%,Won,,,,,,,,,,,,,,,,,Safe Rep,
Julie Wiley,Idaho,Representative,2,Female,No,No,No,05/19/2026,27.5%,Lost,,,,,,,,,,,,,,,,,Safe Rep,
Brad Moore,Idaho,Senate,,Male,No,No,No,05/19/2026,31.1%,Lost,,,,,,,,,,,,,,,,,Likely Rep,
David Roth,Idaho,Senate,,Male,No,No,No,05/19/2026,61.9%,Won,,,,,,,,,,,,,,,,,Likely Rep,
Nickolas 007 Bonds,Idaho,Senate,,Male,No,No,No,05/19/2026,7.0%,Lost,,,,,,,,,,,,,,,,,Likely Rep,
John (Drew) Williams,Kentucky,Representative,1,Male,No,No,Yes,05/19/2026,100.0%,Won,,,,,,,,,,,,,,,,,Safe Rep,
William Dakota Compton,Kentucky,Representative,2,Male,No,No,No,05/19/2026,17.8%,Lost,,,,,,,,,,,,,,,,,Safe Rep,
Megan Wingfield,Kentucky,Representative,2,Female,No,No,No,05/19/2026,40.7%,Won,,,,,,,,,,,,,,,,,Safe Rep,
David S Hatfield,Kentucky,Representative,2,Male,No,No,No,05/19/2026,20.6%,Lost,,,,,,,,,,,,,,,,,Safe Rep,
Hank Linderman,Kentucky,Representative,2,Male,No,No,No,05/19/2026,20.9%,Lost,,,,,,,,,,,,,,,,,Safe Rep,
Morgan McGarvey,Kentucky,Representative,3,Male,Yes,No,Yes,05/19/2026,100.0%,Won,,,,,,Yes,,,,,,,,,,,Safe Dem,
Melissa Claire Strange,Kentucky,Representative,4,Female,No,No,No,05/19/2026,72.4%,Won,,,,,,,,,,,,,,,,,Safe Rep,
Jesse Russell Brewer,Kentucky,Representative,4,Male,No,No,No,05/19/2026,27.6%,Lost,,,,,,,,,,,,,,,,,Safe Rep,
Ned Pillersdorf,Kentucky,Representative,5,Male,No,No,Yes,05/19/2026,100.0%,Won,,,,,,,,,,,,,,,,,Safe Rep,
Zach Dembo,Kentucky,Representative,6,Male,No,No,No,05/19/2026,39.6%,Won,,,,,,,,,,,,,,,No,,Lean Rep,
Erin Petrey,Kentucky,Representative,6,Female,No,No,No,05/19/2026,15.8%,Lost,,,,,,,,,,,,,,,No,,Lean Rep,
Corey Edwards,Kentucky,Representative,6,Male,No,No,No,05/19/2026,4.4%,Lost,,,,,,,,,,,,,,,No,,Lean Rep,
Cherlynn Stevenson,Kentucky,Representative,6,Female,No,No,No,05/19/2026,31.5%,Lost,,,,,,,,,,,,,,,Yes,,Lean Rep,
David Kloiber,Kentucky,Representative,6,Male,No,No,No,05/19/2026,4.5%,Lost,,,,,,,,,,,,,,,No,,Lean Rep,
Harvey Caroll Jr.,Kentucky,Representative,6,Male,No,No,No,05/19/2026,2.9%,Lost,,,,,,,,,,,,,,,No,,Lean Rep,
Jimmy Clifton Ausbrooks,Kentucky,Representative,6,Male,No,No,No,05/19/2026,1.4%,Lost,,,,,,,,,,,,,,,No,,Lean Rep,
Logan Forsythe,Kentucky,Senate,,Male,No,No,No,05/19/2026,2.9%,Lost,,,,,No,,,,,,,,,,,,Safe Rep,
Dale Lewis Romans,Kentucky,Senate,,Male,No,No,No,05/19/2026,4.1%,Lost,,,,,No,,,,,,,,,,,,Safe Rep,
Amy McGrath,Kentucky,Senate,,Female,No,No,No,05/19/2026,35.9%,Lost,,,,,No,,,,,,,,,,,,Safe Rep,
Pamela Stevenson,Kentucky,Senate,,Female,No,No,No,05/19/2026,6.2%,Lost,,,,,No,,,,,,,,,,,,Safe Rep,
Charles Booker,Kentucky,Senate,,Male,No,No,No,05/19/2026,46.8%,Won,,,,,Yes,,,,,,,,,,,,Safe Rep,
Vincent Anthony Thompson,Kentucky,Senate,,Male,No,No,No,05/19/2026,2.1%,Lost,,,,,No,,,,,,,,,,,,Safe Rep,
Joshua Blanton Sr.,Kentucky,Senate,,Male,No,No,No,05/19/2026,2.1%,Lost,,,,,No,,,,,,,,,,,,Safe Rep,
Tina Kotek,Oregon,Governor,,Female,Yes,No,No,05/19/2026,83.6%,Won,,,,,,,,,,,,,,,Yes,,,Likely Dem
Forest (Fora) Alexander,Oregon,Governor,,Female,No,Yes,No,05/19/2026,2.8%,Lost,,,,,,,,,,,,,,,No,,,Likely Dem
Brittany Jones,Oregon,Governor,,Female,No,Yes,No,05/19/2026,3.0%,Lost,,,,,,,,,,,,,,,No,,,Likely Dem
Miranda Weigler,Oregon,Governor,,Female,No,Yes,No,05/19/2026,2.2%,Lost,,,,,,,,,,,,,,,No,,,Likely Dem
Tristan Sheppard,Oregon,Governor,,Male,No,Yes,No,05/19/2026,1.3%,Lost,,,,,,,,,,,,,,,No,,,Likely Dem
James Atkinson IV,Oregon,Governor,,Male,No,Yes,No,05/19/2026,1.3%,Lost,,,,,,,,,,,,,,,No,,,Likely Dem
David Beem,Oregon,Governor,,Male,No,Yes,No,05/19/2026,1.1%,Lost,,,,,,,,,,,,,,,No,,,Likely Dem
Steve William Laible,Oregon,Governor,,Male,No,Yes,No,05/19/2026,0.8%,Lost,,,,,,,,,,,,,,,No,,,Likely Dem
Cal Kishawi,Oregon,Governor,,Male,No,Yes,No,05/19/2026,0.5%,Lost,,,,,,,,,,,,,,,No,,,Likely Dem
Donnie M. Beckwith,Oregon,Governor,,Male,No,Yes,No,05/19/2026,0.4%,Lost,,,,,,,,,,,,,,,No,,,Likely Dem
Jamil O Ahmad,Oregon,Representative,1,Male,No,Yes,No,05/19/2026,12.8%,Lost,,,,,,,,,,,,,,No,,,Safe Dem,
Suzanne Bonamici,Oregon,Representative,1,Female,Yes,No,No,05/19/2026,86.6%,Won,,,,,,Yes,,,,,,,,Yes,,,Safe Dem,
Dawn Rasmussen,Oregon,Representative,2,Female,No,No,No,05/19/2026,14.8%,Lost,,,,,Yes,,,,,,,,,,,,Safe Rep,
Mary Doyle,Oregon,Representative,2,Female,No,No,No,05/19/2026,19.6%,Lost,,,,,No,,,,,,,,,,,,Safe Rep,
Rebecca Mueller,Oregon,Representative,2,Female,No,No,No,05/19/2026,18.0%,Lost,,,,,No,,,,,,,,,,,,Safe Rep,
Peter Quince,Oregon,Representative,2,Male,No,No,No,05/19/2026,2.7%,Lost,,,,,No,,,,,,,,,,,,Safe Rep,
Patty Snow,Oregon,Representative,2,Female,No,No,No,05/19/2026,9.1%,Lost,,,,,No,,,,,,,,,,,,Safe Rep,
Chris Beck,Oregon,Representative,2,Male,No,No,No,05/19/2026,34.4%,Won,,,,,No,,,,,,,,,,,,Safe Rep,
Maxine E Dexter,Oregon,Representative,3,Female,Yes,No,No,05/19/2026,89.1%,Won,,,,,,Yes,,,,,,,,,,,Safe Dem,
Andrew Castilleja,Oregon,Representative,3,Male,No,Yes,No,05/19/2026,2.3%,Lost,,,,,,No,,,,,,,,,,,Safe Dem,
Jessica Salas,Oregon,Representative,3,Female,No,Yes,No,05/19/2026,8.2%,Lost,,,,,,No,,,,,,,,,,,Safe Dem,
Melissa Bird,Oregon,Representative,4,Female,No,Yes,No,05/19/2026,21.7%,Lost,,,,,Yes,No,,No,,,,,,No,,,Safe Dem,
Val Hoyle,Oregon,Representative,4,Female,Yes,No,No,05/19/2026,75.2%,Won,,,,,No,Yes,,Yes,,,,,,Yes,,,Safe Dem,
Daniel B Bahlen,Oregon,Representative,4,Male,No,Yes,No,05/19/2026,2.5%,Lost,,,,,No,No,,No,,,,,,No,,,Safe Dem,
Zeva Rosenbaum,Oregon,Representative,5,Female,No,Yes,No,05/19/2026,17.4%,Lost,,,,,,,,,,,,,,,No,No,Safe Dem,
Janelle S Bynum,Oregon,Representative,5,Female,Yes,No,No,05/19/2026,82.0%,Won,,,,,,,,,,,,,,,Yes,Yes,Safe Dem,
Andrea Salinas,Oregon,Representative,6,Female,Yes,No,Yes,05/19/2026,100.0%,Won,,,,,,Yes,,,,,,,Yes,Yes,,,Safe Dem,
Paul Damian Wells,Oregon,Senate,,Male,No,Yes,No,05/19/2026,6.2%,Lost,,,,,,,,,,,,,,No,,,Safe Dem,
Jeff Merkley,Oregon,Senate,,Male,Yes,No,No,05/19/2026,93.2%,Won,,,,,,,,,,,,,,Yes,,,Safe Dem,
Josh Shapiro,Pennsylvania,Governor,,Male,Yes,No,Yes,05/19/2026,100.0%,Won,,,,,,,,,,,,,,,,,,Safe Dem
Bob Harvie,Pennsylvania,Representative,1,Male,No,No,No,05/19/2026,65.1%,Won,,,,,,,,,,,,,,,,Yes,Likely Dem,
Lucia Simonelli,Pennsylvania,Representative,1,Female,No,No,No,05/19/2026,34.9%,Lost,,,,,,,,,,,,,,,,No,Likely Dem,
Brendan F Boyle,Pennsylvania,Representative,2,Male,Yes,No,Yes,05/19/2026,100.0%,Won,,,,,,Yes,,,,,,Yes,Yes,,,,Safe Dem,
Sharif Street,Pennsylvania,Representative,3,Male,No,No,No,05/19/2026,29.3%,Lost,,,No,,No,No,No,,,No,No,,,Yes,No,,Safe Dem,
Chris Rabb,Pennsylvania,Representative,3,Male,No,No,No,05/19/2026,44.6%,Won,,,Yes,,Yes,Yes,Yes,,,Yes,Yes,,,No,No,,Safe Dem,
Shaun Griffith,Pennsylvania,Representative,3,Male,No,No,No,05/19/2026,2.1%,Lost,,,No,,No,No,No,,,No,No,,,No,No,,Safe Dem,
Ala Stanford,Pennsylvania,Representative,3,Female,No,No,No,05/19/2026,24.1%,Lost,,,No,,No,No,No,,,No,No,,,No,Yes,,Safe Dem,
Madeleine Dean,Pennsylvania,Representative,4,Female,Yes,No,Yes,05/19/2026,100.0%,Won,,,,,,Yes,,,,,,,,Yes,,,Safe Dem,
Mary Gay Scanlon,Pennsylvania,Representative,5,Female,Yes,No,Yes,05/19/2026,100.0%,Won,,,,,,Yes,,,,,,,,Yes,,,Safe Dem,
Chrissy Houlahan,Pennsylvania,Representative,6,Female,Yes,No,Yes,05/19/2026,100.0%,Won,,,,,,,,,,,,,Yes,Yes,,,Safe Dem,
Ryan Crosswell,Pennsylvania,Representative,7,Male,No,No,No,05/19/2026,21.3%,Lost,,,,,No,No,,No,No,,,,,Yes,No,No,Likely Dem,
Carol Obando-Derstine,Pennsylvania,Representative,7,Female,No,No,No,05/19/2026,17.8%,Lost,,,,,No,No,,No,No,,,,,Yes,Yes,No,Likely Dem,
Lamont G McClure,Pennsylvania,Representative,7,Male,No,No,No,05/19/2026,20.0%,Lost,,,,,No,No,,No,No,,,,,No,No,No,Likely Dem,
Bob Brooks,Pennsylvania,Representative,7,Male,No,No,No,05/19/2026,41.0%,Won,,,,,Yes,Yes,,Yes,Yes,,,,,Yes,No,Yes,Likely Dem,
Paige Cognetti,Pennsylvania,Representative,8,Female,No,No,Yes,05/19/2026,100.0%,Won,,,,,,,,,,,,,Yes,Yes,Yes,Yes,Likely Dem,
Rachel Wallace,Pennsylvania,Representative,9,Female,No,No,Yes,05/19/2026,100.0%,Won,,,,,,,,,,,,,,,,,Safe Rep,
Justin Douglas,Pennsylvania,Representative,10,Male,No,No,No,05/19/2026,32.6%,Lost,,,,,,,,,,,,,No,,No,No,Likely Dem,
Janelle Stelson,Pennsylvania,Representative,10,Female,No,No,No,05/19/2026,67.4%,Won,,,,,,,,,,,,,Yes,,Yes,Yes,Likely Dem,
Nancy Mannion,Pennsylvania,Representative,11,Female,No,No,Yes,05/19/2026,100.0%,Won,,,,,,,,,,,,,,,,,Safe Rep,
Summer Lee,Pennsylvania,Representative,12,Female,Yes,No,No,05/19/2026,81.2%,Won,,,Yes,,Yes,Yes,Yes,,,,,,,,,,Safe Dem,
William Parker,Pennsylvania,Representative,12,Male,No,Yes,No,05/19/2026,18.8%,Lost,,,No,,No,No,No,,,,,,,,,,Safe Dem,
Beth Farnham,Pennsylvania,Representative,13,Female,No,No,Yes,05/19/2026,100.0%,Won,,,,,,,,,,,,,,,,,Safe Rep,
Alan Bradstock,Pennsylvania,Representative,14,Male,No,No,Yes,05/19/2026,100.0%,Won,,,,,,,,,,,,,,,,,Safe Rep,
Ray Bilger,Pennsylvania,Representative,15,Male,No,No,Yes,05/19/2026,100.0%,Won,,,,,,,,,,,,,,,,,Safe Rep,
Justin Wagner,Pennsylvania,Representative,16,Male,No,No,Yes,05/19/2026,100.0%,Won,,,,,,,,,,,,,,,,,Safe Rep,
Chris DeLuzio,Pennsylvania,Representative,17,Male,Yes,No,Yes,05/19/2026,100.0%,Won,,,,,,Yes,,,,,,,,Yes,,,Safe Dem,
Akinyemi Agbede,California,Governor,,Male,No,No,No,06/02/2026,0.0%,Lost,,,,,,,,,No,,,,,,No,,,Safe Dem
Mohammad Arif,California,Governor,,Male,No,No,No,06/02/2026,0.1%,Lost,,,,,,,,,No,,,,,,No,,,Safe Dem
Larry Azevedo,California,Governor,,Male,No,No,No,06/02/2026,0.1%,Lost,,,,,,,,,No,,,,,,No,,,Safe Dem
Xavier Becerra,California,Governor,,Male,No,No,No,06/02/2026,28.0%,Won,,,,,,,,,No,,,,,,No,,,Safe Dem
Louis A. De Barraicua,California,Governor,,Male,No,No,No,06/02/2026,0.1%,Lost,,,,,,,,,No,,,,,,No,,,Safe Dem
Derek Grasty,California,Governor,,Male,No,No,No,06/02/2026,0.1%,Lost,,,,,,,,,No,,,,,,No,,,Safe Dem
Raji Rab,California,Governor,,Male,No,No,No,06/02/2026,0.0%,Lost,,,,,,,,,No,,,,,,No,,,Safe Dem
Satish Rao,California,Governor,,Male,No,No,No,06/02/2026,0.1%,Lost,,,,,,,,,No,,,,,,No,,,Safe Dem
Scott P Shields,California,Governor,,Male,No,No,No,06/02/2026,0.1%,Lost,,,,,,,,,No,,,,,,No,,,Safe Dem
Tom Steyer,California,Governor,,Male,No,No,No,06/02/2026,22.8%,Lost,,,,,,,,,No,,,,,,No,,,Safe Dem
Eric Swalwell,California,Governor,,Male,No,No,No,06/02/2026,0.3%,Lost,,,,,,,,,No,,,,,,No,,,Safe Dem
Tony K. Thurmond,California,Governor,,Male,No,No,No,06/02/2026,0.7%,Lost,,,,,,,,,No,,,,,,No,,,Safe Dem
Antonio Villaraigosa,California,Governor,,Male,No,No,No,06/02/2026,1.1%,Lost,,,,,,,,,No,,,,,,No,,,Safe Dem
Joel E. Jacob,California,Governor,,Male,No,No,No,06/02/2026,0.0%,Lost,,,,,,,,,No,,,,,,No,,,Safe Dem
Gary Howard Kidgell,California,Governor,,Male,No,No,No,06/02/2026,0.0%,Lost,,,,,,,,,No,,,,,,No,,,Safe Dem
Carolina Buhler,California,Governor,,Female,No,No,No,06/02/2026,0.2%,Lost,,,,,,,,,No,,,,,,No,,,Safe Dem
Sophia Edum-a-Sam,California,Governor,,Female,No,No,No,06/02/2026,0.0%,Lost,,,,,,,,,No,,,,,,No,,,Safe Dem
Betty T. Yee,California,Governor,,Female,No,No,No,06/02/2026,0.4%,Lost,,,,,,,,,No,,,,,,No,,,Safe Dem
"Erin ""Zez"" Zezulak",California,Governor,,Female,No,No,No,06/02/2026,0.1%,Lost,,,,,,,,,No,,,,,,No,,,Safe Dem
Matthew Chase Levy,California,Governor,,Male,No,No,No,06/02/2026,0.1%,Lost,,,,,,,,,No,,,,,,No,,,Safe Dem
Matt Mahan,California,Governor,,Male,No,No,No,06/02/2026,3.5%,Lost,,,,,,,,,No,,,,,,No,,,Safe Dem
Barack D. Obama Shaw,California,Governor,,Male,No,No,No,06/02/2026,0.2%,Lost,,,,,,,,,No,,,,,,No,,,Safe Dem
Thunder Parley,California,Governor,,Male,No,No,No,06/02/2026,0.0%,Lost,,,,,,,,,No,,,,,,No,,,Safe Dem
Katie Porter,California,Governor,,Female,No,No,No,06/02/2026,4.4%,Lost,,,,,,,,,Yes,,,,,,Yes,,,Safe Dem
Audrey Denney,California,Representative,1,Female,No,No,No,06/02/2026,14.2%,Lost,,,,,,,,,,,,,,No,Yes,,Safe Dem,
Janice Karrman,California,Representative,1,Female,No,No,No,06/02/2026,0.8%,Lost,,,,,,,,,,,,,,No,No,,Safe Dem,
Mike McGuire,California,Representative,1,Male,No,No,No,06/02/2026,41.8%,Won,,,,,,,,,,,,,,Yes,No,,Safe Dem,
Rose Penelope Yee,California,Representative,2,Female,No,Yes,No,06/02/2026,7.6%,Lost,,,,,,No,,,,,,,,No,,,Safe Dem,
Jared Huffman,California,Representative,2,Male,Yes,No,No,06/02/2026,56.5%,Won,,,,,,Yes,,,,,,,,Yes,,,Safe Dem,
Heidi Hall,California,Representative,3,Female,No,Yes,No,06/02/2026,12.8%,Lost,,,,,,,,,,,,,,No,,,Safe Dem,
Ami Bera,California,Representative,3,Male,Yes,No,No,06/02/2026,34.3%,Won,,,,,,,,,,,,,,Yes,,,Safe Dem,
Chris Bennett,California,Representative,3,Male,No,Yes,No,06/02/2026,7.5%,Lost,,,,,,,,,,,,,,No,,,Safe Dem,
"Lyndon ""Pacey"" Cervantes",California,Representative,3,Male,No,Yes,No,06/02/2026,1.2%,Lost,,,,,,,,,,,,,,No,,,Safe Dem,
Mike Thompson,California,Representative,4,Male,Yes,No,No,06/02/2026,41.0%,Advanced,N/A,N/A,,,,,,,,,,,,Yes,,,Safe Dem,
Eric Jones,California,Representative,4,Male,No,Yes,No,06/02/2026,22.2%,Advanced,N/A,N/A,,,,,,,,,,,,No,,,Safe Dem,
"Michael J. ""Mike"" Barkley",California,Representative,5,Male,No,No,No,06/02/2026,9.1%,Lost,,,,,,,,,,,,,,,,,Safe Rep,
Michael Masuda,California,Representative,5,Male,No,No,No,06/02/2026,24.3%,Won,,,,,,,,,,,,,,,,,Safe Rep,
Dan Stroud,California,Representative,5,Male,No,No,No,06/02/2026,5.3%,Lost,,,,,,,,,,,,,,,,,Safe Rep,
Lauren Babb Tomlinson,California,Representative,6,Female,No,No,No,06/02/2026,12.3%,Lost,,,,,,Yes,,,,,,,,Yes,,,Safe Dem,
Martha Guerrero,California,Representative,6,Female,No,No,No,06/02/2026,7.9%,Lost,,,,,,No,,,,,,,,No,,,Safe Dem,
Thien Ho,California,Representative,6,Male,No,No,No,06/02/2026,10.7%,Lost,,,,,,No,,,,,,,,No,,,Safe Dem,
Tyler Vandenberg,California,Representative,6,Male,No,No,No,06/02/2026,1.6%,Lost,,,,,,No,,,,,,,,No,,,Safe Dem,
Richard Pan,California,Representative,6,Male,No,No,No,06/02/2026,23.2%,Won,,,,,,No,,,,,,,,Yes,,,Safe Dem,
Doris Matsui,California,Representative,7,Female,Yes,No,No,06/02/2026,29.1%,Advanced,N/A,N/A,No,,No,,No,,,,,,,,,,Safe Dem,
Robby Morin,California,Representative,7,Male,No,Yes,No,06/02/2026,2.0%,Lost,,,No,,No,,No,,,,,,,,,,Safe Dem,
Enayat Nazhat,California,Representative,7,Male,No,Yes,No,06/02/2026,0.8%,Lost,,,No,,No,,No,,,,,,,,,,Safe Dem,
Mai Vang,California,Representative,7,Female,No,Yes,No,06/02/2026,31.2%,Advanced,N/A,N/A,Yes,,Yes,,Yes,,,,,,,,,,Safe Dem,
Nicolas Carjuzaa,California,Representative,8,Male,No,Yes,No,06/02/2026,12.6%,Lost,,,,,,No,,,,,,,,No,,,Safe Dem,
Aaron Rowden,California,Representative,8,Male,No,Yes,No,06/02/2026,5.2%,Lost,,,,,,No,,,,,,,,No,,,Safe Dem,
John Garamendi,California,Representative,8,Male,Yes,No,No,06/02/2026,54.4%,Won,,,,,,Yes,,,,,,,,Yes,,,Safe Dem,
Josh Harder,California,Representative,9,Male,Yes,No,Yes,06/02/2026,60.8%,Won,,,,,,,,,,,,Yes,Yes,Yes,,,Safe Dem,
Mitchell Maisler,California,Representative,10,Male,No,Yes,No,06/02/2026,3.5%,Lost,,,,,,No,,,,,,,,No,,,Safe Dem,
Joshua Hamilton,California,Representative,10,Male,No,Yes,No,06/02/2026,4.0%,Lost,,,,,,No,,,,,,,,No,,,Safe Dem,
Bob Rowland,California,Representative,10,Male,No,Yes,No,06/02/2026,1.7%,Lost,,,,,,No,,,,,,,,No,,,Safe Dem,
Mark DeSaulnier,California,Representative,10,Male,Yes,No,No,06/02/2026,59.7%,Won,,,,,,Yes,,,,,,,,Yes,,,Safe Dem,
Scott Wiener,California,Representative,11,Male,No,No,No,06/02/2026,40.7%,Advanced,N/A,N/A,No,,No,,No,,,,,,,Yes,,,Safe Dem,
Marie Hurabiell,California,Representative,11,Female,No,No,No,06/02/2026,4.0%,Lost,,,No,,No,,No,,,,,,,No,,,Safe Dem,
"John ""Gus"" Buffler",California,Representative,11,Male,No,No,No,06/02/2026,0.4%,Lost,,,No,,No,,No,,,,,,,No,,,Safe Dem,
Keith Freedman,California,Representative,11,Male,No,No,No,06/02/2026,0.3%,Lost,,,No,,No,,No,,,,,,,No,,,Safe Dem,
Omed Hamid,California,Representative,11,Male,No,No,No,06/02/2026,0.2%,Lost,,,No,,No,,No,,,,,,,No,,,Safe Dem,
Gregory M Haynes,California,Representative,11,Male,No,No,No,06/02/2026,0.9%,Lost,,,No,,No,,No,,,,,,,No,,,Safe Dem,
Connie Chan,California,Representative,11,Female,No,No,No,06/02/2026,29.7%,Advanced,N/A,N/A,No,,Yes,,No,,,,,,,No,,,Safe Dem,
Saikat Chakrabarti,California,Representative,11,Male,No,No,No,06/02/2026,17.9%,Lost,,,Yes,,No,,Yes,,,,,,,No,,,Safe Dem,
Jamie Joyce,California,Representative,12,Female,No,Yes,No,06/02/2026,15.6%,Advanced,N/A,N/A,,,No,No,,,,,,,,No,,,Safe Dem,
Lateefah Simon,California,Representative,12,Female,Yes,No,No,06/02/2026,84.2%,Advanced,N/A,N/A,,,Yes,Yes,,,,,,,,Yes,,,Safe Dem,
Adam Gray,California,Representative,13,Male,Yes,No,No,06/02/2026,42.0%,Won,,,,,,,,,,,,Yes,Yes,,,Yes,Safe Dem,
Daniel Garibay Rodriguez,California,Representative,13,Male,No,Yes,No,06/02/2026,15.1%,Lost,,,,,,,,,,,,No,No,,,No,Safe Dem,
Aisha Wahab,California,Representative,14,Female,No,No,No,06/02/2026,38.3%,Advanced,N/A,N/A,,,Yes,Yes,,,,,,,,Yes,,,Safe Dem,
Melissa Hernandez,California,Representative,14,Female,No,No,No,06/02/2026,17.2%,Advanced,N/A,N/A,,,No,No,,,,,,,,No,,,Safe Dem,
Carin Elam,California,Representative,14,Female,No,No,No,06/02/2026,1.4%,Lost,,,,,No,No,,,,,,,,No,,,Safe Dem,
Rakhi Israni Singh,California,Representative,14,Female,No,No,No,06/02/2026,13.0%,Lost,,,,,No,No,,,,,,,,No,,,Safe Dem,
Victor Aguilar Jr.,California,Representative,14,Male,No,No,No,06/02/2026,2.1%,Lost,,,,,No,No,,,,,,,,No,,,Safe Dem,
Matt Ortega,California,Representative,14,Male,No,No,No,06/02/2026,1.7%,Lost,,,,,No,No,,,,,,,,No,,,Safe Dem,
Anthony Van Dang,California,Representative,15,Male,No,Yes,No,06/02/2026,8.0%,Lost,,,,,,No,,,,,,,No,No,,,Safe Dem,
Kevin Mullin,California,Representative,15,Male,Yes,No,No,06/02/2026,65.0%,Won,,,,,,Yes,,,,,,,Yes,Yes,,,Safe Dem,
Mantosh Kumar,California,Representative,15,Male,No,Yes,No,06/02/2026,4.8%,Lost,,,,,,No,,,,,,,No,No,,,Safe Dem,
Sam Liccardo,California,Representative,16,Male,Yes,No,Yes,06/02/2026,75.6%,Won,,,,,,,,,,,,,,Yes,,,Safe Dem,
Ethan Agarwal,California,Representative,17,Male,No,Yes,No,06/02/2026,6.5%,Lost,,,No,,No,No,No,,,,,,,No,,,Safe Dem,
Mike Katz,California,Representative,17,Male,No,Yes,No,06/02/2026,4.8%,Lost,,,No,,No,No,No,,,,,,,No,,,Safe Dem,
Ro Khanna,California,Representative,17,Male,Yes,No,No,06/02/2026,62.3%,Won,,,Yes,,Yes,Yes,Yes,,,,,,,Yes,,,Safe Dem,
Luis Arreguín,California,Representative,18,Male,No,Yes,No,06/02/2026,12.9%,Lost,,,,,,,,,,,,,,No,,,Safe Dem,
Zoe Lofgren,California,Representative,18,Female,Yes,No,No,06/02/2026,54.9%,Won,,,,,,,,,,,,,,Yes,,,Safe Dem,
Sean Dougherty,California,Representative,19,Male,No,Yes,No,06/02/2026,11.5%,Lost,,,,,,No,,,,,,No,No,,,,Safe Dem,
Jimmy Panetta,California,Representative,19,Male,Yes,No,No,06/02/2026,58.4%,Won,,,,,,Yes,,,,,,Yes,Yes,,,,Safe Dem,
Sandra Van Scotter,California,Representative,20,Female,No,No,Yes,06/02/2026,28.8%,Won,,,,,,,,,,,,,,,,,Safe Rep,
Jim Costa,California,Representative,21,Male,Yes,No,No,06/02/2026,42.2%,Won,,,,,,,,,,,,Yes,Yes,,,,Safe Dem,
Eric Garcia,California,Representative,21,Male,No,Yes,No,06/02/2026,5.1%,Lost,,,,,,,,,,,,No,No,,,,Safe Dem,
Lourin Hubbard,California,Representative,21,Male,No,Yes,No,06/02/2026,10.3%,Lost,,,,,,,,,,,,No,No,,,,Safe Dem,
Jasmeet Bains,California,Representative,22,Female,No,No,No,06/02/2026,26.9%,Lost,,,,No,No,No,,No,,No,,,Yes,,Yes,Yes,Likely Dem,
Randy Villegas,California,Representative,22,Male,No,No,No,06/02/2026,32.4%,Won,,,,Yes,Yes,Yes,,Yes,,Yes,,,No,,No,No,Likely Dem,
Tessa Lynn Hodge,California,Representative,23,Female,No,No,No,06/02/2026,21.3%,Won,,,,,,,,,,,,,,,,,Safe Rep,
Karsten Scott Nicholson,California,Representative,23,Male,No,No,No,06/02/2026,3.1%,Lost,,,,,,,,,,,,,,,,,Safe Rep,
Pat Wallis,California,Representative,23,Male,No,No,No,06/02/2026,13.3%,Lost,,,,,,,,,,,,,,,,,Safe Rep,
Sarah Bacon,California,Representative,24,Female,No,Yes,No,06/02/2026,7.5%,Lost,,,,,,,,,,,,,,No,,,Safe Dem,
Salud Carbajal,California,Representative,24,Male,Yes,No,No,06/02/2026,54.4%,Won,,,,,,,,,,,,,,Yes,,,Safe Dem,
Raul Ruiz,California,Representative,25,Male,Yes,No,Yes,06/02/2026,60.0%,Won,,,,,,,,,,,,,Yes,Yes,,,Safe Dem,
Sonia Kacker,California,Representative,26,Female,No,No,No,06/02/2026,4.6%,Lost,,,,,,,,,,,,,,,,,Safe Dem,
Chris Espinosa,California,Representative,26,Male,No,No,No,06/02/2026,10.3%,Lost,,,,,,,,,,,,,,,,,Safe Dem,
Liam Andres O'Neill Hernandez,California,Representative,26,Male,No,No,No,06/02/2026,1.7%,Lost,,,,,,,,,,,,,,,,,Safe Dem,
Jacqui Irwin,California,Representative,26,Female,No,No,No,06/02/2026,41.3%,Won,,,,,,,,,,,,,,,,,Safe Dem,
Sasan Samadzadeh,California,Representative,26,Male,No,No,No,06/02/2026,1.6%,Lost,,,,,,,,,,,,,,,,,Safe Dem,
Caleb Norwood,California,Representative,27,Male,No,Yes,No,06/02/2026,8.7%,Lost,,,,,,,,,,,,No,,,,,Safe Dem,
Roberto Ramos,California,Representative,27,Male,No,Yes,No,06/02/2026,9.7%,Lost,,,,,,,,,,,,No,,,,,Safe Dem,
George Whitesides,California,Representative,27,Male,Yes,No,No,06/02/2026,40.6%,Won,,,,,,,,,,,,Yes,,,,,Safe Dem,
Peter Roybal,California,Representative,28,Male,No,Yes,No,06/02/2026,5.7%,Lost,,,,,,No,,,,,,,,No,,,Safe Dem,
Judy Chu,California,Representative,28,Female,Yes,No,No,06/02/2026,62.2%,Won,,,,,,Yes,,,,,,,,Yes,,,Safe Dem,
Angélica María Dueñas,California,Representative,29,Female,No,Yes,No,06/02/2026,24.9%,Advanced,N/A,N/A,,,,No,,,,,,No,No,,,,Safe Dem,
Luz Maria Rivas,California,Representative,29,Female,Yes,No,No,06/02/2026,51.0%,Advanced,N/A,N/A,,,,Yes,,,,,,Yes,Yes,,,,Safe Dem,
Pini Herman,California,Representative,30,Male,No,Yes,No,06/02/2026,2.8%,Lost,,,,,,No,,,,,,No,No,No,,,Safe Dem,
Joel Lava,California,Representative,30,Male,No,Yes,No,06/02/2026,4.2%,Lost,,,,,,No,,,,,,No,No,No,,,Safe Dem,
Cameron Tennyson,California,Representative,30,Male,No,Yes,No,06/02/2026,13.8%,Lost,,,,,,No,,,,,,No,No,No,,,Safe Dem,
Laura Friedman,California,Representative,30,Female,Yes,No,No,06/02/2026,52.7%,Won,,,,,,Yes,,,,,,Yes,Yes,Yes,,,Safe Dem,
Gil Cisneros,California,Representative,31,Male,Yes,No,Yes,06/02/2026,61.1%,Won,,,,,,,,,,,,Yes,,Yes,,,Safe Dem,
Jake Levine,California,Representative,32,Male,No,Yes,No,06/02/2026,15.2%,Lost,,,,,,No,,,,,,No,No,Yes,,,Safe Dem,
Marena Lin,California,Representative,32,Female,No,Yes,No,06/02/2026,6.3%,Lost,,,,,,No,,,,,,No,No,No,,,Safe Dem,
Anna Wilding,California,Representative,32,Female,No,Yes,No,06/02/2026,2.1%,Lost,,,,,,No,,,,,,No,No,No,,,Safe Dem,
Josh Sautter,California,Representative,32,Male,No,Yes,No,06/02/2026,1.0%,Lost,,,,,,No,,,,,,No,No,No,,,Safe Dem,
Chris Ahuja,California,Representative,32,Male,No,Yes,No,06/02/2026,4.2%,Lost,,,,,,No,,,,,,No,No,No,,,Safe Dem,
Dory Benami,California,Representative,32,Male,No,Yes,No,06/02/2026,1.1%,Lost,,,,,,No,,,,,,No,No,No,,,Safe Dem,
Brad Sherman,California,Representative,32,Male,Yes,No,No,06/02/2026,36.8%,Won,,,,,,Yes,,,,,,Yes,Yes,No,,,Safe Dem,
Antonis P. Christodoulou,California,Representative,33,Male,No,Yes,No,06/02/2026,7.5%,Lost,,,,,,,,,,,,No,,No,,,Safe Dem,
Pete Aguilar,California,Representative,33,Male,Yes,No,No,06/02/2026,53.5%,Won,,,,,,,,,,,,Yes,,Yes,,,Safe Dem,
Arthur Dixon,California,Representative,34,Male,No,Yes,No,06/02/2026,3.4%,Lost,,,No,,No,No,,,,,,No,No,,,,Safe Dem,
Robert George Lucero Jr.,California,Representative,34,Male,No,Yes,No,06/02/2026,5.1%,Lost,,,No,,No,No,,,,,,No,No,,,,Safe Dem,
Angela Gonzales-Torres,California,Representative,34,Female,No,Yes,No,06/02/2026,30.7%,Advanced,N/A,N/A,Yes,,Yes,No,,,,,,No,No,,,,Safe Dem,
Jimmy Gomez,California,Representative,34,Male,Yes,No,No,06/02/2026,46.0%,Advanced,N/A,N/A,No,,No,Yes,,,,,,Yes,Yes,,,,Safe Dem,
Norma J. Torres,California,Representative,35,Female,Yes,No,Yes,06/02/2026,59.5%,Won,,,,,,,,,,,,Yes,Yes,,,,Safe Dem,
Marianne Shamma,California,Representative,36,Female,No,Yes,No,06/02/2026,7.2%,Lost,,,,,,No,,,,,,No,,,,,Safe Dem,
Rustin Knudtson,California,Representative,36,Male,No,Yes,No,06/02/2026,1.3%,Lost,,,,,,No,,,,,,No,,,,,Safe Dem,
Frederick Reardon,California,Representative,36,Male,No,Yes,No,06/02/2026,1.1%,Lost,,,,,,No,,,,,,No,,,,,Safe Dem,
Ted W. Lieu,California,Representative,36,Male,Yes,No,No,06/02/2026,60.9%,Won,,,,,,Yes,,,,,,Yes,,,,,Safe Dem,
Samantha Mota,California,Representative,37,Female,No,Yes,No,06/02/2026,11.7%,Advanced,N/A,N/A,,,,No,,,,,,,,No,,,Safe Dem,
Elizabeth Fenner,California,Representative,37,Female,No,Yes,No,06/02/2026,5.6%,Lost,,,,,,No,,,,,,,,No,,,Safe Dem,
Ryan Duckett,California,Representative,37,Male,No,Yes,No,06/02/2026,6.5%,Lost,,,,,,No,,,,,,,,No,,,Safe Dem,
Todd Lombardo,California,Representative,37,Male,No,Yes,No,06/02/2026,3.6%,Lost,,,,,,No,,,,,,,,No,,,Safe Dem,
Sydney Kamlager-Dove,California,Representative,37,Female,Yes,No,No,06/02/2026,55.2%,Advanced,N/A,N/A,,,,Yes,,,,,,,,Yes,,,Safe Dem,
Monica M. Sanchez,California,Representative,38,Female,No,No,No,06/02/2026,13.3%,Lost,,,,,,No,,,,,,,,,,,Safe Dem,
Erik Lutz,California,Representative,38,Male,No,No,No,06/02/2026,3.2%,Lost,,,,,,No,,,,,,,,,,,Safe Dem,
Hilda Solis,California,Representative,38,Female,No,No,No,06/02/2026,47.6%,Won,,,,,,Yes,,,,,,,,,,,Safe Dem,
Mark Takano,California,Representative,39,Male,Yes,No,Yes,06/02/2026,61.0%,Won,,,,,,Yes,,,,,,,,,,,Safe Dem,
Esther Kim-Varet,California,Representative,40,Female,No,No,No,06/02/2026,16.6%,Lost,,,,,,,,,,,,,,,,,Safe Rep,
Lisa Ramirez,California,Representative,40,Female,No,No,No,06/02/2026,14.0%,Lost,,,,,,,,,,,,,,,,,Safe Rep,
Francis Xavier Hoffman,California,Representative,40,Male,No,No,No,06/02/2026,1.5%,Lost,,,,,,,,,,,,,,,,,Safe Rep,
Claude M Keissieh,California,Representative,40,Male,No,No,No,06/02/2026,2.2%,Lost,,,,,,,,,,,,,,,,,Safe Rep,
Joe Kerr,California,Representative,40,Male,No,No,No,06/02/2026,8.6%,Lost,,,,,,,,,,,,,,,,,Safe Rep,
Shonique Williams,California,Representative,41,Female,No,Yes,No,06/02/2026,12.8%,Lost,,,,,,No,,,,,,,,No,,,Safe Dem,
Hector De La Torre,California,Representative,41,Male,No,Yes,No,06/02/2026,13.9%,Lost,,,,,,No,,,,,,,,No,,,Safe Dem,
Linda Sánchez,California,Representative,41,Female,Yes,No,No,06/02/2026,37.5%,Won,,,,,,Yes,,,,,,,,Yes,,,Safe Dem,
Robert Garcia,California,Representative,42,Male,Yes,No,Yes,06/02/2026,56.5%,Won,,,,,,Yes,,,,,,,,Yes,,,Safe Dem,
Myla Rahman,California,Representative,43,Female,No,Yes,No,06/02/2026,15.0%,Lost,,,,,,No,,,,,,,,,,,Safe Dem,
David Sedlik,California,Representative,43,Male,No,Yes,No,06/02/2026,4.3%,Lost,,,,,,No,,,,,,,,,,,Safe Dem,
Maxine Waters,California,Representative,43,Female,Yes,No,No,06/02/2026,63.8%,Won,,,,,,Yes,,,,,,,,,,,Safe Dem,
Nanette Diaz Barragan,California,Representative,44,Female,Yes,No,Yes,06/02/2026,77.0%,Won,,,,,,Yes,,,,,,,,,,,Safe Dem,
Derek Tran,California,Representative,45,Male,Yes,No,Yes,06/02/2026,53.8%,Won,,,,,,,,,,,,,,Yes,,Yes,Safe Dem,
Frank Bahena,California,Representative,46,Male,No,Yes,No,06/02/2026,2.5%,Lost,,,,,,,,,,,,No,,,,,Safe Dem,
Lou Correa,California,Representative,46,Male,Yes,No,No,06/02/2026,51.9%,Won,,,,,,,,,,,,Yes,,,,,Safe Dem,
Christian Mendez,California,Representative,46,Male,No,Yes,No,06/02/2026,7.8%,Lost,,,,,,,,,,,,No,,,,,Safe Dem,
"Armando ""Mando"" Perez-Serrato",California,Representative,46,Male,No,Yes,No,06/02/2026,4.9%,Lost,,,,,,,,,,,,No,,,,,Safe Dem,
Hunter Garcia Miranda,California,Representative,47,Male,No,Yes,No,06/02/2026,8.6%,Lost,,,,,,No,,,,,,,No,No,,,Safe Dem,
Dave Min,California,Representative,47,Male,Yes,No,No,06/02/2026,45.4%,Won,,,,,,Yes,,,,,,,Yes,Yes,,,Safe Dem,
Ammar Campa-Najjar,California,Representative,48,Male,No,No,No,06/02/2026,10.6%,Lost,,,,,,Yes,,,,,,,No,Yes,No,,Safe Dem,
Corinna Contreras,California,Representative,48,Female,No,No,No,06/02/2026,5.3%,Lost,,,,,,No,,,,,,,No,No,No,,Safe Dem,
Abel Chavez,California,Representative,48,Male,No,No,No,06/02/2026,5.5%,Lost,,,,,,No,,,,,,,No,No,No,,Safe Dem,
Stephen Clemons,California,Representative,48,Male,No,No,No,06/02/2026,0.8%,Lost,,,,,,No,,,,,,,No,No,No,,Safe Dem,
Ferguson Porter,California,Representative,48,Male,No,No,No,06/02/2026,0.7%,Lost,,,,,,No,,,,,,,No,No,No,,Safe Dem,
Brandon Riker,California,Representative,48,Male,No,No,No,06/02/2026,6.3%,Lost,,,,,,No,,,,,,,No,No,No,,Safe Dem,
Mike Schaefer,California,Representative,48,Male,No,No,No,06/02/2026,2.5%,Lost,,,,,,No,,,,,,,No,No,No,,Safe Dem,
Eric Shaw,California,Representative,48,Male,No,No,No,06/02/2026,0.7%,Lost,,,,,,No,,,,,,,No,No,No,,Safe Dem,
Marni von Wilpert,California,Representative,48,Female,No,No,No,06/02/2026,20.8%,Won,,,,,,No,,,,,,,Yes,Yes,Yes,,Safe Dem,
Mike Levin,California,Representative,49,Male,Yes,No,Yes,06/02/2026,55.9%,Won,,,,,,Yes,,,,,,Yes,Yes,Yes,,,Safe Dem,
"Aishwarya ""Sparky"" Mitra",California,Representative,50,Female,No,Yes,No,06/02/2026,8.0%,Lost,,,,,,,,,,,,No,,No,,,Safe Dem,
Scott Peters,California,Representative,50,Male,Yes,No,No,06/02/2026,48.1%,Won,,,,,,,,,,,,Yes,,Yes,,,Safe Dem,
Tim Arnous,California,Representative,50,Male,No,Yes,No,06/02/2026,1.8%,Lost,,,,,,,,,,,,No,,No,,,Safe Dem,
Stan Caplan,California,Representative,51,Male,No,Yes,No,06/02/2026,2.0%,Lost,,,,,,No,,,,,,,,No,,,Safe Dem,
David W Engel,California,Representative,51,Male,No,Yes,No,06/02/2026,3.2%,Lost,,,,,,No,,,,,,,,No,,,Safe Dem,
Sara Jacobs,California,Representative,51,Female,Yes,No,No,06/02/2026,57.7%,Won,,,,,,Yes,,,,,,,,Yes,,,Safe Dem,
Deborah Calhoun Rhodes,California,Representative,52,Female,No,Yes,No,06/02/2026,9.5%,Lost,,,,,,No,,,,,,No,No,,,,Safe Dem,
Juan Vargas,California,Representative,52,Male,Yes,No,No,06/02/2026,56.5%,Won,,,,,,Yes,,,,,,Yes,Yes,,,,Safe Dem,
Rob Sand,Iowa,Governor,,Male,No,No,Yes,06/02/2026,99.7%,Won,,,,,,,,,,,,,,,,,,Lean Dem
Travis Terrell,Iowa,Representative,1,Male,No,No,No,06/02/2026,18.5%,Lost,,,,,,,,,,,,,,No,No,No,Likely Dem,
Christina Bohannan,Iowa,Representative,1,Female,No,No,No,06/02/2026,81.4%,Won,,,,,,,,,,,,,,Yes,Yes,Yes,Likely Dem,
Lindsay James,Iowa,Representative,2,Female,No,No,No,06/02/2026,57.8%,Won,,,,,,,,,,,,,,,Yes,,Lean Dem,
Clint Twedt-Ball,Iowa,Representative,2,Male,No,No,No,06/02/2026,24.0%,Lost,,,,,,,,,,,,,,,No,,Lean Dem,
Kathy Dolter,Iowa,Representative,2,Female,No,No,No,06/02/2026,18.1%,Lost,,,,,,,,,,,,,,,No,,Lean Dem,
Sarah Trone Garriott,Iowa,Representative,3,Female,No,No,Yes,06/02/2026,99.3%,Won,,,,,,,,,,,,,,Yes,Yes,Yes,Likely Dem,
Stephanie Steiner,Iowa,Representative,4,Female,No,No,No,06/02/2026,30.5%,Lost,,,,,,,,,,,,,,,,,Safe Rep,
Dave Dawson,Iowa,Representative,4,Male,No,No,No,06/02/2026,39.0%,Won,,,,,,,,,,,,,,,,,Safe Rep,
Ashley WolfTornabane,Iowa,Representative,4,Female,No,No,No,06/02/2026,30.3%,Lost,,,,,,,,,,,,,,,,,Safe Rep,
Josh Turek,Iowa,Senate,,Male,No,No,No,06/02/2026,62.6%,Won,,,,,,,,,No,,,,,Yes,,,Toss-Up,
Zach Wahls,Iowa,Senate,,Male,No,No,No,06/02/2026,37.3%,Lost,,,,,,,,,Yes,,,,,Yes,,,Toss-Up,
Sam Forstag,Montana,Representative,1,Male,No,No,No,06/02/2026,37.4%,Won,,,,,,Yes,,Yes,,Yes,,,,,,,Toss-Up,
Russell Cleveland,Montana,Representative,1,Male,No,No,No,06/02/2026,21.7%,Lost,,,,,,No,,No,,No,,,,,,,Toss-Up,
Matt Rains,Montana,Representative,1,Male,No,No,No,06/02/2026,7.9%,Lost,,,,,,No,,No,,No,,,,,,,Toss-Up,
Ryan Busse,Montana,Representative,1,Male,No,No,No,06/02/2026,33.0%,Lost,,,,,,No,,No,,No,,,,,,,Toss-Up,
Brian J Miller,Montana,Representative,2,Male,No,No,No,06/02/2026,55.5%,Won,,,,,,,,,,,,,,,,,Safe Rep,
Sam Lux,Montana,Representative,2,Male,No,No,No,06/02/2026,27.2%,Lost,,,,,,,,,,,,,,,,,Safe Rep,
Jonathan Windy Boy,Montana,Representative,2,Male,No,No,No,06/02/2026,17.3%,Lost,,,,,,,,,,,,,,,,,Safe Rep,
Michael Hummert,Montana,Senate,,Male,No,No,No,06/02/2026,3.9%,Lost,,,,,,,,,,,,,,,,,Likely Rep,
Reilly Neill,Montana,Senate,,Female,No,No,No,06/02/2026,33.0%,Lost,,,,,,,,,,,,,,,,,Likely Rep,
Alani Bankhead,Montana,Senate,,Female,No,No,No,06/02/2026,43.7%,Won,,,,,,,,,,,,,,,,,Likely Rep,
Michael Black Wolf,Montana,Senate,,Male,No,No,No,06/02/2026,13.1%,Lost,,,,,,,,,,,,,,,,,Likely Rep,
Christopher Kehoe,Montana,Senate,,Male,No,No,No,06/02/2026,6.4%,Lost,,,,,,,,,,,,,,,,,Likely Rep,
Donald Norcross,New Jersey,Representative,1,Male,Yes,No,Yes,06/02/2026,100.0%,Won,,,,,,Yes,,,,,,Yes,Yes,,,,Safe Dem,
Terri Reese,New Jersey,Representative,2,Female,No,No,No,06/02/2026,10.7%,Lost,,,,,,,,,,,,,,,,,Likely Rep,
Tim Alexander,New Jersey,Representative,2,Male,No,No,No,06/02/2026,27.4%,Lost,,,,,,,,,,,,,,,,,Likely Rep,
Zack Mullock,New Jersey,Representative,2,Male,No,No,No,06/02/2026,39.8%,Won,,,,,,,,,,,,,,,,,Likely Rep,
Bayly Winder,New Jersey,Representative,2,Male,No,No,No,06/02/2026,22.2%,Lost,,,,,,,,,,,,,,,,,Likely Rep,
Herb Conaway,New Jersey,Representative,3,Male,Yes,No,Yes,06/02/2026,100.0%,Won,,,,,,,,,,,,,,,,,Safe Dem,
John Blake,New Jersey,Representative,4,Male,No,No,No,06/02/2026,27.2%,Lost,,,,,,,,,,,,,,,,,Safe Rep,
Rachel Peace,New Jersey,Representative,4,Female,No,No,No,06/02/2026,72.8%,Won,,,,,,,,,,,,,,,,,Safe Rep,
Josh Gottheimer,New Jersey,Representative,5,Male,Yes,No,Yes,06/02/2026,100.0%,Won,,,,,,,,,,,,Yes,Yes,,,,Safe Dem,
Frank Pallone Jr.,New Jersey,Representative,6,Male,Yes,No,No,06/02/2026,65.7%,Won,,,,,,Yes,,,,,,Yes,Yes,,,,Safe Dem,
John Hsu,New Jersey,Representative,6,Male,No,Yes,No,06/02/2026,26.7%,Lost,,,,,,No,,,,,,No,No,,,,Safe Dem,
Katie Bansil,New Jersey,Representative,6,Female,No,Yes,No,06/02/2026,7.7%,Lost,,,,,,No,,,,,,No,No,,,,Safe Dem,
Tina Shah,New Jersey,Representative,7,Female,No,No,No,06/02/2026,20.0%,Lost,,,,,,,,,,,,,,No,,,Likely Dem,
Rebecca Bennett,New Jersey,Representative,7,Female,No,No,No,06/02/2026,45.3%,Won,,,,,,,,,,,,,,Yes,,,Likely Dem,
Michael Roth,New Jersey,Representative,7,Male,No,No,No,06/02/2026,15.6%,Lost,,,,,,,,,,,,,,No,,,Likely Dem,
Brian Varela,New Jersey,Representative,7,Male,No,No,No,06/02/2026,19.1%,Lost,,,,,,,,,,,,,,No,,,Likely Dem,
Rob Menendez,New Jersey,Representative,8,Male,Yes,No,No,06/02/2026,68.8%,Won,,,,,,,,,,,,Yes,Yes,,,,Safe Dem,
Mussab Ali,New Jersey,Representative,8,Male,No,Yes,No,06/02/2026,31.2%,Lost,,,,,,,,,,,,No,No,,,,Safe Dem,
Nelida Pou,New Jersey,Representative,9,Female,Yes,No,Yes,06/02/2026,100.0%,Won,,,,,,Yes,,,,,,,,,Yes,Yes,Safe Dem,
LaMonica R. McIver,New Jersey,Representative,10,Female,Yes,No,No,06/02/2026,84.8%,Won,,,,,Yes,Yes,,,,,,,,,,,Safe Dem,
Lawrence D. Poster,New Jersey,Representative,10,Male,No,Yes,No,06/02/2026,15.2%,Lost,,,,,No,No,,,,,,,,,,,Safe Dem,
Analilia Mejia,New Jersey,Representative,11,Female,Yes,No,No,06/02/2026,81.7%,Won,,,,Yes,Yes,Yes,Yes,Yes,,,,,,Yes,Yes,,Safe Dem,
Donald Cresitello,New Jersey,Representative,11,Male,No,Yes,No,06/02/2026,6.9%,Lost,,,,No,No,No,No,No,,,,,,No,No,,Safe Dem,
Joseph B. Lewis II,New Jersey,Representative,11,Male,No,Yes,No,06/02/2026,5.4%,Lost,,,,No,No,No,No,No,,,,,,No,No,,Safe Dem,
Justin Strickland,New Jersey,Representative,11,Male,No,Yes,No,06/02/2026,6.1%,Lost,,,,No,No,No,No,No,,,,,,No,No,,Safe Dem,
Sue Altman,New Jersey,Representative,12,Female,No,No,No,06/02/2026,8.5%,Lost,,,No,,Yes,No,No,No,,No,,,,,,,Safe Dem,
Adam Hamawy,New Jersey,Representative,12,Male,No,No,No,06/02/2026,28.6%,Won,,,Yes,,No,Yes,Yes,Yes,,Yes,,,,,,,Safe Dem,
Verlina Reynolds-Jackson,New Jersey,Representative,12,Female,No,No,No,06/02/2026,8.8%,Lost,,,No,,No,No,No,No,,No,,,,,,,Safe Dem,
Shanel Y. Robinson,New Jersey,Representative,12,Female,No,No,No,06/02/2026,8.9%,Lost,,,No,,No,No,No,No,,No,,,,,,,Safe Dem,
Brad Cohen,New Jersey,Representative,12,Male,No,No,No,06/02/2026,14.6%,Lost,,,No,,No,No,No,No,,No,,,,,,,Safe Dem,
Elijah Dixon,New Jersey,Representative,12,Male,No,No,No,06/02/2026,1.5%,Lost,,,No,,No,No,No,No,,No,,,,,,,Safe Dem,
Matt Adams,New Jersey,Representative,12,Male,No,No,No,06/02/2026,2.1%,Lost,,,No,,No,No,No,No,,No,,,,,,,Safe Dem,
Kyle Little,New Jersey,Representative,12,Male,No,No,No,06/02/2026,0.9%,Lost,,,No,,No,No,No,No,,No,,,,,,,Safe Dem,
Adrian O. Mapp,New Jersey,Representative,12,Male,No,No,No,06/02/2026,4.4%,Lost,,,No,,No,No,No,No,,No,,,,,,,Safe Dem,
Squire Servance,New Jersey,Representative,12,Male,No,No,No,06/02/2026,5.5%,Lost,,,No,,No,No,No,No,,No,,,,,,,Safe Dem,
Sujit Singh,New Jersey,Representative,12,Male,No,No,No,06/02/2026,3.9%,Lost,,,No,,No,No,No,No,,No,,,,,,,Safe Dem,
Jay Vaingankar,New Jersey,Representative,12,Male,No,No,No,06/02/2026,3.0%,Lost,,,No,,No,No,No,No,,No,,,,,,,Safe Dem,
Sam Wang,New Jersey,Representative,12,Male,No,No,No,06/02/2026,9.4%,Lost,,,No,,No,No,No,No,,No,,,,,,,Safe Dem,
Cory Booker,New Jersey,Senate,,Male,Yes,No,Yes,06/02/2026,100.0%,Won,,,,,,,,,,,,Yes,,,,,Safe Dem,
Sam Bregman,New Mexico,Governor,,Male,No,No,No,06/02/2026,27.6%,Lost,,,,,No,,,,,,,,,,No,,,Safe Dem
Deb Haaland,New Mexico,Governor,,Female,No,No,No,06/02/2026,72.4%,Won,,,,,Yes,,,,,,,,,,Yes,,,Safe Dem
Melanie Ann Stansbury,New Mexico,Representative,1,Female,Yes,No,Yes,06/02/2026,100.0%,Won,,,,,,Yes,,,,,,,,,,,Safe Dem,
Gabriel Vasquez,New Mexico,Representative,2,Male,Yes,No,Yes,06/02/2026,100.0%,Won,,,,,,,,,,,,,,Yes,,Yes,Likely Dem,
Teresa Leger Fernandez,New Mexico,Representative,3,Female,Yes,No,Yes,06/02/2026,100.0%,Won,,,,,,Yes,,,,,,,,,,,Safe Dem,
Ben Ray Lujan,New Mexico,Senate,,Male,Yes,No,No,06/02/2026,84.2%,Won,,,,,,,,,,,,,,,,,Safe Dem,
Matt Dodson,New Mexico,Senate,,Male,No,Yes,No,06/02/2026,15.8%,Lost,,,,,,,,,,,,,,,,,Safe Dem,
Dan Ahlers,South Dakota,Governor,,Male,No,No,Yes,06/02/2026,100.0%,Won,,,,,,,,,,,,,,,,,,Safe Rep
"Nicole ""Nikki"" Gronli",South Dakota,Representative,1,Female,No,No,Yes,06/02/2026,100.0%,Won,,,,,,,,,,,,,,,,,Safe Rep,
Julian Beaudion,South Dakota,Senate,,Male,No,No,Yes,06/02/2026,100.0%,Won,,,,,,,,,,,,,,,,,Safe Rep,
Shenna Bellows,Maine,Governor,,Female,No,No,No,06/09/2026,20.60%,Lost,,,,,,,,No,,,,,,,,,,Safe Dem
Hannah Pingree,Maine,Governor,,Female,No,No,No,06/09/2026,23.20%,Won,,,,,,,,No,,,,,,,,,,Safe Dem
Angus King III,Maine,Governor,,Male,No,No,No,06/09/2026,8.20%,Lost,,,,,,,,No,,,,,,,,,,Safe Dem
Nirav Shah,Maine,Governor,,Male,No,No,No,06/09/2026,26.90%,Lost,,,,,,,,No,,,,,,,,,,Safe Dem
Troy Jackson,Maine,Governor,,Male,No,No,No,06/09/2026,21.10%,Lost,,,,,,,,Yes,,,,,,,,,,Safe Dem
Chellie Pingree,Maine,Representative,1,Female,Yes,No,Yes,06/09/2026,100.0%,Won,,,,,,Yes,,,,,,,,Yes,,,Safe Dem,
Joseph Baldacci,Maine,Representative,2,Male,No,No,No,06/09/2026,31.70%,Lost,,,,,,,,,,,,,Yes,Yes,,Yes,Lean Dem,
Jordan Wood,Maine,Representative,2,Male,No,No,No,06/09/2026,28.80%,Lost,,,,,,,,,,,,,No,Yes,,No,Lean Dem,
Matthew Dunlap,Maine,Representative,2,Male,No,No,No,06/09/2026,29.10%,Won,,,,,,,,,,,,,No,No,,No,Lean Dem,
Paige Loud,Maine,Representative,2,Female,No,No,No,06/09/2026,10.40%,Lost,,,,,,,,,,,,,No,No,,No,Lean Dem,
Janet Mills,Maine,Senate,,Female,No,No,No,06/09/2026,19.2%,Lost,,,,No,No,,,No,No,,,,,,Yes,Yes,Lean Dem,
David Costello,Maine,Senate,,Male,No,No,No,06/09/2026,8.1%,Lost,,,,No,No,,,No,No,,,,,,No,No,Lean Dem,
Graham Platner,Maine,Senate,,Male,No,No,No,06/09/2026,72.1%,Won,,,,Yes,Yes,,,Yes,Yes,,,,,,No,Yes,Lean Dem,
Sunshine Arterburn,Nevada,Governor,,Female,No,No,No,06/09/2026,2.7%,Lost,,,,,,,,,,,,,,,,,,Toss-Up
Miqehl Bayfield,Nevada,Governor,,Female,No,No,No,06/09/2026,1.2%,Lost,,,,,,,,,,,,,,,,,,Toss-Up
Emile Bouari,Nevada,Governor,,Male,No,No,No,06/09/2026,1.5%,Lost,,,,,,,,,,,,,,,,,,Toss-Up
James Cooper,Nevada,Governor,,Male,No,No,No,06/09/2026,3.5%,Lost,,,,,,,,,,,,,,,,,,Toss-Up
Aaron Darnell Ford,Nevada,Governor,,Male,No,No,No,06/09/2026,63.3%,Won,,,,,,,,,,,,,,,,,,Toss-Up
Alexis Hill,Nevada,Governor,,Female,No,No,No,06/09/2026,23.9%,Lost,,,,,,,,,,,,,,,,,,Toss-Up
Gabriel Cornejo,Nevada,Representative,1,Male,No,Yes,No,06/09/2026,8.8%,Lost,,,,,,,,,,,,No,No,,No,No,Safe Dem,
Luis Paniagua,Nevada,Representative,1,Male,No,Yes,No,06/09/2026,2.3%,Lost,,,,,,,,,,,,No,No,,No,No,Safe Dem,
Dina Titus,Nevada,Representative,1,Female,Yes,No,No,06/09/2026,75.9%,Won,,,,,,,,,,,,Yes,Yes,,Yes,Yes,Safe Dem,
Joy Hoover,Nevada,Representative,1,Female,No,Yes,No,06/09/2026,13.1%,Lost,,,,,,,,,,,,No,No,,No,No,Safe Dem,
Kathy Durham,Nevada,Representative,2,Female,No,No,No,06/09/2026,11.5%,Lost,,,,,,,,,,,,,,,,,Lean Rep,
Morgan Wadsworth,Nevada,Representative,2,Female,No,No,No,06/09/2026,9.4%,Lost,,,,,,,,,,,,,,,,,Lean Rep,
"Gamaliel ""Gamy"" Enriquez",Nevada,Representative,2,Male,No,No,No,06/09/2026,1.7%,Lost,,,,,,,,,,,,,,,,,Lean Rep,
Matthew Fonken,Nevada,Representative,2,Male,No,No,No,06/09/2026,6.2%,Lost,,,,,,,,,,,,,,,,,Lean Rep,
Gerold Gorman,Nevada,Representative,2,Male,No,No,No,06/09/2026,0.4%,Lost,,,,,,,,,,,,,,,,,Lean Rep,
Joshua Hebert,Nevada,Representative,2,Male,No,No,No,06/09/2026,0.8%,Lost,,,,,,,,,,,,,,,,,Lean Rep,
Mark Jolle,Nevada,Representative,2,Male,No,No,No,06/09/2026,0.7%,Lost,,,,,,,,,,,,,,,,,Lean Rep,
John Kerns,Nevada,Representative,2,Male,No,No,No,06/09/2026,0.7%,Lost,,,,,,,,,,,,,,,,,Lean Rep,
Teresa Benitez-Thompson,Nevada,Representative,2,Female,No,No,No,06/09/2026,45.6%,Won,,,,,,,,,,,,,,,,,Lean Rep,
"Robert ""Greg"" Kidd",Nevada,Representative,2,Male,No,No,No,06/09/2026,22.5%,Lost,,,,,,,,,,,,,,,,,Lean Rep,
Samuel White,Nevada,Representative,2,Male,No,No,No,06/09/2026,0.6%,Lost,,,,,,,,,,,,,,,,,Lean Rep,
James Lally,Nevada,Representative,3,Male,No,Yes,No,06/09/2026,20.4%,Lost,,,,,,,,,,,,No,No,,No,No,Safe Dem,
Susie Lee,Nevada,Representative,3,Female,Yes,No,No,06/09/2026,69.2%,Won,,,,,,,,,,,,Yes,Yes,,Yes,Yes,Safe Dem,
Terrill Robinson,Nevada,Representative,3,Male,No,Yes,No,06/09/2026,6.5%,Lost,,,,,,,,,,,,No,No,,No,No,Safe Dem,
Brandon West,Nevada,Representative,3,Male,No,Yes,No,06/09/2026,3.9%,Lost,,,,,,,,,,,,No,No,,No,No,Safe Dem,
Steven Horsford,Nevada,Representative,4,Male,Yes,No,Yes,06/09/2026,100.0%,Won,,,,,,Yes,,,,,,Yes,,,,Yes,Safe Dem,
Trygve Hammer,North Dakota,Representative,1,Male,No,No,Yes,06/09/2026,100.0%,Won,,,,,,,,,,,,,,,,,Safe Rep,
Jermaine Johnson,South Carolina,Governor,,Male,No,No,No,06/09/2026,59.7%,Won,,,,,,,,,,,,,,,,,,Safe Rep
Mullins McLeod,South Carolina,Governor,,Male,No,No,No,06/09/2026,10.7%,Lost,,,,,,,,,,,,,,,,,,Safe Rep
Billy Webster,South Carolina,Governor,,Male,No,No,No,06/09/2026,29.7%,Lost,,,,,,,,,,,,,,,,,,Safe Rep
Mac Deford,South Carolina,Representative,1,Male,No,No,No,06/09/2026,28.9%,Advanced,47.9%,Lost,,,,,,,,,,,,,No,,Lean Rep,
Nancy Lacore,South Carolina,Representative,1,Female,No,No,No,06/09/2026,36.5%,Advanced,52.1%,Won,,,,,,,,,,,,,Yes,,Lean Rep,
Francina Dantzler,South Carolina,Representative,1,Female,No,No,No,06/09/2026,9.6%,Lost,,,,,,,,,,,,,,,No,,Lean Rep,
Mayra Rivera-Vazquez,South Carolina,Representative,1,Female,No,No,No,06/09/2026,9.6%,Lost,,,,,,,,,,,,,,,No,,Lean Rep,
Max Diaz,South Carolina,Representative,1,Male,No,No,No,06/09/2026,2.0%,Lost,,,,,,,,,,,,,,,No,,Lean Rep,
Ben Frasier,South Carolina,Representative,1,Male,No,No,No,06/09/2026,9.5%,Lost,,,,,,,,,,,,,,,No,,Lean Rep,
Matthew Fulmer,South Carolina,Representative,1,Male,No,No,No,06/09/2026,4.0%,Lost,,,,,,,,,,,,,,,No,,Lean Rep,
Zyon Khalifa,South Carolina,Representative,2,Male,No,No,No,06/09/2026,34.1%,Advanced,53.8%,Won,,,,,,,,,,,,,,,Likely Rep,
Roger Pruitt,South Carolina,Representative,2,Male,No,No,No,06/09/2026,20.0%,Lost,,,,,,,,,,,,,,,,,Likely Rep,
David Robinson II,South Carolina,Representative,2,Male,No,No,No,06/09/2026,41.0%,Advanced,46.2%,Lost,,,,,,,,,,,,,,,Likely Rep,
Daniel J Shrief,South Carolina,Representative,2,Male,No,No,No,06/09/2026,4.9%,Lost,,,,,,,,,,,,,,,,,Likely Rep,
Eunice Lehmacher,South Carolina,Representative,3,Female,No,No,No,06/09/2026,53.4%,Won,,,,,,,,,,,,,,,,,Safe Rep,
Ernest E Mackins,South Carolina,Representative,3,Male,No,No,No,06/09/2026,46.6%,Lost,,,,,,,,,,,,,,,,,Safe Rep,
Courtney McClain,South Carolina,Representative,4,Female,No,No,Yes,06/09/2026,100.0%,Won,,,,,,,,,,,,,,,,,Safe Rep,
Mallory Dittmer,South Carolina,Representative,5,Female,No,No,No,06/09/2026,55.8%,Won,,,,,,,,,,,,,,,,,Safe Rep,
Andrew Clough,South Carolina,Representative,5,Male,No,No,No,06/09/2026,44.2%,Lost,,,,,,,,,,,,,,,,,Safe Rep,
Frederick R Goodwin,South Carolina,Representative,6,Male,No,Yes,No,06/09/2026,9.8%,Lost,,,,,,,,,,,,,,No,,,Safe Dem,
Jim Clyburn,South Carolina,Representative,6,Male,Yes,No,No,06/09/2026,90.3%,Won,,,,,,,,,,,,,,Yes,,,Safe Dem,
Brandon P Brown,South Carolina,Senate,,Male,No,No,No,06/09/2026,30.2%,Lost,,,,,,,,,,,,,,,No,,Lean Rep,
Annie Andrews,South Carolina,Senate,,Female,No,No,No,06/09/2026,61.5%,Won,,,,,,,,,,,,,,,Yes,,Lean Rep,
Kyle Freeman,South Carolina,Senate,,Male,No,No,No,06/09/2026,8.3%,Lost,,,,,,,,,,,,,,,No,,Lean Rep,
Connie Johnson,Oklahoma,Governor,,Female,No,No,No,06/16/2026,22.3%,Lost,,,,,,,,,,,,,,,,,,Safe Rep
Arya,Oklahoma,Governor,,Male,No,No,No,06/16/2026,2.8%,Lost,,,,,,,,,,,,,,,,,,Safe Rep
Cyndi Munson,Oklahoma,Governor,,Female,No,No,No,06/16/2026,74.9%,Won,,,,,,,,,,,,,,,,,,Safe Rep
John Croisant,Oklahoma,Representative,1,Male,No,No,Yes,06/16/2026,100.0%,Won,,,,,,,,,,,,,,,,,Safe Rep,
Erik Terwey,Oklahoma,Representative,2,Male,No,No,No,06/16/2026,26.3%,Lost,,,,,,,,,,,,,,,,,Safe Rep,
Brandon Wade,Oklahoma,Representative,2,Male,No,No,No,06/16/2026,73.7%,Won,,,,,,,,,,,,,,,,,Safe Rep,
Suzie Byrd,Oklahoma,Representative,3,Female,No,No,No,06/16/2026,67.4%,Won,,,,,,,,,,,,,,,,,Safe Rep,
Jules Roberson,Oklahoma,Representative,3,Female,No,No,No,06/16/2026,32.6%,Lost,,,,,,,,,,,,,,,,,Safe Rep,
Jeff Pixley,Oklahoma,Representative,4,Male,No,No,No,06/16/2026,45.6%,Lost,,,,,,,,,,,,,,,,,Safe Rep,
Mitchell Jacob,Oklahoma,Representative,4,Male,No,No,No,06/16/2026,54.4%,Won,,,,,,,,,,,,,,,,,Safe Rep,
Jena Nelson,Oklahoma,Representative,5,Female,No,No,No,06/16/2026,56.8%,Won,,,,,,,,No,,,,,,,,,Likely Rep,
Trey Martin,Oklahoma,Representative,5,Male,No,No,No,06/16/2026,43.3%,Lost,,,,,,,,Yes,,,,,,,,,Likely Rep,
Troy W. Green,Oklahoma,Senate,,Male,No,No,No,06/16/2026,19.8%,Lost,,,,,,,,,,,,,,,,,Safe Rep,
N'Kiyla Jasmine Thomas,Oklahoma,Senate,,Female,No,No,No,06/16/2026,45.2%,Advanced,61.2%,Won,,,,,,,,,,,,,,,Safe Rep,
Jim Priest,Oklahoma,Senate,,Male,No,No,No,06/16/2026,23.9%,Advanced,38.8%,Lost,,,,,,,,,,,,,,,Safe Rep,
R.O. Joe Cassity Jr.,Oklahoma,Senate,,Male,No,No,No,06/16/2026,4.4%,Lost,,,,,,,,,,,,,,,,,Safe Rep,
Ervin Stone Yen,Oklahoma,Senate,,Male,No,No,No,06/16/2026,6.7%,Lost,,,,,,,,,,,,,,,,,Safe Rep,
Eric S. Felber,Maryland,Governor,,Male,No,Yes,No,06/23/2026,11.7%,Lost,,,,,,,,,,,,,,,,,,Safe Dem
Wes Moore,Maryland,Governor,,Male,Yes,No,No,06/23/2026,88.3%,Won,,,,,,,,,,,,,,,,,,Safe Dem
Randi White,Maryland,Representative,1,Female,No,No,No,06/23/2026,36.7%,Lost,,,,,,,,,,,,,,,,,Likely Rep,
Victor Allen Guidice,Maryland,Representative,1,Male,No,No,No,06/23/2026,10.0%,Lost,,,,,,,,,,,,,,,,,Likely Rep,
Dan Schwartz,Maryland,Representative,1,Male,No,No,No,06/23/2026,46.3%,Won,,,,,,,,,,,,,,,,,Likely Rep,
George Walish,Maryland,Representative,1,Male,No,No,No,06/23/2026,7.0%,Lost,,,,,,,,,,,,,,,,,Likely Rep,
Clint Spellman Jr.,Maryland,Representative,2,Male,No,Yes,No,06/23/2026,15.5%,Lost,,,,,,,,,,,,No,No,No,,,Safe Dem,
"John ""Johnny O"" Olszewski Jr.",Maryland,Representative,2,Male,Yes,No,No,06/23/2026,84.5%,Won,,,,,,,,,,,,Yes,Yes,Yes,,,Safe Dem,
Jennifer Cross,Maryland,Representative,3,Female,No,Yes,No,06/23/2026,8.3%,Lost,,,,,,,,,,,,No,,,,,Safe Dem,
Austin Dyches,Maryland,Representative,3,Male,No,Yes,No,06/23/2026,10.7%,Lost,,,,,,,,,,,,No,,,,,Safe Dem,
Sarah Elfreth,Maryland,Representative,3,Female,Yes,No,No,06/23/2026,74.7%,Won,,,,,,,,,,,,Yes,,,,,Safe Dem,
Sean Hammond,Maryland,Representative,3,Male,No,Yes,No,06/23/2026,3.7%,Lost,,,,,,,,,,,,No,,,,,Safe Dem,
Robert Gerald Morrison,Maryland,Representative,3,Male,No,Yes,No,06/23/2026,2.6%,Lost,,,,,,,,,,,,No,,,,,Safe Dem,
Joseph Gomes,Maryland,Representative,4,Male,No,Yes,No,06/23/2026,2.4%,Lost,,,,,,,,,,,,No,No,,,,Safe Dem,
Glenn F. Ivey,Maryland,Representative,4,Male,Yes,No,No,06/23/2026,79.2%,Won,,,,,,,,,,,,Yes,Yes,,,,Safe Dem,
Jonathan D. White,Maryland,Representative,4,Male,No,Yes,No,06/23/2026,2.4%,Lost,,,,,,,,,,,,No,No,,,,Safe Dem,
Shavonne N. Hedgepeth,Maryland,Representative,4,Female,No,Yes,No,06/23/2026,4.9%,Lost,,,,,,,,,,,,No,No,,,,Safe Dem,
Jakeya Johnson,Maryland,Representative,4,Female,No,Yes,No,06/23/2026,11.2%,Lost,,,,,,,,,,,,No,No,,,,Safe Dem,
Harry Anthony Dunn,Maryland,Representative,5,Male,No,No,No,06/23/2026,14.0%,Lost,,,,,Yes,,,,,,,No,No,,,,Safe Dem,
Quincy Bareebe,Maryland,Representative,5,Female,No,No,No,06/23/2026,17.3%,Lost,,,,,No,,,,,,,No,No,,,,Safe Dem,
Wala Blegay,Maryland,Representative,5,Female,No,No,No,06/23/2026,11.1%,Lost,,,,,No,,,,,,,No,No,,,,Safe Dem,
Elldwnia English,Maryland,Representative,5,Female,No,No,No,06/23/2026,0.3%,Lost,,,,,No,,,,,,,No,No,,,,Safe Dem,
Heather Luper,Maryland,Representative,5,Female,No,No,No,06/23/2026,0.4%,Lost,,,,,No,,,,,,,No,No,,,,Safe Dem,
Leigha Messick,Maryland,Representative,5,Female,No,No,No,06/23/2026,0.8%,Lost,,,,,No,,,,,,,No,No,,,,Safe Dem,
Alexis S. Solis,Maryland,Representative,5,Female,No,No,No,06/23/2026,0.9%,Lost,,,,,No,,,,,,,No,No,,,,Safe Dem,
Tracy Starr,Maryland,Representative,5,Female,No,No,No,06/23/2026,0.5%,Lost,,,,,No,,,,,,,No,No,,,,Safe Dem,
Nicole A. Williams,Maryland,Representative,5,Female,No,No,No,06/23/2026,1.4%,Lost,,,,,No,,,,,,,No,No,,,,Safe Dem,
Mark Arness,Maryland,Representative,5,Male,No,No,No,06/23/2026,0.6%,Lost,,,,,No,,,,,,,No,No,,,,Safe Dem,
Rushern L. Baker III,Maryland,Representative,5,Male,No,No,No,06/23/2026,10.5%,Lost,,,,,No,,,,,,,No,No,,,,Safe Dem,
Adrian Boafo,Maryland,Representative,5,Male,No,No,No,06/23/2026,32.7%,Won,,,,,No,,,,,,,Yes,Yes,,,,Safe Dem,
Reuben B. Collins II,Maryland,Representative,5,Male,No,No,No,06/23/2026,1.6%,Lost,,,,,No,,,,,,,No,No,,,,Safe Dem,
Ellis D. Colvin,Maryland,Representative,5,Male,No,No,No,06/23/2026,0.3%,Lost,,,,,No,,,,,,,No,No,,,,Safe Dem,
Arthur Ellis,Maryland,Representative,5,Male,No,No,No,06/23/2026,2.9%,Lost,,,,,No,,,,,,,No,No,,,,Safe Dem,
Terry Antonio Jackson II,Maryland,Representative,5,Male,No,No,No,06/23/2026,0.4%,Lost,,,,,No,,,,,,,No,No,,,,Safe Dem,
Harry Jarin,Maryland,Representative,5,Male,No,No,No,06/23/2026,1.5%,Lost,,,,,No,,,,,,,No,No,,,,Safe Dem,
Walter Kirkland,Maryland,Representative,5,Male,No,No,No,06/23/2026,0.5%,Lost,,,,,No,,,,,,,No,No,,,,Safe Dem,
Jerry Lightfoot,Maryland,Representative,5,Male,No,No,No,06/23/2026,0.5%,Lost,,,,,No,,,,,,,No,No,,,,Safe Dem,
James Anderson Makle Jr.,Maryland,Representative,5,Male,No,No,No,06/23/2026,0.1%,Lost,,,,,No,,,,,,,No,No,,,,Safe Dem,
Keith Salkowski,Maryland,Representative,5,Male,No,No,No,06/23/2026,0.2%,Lost,,,,,No,,,,,,,No,No,,,,Safe Dem,
Kenneth Simons,Maryland,Representative,5,Male,No,No,No,06/23/2026,0.2%,Lost,,,,,No,,,,,,,No,No,,,,Safe Dem,
Dave Sundberg,Maryland,Representative,5,Male,No,No,No,06/23/2026,0.9%,Lost,,,,,No,,,,,,,No,No,,,,Safe Dem,
Harold Tolbert,Maryland,Representative,5,Male,No,No,No,06/23/2026,0.4%,Lost,,,,,No,,,,,,,No,No,,,,Safe Dem,
George Gluck,Maryland,Representative,6,Male,No,Yes,No,06/23/2026,1.5%,Lost,,,,,,,,,,,,No,No,,,,Safe Dem,
Daniel M. Krakower,Maryland,Representative,6,Male,No,Yes,No,06/23/2026,0.3%,Lost,,,,,,,,,,,,No,No,,,,Safe Dem,
April McClain Delaney,Maryland,Representative,6,Female,Yes,No,No,06/23/2026,44.0%,Won,,,,,,,,,,,,Yes,Yes,,,,Safe Dem,
David J. Trone,Maryland,Representative,6,Male,No,Yes,No,06/23/2026,37.0%,Lost,,,,,,,,,,,,No,No,,,,Safe Dem,
Ethan P. Wechtaluk,Maryland,Representative,6,Male,No,Yes,No,06/23/2026,5.5%,Lost,,,,,,,,,,,,No,No,,,,Safe Dem,
"Kiambo ""Bo"" White",Maryland,Representative,6,Male,No,Yes,No,06/23/2026,1.1%,Lost,,,,,,,,,,,,No,No,,,,Safe Dem,
A. Mark Wilks,Maryland,Representative,6,Male,No,Yes,No,06/23/2026,0.9%,Lost,,,,,,,,,,,,No,No,,,,Safe Dem,
Alexis Goldstein,Maryland,Representative,6,Female,No,Yes,No,06/23/2026,9.8%,Lost,,,,,,,,,,,,No,No,,,,Safe Dem,
Kweisi Mfume,Maryland,Representative,7,Male,Yes,No,No,06/23/2026,70.1%,Won,,,,,,Yes,,,,,,Yes,,Yes,,,Safe Dem,
Mark S. Conway Jr.,Maryland,Representative,7,Male,No,Yes,No,06/23/2026,24.5%,Lost,,,,,,No,,,,,,No,,No,,,Safe Dem,
Tashi K. Davis,Maryland,Representative,7,Male,No,Yes,No,06/23/2026,3.5%,Lost,,,,,,No,,,,,,No,,No,,,Safe Dem,
Theo R. Gillespie,Maryland,Representative,7,Male,No,Yes,No,06/23/2026,1.9%,Lost,,,,,,No,,,,,,No,,No,,,Safe Dem,
Jamie Raskin,Maryland,Representative,8,Male,Yes,No,No,06/23/2026,92.7%,Won,,,,,,Yes,,,,,,,,Yes,,,Safe Dem,
J. D. Kumar,Maryland,Representative,8,Male,No,Yes,No,06/23/2026,2.4%,Lost,,,,,,No,,,,,,,,No,,,Safe Dem,
Stephen Alan Leon,Maryland,Representative,8,Male,No,Yes,No,06/23/2026,2.3%,Lost,,,,,,No,,,,,,,,No,,,Safe Dem,
Boris Kabel Velasquez,Maryland,Representative,8,Male,No,Yes,No,06/23/2026,2.6%,Lost,,,,,,No,,,,,,,,No,,,Safe Dem,
Kathy C. Hochul,New York,Governor,,Female,Yes,No,Yes,06/23/2026,100.0%,Won,,,,,,,,,,,,,,,Yes,,,Safe Dem
Lukas Ventouras,New York,Representative,1,Male,No,No,No,06/23/2026,37.0%,Lost,,,,,No,,,,,,,,,,,,Lean Rep,
Christopher J. Gallant,New York,Representative,1,Male,No,No,No,06/23/2026,62.9%,Won,,,,,Yes,,,,,,,,,,,,Lean Rep,
Patrick Halpin,New York,Representative,2,Male,No,No,Yes,06/23/2026,100.0%,Won,,,,,Yes,,,,,,,,,,,,Likely Rep,
Thomas R. Suozzi,New York,Representative,3,Male,Yes,No,No,06/23/2026,79.3%,Won,,,,,,,,,,,,Yes,Yes,,,Yes,Safe Dem,
Danielle Welch,New York,Representative,3,Female,No,Yes,No,06/23/2026,20.5%,Lost,,,,,,,,,,,,No,No,,,No,Safe Dem,
Laura Gillen,New York,Representative,4,Female,Yes,No,Yes,06/23/2026,100.0%,Won,,,,,,,,,,,,Yes,Yes,,Yes,Yes,Safe Dem,
Gregory Meeks,New York,Representative,5,Male,Yes,No,Yes,06/23/2026,100.0%,Won,,,,,,,,,,,,Yes,Yes,Yes,,,Safe Dem,
Chuck Park,New York,Representative,6,Male,No,Yes,No,06/23/2026,42.9%,Lost,,,,,,No,,,,,,No,No,,,,Safe Dem,
Grace Meng,New York,Representative,6,Female,Yes,No,No,06/23/2026,56.8%,Won,,,,,,Yes,,,,,,Yes,Yes,,,,Safe Dem,
Vichal Kumar,New York,Representative,7,Male,No,No,No,06/23/2026,1.7%,Lost,,,No,,No,,No,No,,,,,,,,,Safe Dem,
Julie Won,New York,Representative,7,Female,No,No,No,06/23/2026,6.3%,Lost,,,No,,No,,No,No,,,,,,,,,Safe Dem,
Antonio Reynoso,New York,Representative,7,Male,No,No,No,06/23/2026,35.7%,Lost,,,No,,Yes,,No,No,,,,,,,,,Safe Dem,
Claire Valdez,New York,Representative,7,Female,No,No,No,06/23/2026,56.2%,Won,,,Yes,,No,,Yes,Yes,,,,,,,,,Safe Dem,
Hakeem Jeffries,New York,Representative,8,Male,Yes,No,Yes,06/23/2026,0.2%,Won,,,,,,,,,,,,Yes,,Yes,,,Safe Dem,
Mike Goldfarb,New York,Representative,9,Male,No,Yes,No,06/23/2026,15.4%,Lost,,,,,,No,,,,,,No,,No,,,Safe Dem,
Joshua A. Bristol,New York,Representative,9,Male,No,Yes,No,06/23/2026,14.9%,Lost,,,,,,No,,,,,,No,,No,,,Safe Dem,
Yvette D. Clarke,New York,Representative,9,Female,Yes,No,No,06/23/2026,68.5%,Won,,,,,,Yes,,,,,,Yes,,Yes,,,Safe Dem,
Dan Goldman,New York,Representative,10,Male,Yes,No,No,06/23/2026,33.8%,Lost,,,,No,No,Yes,No,No,No,,,Yes,Yes,Yes,,,Safe Dem,
Brad Lander,New York,Representative,10,Male,No,Yes,No,06/23/2026,66.0%,Won,,,,Yes,Yes,No,Yes,Yes,Yes,,,No,No,Yes,,,Safe Dem,
Allison Ziogas,New York,Representative,11,Female,No,No,No,06/23/2026,37.1%,Lost,,,,,,,,,,,,,,,,,Safe Rep,
Mike DeCillis,New York,Representative,11,Male,No,No,No,06/23/2026,61.5%,Won,,,,,,,,,,,,,,,,,Safe Rep,
Alex Bores,New York,Representative,12,Male,No,No,No,06/23/2026,34.9%,Lost,,,,,,,,,,,,,,Yes,,,Safe Dem,
Jack Kennedy Schlossberg,New York,Representative,12,Male,No,No,No,06/23/2026,10.9%,Lost,,,,,,,,,,,,,,Yes,,,Safe Dem,
Patrick Timmins,New York,Representative,12,Male,No,No,No,06/23/2026,0.3%,Lost,,,,,,,,,,,,,,No,,,Safe Dem,
Chris Diep,New York,Representative,12,Male,No,No,No,06/23/2026,0.2%,Lost,,,,,,,,,,,,,,No,,,Safe Dem,
George Conway,New York,Representative,12,Male,No,No,No,06/23/2026,6.1%,Lost,,,,,,,,,,,,,,No,,,Safe Dem,
Nina Schwalbe,New York,Representative,12,Female,No,No,No,06/23/2026,7.3%,Lost,,,,,,,,,,,,,,No,,,Safe Dem,
Laura Dunn,New York,Representative,12,Female,No,No,No,06/23/2026,1.4%,Lost,,,,,,,,,,,,,,No,,,Safe Dem,
Micah C. Lasher,New York,Representative,12,Male,No,No,No,06/23/2026,38.9%,Won,,,,,,,,,,,,,,Yes,,,Safe Dem,
Oscar J. Romero Jr.,New York,Representative,13,Male,No,Yes,No,06/23/2026,3.6%,Lost,,,No,No,,No,No,,,,,No,No,,,,Safe Dem,
Theo Bruce Chino-Tavarez,New York,Representative,13,Male,No,Yes,No,06/23/2026,0.9%,Lost,,,No,No,,No,No,,,,,No,No,,,,Safe Dem,
Adriano Espaillat,New York,Representative,13,Male,Yes,No,No,06/23/2026,45.7%,Lost,,,No,No,,Yes,No,,,,,Yes,Yes,,,,Safe Dem,
Darializa Avila Chevalier,New York,Representative,13,Female,No,Yes,No,06/23/2026,49.5%,Won,,,Yes,Yes,,No,Yes,,,,,No,No,,,,Safe Dem,
Felipe Garcia,New York,Representative,14,Male,No,Yes,No,06/23/2026,6.8%,Lost,,,No,,No,No,No,,,,,,,,,,Safe Dem,
Marty Dolan,New York,Representative,14,Male,No,Yes,No,06/23/2026,6.0%,Lost,,,No,,No,No,No,,,,,,,,,,Safe Dem,
Alexandria Ocasio-Cortez,New York,Representative,14,Female,Yes,No,No,06/23/2026,86.9%,Won,,,Yes,,Yes,Yes,Yes,,,,,,,,,,Safe Dem,
Ritchie Torres,New York,Representative,15,Male,Yes,No,No,06/23/2026,71.8%,Won,,,,,,,,,,,,Yes,Yes,,,,Safe Dem,
Jose Vega,New York,Representative,15,Male,No,Yes,No,06/23/2026,5.7%,Lost,,,,,,,,,,,,No,No,,,,Safe Dem,
Michael Blake,New York,Representative,15,Male,No,Yes,No,06/23/2026,21.8%,Lost,,,,,,,,,,,,No,No,,,,Safe Dem,
George S. Latimer,New York,Representative,16,Male,Yes,No,Yes,06/23/2026,100.0%,Won,,,,,,,,,,,,Yes,Yes,,,,Safe Dem,
Beth Davidson,New York,Representative,17,Female,No,No,No,06/23/2026,31.8%,Lost,,,,,No,,,,,,,,No,Yes,,,Likely Dem,
John Cappello,New York,Representative,17,Male,No,No,No,06/23/2026,1.6%,Lost,,,,,No,,,,,,,,No,No,,,Likely Dem,
Michael Sacks,New York,Representative,17,Male,No,No,No,06/23/2026,1.6%,Lost,,,,,No,,,,,,,,No,No,,,Likely Dem,
Effie Guadalupe Phillips-Staley,New York,Representative,17,Female,No,No,No,06/23/2026,15.3%,Lost,,,,,Yes,,,,,,,,No,No,,,Likely Dem,
Cait Conley,New York,Representative,17,Female,No,No,No,06/23/2026,49.6%,Won,,,,,No,,,,,,,,Yes,Yes,,,Likely Dem,
Pat Ryan,New York,Representative,18,Male,Yes,No,Yes,06/23/2026,100.0%,Won,,,,,Yes,,,,,,,Yes,Yes,,,,Safe Dem,
Josh Riley,New York,Representative,19,Male,Yes,No,Yes,06/23/2026,100.0%,Won,,,,,Yes,,,,,,,Yes,Yes,,,Yes,Safe Dem,
Paul D. Tonko,New York,Representative,20,Male,Yes,No,Yes,06/23/2026,100.0%,Won,,,,,Yes,Yes,,,,,,,,Yes,,,Safe Dem,
Stuart J. Amoriell,New York,Representative,21,Male,No,No,No,06/23/2026,35.0%,Lost,,,,,,,,,,,,,,,,,Likely Rep,
Blake Gendebien,New York,Representative,21,Male,No,No,No,06/23/2026,64.5%,Won,,,,,,,,,,,,,,,,,Likely Rep,
John W. Mannion,New York,Representative,22,Male,Yes,No,Yes,06/23/2026,100.0%,Won,,,,,Yes,,,,,,,,,Yes,,,Safe Dem,
Kevin T. Stocker,New York,Representative,23,Male,No,No,No,06/23/2026,27.9%,Lost,,,,,No,,,,,,,,,,,,Safe Rep,
Aaron Gies,New York,Representative,23,Male,No,No,No,06/23/2026,70.7%,Won,,,,,Yes,,,,,,,,,,,,Safe Rep,
Diana K. Kastenbaum,New York,Representative,24,Female,No,No,No,06/23/2026,38.1%,Lost,,,,,No,,,,,,,,,,,,Safe Rep,
Alissa J. Ellman,New York,Representative,24,Female,No,No,No,06/23/2026,61.7%,Won,,,,,Yes,,,,,,,,,,,,Safe Rep,
Robin Wilt,New York,Representative,25,Female,No,Yes,No,06/23/2026,30.6%,Lost,,,,,No,,,,,,,No,No,,,,Safe Dem,
Sherita S. Traywick,New York,Representative,25,Female,No,Yes,No,06/23/2026,6.0%,Lost,,,,,No,,,,,,,No,No,,,,Safe Dem,
Joseph D. Morelle,New York,Representative,25,Male,Yes,No,No,06/23/2026,63.3%,Won,,,,,Yes,,,,,,,Yes,Yes,,,,Safe Dem,
Timothy M. Kennedy,New York,Representative,26,Male,Yes,No,Yes,06/23/2026,100.0%,Won,,,,,Yes,,,,,,,Yes,Yes,,,,Safe Dem,
Nate Blouin,Utah,Representative,1,Male,No,No,No,06/23/2026,27.5%,Lost,,,,,,Yes,,Yes,,,,,,,,,Safe Dem,
Ben McAdams,Utah,Representative,1,Male,No,No,No,06/23/2026,51.9%,Won,,,,,,No,,No,,,,,,,,,Safe Dem,
Michael Farrell,Utah,Representative,1,Male,No,No,No,06/23/2026,3.9%,Lost,,,,,,No,,No,,,,,,,,,Safe Dem,
Liban Mohamed,Utah,Representative,1,Male,No,No,No,06/23/2026,16.6%,Lost,,,,,,No,,No,,,,,,,,,Safe Dem,
Peter Crosby,Utah,Representative,2,Male,No,No,Yes,06/23/2026,100.0%,Won,,,,,,,,,,,,,,,,,Safe Rep,
Kent S. Udell,Utah,Representative,3,Male,No,No,Yes,06/23/2026,100.0%,Won,,,,,,,,,,,,,,,,,Safe Rep,
Jonny Larsen,Utah,Representative,4,Male,No,No,Yes,06/23/2026,100.0%,Won,,,,,,,,,,,,,,,,,Safe Rep,
Michael Bennet,Colorado,Governor,,Male,No,No,No,06/30/2026,43.1%,Lost,,,,,,,,,,,,,,Yes,,,,Safe Dem
Phil Weiser,Colorado,Governor,,Male,No,No,No,06/30/2026,56.9%,Won,,,,,,,,,,,,,,No,,,,Safe Dem
Melat Kiros,Colorado,Representative,1,Female,No,Yes,No,06/30/2026,53.2%,Won,,,Yes,,Yes,No,Yes,Yes,,,Yes,,,No,,,Safe Dem,
Diana DeGette,Colorado,Representative,1,Female,Yes,No,No,06/30/2026,39.8%,Lost,,,No,,No,Yes,No,No,,,No,,,Yes,,,Safe Dem,
Wanda James,Colorado,Representative,1,Female,No,Yes,No,06/30/2026,7.0%,Lost,,,No,,No,No,No,No,,,No,,,No,,,Safe Dem,
Joe Neguse,Colorado,Representative,2,Male,Yes,No,Yes,06/30/2026,100.0%,Won,,,,,,Yes,,,,,,Yes,Yes,Yes,,,Safe Dem,
Alex Kelloff,Colorado,Representative,3,Male,No,No,No,06/30/2026,45.2%,Lost,,,,,,,,,,,,,,,,,Toss-Up,
Dwayne L. Romero,Colorado,Representative,3,Male,No,No,No,06/30/2026,54.9%,Won,,,,,,,,,,,,,,,,,Toss-Up,
Eileen Laubacher,Colorado,Representative,4,Female,No,No,Yes,06/30/2026,100.0%,Won,,,,,,,,,,,,,,,,,Likely Rep,
Joe Reagan,Colorado,Representative,5,Male,No,No,No,06/30/2026,38.8%,Lost,,,,,,,,,,,,,,No,No,No,Lean Dem,
Jessica Killin,Colorado,Representative,5,Female,No,No,No,06/30/2026,61.2%,Won,,,,,,,,,,,,,,No,Yes,Yes,Lean Dem,
Jason Crow,Colorado,Representative,6,Male,Yes,No,Yes,06/30/2026,100.0%,Won,,,,,,,,,,,,,,Yes,,,Safe Dem,
Brittany Pettersen,Colorado,Representative,7,Female,Yes,No,Yes,06/30/2026,100.0%,Won,,,,,,,,,,,,Yes,Yes,Yes,,,Safe Dem,
Manny Rutinel,Colorado,Representative,8,Male,No,No,No,06/30/2026,62.8%,Won,,,,,,,,,,,,,No,,No,,Likely Dem,
Shannon Bird,Colorado,Representative,8,Female,No,No,No,06/30/2026,32.5%,Lost,,,,,,,,,,,,,Yes,,Yes,,Likely Dem,
Evan Munsing,Colorado,Representative,8,Male,No,No,No,06/30/2026,4.6%,Lost,,,,,,,,,,,,,No,,No,,Likely Dem,
John Hickenlooper,Colorado,Senate,,Male,Yes,No,No,06/30/2026,52.8%,Won,,,,No,No,,,,Yes,,,Yes,,Yes,,,Safe Dem,
Julie Gonzales,Colorado,Senate,,Female,No,Yes,No,06/30/2026,47.2%,Lost,,,,Yes,Yes,,,,No,,,No,,No,,,Safe Dem,
Katie Hobbs,Arizona,Governor,,Female,Yes,No,Yes,07/21/2026,100.0%,Won,,,,,,,,,,,,,,,,,,Lean Dem
Marlene Galán-Woods,Arizona,Representative,1,Female,No,No,No,07/21/2026,34.4%,Lost,,,,,,,,,,,,,Yes,Yes,Yes,Yes,Likely Dem,
Rick McCartney,Arizona,Representative,1,Male,No,No,No,07/21/2026,8.5%,Lost,,,,,,,,,,,,,No,No,No,No,Likely Dem,
Amish Shah,Arizona,Representative,1,Male,No,No,No,07/21/2026,39.4%,Won,,,,,,,,,,,,,No,Yes,No,No,Likely Dem,
Jonathan Treble,Arizona,Representative,1,Male,No,No,No,07/21/2026,17.7%,Lost,,,,,,,,,,,,,No,No,No,No,Likely Dem,
Jonathan Nez,Arizona,Representative,2,Male,No,No,Yes,07/21/2026,100.0%,Won,,,,,,,,,,,,,,Yes,,Yes,Lean Rep,
Yassamin Ansari,Arizona,Representative,3,Female,Yes,No,Yes,07/21/2026,100.0%,Won,,,,,,Yes,,,,,,,,,,,Safe Dem,
Kai Newkirk,Arizona,Representative,4,Male,No,Yes,No,07/21/2026,37.7%,Lost,,,,,,,,,,,,,No,,,,Safe Dem,
Greg Stanton,Arizona,Representative,4,Male,Yes,No,No,07/21/2026,62.3%,Won,,,,,,,,,,,,,Yes,,,,Safe Dem,
Brian Hualde,Arizona,Representative,5,Male,No,No,No,07/21/2026,13.2%,Lost,,,,,,,,,,,,,,,,,Safe Rep,
Chris James,Arizona,Representative,5,Male,No,No,No,07/21/2026,20.8%,Lost,,,,,,,,,,,,,,,,,Safe Rep,
Elizabeth Lee,Arizona,Representative,5,Female,No,No,No,07/21/2026,66.0%,Won,,,,,,,,,,,,,,,,,Safe Rep,
Joanna Mendoza,Arizona,Representative,6,Female,No,No,Yes,07/21/2026,100.0%,Won,,,,,,,,,,,,,,Yes,Yes,Yes,Likely Dem,
Adelita Grijalva,Arizona,Representative,7,Female,Yes,No,Yes,07/21/2026,100.0%,Won,,,,,,Yes,Yes,Yes,,,,,,Yes,,,Safe Dem,
Bernadette Greene-Placentia,Arizona,Representative,8,Female,No,No,No,07/21/2026,65.7%,Won,,,,,,,,,,,,,,,,,Likely Rep,
"Raymond ""Ray"" Keeler",Arizona,Representative,8,Male,No,No,No,07/21/2026,34.3%,Lost,,,,,,,,,,,,,,,,,Likely Rep,
"Danielle ""Dani"" Sterbinsky",Arizona,Representative,9,Female,No,No,Yes,07/21/2026,100.0%,Won,,,,,,,,,,,,,,,,,Safe Rep,
Ethan Corson,Kansas,Governor,,Male,No,No,No,08/04/2026,38.7%,Lost,,,,,,,,,,,,,,,,,,Lean Rep
Cindy Holscher,Kansas,Governor,,Female,No,No,No,08/04/2026,48.8%,Won,,,,,,,,,,,,,,,,,,Lean Rep
Curt Skoog,Kansas,Governor,,Male,No,No,No,08/04/2026,12.5%,Lost,,,,,,,,,,,,,,,,,,Lean Rep
Damon Anderson,Kansas,Senate,,Male,No,No,No,08/04/2026,2.6%,Lost,,,,,,,,,,,,,,,,,Lean Rep,
Christy Davis,Kansas,Senate,,Female,No,No,No,08/04/2026,14.2%,Lost,,,,,,,,,,,,,,,,,Lean Rep,
Adam Hamilton,Kansas,Senate,,Male,No,No,No,08/04/2026,34.6%,Won,,,,,,,,,,,,,,,,,Lean Rep,
Jason Hart,Kansas,Senate,,Male,No,No,No,08/04/2026,5.5%,Lost,,,,,,,,,,,,,,,,,Lean Rep,
Kevin Latz,Kansas,Senate,,Male,No,No,No,08/04/2026,1.8%,Lost,,,,,,,,,,,,,,,,,Lean Rep,
Erik Murray,Kansas,Senate,,Male,No,No,No,08/04/2026,6.8%,Lost,,,,,,,,,,,,,,,,,Lean Rep,
Sandy Spidel Neumann,Kansas,Senate,,Female,No,No,No,08/04/2026,5.7%,Lost,,,,,,,,,,,,,,,,,Lean Rep,
Anne Parelkar,Kansas,Senate,,Female,No,No,No,08/04/2026,7.5%,Lost,,,,,,,,,,,,,,,,,Lean Rep,
Patrick C. Schmidt,Kansas,Senate,,Male,No,No,No,08/04/2026,6.0%,Lost,,,,,,,,,,,,,,,,,Lean Rep,
"Michael ""Mike"" Soetaert",Kansas,Senate,,Male,No,No,No,08/04/2026,1.7%,Lost,,,,,,,,,,,,,,,,,Lean Rep,
Noah Taylor,Kansas,Senate,,Male,No,No,No,08/04/2026,13.6%,Lost,,,,,,,,,,,,,,,,,Lean Rep,
Colin McRoberts,Kansas,Representative,1,Male,No,No,No,08/04/2026,35.9%,Lost,,,,,,,,,,,,,,,,,Safe Rep,
Lauren Reinhold,Kansas,Representative,1,Female,No,No,No,08/04/2026,64.1%,Won,,,,,,,,,,,,,,,,,Safe Rep,
Don Coover,Kansas,Representative,2,Male,No,No,Yes,08/04/2026,100.0%,Won,,,,,,,,,,,,,,,,,Safe Rep,
Sharice L. Davids,Kansas,Representative,3,Female,Yes,No,No,08/04/2026,83.4%,Won,,,,,,,,,,,,,Yes,Yes,,,Safe Dem,
Sarah Preu,Kansas,Representative,3,Female,No,Yes,No,08/04/2026,16.6%,Lost,,,,,,,,,,,,,No,No,,,Safe Dem,
Chris Carmichael,Kansas,Representative,4,Male,No,No,No,08/04/2026,21.9%,Lost,,,,,,,,,,,,,,,,,Safe Rep,
Cole Epley,Kansas,Representative,4,Male,No,No,No,08/04/2026,4.3%,Lost,,,,,,,,,,,,,,,,,Safe Rep,
Ryan Gilbert,Kansas,Representative,4,Male,No,No,No,08/04/2026,7.7%,Lost,,,,,,,,,,,,,,,,,Safe Rep,
Katy Tyndell,Kansas,Representative,4,Female,No,No,No,08/04/2026,66.1%,Won,,,,,,,,,,,,,,,,,Safe Rep,
Jocelyn Benson,Michigan,Governor,,Female,No,No,No,08/04/2026,83.2%,Won,,,,,,,,,,,,,,,Yes,,,Lean Dem
Christopher Robert Swanson,Michigan,Governor,,Male,No,No,No,08/04/2026,16.8%,Lost,,,,,,,,,,,,,,,No,,,Lean Dem
Abdul El-Sayed,Michigan,Senate,,Male,No,No,No,08/04/2026,48.5%,Won,,,,Yes,Yes,,Yes,Yes,Yes,Yes,,No,No,,No,No,Lean Dem,
Mallory McMorrow,Michigan,Senate,,Female,No,No,No,08/04/2026,4.0%,Lost,,,,No,No,,No,No,Yes,No,,No,No,,No,No,Lean Dem,
Haley Stevens,Michigan,Senate,,Female,No,No,No,08/04/2026,47.6%,Lost,,,,No,No,,No,No,No,No,,Yes,Yes,,Yes,Yes,Lean Dem,
Callie Barr,Michigan,Representative,1,Female,No,No,No,08/04/2026,58.5%,Won,,,,,,,,,,,,,,,,,Safe Rep,
Kyle Blomquist,Michigan,Representative,1,Male,No,No,No,08/04/2026,35.7%,Lost,,,,,,,,,,,,,,,,,Safe Rep,
Wayne Stiles,Michigan,Representative,1,Male,No,No,No,08/04/2026,5.8%,Lost,,,,,,,,,,,,,,,,,Safe Rep,
Ben Ambrose,Michigan,Representative,2,Male,No,No,No,08/04/2026,44.3%,Won,,,,,,,,,,,,,,,,,Safe Rep,
Jamie Hill,Michigan,Representative,2,Male,No,No,No,08/04/2026,42.3%,Lost,,,,,,,,,,,,,,,,,Safe Rep,
Clyde Welford,Michigan,Representative,2,Male,No,No,No,08/04/2026,13.4%,Lost,,,,,,,,,,,,,,,,,Safe Rep,
Hillary Scholten,Michigan,Representative,3,Female,Yes,No,Yes,08/04/2026,100.0%,Won,,,,,,,,,,,,,Yes,Yes,,,Safe Dem,
Diop Harris II,Michigan,Representative,4,Male,No,No,No,08/04/2026,34.3%,Lost,,,,,,,,,,,,,,,,No,Lean Dem,
Sean McCann,Michigan,Representative,4,Male,No,No,No,08/04/2026,65.7%,Won,,,,,,,,,,,,,,,,Yes,Lean Dem,
Christian Vukasovich,Michigan,Representative,5,Male,No,No,Yes,08/04/2026,100.0%,Won,,,,,,,,,,,,,,,,,Safe Rep,
Debbie Dingell,Michigan,Representative,6,Female,Yes,No,Yes,08/04/2026,100.0%,Won,,,,,,Yes,,,,,,,,Yes,,,Safe Dem,
Bridget Brink,Michigan,Representative,7,Female,No,No,No,08/04/2026,28.8%,Lost,,,,No,No,No,No,No,,,,,,,Yes,,Likely Dem,
William Lawrence,Michigan,Representative,7,Male,No,No,No,08/04/2026,43.7%,Won,,,,Yes,Yes,Yes,Yes,Yes,,,,,,,No,,Likely Dem,
Matt Maasdam,Michigan,Representative,7,Male,No,No,No,08/04/2026,27.6%,Lost,,,,No,No,No,No,No,,,,,,,No,,Likely Dem,
Kristen McDonald Rivet,Michigan,Representative,8,Female,Yes,No,Yes,08/04/2026,100.0%,Won,,,,,,,,,,,,,,Yes,Yes,Yes,Safe Dem,
Ray Pooley,Michigan,Representative,9,Male,No,No,Yes,08/04/2026,100.0%,Won,,,,,,,,,,,,,,,,,Safe Rep,
Eric Chung,Michigan,Representative,10,Male,No,No,No,08/04/2026,29.7%,Lost,,,,,,,,,,,,,,,No,,Likely Dem,
Tim Greimel,Michigan,Representative,10,Male,No,No,No,08/04/2026,23.3%,Lost,,,,,,,,,,,,,,,No,,Likely Dem,
Christina Bertrand Hines,Michigan,Representative,10,Female,No,No,No,08/04/2026,47.0%,Won,,,,,,,,,,,,,,,Yes,,Likely Dem,
Aisha Farooqi,Michigan,Representative,11,Female,No,No,No,08/04/2026,31.5%,Lost,,,,,,,,,,,,,No,,,,Safe Dem,
Jeremy Moss,Michigan,Representative,11,Male,No,No,No,08/04/2026,49.9%,Won,,,,,,,,,,,,,Yes,,,,Safe Dem,
John Paul Torres,Michigan,Representative,11,Male,No,No,No,08/04/2026,10.3%,Lost,,,,,,,,,,,,,No,,,,Safe Dem,
Don Ufford,Michigan,Representative,11,Male,No,No,No,08/04/2026,8.3%,Lost,,,,,,,,,,,,,No,,,,Safe Dem,
Shanelle Jackson,Michigan,Representative,12,Female,No,Yes,No,08/04/2026,16.9%,Lost,,,No,,No,No,No,,,,No,,,,,,Safe Dem,
Byron H. Nolen,Michigan,Representative,12,Male,No,Yes,No,08/04/2026,9.2%,Lost,,,No,,No,No,No,,,,No,,,,,,Safe Dem,
Rashida Tlaib,Michigan,Representative,12,Female,Yes,No,No,08/04/2026,73.9%,Won,,,Yes,,Yes,Yes,Yes,,,,Yes,,,,,,Safe Dem,
Donavan McKinney,Michigan,Representative,13,Male,No,Yes,No,08/04/2026,51.9%,Won,,,Yes,Yes,Yes,No,Yes,Yes,,,Yes,,No,,,,Safe Dem,
Shri Thanedar,Michigan,Representative,13,Male,Yes,No,No,08/04/2026,48.1%,Lost,,,No,No,No,Yes,No,No,,,No,,Yes,,,,Safe Dem,
Alissa Murphy,Missouri,Representative,1,Female,No,Yes,No,08/04/2026,2.3%,Lost,,,No,,,,No,No,,,No,No,No,,,,Safe Dem,
Carl E. Harris Sr.,Missouri,Representative,1,Male,No,Yes,No,08/04/2026,1.1%,Lost,,,No,,,,No,No,,,No,No,No,,,,Safe Dem,
Cori Bush,Missouri,Representative,1,Female,No,Yes,No,08/04/2026,36.9%,Lost,,,Yes,,,,Yes,Yes,,,Yes,No,No,,,,Safe Dem,
Wesley Bell,Missouri,Representative,1,Male,Yes,No,No,08/04/2026,59.2%,Won,,,No,,,,No,No,,,No,Yes,Yes,,,,Safe Dem,
Carl Earnest Henderson,Missouri,Representative,1,Male,No,Yes,No,08/04/2026,0.5%,Lost,,,No,,,,No,No,,,No,No,No,,,,Safe Dem,
Timothy D. Bilash,Missouri,Representative,2,Male,No,No,No,08/04/2026,11.1%,Lost,,,,,,,,,,,,,,No,,,Toss-Up,
Joan VonDras,Missouri,Representative,2,Female,No,No,No,08/04/2026,43.0%,Lost,,,,,,,,,,,,,,No,,,Toss-Up,
Fred Wellman,Missouri,Representative,2,Male,No,No,No,08/04/2026,45.8%,Won,,,,,,,,,,,,,,Yes,,,Toss-Up,
Bethany E. Mann,Missouri,Representative,3,Female,No,No,No,08/04/2026,69.1%,Won,,,,,,,,,,,,,,,,,Safe Rep,
Paul T. Wilson,Missouri,Representative,3,Male,No,No,No,08/04/2026,13.2%,Lost,,,,,,,,,,,,,,,,,Safe Rep,
Tommy Holstein,Missouri,Representative,3,Male,No,No,No,08/04/2026,17.7%,Lost,,,,,,,,,,,,,,,,,Safe Rep,
Jordan Herrera,Missouri,Representative,4,Male,No,No,No,08/04/2026,30.5%,Won,,,,,,,,,,,,,,,,,Safe Rep,
Wayne Russell,Missouri,Representative,4,Male,No,No,No,08/04/2026,4.9%,Lost,,,,,,,,,,,,,,,,,Safe Rep,
Hartzell Gray III,Missouri,Representative,4,Male,No,No,No,08/04/2026,27.7%,Lost,,,,,,,,,,,,,,,,,Safe Rep,
G Rick,Missouri,Representative,4,Male,No,No,No,08/04/2026,1.0%,Lost,,,,,,,,,,,,,,,,,Safe Rep,
Jeanette Cass,Missouri,Representative,4,Female,No,No,No,08/04/2026,14.7%,Lost,,,,,,,,,,,,,,,,,Safe Rep,
Ashleigh Rogers,Missouri,Representative,4,Female,No,No,No,08/04/2026,13.8%,Lost,,,,,,,,,,,,,,,,,Safe Rep,
Randy Miller,Missouri,Representative,4,Male,No,No,No,08/04/2026,7.5%,Lost,,,,,,,,,,,,,,,,,Safe Rep,
Emanuel Cleaver II,Missouri,Representative,5,Male,Yes,No,Yes,08/04/2026,100.0%,Won,,,,,,,,,,,,,,Yes,,,Safe Dem,
Josh Smead,Missouri,Representative,6,Male,No,No,No,08/04/2026,47.7%,Won,,,,,,,,,,,,,,,,,Safe Rep,
Scot Pondelick,Missouri,Representative,6,Male,No,No,No,08/04/2026,22.1%,Lost,,,,,,,,,,,,,,,,,Safe Rep,
Matt Levine,Missouri,Representative,6,Male,No,No,No,08/04/2026,30.2%,Lost,,,,,,,,,,,,,,,,,Safe Rep,
Missi Hesketh,Missouri,Representative,7,Female,No,No,Yes,08/04/2026,100.0%,Won,,,,,,,,,,,,,,,,,Safe Rep,
Chris Reichard,Missouri,Representative,8,Male,No,No,No,08/04/2026,54.1%,Won,,,,,,,,,,,,,,,,,Safe Rep,
Frank A. Barnitz,Missouri,Representative,8,Male,No,No,No,08/04/2026,45.9%,Lost,,,,,,,,,,,,,,,,,Safe Rep,
Mark Warner,Virginia,Senate,,Male,Yes,No,Yes,08/04/2026,100.0%,Won,,,,,,,,,,,,,,,,,Safe Dem,
Salaam Bhatti,Virginia,Representative,1,Male,No,No,No,08/04/2026,19.9%,Lost,,,,,,,,,,,,,,No,No,No,Likely Dem,
Shannon L. Taylor,Virginia,Representative,1,Female,No,No,No,08/04/2026,52.8%,Won,,,,,,,,,,,,,,Yes,Yes,Yes,Likely Dem,
Jason S. Knapp,Virginia,Representative,1,Male,No,No,No,08/04/2026,9.9%,Lost,,,,,,,,,,,,,,No,No,No,Likely Dem,
Mel E. Tull III,Virginia,Representative,1,Male,No,No,No,08/04/2026,4.3%,Lost,,,,,,,,,,,,,,No,No,No,Likely Dem,
Elizabeth Dempsey Beggs,Virginia,Representative,1,Female,No,No,No,08/04/2026,7.2%,Lost,,,,,,,,,,,,,,No,No,No,Likely Dem,
Ericka W. Kopp,Virginia,Representative,1,Female,No,No,No,08/04/2026,2.8%,Lost,,,,,,,,,,,,,,No,No,No,Likely Dem,
Tim S. Cywinski,Virginia,Representative,1,Male,No,No,No,08/04/2026,3.0%,Lost,,,,,,,,,,,,,,No,No,No,Likely Dem,
Elaine G. Luria,Virginia,Representative,2,Female,No,No,No,08/04/2026,80.3%,Won,,,,,,,,,,,,,Yes,,Yes,Yes,Likely Dem,
"S. ""Dr. Nila"" Devanath",Virginia,Representative,2,Female,No,No,No,08/04/2026,16.4%,Lost,,,,,,,,,,,,,No,,No,No,Likely Dem,
Patrick B. Mosolf,Virginia,Representative,2,Male,No,No,No,08/04/2026,1.4%,Lost,,,,,,,,,,,,,No,,No,No,Likely Dem,
"William W. ""Bill"" Fleming",Virginia,Representative,2,Male,No,No,No,08/04/2026,2.0%,Lost,,,,,,,,,,,,,No,,No,No,Likely Dem,
Bobby Scott,Virginia,Representative,3,Male,Yes,No,Yes,08/04/2026,100.0%,Won,,,,,,,,,,,,,,Yes,,,Safe Dem,
Jennifer McClellan,Virginia,Representative,4,Female,Yes,No,Yes,08/04/2026,100.0%,Won,,,,,,Yes,,,,,,,,Yes,,,Safe Dem,
"Rob W. ""T-ski"" Tracinski",Virginia,Representative,5,Male,No,No,No,08/04/2026,5.7%,Lost,,,,,,No,,,No,,,,,No,,,Lean Rep,
"Suzanne K. ""Dr. K"" Krzyzanowski",Virginia,Representative,5,Female,No,No,No,08/04/2026,14.5%,Lost,,,,,,No,,,No,,,,,No,,,Lean Rep,
Tom S. P. Perriello,Virginia,Representative,5,Male,No,No,No,08/04/2026,79.8%,Won,,,,,,Yes,,,Yes,,,,,Yes,,,Lean Rep,
Beth Macy,Virginia,Representative,6,Female,No,No,Yes,08/04/2026,100.0%,Won,,,,,,,,,,,,,,,,,Safe Rep,
Eugene Vindman,Virginia,Representative,7,Male,Yes,No,Yes,08/04/2026,100.0%,Won,,,,,,,,,,,,,,,,Yes,Safe Dem,
Mo Seifeldein,Virginia,Representative,8,Male,No,Yes,No,08/04/2026,18.0%,Lost,,,,,,No,,,,,,,,No,,,Safe Dem,
Michael Christian Duffin,Virginia,Representative,8,Male,No,Yes,No,08/04/2026,3.3%,Lost,,,,,,No,,,,,,,,No,,,Safe Dem,
Donald S. Beyer Jr.,Virginia,Representative,8,Male,Yes,No,No,08/04/2026,67.1%,Won,,,,,,Yes,,,,,,,,Yes,,,Safe Dem,
Adam M. Dunigan,Virginia,Representative,8,Male,No,Yes,No,08/04/2026,9.1%,Lost,,,,,,No,,,,,,,,No,,,Safe Dem,
Lorena Thorne Bruner,Virginia,Representative,8,Female,No,Yes,No,08/04/2026,2.6%,Lost,,,,,,No,,,,,,,,No,,,Safe Dem,
Joy A. Powers,Virginia,Representative,9,Female,No,No,No,08/04/2026,51.7%,Won,,,,,,,,,,,,,,,,,Safe Rep,
Adam Grayson Murphy,Virginia,Representative,9,Male,No,No,No,08/04/2026,36.4%,Lost,,,,,,,,,,,,,,,,,Safe Rep,
Douglas E. Crockett,Virginia,Representative,9,Male,No,No,No,08/04/2026,11.9%,Lost,,,,,,,,,,,,,,,,,Safe Rep,
Suhas Subramanyam,Virginia,Representative,10,Male,Yes,No,Yes,08/04/2026,100.0%,Won,,,,,,,,,,,,,,,,,Safe Dem,
James Walkinshaw,Virginia,Representative,11,Male,Yes,No,Yes,08/04/2026,100.0%,Won,,,,,,,,,,,,,,Yes,,,Safe Dem,
Benjamin Kincaid,Washington,Representative,1,Male,No,Yes,No,08/04/2026,2.2%,Lost,,,,,,,,,,,,No,No,No,,,Safe Dem,
Suzan DelBene,Washington,Representative,1,Female,Yes,No,No,08/04/2026,53.0%,Won,,,,,,,,,,,,Yes,Yes,Yes,,,Safe Dem,
Bryce Nickel,Washington,Representative,1,Male,No,Yes,No,08/04/2026,2.5%,Lost,,,,,,,,,,,,No,No,No,,,Safe Dem,
Hunter Gordon,Washington,Representative,1,Male,No,Yes,No,08/04/2026,6.2%,Lost,,,,,,,,,,,,No,No,No,,,Safe Dem,
Catherine Hildebrand,Washington,Representative,1,Female,No,Yes,No,08/04/2026,2.2%,Lost,,,,,,,,,,,,No,No,No,,,Safe Dem,
Tomas Scheel,Washington,Representative,2,Male,No,Yes,No,08/04/2026,13.9%,Lost,,,,,,,,,,,,No,,,,,Safe Dem,
Devin Hermanson,Washington,Representative,2,Male,No,Yes,No,08/04/2026,10.9%,Lost,,,,,,,,,,,,No,,,,,Safe Dem,
Rick Larsen,Washington,Representative,2,Male,Yes,No,No,08/04/2026,42.3%,Won,,,,,,,,,,,,Yes,,,,,Safe Dem,
Marie Gluesenkamp Perez,Washington,Representative,3,Female,Yes,No,No,08/04/2026,36.4%,Won,,,,,,,,,,,,Yes,Yes,,Yes,Yes,Likely Dem,
Brent Hennrich,Washington,Representative,3,Male,No,Yes,No,08/04/2026,16.7%,Lost,,,,,,,,,,,,No,No,,No,No,Likely Dem,
Troy Rasband,Washington,Representative,3,Male,No,Yes,No,08/04/2026,1.0%,Lost,,,,,,,,,,,,No,No,,No,No,Likely Dem,
Austin Braswell,Washington,Representative,3,Male,No,Yes,No,08/04/2026,0.8%,Lost,,,,,,,,,,,,No,No,,No,No,Likely Dem,
John Duresky,Washington,Representative,4,Male,No,No,Yes,08/04/2026,29.9%,Won,,,,,,,,,,,,,,,,,Safe Rep,
Carmela Conroy,Washington,Representative,5,Female,No,No,No,08/04/2026,18.9%,Won,,,,,,,,,,,,,,,,,Lean Rep,
Bajun R. Mavalwalla,Washington,Representative,5,Male,No,No,No,08/04/2026,3.2%,Lost,,,,,,,,,,,,,,,,,Lean Rep,
Michael McGarr,Washington,Representative,5,Male,No,No,No,08/04/2026,0.6%,Lost,,,,,,,,,,,,,,,,,Lean Rep,
Kevin Fagan,Washington,Representative,5,Male,No,No,No,08/04/2026,4.4%,Lost,,,,,,,,,,,,,,,,,Lean Rep,
Richard Freudenberg,Washington,Representative,5,Male,No,No,No,08/04/2026,1.4%,Lost,,,,,,,,,,,,,,,,,Lean Rep,
David Womack,Washington,Representative,5,Male,No,No,No,08/04/2026,3.6%,Lost,,,,,,,,,,,,,,,,,Lean Rep,
Emily Randall,Washington,Representative,6,Female,Yes,No,Yes,08/04/2026,58.8%,Won,,,,,,Yes,,,,,,,,Yes,,,Safe Dem,
Pramila Jayapal,Washington,Representative,7,Female,Yes,No,No,08/04/2026,84.4%,Won,,,Yes,,,Yes,Yes,,,,,,,Yes,,,Safe Dem,
Gwen Kirkland,Washington,Representative,7,Female,No,Yes,No,08/04/2026,3.5%,Lost,,,No,,,No,No,,,,,,,No,,,Safe Dem,
Kim Schrier,Washington,Representative,8,Female,Yes,No,No,08/04/2026,53.7%,Won,,,,,,,,,,,,Yes,Yes,Yes,,,Safe Dem,
Keith Arnold,Washington,Representative,8,Male,No,Yes,No,08/04/2026,2.5%,Lost,,,,,,,,,,,,No,No,No,,,Safe Dem,
Melissa Chaudhry,Washington,Representative,9,Female,No,Yes,No,08/04/2026,12.5%,Lost,,,,,,No,,,,,,No,,No,,,Safe Dem,
Adam Smith,Washington,Representative,9,Male,Yes,No,No,08/04/2026,47.1%,Won,,,,,,Yes,,,,,,Yes,,Yes,,,Safe Dem,
Adam Arafat,Washington,Representative,10,Male,No,Yes,No,08/04/2026,9.4%,Lost,,,,,,,,,,,,No,No,,,,Safe Dem,
Marilyn Strickland,Washington,Representative,10,Female,Yes,No,No,08/04/2026,47.3%,Won,,,,,,,,,,,,Yes,Yes,,,,Safe Dem,
Alex Scheel,Washington,Representative,10,Male,No,Yes,No,08/04/2026,10.3%,Lost,,,,,,,,,,,,No,No,,,,Safe Dem,
Carnita Atwater,Tennessee,Governor,,Female,No,No,No,08/06/2026,17.9%,Lost,,,,,,,,,,,,,,,,,,Safe Rep
Tim Cyr,Tennessee,Governor,,Male,No,No,No,08/06/2026,4.2%,Lost,,,,,,,,,,,,,,,,,,Safe Rep
Jerri Green,Tennessee,Governor,,Female,No,No,No,08/06/2026,69.0%,Won,,,,,,,,,,,,,,,,,,Safe Rep
"Adam ""Ditch"" Kurtz",Tennessee,Governor,,Male,No,No,No,08/06/2026,3.5%,Lost,,,,,,,,,,,,,,,,,,Safe Rep
Kevin Lee McCants,Tennessee,Governor,,Male,No,No,No,08/06/2026,5.4%,Lost,,,,,,,,,,,,,,,,,,Safe Rep
Marquita Bradshaw,Tennessee,Senate,,Female,No,No,No,08/06/2026,54.8%,Won,,,,,,,,,,,,,,,,,Safe Rep,
Maria Brewer,Tennessee,Senate,,Female,No,No,No,08/06/2026,18.0%,Lost,,,,,,,,,,,,,,,,,Safe Rep,
Kevin Lee McCants,Tennessee,Senate,,Male,No,No,No,08/06/2026,10.1%,Lost,,,,,,,,,,,,,,,,,Safe Rep,
Civil Miller-Watkins,Tennessee,Senate,,Female,No,No,No,08/06/2026,8.7%,Lost,,,,,,,,,,,,,,,,,Safe Rep,
Diana Onyejiaka,Tennessee,Senate,,Female,No,No,No,08/06/2026,8.5%,Lost,,,,,,,,,,,,,,,,,Safe Rep,
Kristi Burke,Tennessee,Representative,1,Female,No,No,No,08/06/2026,76.6%,Won,,,,,,,,,,,,,,,,,Safe Rep,
Hernan H. Garcia,Tennessee,Representative,1,Male,No,No,No,08/06/2026,11.5%,Lost,,,,,,,,,,,,,,,,,Safe Rep,
David S. Kerr Jr.,Tennessee,Representative,1,Male,No,No,No,08/06/2026,11.9%,Lost,,,,,,,,,,,,,,,,,Safe Rep,
Michaela Barnett,Tennessee,Representative,2,Female,No,No,Yes,08/06/2026,100.0%,Won,,,,,,,,,,,,,,,,,Safe Rep,
Anna Golladay,Tennessee,Representative,3,Female,No,No,No,08/06/2026,79.6%,Won,,,,,,,,,,,,,,,,,Safe Rep,
Bryan Martin,Tennessee,Representative,3,Male,No,No,No,08/06/2026,20.4%,Lost,,,,,,,,,,,,,,,,,Safe Rep,
Victoria Broderick,Tennessee,Representative,4,Female,No,No,No,08/06/2026,37.9%,Won,,,,,,,,,,,,,,,,,Safe Rep,
Mike Cortese,Tennessee,Representative,4,Male,No,No,No,08/06/2026,28.1%,Lost,,,,,,,,,,,,,,,,,Safe Rep,
Cliff Huffman,Tennessee,Representative,4,Male,No,No,No,08/06/2026,4.5%,Lost,,,,,,,,,,,,,,,,,Safe Rep,
Tim Lanier,Tennessee,Representative,4,Male,No,No,No,08/06/2026,7.5%,Lost,,,,,,,,,,,,,,,,,Safe Rep,
Joyce E. Neal,Tennessee,Representative,4,Female,No,No,No,08/06/2026,22.0%,Lost,,,,,,,,,,,,,,,,,Safe Rep,
Yolanda Cooper-Sutton,Tennessee,Representative,5,Female,No,No,No,08/06/2026,32.8%,Lost,,,,,,,,,,,,,,,,No,Safe Rep,
DeVante R. Hill,Tennessee,Representative,5,Male,No,No,No,08/06/2026,9.9%,Lost,,,,,,,,,,,,,,,,No,Safe Rep,
Rachel Hurley,Tennessee,Representative,5,Female,No,No,No,08/06/2026,11.1%,Lost,,,,,,,,,,,,,,,,No,Safe Rep,
Carrie Ann Iacomini,Tennessee,Representative,5,Female,No,No,No,08/06/2026,5.7%,Lost,,,,,,,,,,,,,,,,No,Safe Rep,
Chaz Molder,Tennessee,Representative,5,Male,No,No,No,08/06/2026,40.5%,Won,,,,,,,,,,,,,,,,Yes,Safe Rep,
Lore Bergman,Tennessee,Representative,6,Male,No,No,No,08/06/2026,23.0%,Lost,,,,,,,,,,,,,,,,,Safe Rep,
Mike Croley,Tennessee,Representative,6,Male,No,No,No,08/06/2026,28.9%,Won,,,,,,,,,,,,,,,,,Safe Rep,
Christopher Martin Finley,Tennessee,Representative,6,Male,No,No,No,08/06/2026,7.1%,Lost,,,,,,,,,,,,,,,,,Safe Rep,
Miriam Leibowitz,Tennessee,Representative,6,Female,No,No,No,08/06/2026,17.0%,Lost,,,,,,,,,,,,,,,,,Safe Rep,
Chaney Mosley,Tennessee,Representative,6,Male,No,No,No,08/06/2026,24.0%,Lost,,,,,,,,,,,,,,,,,Safe Rep,
Darden Copeland,Tennessee,Representative,7,Male,No,No,No,08/06/2026,39.9%,Won,,,,,,,,,,,,,,,,,Safe Rep,
Vincent Dixie,Tennessee,Representative,7,Male,No,No,No,08/06/2026,27.3%,Lost,,,,,,,,,,,,,,,,,Safe Rep,
Saletta Holloway,Tennessee,Representative,7,Female,No,No,No,08/06/2026,23.9%,Lost,,,,,,,,,,,,,,,,,Safe Rep,
Joshua Warren Sales,Tennessee,Representative,7,Male,No,No,No,08/06/2026,9.0%,Lost,,,,,,,,,,,,,,,,,Safe Rep,
Dewey Gordon Bryan,Tennessee,Representative,8,Male,No,No,No,08/06/2026,21.0%,Lost,,,,,,,,,,,,,,,,,Safe Rep,
Jordan D. Hinders,Tennessee,Representative,8,Male,No,No,No,08/06/2026,10.2%,Lost,,,,,,,,,,,,,,,,,Safe Rep,
Heidi Kuhn,Tennessee,Representative,8,Female,No,No,No,08/06/2026,52.0%,Won,,,,,,,,,,,,,,,,,Safe Rep,
Leonard Perkins,Tennessee,Representative,8,Male,No,No,No,08/06/2026,16.9%,Lost,,,,,,,,,,,,,,,,,Safe Rep,
M. LaTroy A-Williams,Tennessee,Representative,9,Male,No,No,No,08/06/2026,6.8%,Lost,,,No,No,No,,No,No,,No,,,,,,,Likely Rep,
London Lamar,Tennessee,Representative,9,Female,No,No,No,08/06/2026,24.3%,Lost,,,No,No,No,,No,No,,No,,,,,,,Likely Rep,
Justin J. Pearson,Tennessee,Representative,9,Male,No,No,No,08/06/2026,65.7%,Won,,,Yes,Yes,Yes,,Yes,Yes,,Yes,,,,,,,Likely Rep,
Jim Torino,Tennessee,Representative,9,Male,No,No,No,08/06/2026,3.1%,Lost,,,No,No,No,,No,No,,No,,,,,,,Likely Rep,
Josh Green,Hawaii,Governor,,Male,Yes,No,No,08/08/2026,88.5%,Won,,,,,,,,,,,,,,,,,,Safe Dem
George (Teva) Lucas-Tadeo,Hawaii,Governor,,Male,No,Yes,No,08/08/2026,3.9%,Lost,,,,,,,,,,,,,,,,,,Safe Dem
Duke Bourgoin,Hawaii,Governor,,Male,No,Yes,No,08/08/2026,2.2%,Lost,,,,,,,,,,,,,,,,,,Safe Dem
Lauren Kapoliahi'iaka Shim,Hawaii,Governor,,Female,No,Yes,No,08/08/2026,5.4%,Lost,,,,,,,,,,,,,,,,,,Safe Dem
Nicholas Kiswanto,Hawaii,Representative,1,Male,No,Yes,No,08/08/2026,0.9%,Lost,,,,No,,,,,,,,No,,,,,Safe Dem,
Ben Fatula,Hawaii,Representative,1,Male,No,Yes,No,08/08/2026,0.9%,Lost,,,,No,,,,,,,,No,,,,,Safe Dem,
Ed Case,Hawaii,Representative,1,Male,Yes,No,No,08/08/2026,58.5%,Won,,,,No,,,,,,,,Yes,,,,,Safe Dem,
Jarrett K. Keohokalole,Hawaii,Representative,1,Male,No,Yes,No,08/08/2026,37.4%,Lost,,,,Yes,,,,,,,,No,,,,,Safe Dem,
Jennifer Booker,Hawaii,Representative,1,Female,No,Yes,No,08/08/2026,2.2%,Lost,,,,No,,,,,,,,No,,,,,Safe Dem,
Jill N. Tokuda,Hawaii,Representative,2,Female,Yes,No,No,08/08/2026,91.5%,Won,,,,,,Yes,,,,,,,,,,,Safe Dem,
Steven King,Hawaii,Representative,2,Male,No,Yes,No,08/08/2026,3.9%,Lost,,,,,,No,,,,,,,,,,,Safe Dem,
Kirill Basin,Hawaii,Representative,2,Male,No,Yes,No,08/08/2026,1.5%,Lost,,,,,,No,,,,,,,,,,,Safe Dem,
Greg Guithues,Hawaii,Representative,2,Male,No,Yes,No,08/08/2026,3.1%,Lost,,,,,,No,,,,,,,,,,,Safe Dem,
Clyde Jones,Alabama,Representative,1,Male,No,No,Yes,08/11/2026,100.0%,Won,,,,,,,,,,,,,,,,,Safe Rep,
Shomari C. Figures,Alabama,Representative,2,Male,Yes,No,Yes,08/11/2026,100.0%,Won,,,,,,,,,,,,,,,,Yes,Lean Rep,
Jacob Bouma-Sims,Alabama,Representative,6,Male,No,No,No,08/11/2026,7.2%,Lost,,,,,,,,,,,,,,,,,Safe Rep,
Ashtyn Kennedy,Alabama,Representative,6,Female,No,No,No,08/11/2026,21.4%,Lost,,,,,,,,,,,,,,,,,Safe Rep,
Maurice Mercer,Alabama,Representative,6,Male,No,No,No,08/11/2026,64.2%,Won,,,,,,,,,,,,,,,,,Safe Rep,
Keith Pilkington,Alabama,Representative,6,Male,No,No,No,08/11/2026,7.3%,Lost,,,,,,,,,,,,,,,,,Safe Rep,
Terri Sewell,Alabama,Representative,7,Female,Yes,No,Yes,08/11/2026,100.0%,Won,,,,,,,,,,,,,,,,,Safe Dem,
Amanda Janoo,Vermont,Governor,,Female,No,No,No,08/11/2026,49.1%,Won,,,,,,,,,,,,,,,,,,Safe Rep
Aly Richards,Vermont,Governor,,Female,No,No,No,08/11/2026,46.6%,Lost,,,,,,,,,,,,,,,,,,Safe Rep
Becca Balint,Vermont,Representative,1,Female,Yes,No,Yes,08/11/2026,100.0%,Won,,,,,,Yes,,,,,,,,Yes,,,Safe Dem,
Thomas Evenstad,Minnesota,Governor,,Male,No,No,No,08/11/2026,0.6%,Lost,,,,,,,,,,,,,,No,No,,,Safe Dem
Bill E. Gates,Minnesota,Governor,,Male,No,No,No,08/11/2026,0.5%,Lost,,,,,,,,,,,,,,No,No,,,Safe Dem
Amy Klobuchar,Minnesota,Governor,,Female,No,No,No,08/11/2026,89.7%,Won,,,,,,,,,,,,,,Yes,Yes,,,Safe Dem
Kobey J. Layne,Minnesota,Governor,,Male,No,No,No,08/11/2026,5.8%,Lost,,,,,,,,,,,,,,No,No,,,Safe Dem
"Ole ""Viking"" Savior",Minnesota,Governor,,Male,No,No,No,08/11/2026,0.8%,Lost,,,,,,,,,,,,,,No,No,,,Safe Dem
Po Vang,Minnesota,Governor,,Male,No,No,No,08/11/2026,1.3%,Lost,,,,,,,,,,,,,,No,No,,,Safe Dem
Mohammad Wazwaz,Minnesota,Governor,,Male,No,No,No,08/11/2026,1.4%,Lost,,,,,,,,,,,,,,No,No,,,Safe Dem
Kurt Michael Anderson,Minnesota,Senate,,Male,No,No,No,08/11/2026,0.7%,Lost,,,,No,,,,No,No,,,,No,,,,Likely Dem,
Angie Craig,Minnesota,Senate,,Female,No,No,No,08/11/2026,39.4%,Lost,,,,No,,,,No,No,,,,Yes,,,,Likely Dem,
Peggy Flanagan,Minnesota,Senate,,Female,No,No,No,08/11/2026,59.0%,Won,,,,Yes,,,,Yes,Yes,,,,No,,,,Likely Dem,
George H. Kalberer,Minnesota,Senate,,Male,No,No,No,08/11/2026,0.3%,Lost,,,,No,,,,No,No,,,,No,,,,Likely Dem,
Peter John Murgic,Minnesota,Senate,,Male,No,No,No,08/11/2026,0.2%,Lost,,,,No,,,,No,No,,,,No,,,,Likely Dem,
Billy Nord,Minnesota,Senate,,Male,No,No,No,08/11/2026,0.4%,Lost,,,,No,,,,No,No,,,,No,,,,Likely Dem,
Alex Eaton,Minnesota,Representative,1,Male,No,No,No,08/11/2026,18.3%,Lost,,,,,,,,,,,,,,,,No,Lean Rep,
Jake Johnson,Minnesota,Representative,1,Male,No,No,No,08/11/2026,81.7%,Won,,,,,,,,,,,,,,,,Yes,Lean Rep,
Abdi Abdulle,Minnesota,Representative,2,Male,No,No,No,08/11/2026,2.6%,Lost,,,,,,No,,,,,,,No,No,No,,Safe Dem,
Kaela Berg,Minnesota,Representative,2,Female,No,No,No,08/11/2026,16.7%,Lost,,,,,,No,,,,,,,No,Yes,Yes,,Safe Dem,
Matthew D. Klein,Minnesota,Representative,2,Male,No,No,No,08/11/2026,30.4%,Lost,,,,,,No,,,,,,,Yes,No,No,,Safe Dem,
Matt Little,Minnesota,Representative,2,Male,No,No,No,08/11/2026,47.2%,Won,,,,,,Yes,,,,,,,No,No,No,,Safe Dem,
Hugh McTavish,Minnesota,Representative,2,Male,No,No,No,08/11/2026,2.6%,Lost,,,,,,No,,,,,,,No,No,No,,Safe Dem,
Christopher Mosel,Minnesota,Representative,2,Male,No,No,No,08/11/2026,0.5%,Lost,,,,,,No,,,,,,,No,No,No,,Safe Dem,
Kelly Morrison,Minnesota,Representative,3,Female,Yes,No,Yes,08/11/2026,100.0%,Won,,,,,,,,,,,,,,,,,Safe Dem,
Betty McCollum,Minnesota,Representative,4,Female,Yes,No,No,08/11/2026,85.8%,Won,,,,,,,,,,,,,,Yes,,,Safe Dem,
Aswar Rahman,Minnesota,Representative,4,Male,No,No,No,08/11/2026,14.2%,Lost,,,,,,,,,,,,,,No,,,Safe Dem,
Julie Trang Le,Minnesota,Representative,5,Female,No,No,No,08/11/2026,6.7%,Lost,,,No,,,No,No,,,,,,,,,,Safe Dem,
Abena A. McKenzie,Minnesota,Representative,5,Female,No,No,No,08/11/2026,1.3%,Lost,,,No,,,No,No,,,,,,,,,,Safe Dem,
Ilhan Omar,Minnesota,Representative,5,Male,Yes,No,No,08/11/2026,80.7%,Won,,,Yes,,,Yes,Yes,,,,,,,,,,Safe Dem,
Latonya T. Reeves,Minnesota,Representative,5,Female,No,No,No,08/11/2026,6.0%,Lost,,,No,,,No,No,,,,,,,,,,Safe Dem,
Nate Schluter,Minnesota,Representative,5,Male,No,No,No,08/11/2026,5.3%,Lost,,,No,,,No,No,,,,,,,,,,Safe Dem,
Doug Chapin,Minnesota,Representative,6,Male,No,No,Yes,08/11/2026,100.0%,Won,,,,,,,,,,,,,,,,,Safe Rep,
Steve Carlson,Minnesota,Representative,7,Male,No,No,No,08/11/2026,34.3%,Lost,,,,,,,,,,,,,,,,,Safe Rep,
Erik Osberg,Minnesota,Representative,7,Male,No,No,No,08/11/2026,65.7%,Won,,,,,,,,,,,,,,,,,Safe Rep,
Luke Gulbranson,Minnesota,Representative,8,Male,No,No,No,08/11/2026,16.9%,Lost,,,,,,,,,,,,,,,,,Likely Rep,
John Munter,Minnesota,Representative,8,Male,No,No,No,08/11/2026,5.9%,Lost,,,,,,,,,,,,,,,,,Likely Rep,
Trina Swanson,Minnesota,Representative,8,Female,No,No,No,08/11/2026,77.2%,Won,,,,,,,,,,,,,,,,,Likely Rep,
David Crowley,Wisconsin,Governor,,Male,No,No,No,08/11/2026,39.8%,Won,,,,,,,,,,,,,,,,,,Toss-Up
Sara Rodriguez,Wisconsin,Governor,,Female,No,No,No,08/11/2026,4.1%,Lost,,,,,,,,,,,,,,,,,,Toss-Up
Joel Brennan,Wisconsin,Governor,,Male,No,No,No,08/11/2026,4.7%,Lost,,,,,,,,,,,,,,,,,,Toss-Up
Francesca Hong,Wisconsin,Governor,,Female,No,No,No,08/11/2026,39.4%,Lost,,,,,,,,,,,,,,,,,,Toss-Up
Kelda Roys,Wisconsin,Governor,,Female,No,No,No,08/11/2026,7.5%,Lost,,,,,,,,,,,,,,,,,,Toss-Up
Missy Hughes,Wisconsin,Governor,,Female,No,No,No,08/11/2026,0.4%,Lost,,,,,,,,,,,,,,,,,,Toss-Up
Mandela Barnes,Wisconsin,Governor,,Male,No,No,No,08/11/2026,4.1%,Lost,,,,,,,,,,,,,,,,,,Toss-Up
Peter Burgelis,Wisconsin,Representative,1,Male,No,No,No,08/11/2026,21.6%,Lost,,,,,,,,,,,,,,,,,Lean Dem,
Lorenzo J. Santos,Wisconsin,Representative,1,Male,No,No,No,08/11/2026,20.4%,Lost,,,,,,,,,,,,,,,,,Lean Dem,
Mitchell Berman,Wisconsin,Representative,1,Male,No,No,No,08/11/2026,44.1%,Won,,,,,,,,,,,,,,,,,Lean Dem,
Miguel Aranda,Wisconsin,Representative,1,Male,No,No,No,08/11/2026,13.6%,Lost,,,,,,,,,,,,,,,,,Lean Dem,
Douglas Alexander,Wisconsin,Representative,2,Male,No,Yes,No,08/11/2026,11.9%,Lost,,,,,,No,,,,,,,,No,,,Safe Dem,
Mark Pocan,Wisconsin,Representative,2,Male,Yes,No,No,08/11/2026,87.9%,Won,,,,,,Yes,,,,,,,,Yes,,,Safe Dem,
Rebecca Cooke,Wisconsin,Representative,3,Female,No,No,No,08/11/2026,60.5%,Won,,,,,,,,Yes,,,,,,Yes,Yes,Yes,Likely Dem,
Emily Berge,Wisconsin,Representative,3,Female,No,No,No,08/11/2026,39.5%,Lost,,,,,,,,No,,,,,,No,No,No,Likely Dem,
Amy Donahue,Wisconsin,Representative,4,Female,No,Yes,No,08/11/2026,27.9%,Lost,,,,,,No,,,,,,,,No,,,Safe Dem,
Gwen Moore,Wisconsin,Representative,4,Female,Yes,No,No,08/11/2026,71.9%,Won,,,,,,Yes,,,,,,,,Yes,,,Safe Dem,
Andrew Beck,Wisconsin,Representative,5,Male,No,No,Yes,08/11/2026,100.0%,Won,,,,,,,,,,,,,,,,,Safe Rep,
Amanda Bell,Wisconsin,Representative,6,Female,No,No,No,08/11/2026,49.7%,Lost,,,,,,,,,,,,,,,,,Safe Rep,
Brad Smith,Wisconsin,Representative,6,Male,No,No,No,08/11/2026,50.2%,Won,,,,,,,,,,,,,,,,,Safe Rep,
Chris Armstrong,Wisconsin,Representative,7,Male,No,No,No,08/11/2026,30.4%,Lost,,,,,,,,,,,,,,,,,Safe Rep,
Fred Clark,Wisconsin,Representative,7,Male,No,No,No,08/11/2026,37.7%,Won,,,,,,,,,,,,,,,,,Safe Rep,
Ginger Murray,Wisconsin,Representative,7,Female,No,No,No,08/11/2026,31.8%,Lost,,,,,,,,,,,,,,,,,Safe Rep,
Mark Christopher Scheffler,Wisconsin,Representative,8,Male,No,No,No,08/11/2026,33.0%,Lost,,,,,,,,,,,,,,,,,Likely Rep,
Rick Crosson,Wisconsin,Representative,8,Male,No,No,No,08/11/2026,35.2%,Won,,,,,,,,,,,,,,,,,Likely Rep,
Katrina deVille,Wisconsin,Representative,8,Female,No,No,No,08/11/2026,31.6%,Lost,,,,,,,,,,,,,,,,,Likely Rep,
Luke Bronin,Connecticut,Representative,1,Male,No,Yes,No,08/11/2026,53.6%,Won,,,,,No,,,,,,,No,,No,,,Safe Dem,
Ruth Fortune,Connecticut,Representative,1,Female,No,Yes,No,08/11/2026,4.7%,Lost,,,,,No,,,,,,,No,,No,,,Safe Dem,
Jillian Gilchrest,Connecticut,Representative,1,Female,No,Yes,No,08/11/2026,8.2%,Lost,,,,,No,,,,,,,No,,No,,,Safe Dem,
John Larson,Connecticut,Representative,1,Male,Yes,No,No,08/11/2026,33.4%,Lost,,,,,Yes,,,,,,,Yes,,Yes,,,Safe Dem,
Joe Courtney,Connecticut,Representative,2,Male,Yes,No,Yes,08/11/2026,100.0%,Won,,,,,,,,,,,,,,Yes,,,Safe Dem,
Rosa DeLauro,Connecticut,Representative,3,Female,Yes,No,Yes,08/11/2026,100.0%,Won,,,,,,Yes,,,,,,,,Yes,,,Safe Dem,
Jim Himes,Connecticut,Representative,4,Male,Yes,No,Yes,08/11/2026,100.0%,Won,,,,,,,,,,,,,,,,,Safe Dem,
Jahana Hayes,Connecticut,Representative,5,Female,Yes,No,Yes,08/11/2026,100.0%,Won,,,,,,,,,,,,,,Yes,Yes,Yes,Safe Dem,
Ned Lamont,Connecticut,Governor,,Male,Yes,No,No,08/11/2026,67.8%,Won,,,,,,,,,,,,,,,,,,Safe Dem
Josh Elliott,Connecticut,Governor,,Male,No,Yes,No,08/11/2026,32.2%,Lost,,,,,,,,,,,,,,,,,,Safe Dem
Tom Begich,Alaska,Governor,,Male,No,No,No,08/18/2026,20.8%,Advanced,,,,,,,,,,,,,,,,,,Toss-Up
"Jonathan S. ""JKT"" Kreiss-Tomkins",Alaska,Governor,,Male,No,No,No,08/18/2026,22.5%,Advanced,,,,,,,,,,,,,,,,,,Toss-Up
John B. Williams,Alaska,Representative,1,Male,No,No,No,08/18/2026,2.7%,Lost,,,,,,,,,,,,,,,,,Lean Rep,
Eric Hafner,Alaska,Representative,1,Male,No,No,No,08/18/2026,3.8%,Advanced,,,,,,,,,,,,,,,,,Lean Rep,
Matt Schultz,Alaska,Representative,1,Male,No,No,No,08/18/2026,8.1%,Advanced,,,,,,,,,,,,,,,,,Lean Rep,
Yaquelin Reynoso,Alaska,Representative,1,Female,No,No,No,08/18/2026,1.8%,Lost,,,,,,,,,,,,,,,,,Lean Rep,
"Carol ""Kitty"" Hafner",Alaska,Senate,,Female,No,No,No,08/18/2026,0.6%,Lost,,,,,,,,,,,,,,No,No,No,Lean Dem,
David B. Leslie,Alaska,Senate,,Male,No,No,No,08/18/2026,1.1%,Advanced,,,,,,,,,,,,,,No,No,No,Lean Dem,
Mary Peltola,Alaska,Senate,,Female,No,No,No,08/18/2026,49.5%,Advanced,,,,,,,,,,,,,,Yes,Yes,Yes,Lean Dem,
Evelyn Castillo-Bach,Florida,Governor,,Female,No,No,No,08/18/2026,7.7%,Lost,,,,,,,,,,,,,,,,,,Likely Rep
Thomas Eloy Fernandez,Florida,Governor,,Male,No,No,No,08/18/2026,3.8%,Lost,,,,,,,,,,,,,,,,,,Likely Rep
Dayna Marie Foster,Florida,Governor,,Female,No,No,No,08/18/2026,15.2%,Lost,,,,,,,,,,,,,,,,,,Likely Rep
David Jolly,Florida,Governor,,Male,No,No,No,08/18/2026,61.0%,Won,,,,,,,,,,,,,,,,,,Lean Rep
Dotie Joseph,Florida,Governor,,Female,No,No,No,08/18/2026,9.6%,Lost,,,,,,,,,,,,,,,,,,Likely Rep
Stephann Norman,Florida,Governor,,Male,No,No,No,08/18/2026,2.8%,Lost,,,,,,,,,,,,,,,,,,Likely Rep
Angie Nixon,Florida,Senate,,Female,No,No,No,08/18/2026,56.1%,Won,,,,,Yes,,,,,,,,,,,,Likely Rep,
Alex Vindman,Florida,Senate,,Male,No,No,No,08/18/2026,43.9%,Lost,,,,,No,,,,,,,,,,,,Likely Rep,
Gay Valimont,Florida,Representative,1,Female,No,No,Yes,08/18/2026,100.0%,Won,,,,,,,,,,,,,,,,,Safe Rep,
Yen Bailey,Florida,Representative,2,Female,No,No,No,08/18/2026,28.0%,Lost,,,,,,,,,,,,,,,,,Likely Rep,
Brice Barnes,Florida,Representative,2,Female,No,No,No,08/18/2026,27.0%,Lost,,,,,,,,,,,,,,,,,Likely Rep,
Amanda Marie Green,Florida,Representative,2,Female,No,No,No,08/18/2026,33.5%,Won,,,,,,,,,,,,,,,,,Likely Rep,
Nicholas Zateslo,Florida,Representative,2,Male,No,No,No,08/18/2026,11.6%,Lost,,,,,,,,,,,,,,,,,Likely Rep,
Troy Albers,Florida,Representative,3,Male,No,No,No,08/18/2026,11.3%,Lost,,,,,,,,,,,,,,,,,Safe Rep,
Seth Harp,Florida,Representative,3,Male,No,No,No,08/18/2026,45.2%,Won,,,,,,,,,,,,,,,,,Safe Rep,
George Hubac,Florida,Representative,3,Male,No,No,No,08/18/2026,9.7%,Lost,,,,,,,,,,,,,,,,,Safe Rep,
Tom Wells,Florida,Representative,3,Male,No,No,No,08/18/2026,33.8%,Lost,,,,,,,,,,,,,,,,,Safe Rep,
"LaShonda ""L.J."" Holloway",Florida,Representative,4,Female,No,No,No,08/18/2026,57.3%,Won,,,,,,,,,,,,,,,,,Likely Rep,
Michael Kirwan,Florida,Representative,4,Male,No,No,No,08/18/2026,30.4%,Lost,,,,,,,,,,,,,,,,,Likely Rep,
Brit Robinson,Florida,Representative,4,Female,No,No,No,08/18/2026,12.2%,Lost,,,,,,,,,,,,,,,,,Likely Rep,
Rachel Grage,Florida,Representative,5,Female,No,No,No,08/18/2026,65.1%,Won,,,,,,,,,,,,,,,,,Safe Rep,
Alex Hazen,Florida,Representative,5,Male,No,No,No,08/18/2026,21.6%,Lost,,,,,,,,,,,,,,,,,Safe Rep,
Mark Heggestad,Florida,Representative,5,Male,No,No,No,08/18/2026,13.3%,Lost,,,,,,,,,,,,,,,,,Safe Rep,
Robert David Cooper II,Florida,Representative,6,Male,No,No,No,08/18/2026,17.7%,Lost,,,,,,,,,,,,,,,,,Safe Rep,
Steve Morgan,Florida,Representative,6,Male,No,No,No,08/18/2026,23.3%,Lost,,,,,,,,,,,,,,,,,Safe Rep,
"Ronnie ""Ron"" Murchinson-Rivera",Florida,Representative,6,Male,No,No,No,08/18/2026,26.9%,Lost,,,,,,,,,,,,,,,,,Safe Rep,
Eric Yonce,Florida,Representative,6,Male,No,No,No,08/18/2026,32.1%,Won,,,,,,,,,,,,,,,,,Safe Rep,
Bale Dalton,Florida,Representative,7,Male,No,No,No,08/18/2026,45.5%,Won,,,,,,,No,,,,,,,,,Yes,Lean Rep,
Alan Grayson,Florida,Representative,7,Male,No,No,No,08/18/2026,19.0%,Lost,,,,,,,No,,,,,,,,,No,Lean Rep,
Marialana Kinter,Florida,Representative,7,Female,No,No,No,08/18/2026,35.6%,Lost,,,,,,,Yes,,,,,,,,,No,Lean Rep,
Jennifer Jenkins,Florida,Representative,8,Female,No,No,Yes,08/18/2026,100.0%,Won,,,,,,,,,,,,,,,,,Likely Rep,
Darren Soto,Florida,Representative,9,Male,Yes,No,Yes,08/18/2026,100.0%,Won,,,,,,Yes,,,,,,Yes,Yes,,,Yes,Lean Rep,
Maxwell Alejandro Frost,Florida,Representative,10,Male,Yes,No,Yes,08/18/2026,100.0%,Won,,,,,,Yes,,,,,,,,,,,Safe Dem,
James Pericola,Florida,Representative,11,Male,No,No,No,08/18/2026,46.4%,Won,,,,,,,,,,,,,,,,,Likely Rep,
Royal Webster,Florida,Representative,11,Male,No,No,No,08/18/2026,27.5%,Lost,,,,,,,,,,,,,,,,,Likely Rep,
Dan Williams,Florida,Representative,11,Male,No,No,No,08/18/2026,26.2%,Lost,,,,,,,,,,,,,,,,,Likely Rep,
Darren McAuley,Florida,Representative,12,Male,No,No,No,08/18/2026,47.3%,Lost,,,,,,,,,,,,,,,,,Likely Rep,
Kimberly Overman,Florida,Representative,12,Female,No,No,No,08/18/2026,52.7%,Won,,,,,,,,,,,,,,,,,Likely Rep,
Leela Gray,Florida,Representative,13,Female,No,No,No,08/18/2026,65.0%,Won,,,,,,,,,,,,,,,Yes,,Lean Rep,
John William Liccione,Florida,Representative,13,Male,No,No,No,08/18/2026,8.6%,Lost,,,,,,,,,,,,,,,No,,Lean Rep,
Brandt Robinson,Florida,Representative,13,Male,No,No,No,08/18/2026,26.4%,Lost,,,,,,,,,,,,,,,No,,Lean Rep,
Kathy Castor,Florida,Representative,14,Female,Yes,No,Yes,08/18/2026,100.0%,Won,,,,,,,,,,,,Yes,,,,Yes,Likely Dem,
Christopher Irizarry,Florida,Representative,15,Male,No,No,No,08/18/2026,46.4%,Lost,,,,,,,,,,,,,,,,,Safe Rep,
Robert People,Florida,Representative,15,Male,No,No,No,08/18/2026,53.6%,Won,,,,,,,,,,,,,,,,,Safe Rep,
Jon Harris,Florida,Representative,16,Male,No,No,No,08/18/2026,12.5%,Lost,,,,,,,,,,,,,,,,,Lean Rep,
Kelly Kirschner,Florida,Representative,16,Male,No,No,No,08/18/2026,43.0%,Won,,,,,,,,,,,,,,,,,Lean Rep,
Tamika Lyles,Florida,Representative,16,Female,No,No,No,08/18/2026,19.9%,Lost,,,,,,,,,,,,,,,,,Lean Rep,
Glenn Pearson,Florida,Representative,16,Male,No,No,No,08/18/2026,9.2%,Lost,,,,,,,,,,,,,,,,,Lean Rep,
Jan Schneider,Florida,Representative,16,Female,No,No,No,08/18/2026,15.4%,Lost,,,,,,,,,,,,,,,,,Lean Rep,
Matthew Montavon,Florida,Representative,17,Male,No,No,No,08/18/2026,55.4%,Won,,,,,,,,,,,,,,,,,Safe Rep,
Allen L. Spence Jr.,Florida,Representative,17,Male,No,No,No,08/18/2026,44.6%,Lost,,,,,,,,,,,,,,,,,Safe Rep,
Curtis Gibson,Florida,Representative,18,Male,No,No,Yes,08/18/2026,100.0%,Won,,,,,,,,,,,,,,,,,Likely Rep,
Victor Arias,Florida,Representative,19,Male,No,No,No,08/18/2026,45.5%,Won,,,,,,,,,,,,,,,,,Safe Rep,
Robert M. Neeld,Florida,Representative,19,Male,No,No,No,08/18/2026,13.4%,Lost,,,,,,,,,,,,,,,,,Safe Rep,
Howard Sapp,Florida,Representative,19,Male,No,No,No,08/18/2026,41.1%,Lost,,,,,,,,,,,,,,,,,Safe Rep,
"Luther ""UncleLuke"" Campbell",Florida,Representative,20,Male,No,Yes,No,08/18/2026,8.5%,Lost,,,,,,No,,,,,,No,No,,,,Safe Dem,
Sheila Cherfilus-McCormick,Florida,Representative,20,Female,No,Yes,No,08/18/2026,9.2%,Lost,,,,,,Yes,,,,,,No,No,,,,Safe Dem,
Dale V.C. Holness,Florida,Representative,20,Male,No,Yes,No,08/18/2026,23.1%,Lost,,,,,,No,,,,,,No,No,,,,Safe Dem,
Elijah Manley,Florida,Representative,20,Male,No,Yes,No,08/18/2026,13.9%,Lost,,,,,,No,,,,,,No,No,,,,Safe Dem,
Debbie Wasserman Schultz,Florida,Representative,20,Female,Yes,No,No,08/18/2026,45.3%,Won,,,,,,No,,,,,,Yes,Yes,,,,Safe Dem,
James T. Martin,Florida,Representative,21,Male,No,No,No,08/18/2026,50.4%,Won,,,,,,,,,,,,,,,,,Safe Rep,
Bernard Taylor,Florida,Representative,21,Male,No,No,No,08/18/2026,49.6%,Lost,,,,,,,,,,,,,,,,,Safe Rep,
Pia Dandiya,Florida,Representative,22,Female,No,No,No,08/18/2026,68.6%,Won,,,,,,,,,,,,,,,,Yes,Lean Dem,
Kaysia Earley,Florida,Representative,22,Female,No,No,No,08/18/2026,31.4%,Lost,,,,,,,,,,,,,,,,No,Lean Dem,
Victoria Doyle,Florida,Representative,23,Female,No,Yes,No,08/18/2026,23.4%,Lost,,,,,,,,,,,,No,No,,,,Safe Dem,
Lois Frankel,Florida,Representative,23,Female,Yes,No,No,08/18/2026,74.7%,Won,,,,,,,,,,,,Yes,Yes,,,,Safe Dem,
Mark Piper,Florida,Representative,23,Male,No,Yes,No,08/18/2026,1.9%,Lost,,,,,,,,,,,,No,No,,,,Safe Dem,
Marshall L. Davis Sr.,Florida,Representative,24,Male,No,No,No,08/18/2026,2.1%,Lost,,,,,,No,,,,,,,,,,,Safe Dem,
Oliver G. Gilbert III,Florida,Representative,24,Male,No,No,No,08/18/2026,34.4%,Won,,,,,,No,,,,,,,,,,,Safe Dem,
"Shevrin ""Shev"" Jones",Florida,Representative,24,Male,No,No,No,08/18/2026,32.0%,Lost,,,,,,Yes,,,,,,,,,,,Safe Dem,
Kendrick Meek,Florida,Representative,24,Male,No,No,No,08/18/2026,17.3%,Lost,,,,,,No,,,,,,,,,,,Safe Dem,
Rudolph Moise,Florida,Representative,24,Male,No,No,No,08/18/2026,7.6%,Lost,,,,,,No,,,,,,,,,,,Safe Dem,
Jean Monestime,Florida,Representative,24,Male,No,No,No,08/18/2026,5.3%,Lost,,,,,,No,,,,,,,,,,,Safe Dem,
Roderick Vereen,Florida,Representative,24,Male,No,No,No,08/18/2026,1.3%,Lost,,,,,,No,,,,,,,,,,,Safe Dem,
Oliver Larkin,Florida,Representative,25,Male,No,Yes,No,08/18/2026,36.5%,Lost,,,,,,,Yes,,,,Yes,No,No,,,No,Likely Dem,
Jared Moskowitz,Florida,Representative,25,Male,Yes,No,No,08/18/2026,63.5%,Won,,,,,,,No,,,,No,Yes,Yes,,,Yes,Likely Dem,
Nicole Locklin,Florida,Representative,26,Female,No,No,Yes,08/18/2026,100.0%,Won,,,,,,,,,,,,,,,,,Safe Rep,
Robin Peguero,Florida,Representative,27,Male,No,No,No,08/18/2026,46.5%,Lost,,,,,,,,,,,,,,,,,Lean Rep,
Eliott Rodriguez,Florida,Representative,27,Male,No,No,No,08/18/2026,53.5%,Won,,,,,,,,,,,,,,,,,Lean Rep,
"Phil ""Felipe"" Ehr",Florida,Representative,28,Male,No,No,Yes,08/18/2026,100.0%,Won,,,,,,,,,,,,,,,,,Safe Rep,
Kenneth R. Casner,Wyoming,Governor,,Male,No,No,Yes,08/18/2026,100.0%,Won,,,,,,,,,,,,,,,,,,Safe Rep
Billy Benavidez,Wyoming,Senate,,Male,No,No,No,08/18/2026,20.2%,Lost,,,,,,,,,,,,,,,,,Safe Rep,
James Byrd,Wyoming,Senate,,Male,No,No,No,08/18/2026,77.6%,Won,,,,,,,,,,,,,,,,,Safe Rep,
Elena Del Real,Wyoming,Representative,1,Female,No,No,No,08/18/2026,21.8%,Lost,,,,,,,,,,,,,,,,,Safe Rep,
Lisa Kinney,Wyoming,Representative,1,Female,No,No,No,08/18/2026,76.5%,Won,,,,,,,,,,,,,,,,,Safe Rep,
Ed Markey,Massachusetts,Senate,,Male,Yes,No,No,09/01/2026,64.9%,Won,,,,,,,Yes,Yes,Yes,Yes,,,,Yes,,,Safe Dem,
Seth Moulton,Massachusetts,Senate,,Male,No,Yes,No,09/01/2026,35.2%,Lost,,,,,,,No,No,No,No,,,,?,,,Safe Dem,
Maura Healey,Massachusetts,Governor,,Female,Yes,No,Yes,09/01/2026,100.0%,Won,,,,,,,,,,,,,,,Yes,,,Safe Dem
Richard Neal,Massachusetts,Representative,1,Male,Yes,No,No,09/01/2026,54.0%,Won,,,,,,,,,,,,Yes,Yes,Yes,,,Safe Dem,
Jeromie Whalen,Massachusetts,Representative,1,Male,No,Yes,No,09/01/2026,46.0%,Lost,,,,,,,,,,,,No,No,No,,,Safe Dem,
Jim McGovern,Massachusetts,Representative,2,Male,Yes,No,Yes,09/01/2026,100.0%,Won,,,,,,Yes,,,,,,,,Yes,,,Safe Dem,
Lori Trahan,Massachusetts,Representative,3,Female,Yes,No,Yes,09/01/2026,100.0%,Won,,,,,,Yes,,,,,,,,Yes,,,Safe Dem,
Jake Auchincloss,Massachusetts,Representative,4,Male,Yes,No,No,09/01/2026,73.2%,Won,,,,,,,,,,,,Yes,,Yes,,,Safe Dem,
Jason Poulos,Massachusetts,Representative,4,Male,No,Yes,No,09/01/2026,26.8%,Lost,,,,,,,,,,,,No,,No,,,Safe Dem,
Katherine Clark,Massachusetts,Representative,5,Female,Yes,No,No,09/01/2026,73.8%,Won,,,,,,,,,,,,Yes,,Yes,,,Safe Dem,
Tarik Samman,Massachusetts,Representative,5,Male,No,Yes,No,09/01/2026,6.6%,Lost,,,,,,,,,,,,No,,No,,,Safe Dem,
Jonathan Paz,Massachusetts,Representative,5,Male,No,Yes,No,09/01/2026,19.7%,Lost,,,,,,,,,,,,No,,No,,,Safe Dem,
Bethany Andres-Beck,Massachusetts,Representative,6,Female,No,No,No,09/01/2026,3.7%,Lost,,,,,,,,,,,,,,No,,,Safe Dem,
John Beccia,Massachusetts,Representative,6,Male,No,No,No,09/01/2026,12.1%,Lost,,,,,,,,,,,,,,Yes,,,Safe Dem,
Jamie Belsito,Massachusetts,Representative,6,Female,No,No,No,09/01/2026,9.7%,Lost,,,,,,,,,,,,,,No,,,Safe Dem,
Dan Koh,Massachusetts,Representative,6,Male,No,No,No,09/01/2026,41.0%,Won,,,,,,,,,,,,,,No,,,Safe Dem,
Mariah Lancaster,Massachusetts,Representative,6,Female,No,No,No,09/01/2026,4.0%,Lost,,,,,,,,,,,,,,No,,,Safe Dem,
Tram Nguyen,Massachusetts,Representative,6,Female,No,No,No,09/01/2026,29.5%,Lost,,,,,,,,,,,,,,Yes,,,Safe Dem,
Ayanna Pressley,Massachusetts,Representative,7,Female,Yes,No,Yes,09/01/2026,100.0%,Won,,,Yes,,,Yes,Yes,,,,,,,,,,Safe Dem,
Stephen Lynch,Massachusetts,Representative,8,Male,Yes,No,No,09/01/2026,55.7%,Won,,,,No,,,,,,,,,,Yes,,,Safe Dem,
Patrick Roath,Massachusetts,Representative,8,Male,No,Yes,No,09/01/2026,44.3%,Lost,,,,Yes,,,,,,,,,,No,,,Safe Dem,
Bill Keating,Massachusetts,Representative,9,Male,Yes,No,No,09/01/2026,77.5%,Won,,,,,,,,,,,,Yes,,Yes,,,Safe Dem,
Craig Swallow,Massachusetts,Representative,9,Male,No,Yes,No,09/01/2026,22.6%,Lost,,,,,,,,,,,,No,,No,,,Safe Dem,
Cinde Warmington,New Hampshire,Governor,,Female,No,No,Yes,09/08/2026,100.0%,Won,,,,,,,,,,,,,,,,,,Likely Rep
Maxwell L. Saal,New Hampshire,Senate,,Male,No,No,No,09/08/2026,0.6%,Lost,,,,,,,,,No,,,,No,,,No,Likely Dem,
John Vail,New Hampshire,Senate,,Male,No,No,No,09/08/2026,0.6%,Lost,,,,,,,,,No,,,,No,,,No,Likely Dem,
David Jarvis,New Hampshire,Senate,,Male,No,No,No,09/08/2026,0.8%,Lost,,,,,,,,,No,,,,No,,,No,Likely Dem,
Karishma Manzur,New Hampshire,Senate,,Female,No,No,No,09/08/2026,32.7%,Lost,,,,,,,,,No,,,,No,,,No,Likely Dem,
Chris Pappas,New Hampshire,Senate,,Male,No,No,No,09/08/2026,65.1%,Won,,,,,,,,,Yes,,,,Yes,,,Yes,Likely Dem,
Maura C. Sullivan,New Hampshire,Representative,1,Female,No,No,No,09/08/2026,34.8%,Lost,,,,,,,,,,,,,Yes,No,,,Safe Dem,
Christian Urrutia,New Hampshire,Representative,1,Female,No,No,No,09/08/2026,1.5%,Lost,,,,,,,,,,,,,No,No,,,Safe Dem,
Carleigh Beriont,New Hampshire,Representative,1,Female,No,No,No,09/08/2026,22.5%,Lost,,,,,,,,,,,,,No,No,,,Safe Dem,
Sarah E. Chadzynski,New Hampshire,Representative,1,Female,No,No,No,09/08/2026,1.5%,Lost,,,,,,,,,,,,,No,No,,,Safe Dem,
Bill Conlin,New Hampshire,Representative,1,Male,No,No,No,09/08/2026,0.6%,Lost,,,,,,,,,,,,,No,No,,,Safe Dem,
Matthew Emerson,New Hampshire,Representative,1,Male,No,No,No,09/08/2026,0.4%,Lost,,,,,,,,,,,,,No,No,,,Safe Dem,
Heath Howard,New Hampshire,Representative,1,Male,No,No,No,09/08/2026,1.1%,Lost,,,,,,,,,,,,,No,No,,,Safe Dem,
Stefany Shaheen,New Hampshire,Representative,1,Female,No,No,No,09/08/2026,36.9%,Won,,,,,,,,,,,,,No,Yes,,,Safe Dem,
Sarah Bella Spinosa,New Hampshire,Representative,1,Female,No,No,No,09/08/2026,0.7%,Lost,,,,,,,,,,,,,No,No,,,Safe Dem,
Paige Beauchemin,New Hampshire,Representative,2,Female,No,Yes,No,09/08/2026,18.1%,Lost,,,,,,,,,,,,No,,No,,,Safe Dem,
Maggie Goodlander,New Hampshire,Representative,2,Female,Yes,No,No,09/08/2026,81.8%,Won,,,,,,,,,,,,Yes,,Yes,,,Safe Dem,
Jack Reed,Rhode Island,Senate,,Male,Yes,No,No,09/09/2026,76.8%,Won,,,,,,,,,,,,Yes,,Yes,,,Safe Dem,
Connor Burbridge,Rhode Island,Senate,,Male,No,Yes,No,09/09/2026,13.4%,Lost,,,,,,,,,,,,No,,No,,,Safe Dem,
Luis Daniel Muñoz,Rhode Island,Senate,,Male,No,Yes,No,09/09/2026,9.8%,Lost,,,,,,,,,,,,No,,No,,,Safe Dem,
Gabe Amo,Rhode Island,Representative,1,Male,Yes,No,Yes,09/09/2026,100.0%,Won,,,,,,,,,,,,Yes,,Yes,,,Safe Dem,
Seth Magaziner,Rhode Island,Representative,2,Male,Yes,No,Yes,09/09/2026,100.0%,Won,,,,,,,,,,,,Yes,,Yes,,,Safe Dem,
Dan McKee,Rhode Island,Governor,,Male,Yes,No,No,09/09/2026,37.5%,Lost,,,,,,,,,,,,,,,,,,Safe Dem
Helena Foulkes,Rhode Island,Governor,,Female,No,Yes,No,09/09/2026,62.5%,Won,,,,,,,,,,,,,,,,,,Safe Dem
Chris Coons,Delaware,Senate,,Male,Yes,No,No,09/15/2026,78.0%,Won,,,,,,,,,,,,Yes,,Yes,,,Safe Dem,
Jeff Appelhans,Delaware,Senate,,Male,No,Yes,No,09/15/2026,10.6%,Lost,,,,,,,,,,,,No,,No,,,Safe Dem,
E. No-Trump Hansen,Delaware,Senate,,Male,No,Yes,No,09/15/2026,3.9%,Lost,,,,,,,,,,,,No,,No,,,Safe Dem,
Mary Louve,Delaware,Senate,,Female,No,Yes,No,09/15/2026,7.5%,Lost,,,,,,,,,,,,No,,No,,,Safe Dem,
Sarah McBride,Delaware,Representative,1,Female,Yes,No,Yes,09/15/2026,100.0%,Won,,,,,,Yes,,,,,,,,Yes,,,Safe Dem,