Personal Data,,,,,,,,Endorsement Data,,,Electoral Data,,,Factchecking Columns,,,
Candidate,Incumbent,Open Primary,State,Primary Date,Office,District,Gender,Trump,E-PAC,Winning for Women,Primary %,Primary Outcome,Chance of Winning (Nov 3),"Checked? (not H, J, K, L)",,Man vs. Woman?,"Checked? inc. H, J, K, P"
Jim DeMartino,No,Yes,Delaware,9/15/2020,Senator,N/A,Male,N/A,N/A,N/A,57,Lost,,UPDATED,,,
Lauren Witzke,No,Yes,Delaware,9/15/2020,Senator,N/A,Female,N/A,N/A,N/A,43,Won,,UPDATED,,,
Matthew Morris,No,Yes,Delaware,9/15/2020,Representative,At-Large,Male,N/A,N/A,N/A,26,Lost,,UPDATED,,,
Lee Murphy,No,Yes,Delaware,9/15/2020,Representative,At-Large,Male,N/A,N/A,N/A,74,Won,,UPDATED,,,
Colin Bonini,No,Yes,Delaware,9/15/2020,Governor,N/A,Male,N/A,N/A,N/A,35,Lost,,UPDATED,,,
Dave Bosco,No,Yes,Delaware,9/15/2020,Governor,N/A,Male,N/A,N/A,N/A,7,Lost,,UPDATED,,,
Dave Graham,No,Yes,Delaware,9/15/2020,Governor,N/A,Male,N/A,N/A,N/A,3,Lost,,UPDATED,,,
Julianne Murray,No,Yes,Delaware,9/15/2020,Governor,N/A,Female,N/A,N/A,N/A,41,Won,,UPDATED,,,
Bryant Richardson,No,Yes,Delaware,9/15/2020,Governor,N/A,Male,N/A,N/A,N/A,8,Lost,,UPDATED,,,
Scott Walker,No,Yes,Delaware,9/15/2020,Governor,N/A,Male,N/A,N/A,N/A,7,Lost,,UPDATED,,,
Gerard Beloin,No,Yes,New Hampshire,9/8/2020,Senator,N/A,Male,No,N/A,N/A,2,Lost,,UPDATED,,,
Don Bolduc,No,Yes,New Hampshire,9/8/2020,Senator,N/A,Male,No,N/A,N/A,43,Lost,,UPDATED,,,
Andy Martin,No,Yes,New Hampshire,9/8/2020,Senator,N/A,Male,No,N/A,N/A,4,Lost,,UPDATED,,,
Corky Messner,No,Yes,New Hampshire,9/8/2020,Senator,N/A,Male,Yes,N/A,N/A,51,Won,,UPDATED,,,
Michael Callis,No,Yes,New Hampshire,9/8/2020,Representative,1,Male,No,N/A,N/A,4,Lost,,UPDATED,,,
Jeff Denaro,No,Yes,New Hampshire,9/8/2020,Representative,1,Male,No,N/A,N/A,4,Lost,,UPDATED,,,
Matt Mayberry,No,Yes,New Hampshire,9/8/2020,Representative,1,Male,No,N/A,N/A,27,Lost,,UPDATED,,,
Matt Mowers,No,Yes,New Hampshire,9/8/2020,Representative,1,Male,Yes,N/A,N/A,60,Won,,UPDATED,,,
Kevin Rondeau,No,Yes,New Hampshire,9/8/2020,Representative,1,Male,No,N/A,N/A,6,Lost,,UPDATED,,,
Matthew Bjelobrk,No,Yes,New Hampshire,9/8/2020,Representative,2,Male,N/A,N/A,N/A,7,Lost,,UPDATED,,,
Lynne Blankenbeker,No,Yes,New Hampshire,9/8/2020,Representative,2,Female,N/A,N/A,N/A,39,Lost,,UPDATED,,,
Eli Clemmer,No,Yes,New Hampshire,9/8/2020,Representative,2,Male,N/A,N/A,N/A,6,Lost,,UPDATED,,,
Steve Negron,No,Yes,New Hampshire,9/8/2020,Representative,2,Male,N/A,N/A,N/A,48,Won,,UPDATED,,,
Nobody,No,No,New Hampshire,9/8/2020,Governor,N/A,Male,N/A,N/A,N/A,1,Lost,,UPDATED,,,
Chris Sununu,Yes,No,New Hampshire,9/8/2020,Governor,N/A,Male,N/A,N/A,N/A,90,Won,,UPDATED,,,
Karen Testerman,No,No,New Hampshire,9/8/2020,Governor,N/A,Female,N/A,N/A,N/A,9,Lost,,UPDATED,,,
Allen Waters,No,Yes,Rhode Island,9/8/2020,Senator,N/A,Male,N/A,N/A,N/A,100,Won,,UPDATED,,,
Donald Fredrick Robbio,No,Yes,Rhode Island,9/8/2020,Representative,2,Male,N/A,N/A,N/A,27,Lost,,UPDATED,,,
Robert Lancia,No,Yes,Rhode Island,9/8/2020,Representative,2,Male,N/A,N/A,N/A,74,Won,,UPDATED,,,
Shiva Ayyadurai,No,Yes,Massachusetts,9/1/2020,Senator,N/A,Male,N/A,N/A,N/A,40,Lost,,UPDATED,,,
Kevin O'Connor,No,Yes,Massachusetts,9/1/2020,Senator,N/A,Male,N/A,N/A,N/A,60,Won,,UPDATED,,,
Tracy Lovvorn,No,Yes,Massachusetts,9/1/2020,Representative,2,Female,N/A,N/A,N/A,100,Won,,UPDATED,,,
David Rosa,No,Yes,Massachusetts,9/1/2020,Representative,4,Male,N/A,N/A,N/A,37,Lost,,UPDATED,,,
Julie Hall,No,Yes,Massachusetts,9/1/2020,Representative,4,Female,N/A,N/A,N/A,63,Won,,UPDATED,,,
Caroline Colarusso,No,Yes,Massachusetts,9/1/2020,Representative,5,Female,N/A,N/A,N/A,100,Won,,UPDATED,,,
John Paul Moran,No,Yes,Massachusetts,9/1/2020,Representative,6,Male,N/A,N/A,N/A,100,Won,,UPDATED,,,
Helen Brady,No,Yes,Massachusetts,9/1/2020,Representative,9,Female,N/A,N/A,N/A,100,Won,,UPDATED,,,
Dan Sullivan,Yes,No,Alaska,8/18/2020,Senator,N/A,Male,Yes,N/A,N/A,100,Won,,yes,AlaskaSenatorN/A,No,
John Nelson,No,No,Alaska,8/18/2020,Representative,At-Large,Male,No,N/A,N/A,17,Lost,,,AlaskaRepresentativeAt-Large,No,
Don Young,Yes,No,Alaska,8/18/2020,Representative,At-Large,Male,Yes,N/A,N/A,77,Won,,yes,AlaskaRepresentativeAt-Large,No,
"Gerald ""Jer"" Heikes",No,No,Alaska,8/18/2020,Representative,At-Large,Male,No,N/A,N/A,6,Lost,,,AlaskaRepresentativeAt-Large,No,
Matt Gaetz,Yes,No,Florida,8/18/2020,Representative,1,Male,N/A,N/A,N/A,81,Won,,,FloridaRepresentative1,No,
Greg Merk,No,No,Florida,8/18/2020,Representative,1,Male,N/A,N/A,N/A,10,Lost,,,FloridaRepresentative1,No,
John Mills,No,No,Florida,8/18/2020,Representative,1,Male,N/A,N/A,N/A,10,Lost,,,FloridaRepresentative1,No,
Neal Dunn,Yes,No,Florida,8/18/2020,Representative,2,Male,N/A,N/A,N/A,100,Won,,,FloridaRepresentative2,No,
Kat Cammack,No,Yes,Florida,8/18/2020,Representative,3,Female,N/A,N/A,N/A,25,Won,,,FloridaRepresentative3,Yes,yes
Ryan Chamberlin,No,Yes,Florida,8/18/2020,Representative,3,Male,N/A,N/A,N/A,6,Lost,,,FloridaRepresentative3,Yes,
Todd Chase,No,Yes,Florida,8/18/2020,Representative,3,Male,N/A,N/A,N/A,10,Lost,,,FloridaRepresentative3,Yes,
Bill Engelbrecht,No,Yes,Florida,8/18/2020,Representative,3,Male,N/A,N/A,N/A,2,Lost,,,FloridaRepresentative3,Yes,
Joe Dallas Millado,No,Yes,Florida,8/18/2020,Representative,3,Male,N/A,N/A,N/A,1,Lost,,,FloridaRepresentative3,Yes,
Gavin Rollins,No,Yes,Florida,8/18/2020,Representative,3,Male,N/A,N/A,N/A,15,Lost,,,FloridaRepresentative3,Yes,
Judson Sapp,No,Yes,Florida,8/18/2020,Representative,3,Male,N/A,N/A,N/A,20,Lost,,,FloridaRepresentative3,Yes,
James St. George,No,Yes,Florida,8/18/2020,Representative,3,Male,N/A,N/A,N/A,14,Lost,,,FloridaRepresentative3,Yes,
David Theus,No,Yes,Florida,8/18/2020,Representative,3,Male,N/A,N/A,N/A,2,Lost,,,FloridaRepresentative3,Yes,
Amy Pope Wells,No,Yes,Florida,8/18/2020,Representative,3,Female,N/A,N/A,N/A,4,Lost,,,FloridaRepresentative3,Yes,yes
Erick Aguilar,No,No,Florida,8/18/2020,Representative,4,Male,N/A,N/A,N/A,20,Lost,,,FloridaRepresentative4,No,
John Rutherford,Yes,No,Florida,8/18/2020,Representative,4,Male,N/A,N/A,N/A,80,Won,,,FloridaRepresentative4,No,
Gary Adler,No,Yes,Florida,8/18/2020,Representative,5,Male,N/A,N/A,N/A,52,Won,,,FloridaRepresentative5,No,
Roger Wagoner,No,Yes,Florida,8/18/2020,Representative,5,Male,N/A,N/A,N/A,48,Lost,,,FloridaRepresentative5,No,
Michael Waltz,Yes,No,Florida,8/18/2020,Representative,6,Male,N/A,N/A,N/A,100,Won,,,FloridaRepresentative6,No,
Richard Goble,No,Yes,Florida,8/18/2020,Representative,7,Male,N/A,N/A,N/A,37,Lost,,,FloridaRepresentative7,No,
Leo Valentin,No,Yes,Florida,8/18/2020,Representative,7,Male,N/A,N/A,N/A,39,Won,,,FloridaRepresentative7,No,
Yukong Zhao,No,Yes,Florida,8/18/2020,Representative,7,Male,N/A,N/A,N/A,24,Lost,,,FloridaRepresentative7,No,
Scott Caine,No,No,Florida,8/18/2020,Representative,8,Male,No,N/A,N/A,38,Lost,,,FloridaRepresentative8,No,
Bill Posey,Yes,No,Florida,8/18/2020,Representative,8,Male,Yes,N/A,N/A,63,Won,,yes,FloridaRepresentative8,No,
Jose Castillo,No,Yes,Florida,8/18/2020,Representative,9,Male,N/A,N/A,N/A,20,Lost,,,FloridaRepresentative9,No,
Bill Olson,No,Yes,Florida,8/18/2020,Representative,9,Male,N/A,N/A,N/A,49,Won,,,FloridaRepresentative9,No,
Sergio E. Ortiz,No,Yes,Florida,8/18/2020,Representative,9,Male,N/A,N/A,N/A,9,Lost,,,FloridaRepresentative9,No,
Christopher Wright,No,Yes,Florida,8/18/2020,Representative,9,Male,N/A,N/A,N/A,23,Lost,,,FloridaRepresentative9,No,
Vennia Francois,No,Yes,Florida,8/18/2020,Representative,10,Female,N/A,N/A,N/A,65,Won,,,FloridaRepresentative10,Yes,yes
Willie Montague,No,Yes,Florida,8/18/2020,Representative,10,Male,N/A,N/A,N/A,35,Lost,,,FloridaRepresentative10,Yes,
Daniel Webster,Yes,No,Florida,8/18/2020,Representative,11,Male,N/A,N/A,N/A,100,Won,,,FloridaRepresentative11,No,
Gus Bilirakis,Yes,No,Florida,8/18/2020,Representative,12,Male,N/A,N/A,N/A,100,Won,,,FloridaRepresentative12,No,
George Buck,No,Yes,Florida,8/18/2020,Representative,13,Male,N/A,No,N/A,26,Lost,,,FloridaRepresentative13,Yes,
Sheila Griffin,No,Yes,Florida,8/18/2020,Representative,13,Female,N/A,No,N/A,7,Lost,,,FloridaRepresentative13,Yes,yes
Anna Paulina Luna,No,Yes,Florida,8/18/2020,Representative,13,Female,N/A,No,N/A,36,Won,,,FloridaRepresentative13,Yes,yes
Amanda Makki,No,Yes,Florida,8/18/2020,Representative,13,Female,N/A,Yes,N/A,28,Lost,,,FloridaRepresentative13,Yes,yes
Sharon Barry Newby,No,Yes,Florida,8/18/2020,Representative,13,Female,N/A,No,N/A,3,Lost,,,FloridaRepresentative13,Yes,yes
Paul Sidney Elliott,No,Yes,Florida,8/18/2020,Representative,14,Male,N/A,N/A,N/A,36,Lost,,,FloridaRepresentative14,Yes,
Christine Quinn,No,Yes,Florida,8/18/2020,Representative,14,Female,N/A,N/A,N/A,65,Won,,,FloridaRepresentative14,Yes,yes
Scott Franklin,No,No,Florida,8/18/2020,Representative,15,Male,N/A,N/A,N/A,51,Won,,,FloridaRepresentative15,No,
Ross Spano,Yes,No,Florida,8/18/2020,Representative,15,Male,N/A,N/A,N/A,49,Lost,,,FloridaRepresentative15,No,
Vern Buchanan,Yes,No,Florida,8/18/2020,Representative,16,Male,N/A,N/A,N/A,100,Won,,,FloridaRepresentative16,No,
Greg Steube,Yes,No,Florida,8/18/2020,Representative,17,Male,N/A,N/A,N/A,100,Won,,,FloridaRepresentative17,No,
Brian Mast,Yes,No,Florida,8/18/2020,Representative,18,Male,N/A,N/A,N/A,86,Won,,,FloridaRepresentative18,No,
Nick Vessio,No,No,Florida,8/18/2020,Representative,18,Male,N/A,N/A,N/A,14,Lost,,,FloridaRepresentative18,No,
Darren Aquino,No,Yes,Florida,8/18/2020,Representative,19,Male,N/A,N/A,N/A,1,Lost,,,FloridaRepresentative19,Yes,
Casey Askar,No,Yes,Florida,8/18/2020,Representative,19,Male,N/A,N/A,N/A,20,Lost,,,FloridaRepresentative19,Yes,
Byron Donalds,No,Yes,Florida,8/18/2020,Representative,19,Male,N/A,N/A,N/A,23,Won,,,FloridaRepresentative19,Yes,
Dane Eagle,No,Yes,Florida,8/18/2020,Representative,19,Male,N/A,N/A,N/A,22,Lost,,,FloridaRepresentative19,Yes,
"William ""Fig"" Figlesthaler",No,Yes,Florida,8/18/2020,Representative,19,Male,N/A,N/A,N/A,18,Lost,,,FloridaRepresentative19,Yes,
Randy Henderson,No,Yes,Florida,8/18/2020,Representative,19,Male,N/A,N/A,N/A,8,Lost,,,FloridaRepresentative19,Yes,
Daniel Kowal,No,Yes,Florida,8/18/2020,Representative,19,Male,N/A,N/A,N/A,1,Lost,,,FloridaRepresentative19,Yes,
Christy McLaughlin,No,Yes,Florida,8/18/2020,Representative,19,Female,N/A,N/A,N/A,4,Lost,,,FloridaRepresentative19,Yes,yes
Dan Severson,No,Yes,Florida,8/18/2020,Representative,19,Male,N/A,N/A,N/A,3,Lost,,,FloridaRepresentative19,Yes,
Vic DeGrammont,No,Yes,Florida,8/18/2020,Representative,20,Male,N/A,N/A,N/A,48,Lost,,,FloridaRepresentative20,No,
Greg Musselwhite,No,Yes,Florida,8/18/2020,Representative,20,Male,N/A,N/A,N/A,52,Won,,,FloridaRepresentative20,No,
Christian Acosta,No,Yes,Florida,8/18/2020,Representative,21,Male,N/A,N/A,N/A,26,Lost,,,FloridaRepresentative21,Yes,
Elizabeth Felton,No,Yes,Florida,8/18/2020,Representative,21,Female,N/A,N/A,N/A,7,Lost,,,FloridaRepresentative21,Yes,yes
Laura Loomer,No,Yes,Florida,8/18/2020,Representative,21,Female,N/A,N/A,N/A,43,Won,,,FloridaRepresentative21,Yes,yes
Aaron Scanlan,No,Yes,Florida,8/18/2020,Representative,21,Male,N/A,N/A,N/A,9,Lost,,,FloridaRepresentative21,Yes,
Reba Sherrill,No,Yes,Florida,8/18/2020,Representative,21,Female,N/A,N/A,N/A,3,Lost,,,FloridaRepresentative21,Yes,yes
Michael Vilardi,No,Yes,Florida,8/18/2020,Representative,21,Male,N/A,N/A,N/A,12,Lost,,,FloridaRepresentative21,Yes,
Fran Flynn,No,Yes,Florida,8/18/2020,Representative,22,Female,N/A,N/A,N/A,26,Lost,,,FloridaRepresentative22,Yes,yes
Jessi Melton,No,Yes,Florida,8/18/2020,Representative,22,Female,N/A,N/A,N/A,30,Lost,,,FloridaRepresentative22,Yes,yes
Jim Pruden,No,Yes,Florida,8/18/2020,Representative,22,Male,N/A,N/A,N/A,36,Won,,,FloridaRepresentative22,Yes,
Darlene Swaffar,No,Yes,Florida,8/18/2020,Representative,22,Female,N/A,N/A,N/A,8,Lost,,,FloridaRepresentative22,Yes,yes
Michael Kroske,No,Yes,Florida,8/18/2020,Representative,23,Male,N/A,N/A,N/A,49,Lost,,,FloridaRepresentative23,Yes,
Carla Spalding,No,Yes,Florida,8/18/2020,Representative,23,Female,N/A,N/A,N/A,51,Won,<1,,FloridaRepresentative23,Yes,yes
Lavern Spicer,No,Yes,Florida,8/18/2020,Representative,24,Female,N/A,N/A,N/A,100,Won,,,FloridaRepresentative24,No,yes
Mario Diaz-Balart,Yes,No,Florida,8/18/2020,Representative,25,Male,N/A,N/A,N/A,100,Won,,,FloridaRepresentative25,No,
Omar Blanco,No,Yes,Florida,8/18/2020,Representative,26,Male,No,N/A,N/A,40,Lost,,,FloridaRepresentative26,No,
Carlos Gimenez,No,Yes,Florida,8/18/2020,Representative,26,Male,Yes,N/A,N/A,60,Won,,yes,FloridaRepresentative26,No,
Juan Fiol,No,Yes,Florida,8/18/2020,Representative,27,Male,N/A,No,No,10,Lost,,,FloridaRepresentative27,Yes,
Raymond Molina,No,Yes,Florida,8/18/2020,Representative,27,Male,N/A,No,No,11,Lost,,,FloridaRepresentative27,Yes,
Maria Elvira Salazar,No,Yes,Florida,8/18/2020,Representative,27,Female,N/A,Yes,Yes,79,Won,,,FloridaRepresentative27,Yes,yes
Bryan E. Miller,No,Yes,Wyoming,8/18/2020,Senator,N/A,Male,No,N/A,N/A,10,Lost,,,WyomingSenatorN/A,Yes,
Cynthia Lummis,No,Yes,Wyoming,8/18/2020,Senator,N/A,Female,Yes,N/A,N/A,60,Won,,yes,WyomingSenatorN/A,Yes,yes
Devon Cade,No,Yes,Wyoming,8/18/2020,Senator,N/A,Male,No,N/A,N/A,1,Lost,,,WyomingSenatorN/A,Yes,
Donna Rice,No,Yes,Wyoming,8/18/2020,Senator,N/A,Female,No,N/A,N/A,6,Lost,,,WyomingSenatorN/A,Yes,yes
John Holtz,No,Yes,Wyoming,8/18/2020,Senator,N/A,Male,No,N/A,N/A,2,Lost,,,WyomingSenatorN/A,Yes,
Josh Wheeler,No,Yes,Wyoming,8/18/2020,Senator,N/A,Male,No,N/A,N/A,4,Lost,,,WyomingSenatorN/A,Yes,
Michael Kemler,No,Yes,Wyoming,8/18/2020,Senator,N/A,Male,No,N/A,N/A,1,Lost,,,WyomingSenatorN/A,Yes,
R. Mark Armstrong,No,Yes,Wyoming,8/18/2020,Senator,N/A,Male,No,N/A,N/A,4,Lost,,,WyomingSenatorN/A,Yes,
Robert Short,No,Yes,Wyoming,8/18/2020,Senator,N/A,Male,No,N/A,N/A,13,Lost,,,WyomingSenatorN/A,Yes,
Star Roselli,No,Yes,Wyoming,8/18/2020,Senator,N/A,Female,No,N/A,N/A,1,Lost,,,WyomingSenatorN/A,Yes,yes
Blake Stanley,No,No,Wyoming,8/18/2020,Representative,At-Large,Male,N/A,N/A,No,26,Lost,,,WyomingRepresentativeAt-Large,Yes,
Liz Cheney,Yes,No,Wyoming,8/18/2020,Representative,At-Large,Female,N/A,N/A,Yes,73,Won,,,WyomingRepresentativeAt-Large,Yes,yes
Mary Fay,No,Yes,Connecticut,8/11/2020,Representative,1,Female,N/A,N/A,N/A,58,Won,,,ConnecticutRepresentative1,Yes,yes
Jim Griffin,No,Yes,Connecticut,8/11/2020,Representative,1,Male,N/A,N/A,N/A,43,Lost,,,ConnecticutRepresentative1,Yes,
Thomas Gilmer,No,Yes,Connecticut,8/11/2020,Representative,2,Male,N/A,N/A,N/A,50,Lost,,,ConnecticutRepresentative2,No,
Justin Anderson,No,Yes,Connecticut,8/11/2020,Representative,2,Male,N/A,N/A,N/A,50,Won,,,ConnecticutRepresentative2,No,
Margaret Streicker,No,Yes,Connecticut,8/11/2020,Representative,3,Female,N/A,N/A,N/A,100,Won,,,ConnecticutRepresentative3,No,yes
Jonathan Riddle,No,Yes,Connecticut,8/11/2020,Representative,4,Male,N/A,N/A,N/A,100,Won,,,ConnecticutRepresentative4,No,
David X. Sullivan,No,Yes,Connecticut,8/11/2020,Representative,5,Male,N/A,N/A,N/A,100,Won,,,ConnecticutRepresentative5,No,
John L. Berman,No,Yes,Minnesota,8/11/2020,Senator,N/A,Male,No,N/A,N/A,7,Lost,,,MinnesotaSenatorN/A,Yes,
"Bob ""Again"" Carney Jr.",No,Yes,Minnesota,8/11/2020,Senator,N/A,Male,No,N/A,N/A,4,Lost,,,MinnesotaSenatorN/A,Yes,
Cynthia Gail,No,Yes,Minnesota,8/11/2020,Senator,N/A,Female,No,N/A,N/A,7,Lost,,,MinnesotaSenatorN/A,Yes,yes
Jason Lewis,No,Yes,Minnesota,8/11/2020,Senator,N/A,Male,Yes,N/A,N/A,78,Won,,yes,MinnesotaSenatorN/A,Yes,
James Reibestein,No,Yes,Minnesota,8/11/2020,Senator,N/A,Male,No,N/A,N/A,4,Lost,,,MinnesotaSenatorN/A,Yes,
Jim Hagedorn,Yes,No,Minnesota,8/11/2020,Representative,1,Male,Yes,N/A,N/A,100,Won,,yes,MinnesotaRepresentative1,No,
Tyler Kistner,No,Yes,Minnesota,8/11/2020,Representative,2,Male,N/A,N/A,N/A,100,Won,,,MinnesotaRepresentative2,No,
Leslie Davis,No,Yes,Minnesota,8/11/2020,Representative,3,Male,N/A,N/A,N/A,24,Lost,,,MinnesotaRepresentative3,No,
Kendall Qualls,No,Yes,Minnesota,8/11/2020,Representative,3,Male,N/A,N/A,N/A,76,Won,,,MinnesotaRepresentative3,No,
Sia Lo,No,Yes,Minnesota,8/11/2020,Representative,4,Male,N/A,N/A,N/A,49,Lost,,,MinnesotaRepresentative4,No,
Gene Rechtzigel,No,Yes,Minnesota,8/11/2020,Representative,4,Male,N/A,N/A,N/A,51,Won,,,MinnesotaRepresentative4,No,
Dalia Al-Aqidi,No,Yes,Minnesota,8/11/2020,Representative,5,Female,No,N/A,N/A,5,Lost,,,MinnesotaRepresentative5,Yes,yes
Lacy Johnson,No,Yes,Minnesota,8/11/2020,Representative,5,Male,Yes,N/A,N/A,77,Won,,yes,MinnesotaRepresentative5,Yes,
Danielle Stella,No,Yes,Minnesota,8/11/2020,Representative,5,Female,No,N/A,N/A,19,Lost,,,MinnesotaRepresentative5,Yes,yes
Tom Emmer,Yes,No,Minnesota,8/11/2020,Representative,6,Male,Yes,N/A,N/A,87,Won,,yes,MinnesotaRepresentative6,No,
Patrick Munro,No,No,Minnesota,8/11/2020,Representative,6,Male,No,N/A,N/A,13,Lost,,,MinnesotaRepresentative6,No,
Noel Collis,No,Yes,Minnesota,8/11/2020,Representative,7,Male,No,No,No,15,Lost,,,MinnesotaRepresentative7,Yes,
Michelle Fischbach,No,Yes,Minnesota,8/11/2020,Representative,7,Female,Yes,Yes,Yes,59,Won,,yes,MinnesotaRepresentative7,Yes,yes
Dave Hughes,No,Yes,Minnesota,8/11/2020,Representative,7,Male,No,No,No,22,Lost,,,MinnesotaRepresentative7,Yes,
William Louwagie,No,Yes,Minnesota,8/11/2020,Representative,7,Male,No,No,No,2,Lost,,,MinnesotaRepresentative7,Yes,
Jayesun Sherman,No,Yes,Minnesota,8/11/2020,Representative,7,Male,No,No,No,2,Lost,,,MinnesotaRepresentative7,Yes,
Pete Stauber,Yes,No,Minnesota,8/11/2020,Representative,8,Male,Yes,N/A,N/A,94,Won,,yes,MinnesotaRepresentative8,No,
Harry Welty,No,No,Minnesota,8/11/2020,Representative,8,Male,No,N/A,N/A,6,Lost,,,MinnesotaRepresentative8,No,
Miriam Berry,No,Yes,Vermont,8/11/2020,Representative,At-Large,Female,N/A,N/A,N/A,25,Won,,,VermontRepresentativeAt-Large,Yes,yes
Jimmy Rodriguez,No,Yes,Vermont,8/11/2020,Representative,At-Large,Male,N/A,N/A,N/A,14,Lost,,,VermontRepresentativeAt-Large,Yes,
Justin Tuthill,No,Yes,Vermont,8/11/2020,Representative,At-Large,Male,N/A,N/A,N/A,19,Lost,,,VermontRepresentativeAt-Large,Yes,
Anya Tynio,No,Yes,Vermont,8/11/2020,Representative,At-Large,Female,N/A,N/A,N/A,15,Lost,,,VermontRepresentativeAt-Large,Yes,yes
Douglas Cavett,No,No,Vermont,8/11/2020,Governor,N/A,Male,N/A,N/A,N/A,2,Lost,,,VermontGovernorN/A,Yes,
John Klar,No,No,Vermont,8/11/2020,Governor,N/A,Male,N/A,N/A,N/A,22,Lost,,,VermontGovernorN/A,Yes,
Bernard Peters,No,No,Vermont,8/11/2020,Governor,N/A,Male,N/A,N/A,N/A,1,Lost,,,VermontGovernorN/A,Yes,
Emily Peyton,No,No,Vermont,8/11/2020,Governor,N/A,Female,N/A,N/A,N/A,2,Lost,,,VermontGovernorN/A,Yes,yes
Phil Scott,Yes,No,Vermont,8/11/2020,Governor,N/A,Male,N/A,N/A,N/A,72,Won,,,VermontGovernorN/A,Yes,
Bryan Steil,Yes,No,Wisconsin,8/11/2020,Representative,1,Male,N/A,N/A,N/A,100,Won,,,WisconsinRepresentative1,No,
Peter Theron,No,Yes,Wisconsin,8/11/2020,Representative,2,Male,N/A,N/A,N/A,100,Won,,,WisconsinRepresentative2,No,
Derrick Van Orden,No,Yes,Wisconsin,8/11/2020,Representative,3,Male,N/A,N/A,N/A,66,Won,,,WisconsinRepresentative3,Yes,
Jessi Ebben,No,Yes,Wisconsin,8/11/2020,Representative,3,Female,N/A,N/A,N/A,34,Lost,,,WisconsinRepresentative3,Yes,yes
Tim Rogers,No,Yes,Wisconsin,8/11/2020,Representative,4,Male,N/A,N/A,N/A,50,Won,,,WisconsinRepresentative4,Yes,
Cindy Werner,No,Yes,Wisconsin,8/11/2020,Representative,4,Female,N/A,N/A,N/A,50,Lost,,,WisconsinRepresentative4,Yes,yes
Scott Fitzgerald,No,Yes,Wisconsin,8/11/2020,Representative,5,Male,N/A,N/A,N/A,77,Won,,,WisconsinRepresentative5,No,
Cliff DeTemple,No,Yes,Wisconsin,8/11/2020,Representative,5,Male,N/A,N/A,N/A,23,Lost,,,WisconsinRepresentative5,No,
Glenn Grothman,Yes,No,Wisconsin,8/11/2020,Representative,6,Male,N/A,N/A,N/A,100,Won,,,WisconsinRepresentative6,No,
Tom Tiffany,Yes,No,Wisconsin,8/11/2020,Representative,7,Male,N/A,N/A,N/A,100,Won,,,WisconsinRepresentative7,No,
Mike Gallagher,Yes,No,Wisconsin,8/11/2020,Representative,8,Male,N/A,N/A,N/A,100,Won,,,WisconsinRepresentative8,No,
Ron Curtis,No,Yes,Hawaii,8/8/2020,Representative,1,Male,N/A,N/A,N/A,41,Won,,,HawaiiRepresentative1,Yes,
"James ""JD"" Dickens",No,Yes,Hawaii,8/8/2020,Representative,1,Male,N/A,N/A,N/A,21,Lost,,,HawaiiRepresentative1,Yes,
Nancy Olson,No,Yes,Hawaii,8/8/2020,Representative,1,Female,N/A,N/A,N/A,20,Lost,,,HawaiiRepresentative1,Yes,yes
Arturo Pacheco Reyes,No,Yes,Hawaii,8/8/2020,Representative,1,Male,N/A,N/A,N/A,13,Lost,,,HawaiiRepresentative1,Yes,
Taylor Smith,No,Yes,Hawaii,8/8/2020,Representative,1,Male,N/A,N/A,N/A,5,Lost,,,HawaiiRepresentative1,Yes,
Joe Akana,No,Yes,Hawaii,8/8/2020,Representative,2,Male,N/A,N/A,N/A,44,Won,,,HawaiiRepresentative2,Yes,
Steven Bond,No,Yes,Hawaii,8/8/2020,Representative,2,Male,N/A,N/A,N/A,6,Lost,,,HawaiiRepresentative2,Yes,
"Karla ""Bart"" Gottschalk",No,Yes,Hawaii,8/8/2020,Representative,2,Female,N/A,N/A,N/A,3,Lost,,,HawaiiRepresentative2,Yes,yes
David R. Hamman,No,Yes,Hawaii,8/8/2020,Representative,2,Male,N/A,N/A,N/A,10,Lost,,,HawaiiRepresentative2,Yes,
Elise Kaneshiro,No,Yes,Hawaii,8/8/2020,Representative,2,Female,N/A,N/A,N/A,15,Lost,,,HawaiiRepresentative2,Yes,yes
Nicholas Love,No,Yes,Hawaii,8/8/2020,Representative,2,Male,N/A,N/A,N/A,8,Lost,,,HawaiiRepresentative2,Yes,
Robert Nagamine,No,Yes,Hawaii,8/8/2020,Representative,2,Male,N/A,N/A,N/A,8,Lost,,,HawaiiRepresentative2,Yes,
Raymond Quel,No,Yes,Hawaii,8/8/2020,Representative,2,Male,N/A,N/A,N/A,1,Lost,,,HawaiiRepresentative2,Yes,
Felipe San Nicolas,No,Yes,Hawaii,8/8/2020,Representative,2,Male,N/A,N/A,N/A,4,Lost,,,HawaiiRepresentative2,Yes,
Clifford Adkins,No,Yes,Tennessee,8/6/2020,Senator,N/A,Male,No,N/A,N/A,1,Lost,,,TennesseeSenatorN/A,Yes,
Natisha Brooks,No,Yes,Tennessee,8/6/2020,Senator,N/A,Female,No,N/A,N/A,1,Lost,,,TennesseeSenatorN/A,Yes,yes
Byron Bush,No,Yes,Tennessee,8/6/2020,Senator,N/A,Male,No,N/A,N/A,1,Lost,,,TennesseeSenatorN/A,Yes,
Roy Dale Cope,No,Yes,Tennessee,8/6/2020,Senator,N/A,Male,No,N/A,N/A,0,Lost,,,TennesseeSenatorN/A,Yes,
Terry Dicus,No,Yes,Tennessee,8/6/2020,Senator,N/A,Male,No,N/A,N/A,0,Lost,,,TennesseeSenatorN/A,Yes,
Tom Emerson Jr.,No,Yes,Tennessee,8/6/2020,Senator,N/A,Male,No,N/A,N/A,0,Lost,,,TennesseeSenatorN/A,Yes,
George Flinn,No,Yes,Tennessee,8/6/2020,Senator,N/A,Male,No,N/A,N/A,3,Lost,,,TennesseeSenatorN/A,Yes,
Bill Hagerty,No,Yes,Tennessee,8/6/2020,Senator,N/A,Male,Yes,N/A,N/A,51,Won,,yes,TennesseeSenatorN/A,Yes,
Jon Henry,No,Yes,Tennessee,8/6/2020,Senator,N/A,Male,No,N/A,N/A,1,Lost,,,TennesseeSenatorN/A,Yes,
Kent Morrell,No,Yes,Tennessee,8/6/2020,Senator,N/A,Male,No,N/A,N/A,0,Lost,,,TennesseeSenatorN/A,Yes,
Glen Neal,No,Yes,Tennessee,8/6/2020,Senator,N/A,Male,No,N/A,N/A,0,Lost,,,TennesseeSenatorN/A,Yes,
John E. Osborne,No,Yes,Tennessee,8/6/2020,Senator,N/A,Male,No,N/A,N/A,0,Lost,,,TennesseeSenatorN/A,Yes,
Aaron Pettigrew,No,Yes,Tennessee,8/6/2020,Senator,N/A,Male,No,N/A,N/A,0,Lost,,,TennesseeSenatorN/A,Yes,
David Schuster,No,Yes,Tennessee,8/6/2020,Senator,N/A,Male,No,N/A,N/A,0,Lost,,,TennesseeSenatorN/A,Yes,
Manny Sethi,No,Yes,Tennessee,8/6/2020,Senator,N/A,Male,No,N/A,N/A,39,Lost,,,TennesseeSenatorN/A,Yes,
Jay Adkins,No,Yes,Tennessee,8/6/2020,Representative,1,Male,N/A,N/A,N/A,2,Lost,,,TennesseeRepresentative1,Yes,
Phil Arlinghaus,No,Yes,Tennessee,8/6/2020,Representative,1,Male,N/A,N/A,N/A,0,Lost,,,TennesseeRepresentative1,Yes,
Richard Baker,No,Yes,Tennessee,8/6/2020,Representative,1,Male,N/A,N/A,N/A,0,Lost,,,TennesseeRepresentative1,Yes,
Chance Cansler,No,Yes,Tennessee,8/6/2020,Representative,1,Male,N/A,N/A,N/A,0,Lost,,,TennesseeRepresentative1,Yes,
John Clark,No,Yes,Tennessee,8/6/2020,Representative,1,Male,N/A,N/A,N/A,9,Lost,,,TennesseeRepresentative1,Yes,
Rusty Crowe,No,Yes,Tennessee,8/6/2020,Representative,1,Male,N/A,N/A,N/A,16,Lost,,,TennesseeRepresentative1,Yes,
Steve Darden,No,Yes,Tennessee,8/6/2020,Representative,1,Male,N/A,N/A,N/A,12,Lost,,,TennesseeRepresentative1,Yes,
Chad Fleenor,No,Yes,Tennessee,8/6/2020,Representative,1,Male,N/A,N/A,N/A,0,Lost,,,TennesseeRepresentative1,Yes,
Robert Franklin,No,Yes,Tennessee,8/6/2020,Representative,1,Male,N/A,N/A,N/A,0,Lost,,,TennesseeRepresentative1,Yes,
Josh Gapp,No,Yes,Tennessee,8/6/2020,Representative,1,Male,N/A,N/A,N/A,14,Lost,,,TennesseeRepresentative1,Yes,
Diana Harshbarger,No,Yes,Tennessee,8/6/2020,Representative,1,Female,N/A,N/A,N/A,19,Won,,,TennesseeRepresentative1,Yes,yes
David Hawk,No,Yes,Tennessee,8/6/2020,Representative,1,Male,N/A,N/A,N/A,5,Lost,,,TennesseeRepresentative1,Yes,
Timothy Hill,No,Yes,Tennessee,8/6/2020,Representative,1,Male,N/A,N/A,N/A,17,Lost,,,TennesseeRepresentative1,Yes,
Chuck Miller,No,Yes,Tennessee,8/6/2020,Representative,1,Male,N/A,N/A,N/A,0,Lost,,,TennesseeRepresentative1,Yes,
Carter M. Quillen,No,Yes,Tennessee,8/6/2020,Representative,1,Male,N/A,N/A,N/A,1,Lost,,,TennesseeRepresentative1,Yes,
Nichole Williams,No,Yes,Tennessee,8/6/2020,Representative,1,Female,N/A,N/A,N/A,3,Lost,,,TennesseeRepresentative1,Yes,yes
Tim Burchett,Yes,No,Tennessee,8/6/2020,Representative,2,Male,N/A,N/A,N/A,100,Won,,,TennesseeRepresentative2,No,
Chuck Fleischmann,Yes,No,Tennessee,8/6/2020,Representative,3,Male,N/A,N/A,N/A,100,Won,,,TennesseeRepresentative3,No,
Scott DesJarlais,Yes,No,Tennessee,8/6/2020,Representative,4,Male,Yes,N/A,N/A,71,Won,,yes,TennesseeRepresentative4,No,
Doug Meyer,No,No,Tennessee,8/6/2020,Representative,4,Male,No,N/A,N/A,18,Lost,,,TennesseeRepresentative4,No,
Randy Sharp,No,No,Tennessee,8/6/2020,Representative,4,Male,No,N/A,N/A,11,Lost,,,TennesseeRepresentative4,No,
John Rose,Yes,No,Tennessee,8/6/2020,Representative,6,Male,N/A,N/A,N/A,100,Won,,,TennesseeRepresentative6,No,
Mark Green,Yes,No,Tennessee,8/6/2020,Representative,7,Male,N/A,N/A,N/A,100,Won,,,TennesseeRepresentative7,No,
David Kustoff,Yes,No,Tennessee,8/6/2020,Representative,8,Male,N/A,N/A,N/A,100,Won,,,TennesseeRepresentative8,No,
Charlotte Bergmann,No,Yes,Tennessee,8/6/2020,Representative,9,Female,N/A,N/A,N/A,100,Won,,,TennesseeRepresentative9,No,yes
Daniel McCarthy,No,No,Arizona,8/4/2020,Senator,N/A,Male,N/A,N/A,No,25,Lost,,,ArizonaSenatorN/A,Yes,
Martha McSally,Yes,No,Arizona,8/4/2020,Senator,N/A,Female,N/A,N/A,Yes,75,Won,,,ArizonaSenatorN/A,Yes,yes
Nolan Reidhead,No,Yes,Arizona,8/4/2020,Representative,1,Male,N/A,No,No,45,Lost,,,ArizonaRepresentative1,Yes,
Tiffany Shedd,No,Yes,Arizona,8/4/2020,Representative,1,Female,N/A,Yes,Yes,55,Won,,,ArizonaRepresentative1,Yes,yes
Brandon Martin,No,Yes,Arizona,8/4/2020,Representative,2,Male,N/A,N/A,N/A,43,Won,,,ArizonaRepresentative2,No,
Joseph Morgan,No,Yes,Arizona,8/4/2020,Representative,2,Male,N/A,N/A,N/A,24,Lost,,,ArizonaRepresentative2,No,
Noran Eric Ruden,No,Yes,Arizona,8/4/2020,Representative,2,Male,N/A,N/A,N/A,34,Lost,,,ArizonaRepresentative2,No,
Daniel Wood,No,Yes,Arizona,8/4/2020,Representative,3,Male,N/A,N/A,N/A,100,Won,,,ArizonaRepresentative3,No,
Paul Gosar,Yes,No,Arizona,8/4/2020,Representative,4,Male,Yes,N/A,N/A,63,Won,,yes,ArizonaRepresentative4,Yes,
Anne Marie Ward,No,No,Arizona,8/4/2020,Representative,4,Female,No,N/A,N/A,37,Lost,,,ArizonaRepresentative4,Yes,yes
Andy Biggs,Yes,No,Arizona,8/4/2020,Representative,5,Male,N/A,N/A,N/A,100,Won,,,ArizonaRepresentative5,No,
David Schweikert,Yes,No,Arizona,8/4/2020,Representative,6,Male,N/A,N/A,N/A,100,Won,,,ArizonaRepresentative6,No,
Joshua Barnett,No,Yes,Arizona,8/4/2020,Representative,7,Male,N/A,N/A,N/A,100,Won,,,ArizonaRepresentative7,No,
Debbie Lesko,Yes,No,Arizona,8/4/2020,Representative,8,Female,Yes,N/A,Yes,100,Won,,yes,ArizonaRepresentative8,No,yes
Dave Giles,No,Yes,Arizona,8/4/2020,Representative,9,Male,N/A,N/A,N/A,54,Won,,,ArizonaRepresentative9,No,
Sam Huang,No,Yes,Arizona,8/4/2020,Representative,9,Male,N/A,N/A,N/A,24,Lost,,,ArizonaRepresentative9,No,
Nicholas Tutora,No,Yes,Arizona,8/4/2020,Representative,9,Male,N/A,N/A,N/A,23,Lost,,,ArizonaRepresentative9,No,
Lance Berland,No,Yes,Kansas,8/4/2020,Senator,N/A,Male,N/A,N/A,N/A,2,Lost,,,KansasSenatorN/A,No,
John Berman,No,Yes,Kansas,8/4/2020,Senator,N/A,Male,N/A,N/A,N/A,0,Lost,,,KansasSenatorN/A,No,
Derek Ellis,No,Yes,Kansas,8/4/2020,Senator,N/A,Male,N/A,N/A,N/A,1,Lost,,,KansasSenatorN/A,No,
Bob Hamilton,No,Yes,Kansas,8/4/2020,Senator,N/A,Male,N/A,N/A,N/A,19,Lost,,,KansasSenatorN/A,No,
Kris Kobach,No,Yes,Kansas,8/4/2020,Senator,N/A,Male,N/A,N/A,N/A,26,Lost,,,KansasSenatorN/A,No,
Dave Lindstrom,No,Yes,Kansas,8/4/2020,Senator,N/A,Male,N/A,N/A,N/A,7,Lost,,,KansasSenatorN/A,No,
Roger Marshall,No,Yes,Kansas,8/4/2020,Senator,N/A,Male,N/A,N/A,N/A,40,Won,,,KansasSenatorN/A,No,
Brian Matlock,No,Yes,Kansas,8/4/2020,Senator,N/A,Male,N/A,N/A,N/A,2,Lost,,,KansasSenatorN/A,No,
John Miller,No,Yes,Kansas,8/4/2020,Senator,N/A,Male,N/A,N/A,N/A,1,Lost,,,KansasSenatorN/A,No,
Steve Roberts,No,Yes,Kansas,8/4/2020,Senator,N/A,Male,N/A,N/A,N/A,2,Lost,,,KansasSenatorN/A,No,
Gabriel Mark Robles,No,Yes,Kansas,8/4/2020,Senator,N/A,Male,N/A,N/A,N/A,1,Lost,,,KansasSenatorN/A,No,
Bill Clifford,No,Yes,Kansas,8/4/2020,Representative,1,Male,N/A,N/A,N/A,33,Lost,,,KansasRepresentative1,No,
Tracey Mann,No,Yes,Kansas,8/4/2020,Representative,1,Male,N/A,N/A,N/A,54,Won,,,KansasRepresentative1,No,
Jerry Molstad,No,Yes,Kansas,8/4/2020,Representative,1,Male,N/A,N/A,N/A,8,Lost,,,KansasRepresentative1,No,
Michael Soetaert,No,Yes,Kansas,8/4/2020,Representative,1,Male,N/A,N/A,N/A,5,Lost,,,KansasRepresentative1,No,
Jake LaTurner,No,No,Kansas,8/4/2020,Representative,2,Male,N/A,N/A,N/A,49,Won,,,KansasRepresentative2,No,
Dennis Taylor,No,No,Kansas,8/4/2020,Representative,2,Male,N/A,N/A,N/A,17,Lost,,,KansasRepresentative2,No,
Steve Watkins,Yes,No,Kansas,8/4/2020,Representative,2,Male,N/A,N/A,N/A,34,Lost,,,KansasRepresentative2,No,
Amanda Adkins,No,Yes,Kansas,8/4/2020,Representative,3,Female,N/A,N/A,N/A,31,Won,,,KansasRepresentative3,Yes,yes
Mike Beehler,No,Yes,Kansas,8/4/2020,Representative,3,Male,N/A,N/A,N/A,19,Lost,,,KansasRepresentative3,Yes,
Adrienne Vallejo Foster,No,Yes,Kansas,8/4/2020,Representative,3,Female,N/A,N/A,N/A,20,Lost,,,KansasRepresentative3,Yes,yes
Tom Love,No,Yes,Kansas,8/4/2020,Representative,3,Male,N/A,N/A,N/A,7,Lost,,,KansasRepresentative3,Yes,
Sara Hart Weir,No,Yes,Kansas,8/4/2020,Representative,3,Female,N/A,N/A,N/A,23,Lost,,,KansasRepresentative3,Yes,yes
Ron Estes,Yes,No,Kansas,8/4/2020,Representative,4,Male,N/A,N/A,N/A,100,Won,,,KansasRepresentative4,No,
John James,No,Yes,Michigan,8/4/2020,Senator,N/A,Male,N/A,N/A,N/A,100,Won,,,MichiganSenatorN/A,No,
Jack Bergman,Yes,No,Michigan,8/4/2020,Representative,1,Male,N/A,N/A,N/A,100,Won,,,MichiganRepresentative1,No,
Bill Huizenga,Yes,No,Michigan,8/4/2020,Representative,2,Male,N/A,N/A,N/A,100,Won,,,MichiganRepresentative2,No,
Lynn Afendoulis,No,Yes,Michigan,8/4/2020,Representative,3,Female,N/A,N/A,N/A,26,Lost,,,MichiganRepresentative3,Yes,yes
Joe Farrington,No,Yes,Michigan,8/4/2020,Representative,3,Male,N/A,N/A,N/A,4,Lost,,,MichiganRepresentative3,Yes,
Peter Meijer,No,Yes,Michigan,8/4/2020,Representative,3,Male,N/A,N/A,N/A,50,Won,,,MichiganRepresentative3,Yes,
Thomas Norton,No,Yes,Michigan,8/4/2020,Representative,3,Male,N/A,N/A,N/A,16,Lost,,,MichiganRepresentative3,Yes,
Emily Rafi,No,Yes,Michigan,8/4/2020,Representative,3,Female,N/A,N/A,N/A,4,Lost,,,MichiganRepresentative3,Yes,yes
John Moolenaar,Yes,No,Michigan,8/4/2020,Representative,4,Male,N/A,N/A,N/A,100,Won,,,MichiganRepresentative4,No,
Tim Kelly,No,Yes,Michigan,8/4/2020,Representative,5,Male,N/A,N/A,N/A,79,Won,,,MichiganRepresentative5,No,
Earl Lackie,No,Yes,Michigan,8/4/2020,Representative,5,Male,N/A,N/A,N/A,21,Lost,,,MichiganRepresentative5,No,
Elena Oelke,No,No,Michigan,8/4/2020,Representative,6,Female,N/A,N/A,N/A,37,Lost,,,MichiganRepresentative6,Yes,yes
Fred Upton,Yes,No,Michigan,8/4/2020,Representative,6,Male,N/A,N/A,N/A,63,Won,,,MichiganRepresentative6,Yes,
Tim Walberg,Yes,No,Michigan,8/4/2020,Representative,7,Male,N/A,N/A,N/A,100,Won,,,MichiganRepresentative7,No,
Mike Detmer,No,Yes,Michigan,8/4/2020,Representative,8,Male,N/A,N/A,N/A,29,Lost,,,MichiganRepresentative8,Yes,
Alan Hoover,No,Yes,Michigan,8/4/2020,Representative,8,Male,N/A,N/A,N/A,11,Lost,,,MichiganRepresentative8,Yes,
Paul Junge,No,Yes,Michigan,8/4/2020,Representative,8,Male,N/A,N/A,N/A,35,Won,,,MichiganRepresentative8,Yes,
Kristina Lyke,No,Yes,Michigan,8/4/2020,Representative,8,Female,N/A,N/A,N/A,25,Lost,,,MichiganRepresentative8,Yes,yes
Gabi Grossbard,No,Yes,Michigan,8/4/2020,Representative,9,Male,N/A,N/A,N/A,43,Lost,,,MichiganRepresentative9,No,
Charles Langworthy,No,Yes,Michigan,8/4/2020,Representative,9,Male,N/A,N/A,N/A,57,Won,,,MichiganRepresentative9,No,
Shane Hernandez,No,Yes,Michigan,8/4/2020,Representative,10,Male,N/A,N/A,N/A,36,Lost,,,MichiganRepresentative10,Yes,
Lisa McClain,No,Yes,Michigan,8/4/2020,Representative,10,Female,N/A,N/A,N/A,42,Won,,,MichiganRepresentative10,Yes,yes
Doug Slocum,No,Yes,Michigan,8/4/2020,Representative,10,Male,N/A,N/A,N/A,22,Lost,,,MichiganRepresentative10,Yes,
Frank Acosta,No,Yes,Michigan,8/4/2020,Representative,11,Male,N/A,N/A,N/A,13,Lost,,,MichiganRepresentative11,Yes,
Kerry Bentivolio,No,Yes,Michigan,8/4/2020,Representative,11,Male,N/A,N/A,N/A,22,Lost,,,MichiganRepresentative11,Yes,
Eric Esshaki,No,Yes,Michigan,8/4/2020,Representative,11,Male,N/A,N/A,N/A,31,Won,,,MichiganRepresentative11,Yes,
Carmelita Greco,No,Yes,Michigan,8/4/2020,Representative,11,Female,N/A,N/A,N/A,23,Lost,,,MichiganRepresentative11,Yes,yes
Whittney Williams,No,Yes,Michigan,8/4/2020,Representative,11,Female,N/A,N/A,N/A,12,Lost,,,MichiganRepresentative11,Yes,yes
Jeff Jones,No,Yes,Michigan,8/4/2020,Representative,12,Male,N/A,N/A,N/A,100,Won,,,MichiganRepresentative12,No,
David Dudenhoefer,No,Yes,Michigan,8/4/2020,Representative,13,Male,N/A,N/A,N/A,48,Won,,,MichiganRepresentative13,Yes,
Al Lemmo,No,Yes,Michigan,8/4/2020,Representative,13,Male,N/A,N/A,N/A,18,Lost,,,MichiganRepresentative13,Yes,
Linda Sawyer,No,Yes,Michigan,8/4/2020,Representative,13,Female,N/A,N/A,N/A,35,Lost,,,MichiganRepresentative13,Yes,yes
Daryle F. Houston II,No,Yes,Michigan,8/4/2020,Representative,14,Male,N/A,N/A,N/A,35,Lost,,,MichiganRepresentative14,No,
R. Vance Patrick,No,Yes,Michigan,8/4/2020,Representative,14,Male,N/A,N/A,N/A,65,Won,,,MichiganRepresentative14,No,
Winnie Heartstrong,No,Yes,Missouri,8/4/2020,Representative,1,Female,N/A,N/A,N/A,38,Lost,,,MissouriRepresentative1,Yes,yes
Anthony Rogers,No,Yes,Missouri,8/4/2020,Representative,1,Male,N/A,N/A,N/A,62,Won,,,MissouriRepresentative1,Yes,
Ann Wagner,Yes,No,Missouri,8/4/2020,Representative,2,Female,N/A,N/A,Yes,100,Won,,,MissouriRepresentative2,No,yes
Brandon Wilkinson,No,No,Missouri,8/4/2020,Representative,3,Male,No,N/A,N/A,15,Lost,,,MissouriRepresentative3,Yes,
Adela Wisdom,No,No,Missouri,8/4/2020,Representative,3,Female,No,N/A,N/A,3,Lost,,,MissouriRepresentative3,Yes,yes
Blaine Luetkemeyer,Yes,No,Missouri,8/4/2020,Representative,3,Male,Yes,N/A,N/A,75,Won,,yes,MissouriRepresentative3,Yes,
Jeffrey Nowak,No,No,Missouri,8/4/2020,Representative,3,Male,No,N/A,N/A,3,Lost,,,MissouriRepresentative3,Yes,
Lynette Trares,No,No,Missouri,8/4/2020,Representative,3,Female,No,N/A,N/A,4,Lost,,,MissouriRepresentative3,Yes,yes
Neal Gist,No,No,Missouri,8/4/2020,Representative,4,Male,No,N/A,No,23,Lost,,,MissouriRepresentative4,Yes,
Vicky Hartzler,Yes,No,Missouri,8/4/2020,Representative,4,Female,Yes,N/A,Yes,77,Won,,yes,MissouriRepresentative4,Yes,yes
Clay Chastain,No,Yes,Missouri,8/4/2020,Representative,5,Male,N/A,N/A,N/A,19,Lost,,,MissouriRepresentative5,Yes,
Ryan Derks,No,Yes,Missouri,8/4/2020,Representative,5,Male,N/A,N/A,N/A,35,Won,,,MissouriRepresentative5,Yes,
Weldon Woodward,No,Yes,Missouri,8/4/2020,Representative,5,Male,N/A,N/A,N/A,6,Lost,,,MissouriRepresentative5,Yes,
Richonda Oaks,No,Yes,Missouri,8/4/2020,Representative,5,Female,N/A,N/A,N/A,5,Lost,,,MissouriRepresentative5,Yes,yes
"R H ""Twin Bears"" Hess",No,Yes,Missouri,8/4/2020,Representative,5,Male,N/A,N/A,N/A,6,Lost,,,MissouriRepresentative5,Yes,
Jerry Barham,No,Yes,Missouri,8/4/2020,Representative,5,Male,N/A,N/A,N/A,29,Lost,,,MissouriRepresentative5,Yes,
Sam Graves,Yes,No,Missouri,8/4/2020,Representative,6,Male,Yes,N/A,N/A,80,Won,,yes,MissouriRepresentative6,No,
Chris Ryan,No,No,Missouri,8/4/2020,Representative,6,Male,No,N/A,N/A,20,Lost,,,MissouriRepresentative6,No,
Eric Harleman,No,No,Missouri,8/4/2020,Representative,7,Male,No,N/A,N/A,11,Lost,,,MissouriRepresentative7,Yes,
Kevin VanStory,No,No,Missouri,8/4/2020,Representative,7,Male,No,N/A,N/A,10,Lost,,,MissouriRepresentative7,Yes,
Steve Chentnik,No,No,Missouri,8/4/2020,Representative,7,Male,No,N/A,N/A,7,Lost,,,MissouriRepresentative7,Yes,
Billy Long,Yes,No,Missouri,8/4/2020,Representative,7,Male,Yes,N/A,N/A,66,Won,,yes,MissouriRepresentative7,Yes,
Camille Lombardi-Olive,No,No,Missouri,8/4/2020,Representative,7,Female,No,N/A,N/A,6,Lost,,,MissouriRepresentative7,Yes,yes
Jason Smith,Yes,No,Missouri,8/4/2020,Representative,8,Male,Yes,N/A,N/A,100,Won,,yes,MissouriRepresentative8,No,
Raleigh Ritter,No,No,Missouri,8/4/2020,Governor,N/A,Male,No,N/A,N/A,4,Lost,,,MissouriGovernorN/A,Yes,
Mike Parson,Yes,No,Missouri,8/4/2020,Governor,N/A,Male,Yes,N/A,N/A,75,Won,,yes,MissouriGovernorN/A,Yes,
Jim Neely,No,No,Missouri,8/4/2020,Governor,N/A,Male,No,N/A,N/A,9,Lost,,,MissouriGovernorN/A,Yes,
Saundra McDowell,No,No,Missouri,8/4/2020,Governor,N/A,Female,No,N/A,N/A,12,Lost,,,MissouriGovernorN/A,Yes,yes
Derek Chartrand,No,Yes,Washington,8/4/2020,Representative,1,Male,N/A,N/A,N/A,16,Lost,,,WashingtonRepresentative1,No,
Jeffrey Beeler,No,Yes,Washington,8/4/2020,Representative,1,Male,N/A,N/A,N/A,84,Advanced,,,WashingtonRepresentative1,No,
Tim Hazelo,No,Yes,Washington,8/4/2020,Representative,2,Male,N/A,N/A,N/A,40,Advanced,,,WashingtonRepresentative2,Yes,
Tim Uy,No,Yes,Washington,8/4/2020,Representative,2,Male,N/A,N/A,N/A,26,Lost,,,WashingtonRepresentative2,Yes,
Kari Ilonummi,No,Yes,Washington,8/4/2020,Representative,2,Male,N/A,N/A,N/A,3,Lost,,UPDATED,WashingtonRepresentative2,Yes,
James Golder,No,Yes,Washington,8/4/2020,Representative,2,Male,N/A,N/A,N/A,6,Lost,,,WashingtonRepresentative2,Yes,
Carrie Kennedy,No,Yes,Washington,8/4/2020,Representative,2,Female,N/A,N/A,N/A,10,Lost,,,WashingtonRepresentative2,Yes,yes
Cody Hart,No,Yes,Washington,8/4/2020,Representative,2,Male,N/A,N/A,N/A,15,Lost,,,WashingtonRepresentative2,Yes,
Jaime Herrera Beutler,Yes,No,Washington,8/4/2020,Representative,3,Female,N/A,N/A,Yes,100,Advanced,,,WashingtonRepresentative3,No,yes
"Tracy ""Justice"" Wright",No,No,Washington,8/4/2020,Representative,4,Female,No,N/A,N/A,7,Lost,,,WashingtonRepresentative4,Yes,yes
Sarena Sloot,No,No,Washington,8/4/2020,Representative,4,Female,No,N/A,N/A,10,Lost,,,WashingtonRepresentative4,Yes,yes
Dan Newhouse,Yes,No,Washington,8/4/2020,Representative,4,Male,Yes,N/A,N/A,83,Advanced,,yes,WashingtonRepresentative4,Yes,
Stephen T. Major,No,No,Washington,8/4/2020,Representative,5,Male,No,N/A,No,14,Lost,,,WashingtonRepresentative5,Yes,
Cathy McMorris Rodgers,Yes,No,Washington,8/4/2020,Representative,5,Female,Yes,N/A,Yes,86,Advanced,,yes,WashingtonRepresentative5,Yes,yes
Elizabeth Kreiselmaier,No,Yes,Washington,8/4/2020,Representative,6,Female,N/A,N/A,N/A,69,Advanced,,,WashingtonRepresentative6,Yes,yes
Chris Welton,No,Yes,Washington,8/4/2020,Representative,6,Male,N/A,N/A,N/A,14,Lost,,,WashingtonRepresentative6,Yes,
Stephan Brodhead,No,Yes,Washington,8/4/2020,Representative,6,Male,N/A,N/A,N/A,9,Lost,,,WashingtonRepresentative6,Yes,
Johny Alberg,No,Yes,Washington,8/4/2020,Representative,6,Male,N/A,N/A,N/A,7,Lost,,,WashingtonRepresentative6,Yes,
Scott Sutherland,No,Yes,Washington,8/4/2020,Representative,7,Male,N/A,N/A,N/A,32,Lost,,,WashingtonRepresentative7,No,
Craig Keller,No,Yes,Washington,8/4/2020,Representative,7,Male,N/A,N/A,N/A,68,Advanced,,,WashingtonRepresentative7,No,
Jesse Jensen,No,Yes,Washington,8/4/2020,Representative,8,Male,N/A,N/A,N/A,41,Advanced,,,WashingtonRepresentative8,No,
Dave Saulibio,No,Yes,Washington,8/4/2020,Representative,8,Male,N/A,N/A,N/A,24,Lost,,,WashingtonRepresentative8,No,
Keith Swank,No,Yes,Washington,8/4/2020,Representative,8,Male,N/A,N/A,N/A,35,Lost,,,WashingtonRepresentative8,No,
Joshua Campbell,No,Yes,Washington,8/4/2020,Representative,9,Male,N/A,N/A,N/A,34,Lost,,,WashingtonRepresentative9,No,
Doug Basler,No,Yes,Washington,8/4/2020,Representative,9,Male,N/A,N/A,N/A,66,Advanced,,,WashingtonRepresentative9,No,
Jackson Maynard,No,Yes,Washington,8/4/2020,Representative,10,Male,N/A,N/A,N/A,20,Lost,,,WashingtonRepresentative10,Yes,
Nancy Dailey Slotnick,No,Yes,Washington,8/4/2020,Representative,10,Female,N/A,N/A,N/A,16,Lost,,,WashingtonRepresentative10,Yes,yes
Rian Ingrim,No,Yes,Washington,8/4/2020,Representative,10,Male,N/A,N/A,N/A,27,Lost,,,WashingtonRepresentative10,Yes,
Gordon Allen Pross,No,Yes,Washington,8/4/2020,Representative,10,Male,N/A,N/A,N/A,1,Lost,,,WashingtonRepresentative10,Yes,
Don Hewett,No,Yes,Washington,8/4/2020,Representative,10,Male,N/A,N/A,N/A,11,Lost,,,WashingtonRepresentative10,Yes,
Dean Johnson,No,Yes,Washington,8/4/2020,Representative,10,Male,N/A,N/A,N/A,18,Lost,,,WashingtonRepresentative10,Yes,
Ryan Tate,No,Yes,Washington,8/4/2020,Representative,10,Male,N/A,N/A,N/A,4,Lost,,,WashingtonRepresentative10,Yes,
Ralph Johnson,No,Yes,Washington,8/4/2020,Representative,10,Male,N/A,N/A,N/A,2,Lost,,,WashingtonRepresentative10,Yes,
Phil Fortunato,No,Yes,Washington,8/4/2020,Governor,N/A,Male,N/A,N/A,N/A,9,Lost,,,WashingtonGovernorN/A,No,
Leon Aaron Lawson,No,Yes,Washington,8/4/2020,Governor,N/A,Male,N/A,N/A,N/A,2,Lost,,,WashingtonGovernorN/A,No,
Tim Eyman,No,Yes,Washington,8/4/2020,Governor,N/A,Male,N/A,N/A,N/A,14,Lost,,,WashingtonGovernorN/A,No,
Goodspaceguy,No,Yes,Washington,8/4/2020,Governor,N/A,Male,N/A,N/A,N/A,1,Lost,,,WashingtonGovernorN/A,No,
"Martin ""Iceman"" Wheeler",No,Yes,Washington,8/4/2020,Governor,N/A,Male,N/A,N/A,N/A,0,Lost,,,WashingtonGovernorN/A,No,
Raul Garcia,No,Yes,Washington,8/4/2020,Governor,N/A,Male,N/A,N/A,N/A,12,Lost,,,WashingtonGovernorN/A,No,
Tylor Grow,No,Yes,Washington,8/4/2020,Governor,N/A,Male,N/A,N/A,N/A,0,Lost,,,WashingtonGovernorN/A,No,
Matthew Murray,No,Yes,Washington,8/4/2020,Governor,N/A,Male,N/A,N/A,N/A,0,Lost,,,WashingtonGovernorN/A,No,
Anton Sakharov,No,Yes,Washington,8/4/2020,Governor,N/A,Male,N/A,N/A,N/A,1,Lost,,,WashingtonGovernorN/A,No,
Nate Herzog,No,Yes,Washington,8/4/2020,Governor,N/A,Male,N/A,N/A,N/A,1,Lost,,,WashingtonGovernorN/A,No,
Ian Gonzales,No,Yes,Washington,8/4/2020,Governor,N/A,Male,N/A,N/A,N/A,0,Lost,,,WashingtonGovernorN/A,No,
Joshua Freed,No,Yes,Washington,8/4/2020,Governor,N/A,Male,N/A,N/A,N/A,20,Lost,,,WashingtonGovernorN/A,No,
Loren Culp,No,Yes,Washington,8/4/2020,Governor,N/A,Male,N/A,N/A,N/A,39,Advanced,,,WashingtonGovernorN/A,No,
Richard Carpenter,No,Yes,Washington,8/4/2020,Governor,N/A,Male,N/A,N/A,N/A,0,Lost,,,WashingtonGovernorN/A,No,
Bill Hirt,No,Yes,Washington,8/4/2020,Governor,N/A,Male,N/A,N/A,N/A,0,Lost,,,WashingtonGovernorN/A,No,
Susan Collins,Yes,No,Maine,7/14/2020,Senator,N/A,Female,N/A,N/A,Yes,99,Won,,,MaineSenatorN/A,No,yes
Jay Allen,No,Yes,Maine,7/14/2020,Representative,1,Male,N/A,N/A,N/A,100,Won,,,MaineRepresentative1,No,
Adrienne Bennett,No,Yes,Maine,7/14/2020,Representative,2,Female,N/A,Yes,N/A,32,Lost,,,MaineRepresentative2,Yes,yes
Eric Brakey,No,Yes,Maine,7/14/2020,Representative,2,Male,N/A,No,N/A,23,Lost,,,MaineRepresentative2,Yes,
Dale Crafts,No,Yes,Maine,7/14/2020,Representative,2,Male,N/A,No,N/A,45,Won,,,MaineRepresentative2,Yes,
Eugene Anagnos,No,Yes,New Jersey,7/7/2020,Senator,N/A,Male,N/A,N/A,N/A,3,Lost,,,New JerseySenatorN/A,Yes,
Patricia Flanagan,No,Yes,New Jersey,7/7/2020,Senator,N/A,Female,N/A,N/A,N/A,18,Lost,,,New JerseySenatorN/A,Yes,yes
Rik Mehta,No,Yes,New Jersey,7/7/2020,Senator,N/A,Male,N/A,N/A,N/A,38,Won,,,New JerseySenatorN/A,Yes,
Natalie Rivera,No,Yes,New Jersey,7/7/2020,Senator,N/A,Female,N/A,N/A,N/A,5,Lost,,,New JerseySenatorN/A,Yes,yes
Hirsh Singh,No,Yes,New Jersey,7/7/2020,Senator,N/A,Male,N/A,N/A,N/A,36,Lost,,,New JerseySenatorN/A,Yes,
Claire Gustafson,No,Yes,New Jersey,7/7/2020,Representative,1,Female,N/A,N/A,N/A,100,Won,,,New JerseyRepresentative1,No,yes
Jeff Van Drew,Yes,No,New Jersey,7/7/2020,Representative,2,Male,Yes,N/A,N/A,82,Won,,yes,New JerseyRepresentative2,No,
Bob Patterson,No,No,New Jersey,7/7/2020,Representative,2,Male,No,N/A,N/A,18,Lost,,,New JerseyRepresentative2,No,
Kate Gibbs,No,Yes,New Jersey,7/7/2020,Representative,3,Female,N/A,N/A,N/A,39,Lost,,,New JerseyRepresentative3,Yes,yes
David Richter,No,Yes,New Jersey,7/7/2020,Representative,3,Male,N/A,N/A,N/A,61,Won,,,New JerseyRepresentative3,Yes,
Chris Smith,Yes,No,New Jersey,7/7/2020,Representative,4,Male,N/A,N/A,N/A,95,Won,,,New JerseyRepresentative4,No,
Alter Eliezer Richter,No,No,New Jersey,7/7/2020,Representative,4,Male,N/A,N/A,N/A,5,Lost,,,New JerseyRepresentative4,No,
James Baldini,No,Yes,New Jersey,7/7/2020,Representative,5,Male,N/A,N/A,N/A,10,Lost,,,New JerseyRepresentative5,No,
Hector Castillo,No,Yes,New Jersey,7/7/2020,Representative,5,Male,N/A,N/A,N/A,6,Lost,,,New JerseyRepresentative5,No,
John McCann,No,Yes,New Jersey,7/7/2020,Representative,5,Male,N/A,N/A,N/A,32,Lost,,,New JerseyRepresentative5,No,
Frank Pallotta,No,Yes,New Jersey,7/7/2020,Representative,5,Male,N/A,N/A,N/A,52,Won,,,New JerseyRepresentative5,No,
Raafat Barsoom,No,Yes,New Jersey,7/7/2020,Representative,7,Male,N/A,N/A,N/A,11,Lost,,,New JerseyRepresentative7,No,
Tom Kean Jr.,No,Yes,New Jersey,7/7/2020,Representative,7,Male,N/A,N/A,N/A,79,Won,,,New JerseyRepresentative7,No,
Tom Phillips,No,Yes,New Jersey,7/7/2020,Representative,7,Male,N/A,N/A,N/A,10,Lost,,,New JerseyRepresentative7,No,
Jason Mushnick,No,Yes,New Jersey,7/7/2020,Representative,8,Male,N/A,N/A,N/A,100,Won,,,New JerseyRepresentative8,No,
Billy Prempeh,No,Yes,New Jersey,7/7/2020,Representative,9,Male,N/A,N/A,N/A,74,Won,,,New JerseyRepresentative9,No,
Tim Walsh,No,Yes,New Jersey,7/7/2020,Representative,9,Male,N/A,N/A,N/A,26,Lost,,,New JerseyRepresentative9,No,
Jen Zinone,No,Yes,New Jersey,7/7/2020,Representative,10,Female,N/A,N/A,N/A,100,Won,,,New JerseyRepresentative10,No,yes
Rosemary Becchi,No,Yes,New Jersey,7/7/2020,Representative,11,Female,N/A,Yes,N/A,100,Won,,,New JerseyRepresentative11,No,yes
Mark Razzoli,No,Yes,New Jersey,7/7/2020,Representative,12,Male,N/A,N/A,N/A,100,Won,,,New JerseyRepresentative12,No,
Cory Gardner,Yes,No,Colorado,6/30/2020,Senator,N/A,Male,Yes,N/A,N/A,100,Won,,yes,ColoradoSenatorN/A,No,
Shane Bolling,No,Yes,Colorado,6/30/2020,Representative,1,Male,N/A,N/A,N/A,100,Won,,,ColoradoRepresentative1,No,
Charlie Winn,No,Yes,Colorado,6/30/2020,Representative,2,Male,N/A,N/A,N/A,100,Won,,,ColoradoRepresentative2,No,
Lauren Boebert,No,No,Colorado,6/30/2020,Representative,3,Female,No,N/A,N/A,55,Won,,,ColoradoRepresentative3,Yes,yes
Scott Tipton ,Yes,No,Colorado,6/30/2020,Representative,3,Male,Yes,N/A,N/A,45,Lost,,yes,ColoradoRepresentative3,Yes,
Ken Buck,Yes,No,Colorado,6/30/2020,Representative,4,Male,N/A,N/A,N/A,100,Won,,,ColoradoRepresentative4,No,
Doug Lamborn,Yes,No,Colorado,6/30/2020,Representative,5,Male,N/A,N/A,N/A,100,Won,,,ColoradoRepresentative5,No,
Steve House,No,Yes,Colorado,6/30/2020,Representative,6,Male,N/A,N/A,N/A,100,Won,,,ColoradoRepresentative6,No,
Casper Stockham,No,Yes,Colorado,6/30/2020,Representative,7,Male,N/A,N/A,N/A,100,Won,,,ColoradoRepresentative7,No,
Jim Inhofe,Yes,No,Oklahoma,6/30/2020,Senator,N/A,Male,Yes,N/A,N/A,74,Won,,yes,OklahomaSenatorN/A,No,
JJ Stitt,No,No,Oklahoma,6/30/2020,Senator,N/A,Male,No,N/A,N/A,15,Lost,,,OklahomaSenatorN/A,No,
John Tompkins,No,No,Oklahoma,6/30/2020,Senator,N/A,Male,No,N/A,N/A,6,Lost,,,OklahomaSenatorN/A,No,
Neil Mavis,No,No,Oklahoma,6/30/2020,Senator,N/A,Male,No,N/A,N/A,4,Lost,,,OklahomaSenatorN/A,No,
Kevin Hern,Yes,No,Oklahoma,6/30/2020,Representative,1,Male,Yes,N/A,N/A,100,Won,,yes,OklahomaRepresentative1,No,
Markwayne Mullin,Yes,No,Oklahoma,6/30/2020,Representative,2,Male,Yes,N/A,N/A,80,Won,,yes,OklahomaRepresentative2,Yes,
Joseph Silk,No,No,Oklahoma,6/30/2020,Representative,2,Male,No,N/A,N/A,13,Lost,,,OklahomaRepresentative2,Yes,
Rhonda Hopkins,No,No,Oklahoma,6/30/2020,Representative,2,Female,No,N/A,N/A,7,Lost,,,OklahomaRepresentative2,Yes,yes
Frank Lucas,Yes,No,Oklahoma,6/30/2020,Representative,3,Male,Yes,N/A,N/A,100,Won,,yes,OklahomaRepresentative3,No,
James Taylor,No,No,Oklahoma,6/30/2020,Representative,4,Male,No,N/A,N/A,15,Lost,,,OklahomaRepresentative4,No,
Tom Cole,Yes,No,Oklahoma,6/30/2020,Representative,4,Male,Yes,N/A,N/A,76,Won,,yes,OklahomaRepresentative4,No,
Trevor Sipes,No,No,Oklahoma,6/30/2020,Representative,4,Male,No,N/A,N/A,6,Lost,,,OklahomaRepresentative4,No,
Gilbert Sanders,No,No,Oklahoma,6/30/2020,Representative,4,Male,No,N/A,N/A,3,Lost,,,OklahomaRepresentative4,No,
Janet Barresi,No,Yes,Oklahoma,6/30/2020,Representative,5,Female,N/A,No,N/A,10,Lost,,,OklahomaRepresentative5,Yes,yes
Tuffy Pringle,No,Yes,Oklahoma,6/30/2020,Representative,5,Male,N/A,No,N/A,1,Lost,,,OklahomaRepresentative5,Yes,
David Hill,No,Yes,Oklahoma,6/30/2020,Representative,5,Male,N/A,No,N/A,19,Lost,,,OklahomaRepresentative5,Yes,
Terry Neese,No,Yes,Oklahoma,6/30/2020,Representative,5,Female,N/A,No,N/A,36,Lost,,yes,OklahomaRepresentative5,Yes,yes
Michael Ballard,No,Yes,Oklahoma,6/30/2020,Representative,5,Male,N/A,No,N/A,2,Lost,,,OklahomaRepresentative5,Yes,
Miles Rahimi,No,Yes,Oklahoma,6/30/2020,Representative,5,Male,N/A,No,N/A,1,Lost,,,OklahomaRepresentative5,Yes,
Shelli Landon,No,Yes,Oklahoma,6/30/2020,Representative,5,Female,N/A,No,N/A,1,Lost,,,OklahomaRepresentative5,Yes,yes
Stephanie Bice,No,Yes,Oklahoma,6/30/2020,Representative,5,Female,N/A,Yes,N/A,25,Won,,bice,OklahomaRepresentative5,Yes,yes
Jake Merrick,No,Yes,Oklahoma,6/30/2020,Representative,5,Male,N/A,No,N/A,3,Lost,,,OklahomaRepresentative5,Yes,
Katie Witt,No,Yes,Utah,6/30/2020,Representative,1,Female,N/A,N/A,N/A,17,Lost,,,UtahRepresentative1,Yes,yes
Bob Stevenson,No,Yes,Utah,6/30/2020,Representative,1,Male,N/A,N/A,N/A,29,Lost,,,UtahRepresentative1,Yes,
Blake Moore,No,Yes,Utah,6/30/2020,Representative,1,Male,N/A,N/A,N/A,31,Won,,,UtahRepresentative1,Yes,
Kerry Gibson,No,Yes,Utah,6/30/2020,Representative,1,Male,N/A,N/A,N/A,24,Lost,,,UtahRepresentative1,Yes,
Burgess Owens,No,Yes,Utah,6/30/2020,Representative,4,Male,N/A,N/A,N/A,44,Won,,,UtahRepresentative4,Yes,
Kim Coleman,No,Yes,Utah,6/30/2020,Representative,4,Female,N/A,N/A,N/A,24,Lost,,,UtahRepresentative4,Yes,yes
Trent Christensen,No,Yes,Utah,6/30/2020,Representative,4,Male,N/A,N/A,N/A,11,Lost,,,UtahRepresentative4,Yes,
Jay Mcfarland,No,Yes,Utah,6/30/2020,Representative,4,Male,N/A,N/A,N/A,22,Lost,,,UtahRepresentative4,Yes,
Thomas Wright,No,Yes,Utah,6/30/2020,Governor,N/A,Male,N/A,N/A,N/A,8,Lost,,,UtahGovernorN/A,No,
Spencer Cox,No,Yes,Utah,6/30/2020,Governor,N/A,Male,N/A,N/A,N/A,36,Won,,,UtahGovernorN/A,No,
Jon Huntsman Jr.,No,Yes,Utah,6/30/2020,Governor,N/A,Male,N/A,N/A,N/A,35,Lost,,,UtahGovernorN/A,No,
Greg Hughes,No,Yes,Utah,6/30/2020,Governor,N/A,Male,N/A,N/A,N/A,21,Lost,,,UtahGovernorN/A,No,
Nicholas Alsager,No,No,Kentucky,6/23/2020,Senator,N/A,Male,No,N/A,N/A,1,Lost,,,KentuckySenatorN/A,No,
Paul John Frangedakis,No,No,Kentucky,6/23/2020,Senator,N/A,Male,No,N/A,N/A,3,Lost,,,KentuckySenatorN/A,No,
Louis Grider,No,No,Kentucky,6/23/2020,Senator,N/A,Male,No,N/A,N/A,3,Lost,,,KentuckySenatorN/A,No,
Naren James,No,No,Kentucky,6/23/2020,Senator,N/A,Male,No,N/A,N/A,3,Lost,,,KentuckySenatorN/A,No,
Kenneth Lowndes,No,No,Kentucky,6/23/2020,Senator,N/A,Male,No,N/A,N/A,1,Lost,,,KentuckySenatorN/A,No,
Mitch McConnell,Yes,No,Kentucky,6/23/2020,Senator,N/A,Male,Yes,N/A,N/A,83,Won,,yes,KentuckySenatorN/A,No,
C. Wesley Morgan,No,No,Kentucky,6/23/2020,Senator,N/A,Male,No,N/A,N/A,6,Lost,,,KentuckySenatorN/A,No,
James Comer,Yes,No,Kentucky,6/23/2020,Representative,1,Male,Yes,N/A,N/A,100,Won,,yes,KentuckyRepresentative1,No,
Kathleen Free,No,No,Kentucky,6/23/2020,Representative,2,Female,No,N/A,N/A,11,Lost,,,KentuckyRepresentative2,Yes,yes
Brett Guthrie,Yes,No,Kentucky,6/23/2020,Representative,2,Male,Yes,N/A,N/A,89,Won,,yes,KentuckyRepresentative2,Yes,
Mike Craven,No,Yes,Kentucky,6/23/2020,Representative,3,Male,N/A,N/A,N/A,42,Lost,,,KentuckyRepresentative3,Yes,
Waymen Eddings,No,Yes,Kentucky,6/23/2020,Representative,3,Male,N/A,N/A,N/A,16,Lost,,,KentuckyRepresentative3,Yes,
Rhonda Palazzo,No,Yes,Kentucky,6/23/2020,Representative,3,Female,N/A,N/A,N/A,42,Won,,,KentuckyRepresentative3,Yes,yes
Thomas Massie,Yes,No,Kentucky,6/23/2020,Representative,4,Male,N/A,N/A,N/A,81,Won,,,KentuckyRepresentative4,No,
Todd McMurtry,No,No,Kentucky,6/23/2020,Representative,4,Male,N/A,N/A,N/A,19,Lost,,,KentuckyRepresentative4,No,
Hal Rogers,Yes,No,Kentucky,6/23/2020,Representative,5,Male,Yes,N/A,N/A,91,Won,,yes,KentuckyRepresentative5,No,
Gerardo Serrano,No,No,Kentucky,6/23/2020,Representative,5,Male,No,N/A,N/A,9,Lost,,,KentuckyRepresentative5,No,
Andy Barr,Yes,No,Kentucky,6/23/2020,Representative,6,Male,N/A,N/A,N/A,91,Won,,,KentuckyRepresentative6,No,
Chuck Eddy,No,No,Kentucky,6/23/2020,Representative,6,Male,N/A,N/A,N/A,5,Lost,,,KentuckyRepresentative6,No,
Geoff Young,No,No,Kentucky,6/23/2020,Representative,6,Male,N/A,N/A,N/A,4,Lost,,,KentuckyRepresentative6,No,
Lee Zeldin,Yes,No,New York,6/23/2020,Representative,1,Male,Yes,N/A,N/A,,Won,,yes,New YorkRepresentative1,No,
Mike LiPetri,No,Yes,New York,6/23/2020,Representative,2,Male,N/A,N/A,N/A,,Lost,,,New YorkRepresentative2,No,
Andrew Garbarino,No,Yes,New York,6/23/2020,Representative,2,Male,N/A,N/A,N/A,,Won,,,New YorkRepresentative2,No,
George Santos,No,Yes,New York,6/23/2020,Representative,3,Male,N/A,N/A,N/A,,Won,,,New YorkRepresentative3,No,
Cindy Grosz,No,Yes,New York,6/23/2020,Representative,4,Female,N/A,N/A,N/A,,Lost,,,New YorkRepresentative4,Yes,yes
Douglas Tuman,No,Yes,New York,6/23/2020,Representative,4,Male,N/A,N/A,N/A,,Won,,,New YorkRepresentative4,Yes,
Tom Zmich,No,Yes,New York,6/23/2020,Representative,6,Male,N/A,N/A,N/A,,Won,,,New YorkRepresentative6,No,
Brian Kelly,No,Yes,New York,6/23/2020,Representative,7,Male,N/A,N/A,N/A,,Won,,,New YorkRepresentative7,No,
Garfield Wallace,No,Yes,New York,6/23/2020,Representative,8,Male,N/A,N/A,N/A,,Won,,,New YorkRepresentative8,No,
Constantin Jean-Pierre,No,Yes,New York,6/23/2020,Representative,9,Male,N/A,N/A,N/A,,Won,,,New YorkRepresentative9,No,
Cathy Bernstein,No,Yes,New York,6/23/2020,Representative,10,Female,N/A,N/A,N/A,,Won,,,New YorkRepresentative10,No,yes
Nicole Malliotakis,No,Yes,New York,6/23/2020,Representative,11,Female,Yes,Yes,Yes,,Won,,yes,New YorkRepresentative11,Yes,yes
Joe Caldarera,No,Yes,New York,6/23/2020,Representative,11,Male,No,No,No,,Lost,,,New YorkRepresentative11,Yes,
Carlos Santiago-Cano,No,Yes,New York,6/23/2020,Representative,12,Male,N/A,N/A,N/A,,Won,,,New YorkRepresentative12,No,
Lovelynn Gwinn,No,Yes,New York,6/23/2020,Representative,13,Female,N/A,N/A,N/A,,Won,,,New YorkRepresentative13,No,yes
John Cummings,No,Yes,New York,6/23/2020,Representative,14,Male,N/A,N/A,N/A,,Won,,,New YorkRepresentative14,No,
Orlando Molina,No,Yes,New York,6/23/2020,Representative,15,Male,N/A,N/A,N/A,,Won,,,New YorkRepresentative15,No,
Maureen McArdle Schulman,No,Yes,New York,6/23/2020,Representative,17,Female,N/A,N/A,N/A,,Won,,,New YorkRepresentative17,No,yes
Yehudis Gottesfeld,No,Yes,New York,6/23/2020,Representative,17,Female,N/A,N/A,N/A,,Lost,,,New YorkRepresentative17,No,yes
Chele Farley,No,Yes,New York,6/23/2020,Representative,18,Female,N/A,Yes,Yes,,Won,,,New YorkRepresentative18,No,yes
Ola Hawatmeh,No,Yes,New York,6/23/2020,Representative,19,Female,N/A,N/A,N/A,,Lost,,,New YorkRepresentative19,Yes,yes
Kyle Van De Water,No,Yes,New York,6/23/2020,Representative,19,Male,N/A,N/A,N/A,,Won,,,New YorkRepresentative19,Yes,
Elizabeth Joy,No,Yes,New York,6/23/2020,Representative,20,Female,N/A,N/A,N/A,,Won,,,New YorkRepresentative20,No,yes
Elise Stefanik,Yes,No,New York,6/23/2020,Representative,21,Female,N/A,N/A,Yes,,Won,,,New YorkRepresentative21,No,yes
Claudia Tenney,No,Yes,New York,6/23/2020,Representative,22,Female,Yes,Yes,Yes,,Won,,yes,New YorkRepresentative22,Yes,yes
George Phillips,No,Yes,New York,6/23/2020,Representative,22,Male,No,No,No,,Lost,,,New YorkRepresentative22,Yes,
Tom Reed,Yes,No,New York,6/23/2020,Representative,23,Male,N/A,N/A,N/A,,Won,,,New YorkRepresentative23,No,
John Katko,Yes,No,New York,6/23/2020,Representative,24,Male,N/A,N/A,N/A,,Won,,,New YorkRepresentative24,No,
George Mitris,No,Yes,New York,6/23/2020,Representative,25,Male,N/A,N/A,N/A,,Won,,,New YorkRepresentative25,No,
Ricky Donovan Sr.,No,Yes,New York,6/23/2020,Representative,26,Male,N/A,N/A,N/A,,Won,,,New YorkRepresentative26,No,
Stefan Mychajliw,No,Yes,New York,6/23/2020,Representative,27,Male,No,N/A,N/A,,Lost,,,New YorkRepresentative27,Yes,
Beth Parlato,No,Yes,New York,6/23/2020,Representative,27,Female,No,N/A,N/A,,Lost,,,New YorkRepresentative27,Yes,yes
Chris Jacobs,No,Yes,New York,6/23/2020,Representative,27,Male,Yes,N/A,N/A,,Won,,yes,New YorkRepresentative27,Yes,
Daniel Gade,No,Yes,Virginia,6/23/2020,Senator,N/A,Male,N/A,N/A,N/A,67,Won,,,VirginiaSenatorN/A,Yes,
Thomas Speciale,No,Yes,Virginia,6/23/2020,Senator,N/A,Male,N/A,N/A,N/A,14,Lost,,,VirginiaSenatorN/A,Yes,
Alissa Baldwin,No,Yes,Virginia,6/23/2020,Senator,N/A,Female,N/A,N/A,N/A,18,Lost,,,VirginiaSenatorN/A,Yes,yes
Rob Wittman,Yes,No,Virginia,6/23/2020,Representative,1,Male,N/A,N/A,N/A,100,Won,,,VirginiaRepresentative1,No,
Ben Loyola,No,Yes,Virginia,6/23/2020,Representative,2,Male,No,N/A,N/A,29,Lost,,,VirginiaRepresentative2,No,
Scott Taylor,No,Yes,Virginia,6/23/2020,Representative,2,Male,Yes,N/A,N/A,49,Won,,yes,VirginiaRepresentative2,No,
Jarome Bell,No,Yes,Virginia,6/23/2020,Representative,2,Male,No,N/A,N/A,22,Lost,,,VirginiaRepresentative2,No,
Madison Downs,No,Yes,Virginia,6/23/2020,Representative,3,Male,N/A,N/A,N/A,34,Lost,,,VirginiaRepresentative3,No,
John Collick,No,Yes,Virginia,6/23/2020,Representative,3,Male,N/A,N/A,N/A,40,Won,,,VirginiaRepresentative3,No,
George Yacus,No,Yes,Virginia,6/23/2020,Representative,3,Male,N/A,N/A,N/A,26,Lost,,,VirginiaRepresentative3,No,
Ben Cline,Yes,No,Virginia,6/23/2020,Representative,6,Male,N/A,N/A,N/A,100,Won,,,VirginiaRepresentative6,No,
Morgan Griffith,Yes,No,Virginia,6/23/2020,Representative,9,Male,N/A,N/A,N/A,100,Won,,,VirginiaRepresentative9,No,
David Perdue,Yes,No,Georgia,6/9/2020,Senator,N/A,Male,N/A,N/A,N/A,100,Won,,,GeorgiaSenatorN/A,No,
Buddy Carter,Yes,No,Georgia,6/9/2020,Representative,1,Male,Yes,N/A,N/A,82,Won,,yes,GeorgiaRepresentative1,No,
Danny Merritt,No,No,Georgia,6/9/2020,Representative,1,Male,No,N/A,N/A,16,Lost,,,GeorgiaRepresentative1,No,
Ken Yasger,No,No,Georgia,6/9/2020,Representative,1,Male,No,N/A,N/A,1,Lost,,,GeorgiaRepresentative1,No,
Vivian Childs,No,Yes,Georgia,6/9/2020,Representative,2,Female,N/A,N/A,N/A,47,Lost,,,GeorgiaRepresentative2,Yes,yes
Don Cole,No,Yes,Georgia,6/9/2020,Representative,2,Male,N/A,N/A,N/A,53,Won,,,GeorgiaRepresentative2,Yes,
Drew Ferguson,Yes,No,Georgia,6/9/2020,Representative,3,Male,N/A,N/A,N/A,100,Won,,,GeorgiaRepresentative3,No,
Johsie Cruz,No,Yes,Georgia,6/9/2020,Representative,4,Female,N/A,N/A,N/A,100,Won,,,GeorgiaRepresentative4,No,yes
Angela Stanton-King,No,Yes,Georgia,6/9/2020,Representative,5,Female,N/A,N/A,N/A,100,Won,,,GeorgiaRepresentative5,No,yes
Mykel Barthelemy,No,Yes,Georgia,6/9/2020,Representative,6,Female,No,No,No,4,Lost,,,GeorgiaRepresentative6,Yes,yes
Karen Handel,No,Yes,Georgia,6/9/2020,Representative,6,Female,Yes,Yes,Yes,74,Won,,yes,GeorgiaRepresentative6,Yes,yes
Blake Harbin,No,Yes,Georgia,6/9/2020,Representative,6,Male,No,No,No,5,Lost,,,GeorgiaRepresentative6,Yes,
Joe Profit,No,Yes,Georgia,6/9/2020,Representative,6,Male,No,No,No,15,Lost,,,GeorgiaRepresentative6,Yes,
Paulette Smith,No,Yes,Georgia,6/9/2020,Representative,6,Female,No,No,No,2,Lost,,,GeorgiaRepresentative6,Yes,yes
Lisa Noël Babbage,No,Yes,Georgia,6/9/2020,Representative,7,Female,N/A,N/A,N/A,5,Lost,,,GeorgiaRepresentative7,Yes,yes
Mark Gonsalves,No,Yes,Georgia,6/9/2020,Representative,7,Male,N/A,N/A,N/A,7,Lost,,,GeorgiaRepresentative7,Yes,
Lynne Homrich,No,Yes,Georgia,6/9/2020,Representative,7,Female,N/A,N/A,N/A,7,Lost,,,GeorgiaRepresentative7,Yes,yes
Zachary Kennemore,No,Yes,Georgia,6/9/2020,Representative,7,Male,N/A,N/A,N/A,2,Lost,,,GeorgiaRepresentative7,Yes,
Rich McCormick,No,Yes,Georgia,6/9/2020,Representative,7,Male,N/A,N/A,N/A,55,Won,,,GeorgiaRepresentative7,Yes,
Renee Unterman,No,Yes,Georgia,6/9/2020,Representative,7,Female,N/A,N/A,N/A,17,Lost,,,GeorgiaRepresentative7,Yes,yes
Eugene Yu,No,Yes,Georgia,6/9/2020,Representative,7,Male,N/A,N/A,N/A,6,Lost,,,GeorgiaRepresentative7,Yes,
Vance Dean,No,No,Georgia,6/9/2020,Representative,8,Male,No,N/A,N/A,6,Lost,,,GeorgiaRepresentative8,No,
Danny Ellyson,No,No,Georgia,6/9/2020,Representative,8,Male,No,N/A,N/A,4,Lost,,,GeorgiaRepresentative8,No,
Austin Scott,Yes,No,Georgia,6/9/2020,Representative,8,Male,Yes,N/A,N/A,90,Won,,yes,GeorgiaRepresentative8,No,
Michael Boggus,No,Yes,Georgia,6/9/2020,Representative,9,Male,N/A,N/A,N/A,3,Lost,,,GeorgiaRepresentative9,Yes,
Paul Broun,No,Yes,Georgia,6/9/2020,Representative,9,Male,N/A,N/A,N/A,13,Lost,,,GeorgiaRepresentative9,Yes,
Andrew Clyde,No,Yes,Georgia,6/9/2020,Representative,9,Male,N/A,N/A,N/A,18,Won,,,GeorgiaRepresentative9,Yes,
Matt Gurtler,No,Yes,Georgia,6/9/2020,Representative,9,Male,N/A,N/A,N/A,21,Lost,,,GeorgiaRepresentative9,Yes,
Maria Strickland,No,Yes,Georgia,6/9/2020,Representative,9,Female,N/A,N/A,N/A,3,Lost,,,GeorgiaRepresentative9,Yes,yes
Kevin Tanner,No,Yes,Georgia,6/9/2020,Representative,9,Male,N/A,N/A,N/A,16,Lost,,,GeorgiaRepresentative9,Yes,
Ethan Underwood,No,Yes,Georgia,6/9/2020,Representative,9,Male,N/A,N/A,N/A,9,Lost,,,GeorgiaRepresentative9,Yes,
Kellie Weeks,No,Yes,Georgia,6/9/2020,Representative,9,Female,N/A,N/A,N/A,5,Lost,,,GeorgiaRepresentative9,Yes,yes
John Wilkinson,No,Yes,Georgia,6/9/2020,Representative,9,Male,N/A,N/A,N/A,12,Lost,,,GeorgiaRepresentative9,Yes,
Jody Hice,Yes,No,Georgia,6/9/2020,Representative,10,Male,N/A,N/A,N/A,100,Won,,,GeorgiaRepresentative10,No,
Barry Loudermilk,Yes,No,Georgia,6/9/2020,Representative,11,Male,N/A,N/A,N/A,100,Won,,,GeorgiaRepresentative11,No,
Rick Allen,Yes,No,Georgia,6/9/2020,Representative,12,Male,N/A,N/A,N/A,100,Won,,,GeorgiaRepresentative12,No,
Caesar Gonzales,No,Yes,Georgia,6/9/2020,Representative,13,Male,N/A,N/A,N/A,31,Lost,,,GeorgiaRepresentative13,Yes,
Becky Hites,No,Yes,Georgia,6/9/2020,Representative,13,Female,N/A,N/A,N/A,69,Won,,,GeorgiaRepresentative13,Yes,yes
John Barge,No,Yes,Georgia,6/9/2020,Representative,14,Male,N/A,N/A,N/A,9,Lost,,,GeorgiaRepresentative14,Yes,
Ben Bullock,No,Yes,Georgia,6/9/2020,Representative,14,Male,N/A,N/A,N/A,4,Lost,,,GeorgiaRepresentative14,Yes,
Kevin Cooke,No,Yes,Georgia,6/9/2020,Representative,14,Male,N/A,N/A,N/A,6,Lost,,,GeorgiaRepresentative14,Yes,
John Cowan,No,Yes,Georgia,6/9/2020,Representative,14,Male,N/A,N/A,N/A,21,Lost,,,GeorgiaRepresentative14,Yes,
Clayton Fuller,No,Yes,Georgia,6/9/2020,Representative,14,Male,N/A,N/A,N/A,7,Lost,,,GeorgiaRepresentative14,Yes,
Marjorie Taylor Greene,No,Yes,Georgia,6/9/2020,Representative,14,Female,N/A,N/A,N/A,40,Won,,,GeorgiaRepresentative14,Yes,yes
Andy Gunther,No,Yes,Georgia,6/9/2020,Representative,14,Male,N/A,N/A,N/A,1,Lost,,,GeorgiaRepresentative14,Yes,
Bill Hembree,No,Yes,Georgia,6/9/2020,Representative,14,Male,N/A,N/A,N/A,6,Lost,,,GeorgiaRepresentative14,Yes,
Matt Laughridge,No,Yes,Georgia,6/9/2020,Representative,14,Male,N/A,N/A,N/A,6,Lost,,,GeorgiaRepresentative14,Yes,
Joyce Bentley,No,Yes,Nevada,6/9/2020,Representative,1,Female,N/A,N/A,N/A,36,Won,,,NevadaRepresentative1,Yes,yes
Josh Elliott,No,Yes,Nevada,6/9/2020,Representative,1,Male,N/A,N/A,N/A,29,Lost,,,NevadaRepresentative1,Yes,
"Eddie ""Mr. Las Vegas"" Hamilton",No,Yes,Nevada,6/9/2020,Representative,1,Male,N/A,N/A,N/A,15,Lost,,,NevadaRepresentative1,Yes,
Citlaly Larios-Elias,No,Yes,Nevada,6/9/2020,Representative,1,Female,N/A,N/A,N/A,20,Lost,,,NevadaRepresentative1,Yes,yes
Mark Amodei,Yes,No,Nevada,6/9/2020,Representative,2,Male,Yes,N/A,N/A,81,Won,,yes,NevadaRepresentative2,No,
Joel Beck,No,No,Nevada,6/9/2020,Representative,2,Male,No,N/A,N/A,15,Lost,,,NevadaRepresentative2,No,
Jesse Hurley,No,No,Nevada,6/9/2020,Representative,2,Male,No,N/A,N/A,4,Lost,,,NevadaRepresentative2,No,
Brian Nadell,No,Yes,Nevada,6/9/2020,Representative,3,Male,N/A,N/A,N/A,4,Lost,,,NevadaRepresentative3,Yes,
Cory Newberry,No,Yes,Nevada,6/9/2020,Representative,3,Male,N/A,N/A,N/A,4,Lost,,,NevadaRepresentative3,Yes,
Mindy Robinson,No,Yes,Nevada,6/9/2020,Representative,3,Female,N/A,N/A,N/A,13,Lost,,,NevadaRepresentative3,Yes,yes
Dan Rodimer,No,Yes,Nevada,6/9/2020,Representative,3,Male,N/A,N/A,N/A,50,Won,,,NevadaRepresentative3,Yes,
Dan Schwartz,No,Yes,Nevada,6/9/2020,Representative,3,Male,N/A,N/A,N/A,27,Lost,,,NevadaRepresentative3,Yes,
Victor Willert,No,Yes,Nevada,6/9/2020,Representative,3,Male,N/A,N/A,N/A,2,Lost,,,NevadaRepresentative3,Yes,
Rosalie Bingham,No,Yes,Nevada,6/9/2020,Representative,4,Female,N/A,No,N/A,3,Lost,,,NevadaRepresentative4,Yes,yes
Leo Blundo,No,Yes,Nevada,6/9/2020,Representative,4,Male,N/A,No,N/A,4,Lost,,,NevadaRepresentative4,Yes,
Jim Marchant,No,Yes,Nevada,6/9/2020,Representative,4,Male,N/A,No,N/A,35,Won,,,NevadaRepresentative4,Yes,
Charles Navarro,No,Yes,Nevada,6/9/2020,Representative,4,Male,N/A,No,N/A,6,Lost,,,NevadaRepresentative4,Yes,
Sam Peters,No,Yes,Nevada,6/9/2020,Representative,4,Male,N/A,No,N/A,28,Lost,,,NevadaRepresentative4,Yes,
Randi Reed,No,Yes,Nevada,6/9/2020,Representative,4,Female,N/A,No,N/A,2,Lost,,,NevadaRepresentative4,Yes,yes
Lisa Song Sutton,No,Yes,Nevada,6/9/2020,Representative,4,Female,N/A,Yes,N/A,15,Lost,,,NevadaRepresentative4,Yes,yes
Rebecca Wood,No,Yes,Nevada,6/9/2020,Representative,4,Female,N/A,No,N/A,6,Lost,,,NevadaRepresentative4,Yes,yes
Kelly Armstrong,Yes,No,North Dakota,6/9/2020,Representative,At-Large,Male,N/A,N/A,N/A,100,Won,,,North DakotaRepresentativeAt-Large,No,
Doug Burgum,Yes,No,North Dakota,6/9/2020,Governor,N/A,Male,Yes,N/A,N/A,90,Won,,yes,North DakotaGovernorN/A,No,
Michael Coachman,No,No,North Dakota,6/9/2020,Governor,N/A,Male,No,N/A,N/A,10,Lost,,,North DakotaGovernorN/A,No,
Duke Buckner,No,No,South Carolina,6/9/2020,Senator,N/A,Male,No,N/A,N/A,6,Lost,,,South CarolinaSenatorN/A,No,
Joe Reynolds,No,No,South Carolina,6/9/2020,Senator,N/A,Male,No,N/A,N/A,9,Lost,,,South CarolinaSenatorN/A,No,
Michael LaPierre,No,No,South Carolina,6/9/2020,Senator,N/A,Male,No,N/A,N/A,17,Lost,,,South CarolinaSenatorN/A,No,
Lindsey Graham,Yes,No,South Carolina,6/9/2020,Senator,N/A,Male,Yes,N/A,N/A,68,Won,,yes,South CarolinaSenatorN/A,No,
Chris Cox,No,Yes,South Carolina,6/9/2020,Representative,1,Male,N/A,No,N/A,10,Lost,,,South CarolinaRepresentative1,Yes,
Brad Mole,No,Yes,South Carolina,6/9/2020,Representative,1,Male,N/A,No,N/A,7,Lost,,,South CarolinaRepresentative1,Yes,
Kathy Landing,No,Yes,South Carolina,6/9/2020,Representative,1,Female,N/A,No,N/A,26,Lost,,,South CarolinaRepresentative1,Yes,yes
Nancy Mace,No,Yes,South Carolina,6/9/2020,Representative,1,Female,N/A,Yes,N/A,57,Won,,,South CarolinaRepresentative1,Yes,yes
Michael Bishop,No,No,South Carolina,6/9/2020,Representative,2,Male,No,N/A,N/A,26,Lost,,,South CarolinaRepresentative2,No,
Joe Wilson,Yes,No,South Carolina,6/9/2020,Representative,2,Male,Yes,N/A,N/A,74,Won,,yes,South CarolinaRepresentative2,No,
Jeff Duncan,Yes,No,South Carolina,6/9/2020,Representative,3,Male,N/A,N/A,N/A,100,Won,,,South CarolinaRepresentative3,No,
William Timmons,Yes,No,South Carolina,6/9/2020,Representative,4,Male,N/A,N/A,N/A,100,Won,,,South CarolinaRepresentative4,No,
Ralph Norman,Yes,No,South Carolina,6/9/2020,Representative,5,Male,N/A,N/A,N/A,100,Won,,,South CarolinaRepresentative5,No,
John McCollum,No,Yes,South Carolina,6/9/2020,Representative,6,Male,N/A,N/A,N/A,100,Won,,,South CarolinaRepresentative6,No,
Tom Rice,Yes,No,South Carolina,6/9/2020,Representative,7,Male,N/A,N/A,N/A,100,Won,,,South CarolinaRepresentative7,No,
Larry Butcher,No,No,West Virginia,6/9/2020,Senator,N/A,Male,No,N/A,No,7,Lost,,,West VirginiaSenatorN/A,Yes,
Shelley Moore Capito,Yes,No,West Virginia,6/9/2020,Senator,N/A,Female,Yes,N/A,Yes,83,Won,,yes,West VirginiaSenatorN/A,Yes,yes
Allen Whitt,No,No,West Virginia,6/9/2020,Senator,N/A,Male,No,N/A,No,10,Lost,,,West VirginiaSenatorN/A,Yes,
David McKinley,Yes,No,West Virginia,6/9/2020,Representative,1,Male,N/A,N/A,N/A,100,Won,,,West VirginiaRepresentative1,No,
Matthew Hahn,No,No,West Virginia,6/9/2020,Representative,2,Male,No,N/A,N/A,28,Lost,,,West VirginiaRepresentative2,No,
Alex Mooney,Yes,No,West Virginia,6/9/2020,Representative,2,Male,Yes,N/A,N/A,72,Won,,yes,West VirginiaRepresentative2,No,
Carol Miller,Yes,No,West Virginia,6/9/2020,Representative,3,Female,Yes,N/A,Yes,70,Won,,yes,West VirginiaRepresentative3,Yes,yes
Russell Siegel,No,No,West Virginia,6/9/2020,Representative,3,Male,No,N/A,No,30,Lost,,,West VirginiaRepresentative3,Yes,
Shelby Jean Fitzhugh,No,No,West Virginia,6/9/2020,Governor,N/A,Female,No,N/A,N/A,1,Lost,,,West VirginiaGovernorN/A,Yes,yes
Mike Folk,No,No,West Virginia,6/9/2020,Governor,N/A,Male,No,N/A,N/A,13,Lost,,,West VirginiaGovernorN/A,Yes,
Jim Justice,Yes,No,West Virginia,6/9/2020,Governor,N/A,Male,Yes,N/A,N/A,63,Won,,yes,West VirginiaGovernorN/A,Yes,
Brooke Lunsford,No,No,West Virginia,6/9/2020,Governor,N/A,Male,No,N/A,N/A,2,Lost,,,West VirginiaGovernorN/A,Yes,
Charles Sheedy,No,No,West Virginia,6/9/2020,Governor,N/A,Male,No,N/A,N/A,1,Lost,,,West VirginiaGovernorN/A,Yes,
Doug Six,No,No,West Virginia,6/9/2020,Governor,N/A,Male,No,N/A,N/A,2,Lost,,,West VirginiaGovernorN/A,Yes,
Woody Thrasher,No,No,West Virginia,6/9/2020,Governor,N/A,Male,No,N/A,N/A,18,Lost,,,West VirginiaGovernorN/A,Yes,
Jim Risch,Yes,No,Idaho,6/2/2020,Senator,N/A,Male,Yes,N/A,N/A,100,Won,,yes,IdahoSenatorN/A,No,
Russ Fulcher,Yes,No,Idaho,6/2/2020,Representative,1,Male,Yes,N/A,N/A,80,Won,,yes,IdahoRepresentative1,No,
Nicholas Jones,No,No,Idaho,6/2/2020,Representative,1,Male,No,N/A,N/A,20,Lost,,,IdahoRepresentative1,No,
Mike Simpson,Yes,No,Idaho,6/2/2020,Representative,2,Male,Yes,N/A,N/A,72,Won,,yes,IdahoRepresentative2,No,
Kevin Rhoades,No,No,Idaho,6/2/2020,Representative,2,Male,No,N/A,N/A,28,Lost,,,IdahoRepresentative2,No,
Eric Holcomb,Yes,No,Indiana,6/2/2020,Governor,N/A,Male,N/A,N/A,N/A,100,Won,,,IndianaGovernorN/A,No,
Dion Bergeron,No,Yes,Indiana,6/2/2020,Representative,1,Male,N/A,N/A,N/A,10,Lost,,,IndianaRepresentative1,No,
Mont Handley,No,Yes,Indiana,6/2/2020,Representative,1,Male,N/A,N/A,N/A,12,Lost,,,IndianaRepresentative1,No,
Spencer Lemmons,No,Yes,Indiana,6/2/2020,Representative,1,Male,N/A,N/A,N/A,15,Lost,,,IndianaRepresentative1,No,
Mark Leyva,No,Yes,Indiana,6/2/2020,Representative,1,Male,N/A,N/A,N/A,35,Won,,,IndianaRepresentative1,No,
Bill Powers,No,Yes,Indiana,6/2/2020,Representative,1,Male,N/A,N/A,N/A,23,Lost,,,IndianaRepresentative1,No,
Delano Scaife,No,Yes,Indiana,6/2/2020,Representative,1,Male,N/A,N/A,N/A,5,Lost,,,IndianaRepresentative1,No,
Chris Davis,No,No,Indiana,6/2/2020,Representative,2,Male,No,N/A,No,21,Lost,,,IndianaRepresentative2,Yes,
Jackie Walorski,Yes,No,Indiana,6/2/2020,Representative,2,Female,Yes,N/A,Yes,79,Won,,yes,IndianaRepresentative2,Yes,yes
Jim Banks,Yes,No,Indiana,6/2/2020,Representative,3,Male,Yes,N/A,N/A,85,Won,,yes,IndianaRepresentative3,No,
Chris Magiera,No,No,Indiana,6/2/2020,Representative,3,Male,No,N/A,N/A,15,Lost,,,IndianaRepresentative3,No,
Jim Baird,Yes,No,Indiana,6/2/2020,Representative,4,Male,N/A,N/A,N/A,100,Won,,,IndianaRepresentative4,No,
Kent Abernathy,No,Yes,Indiana,6/2/2020,Representative,5,Male,N/A,N/A,N/A,6,Lost,,,IndianaRepresentative5,Yes,
Andrew Bales,No,Yes,Indiana,6/2/2020,Representative,5,Male,N/A,N/A,N/A,2,Lost,,,IndianaRepresentative5,Yes,
Micah Beckwith,No,Yes,Indiana,6/2/2020,Representative,5,Male,N/A,N/A,N/A,13,Lost,,,IndianaRepresentative5,Yes,
Carl Brizzi,No,Yes,Indiana,6/2/2020,Representative,5,Male,N/A,N/A,N/A,7,Lost,,,IndianaRepresentative5,Yes,
Allen R. Davidson,No,Yes,Indiana,6/2/2020,Representative,5,Male,N/A,N/A,N/A,1,Lost,,,IndianaRepresentative5,Yes,
Chuck Dietzen,No,Yes,Indiana,6/2/2020,Representative,5,Male,N/A,N/A,N/A,5,Lost,,,IndianaRepresentative5,Yes,
Beth Henderson,No,Yes,Indiana,6/2/2020,Representative,5,Female,N/A,N/A,N/A,18,Lost,,,IndianaRepresentative5,Yes,yes
Matt Hook,No,Yes,Indiana,6/2/2020,Representative,5,Male,N/A,N/A,N/A,3,Lost,,,IndianaRepresentative5,Yes,
Matthew Hullinger,No,Yes,Indiana,6/2/2020,Representative,5,Male,N/A,N/A,N/A,0,Lost,,,IndianaRepresentative5,Yes,
Kelly Mitchell,No,Yes,Indiana,6/2/2020,Representative,5,Female,N/A,N/A,N/A,5,Lost,,,IndianaRepresentative5,Yes,yes
Danny Niederberger,No,Yes,Indiana,6/2/2020,Representative,5,Male,N/A,N/A,N/A,1,Lost,,,IndianaRepresentative5,Yes,
Mark Small,No,Yes,Indiana,6/2/2020,Representative,5,Male,N/A,N/A,N/A,1,Lost,,,IndianaRepresentative5,Yes,
Victoria Spartz,No,Yes,Indiana,6/2/2020,Representative,5,Female,N/A,N/A,N/A,40,Won,,,IndianaRepresentative5,Yes,yes
Russell H. Stwalley,No,Yes,Indiana,6/2/2020,Representative,5,Male,N/A,N/A,N/A,0,Lost,,,IndianaRepresentative5,Yes,
Victor Wakley,No,Yes,Indiana,6/2/2020,Representative,5,Male,N/A,N/A,N/A,1,Lost,,,IndianaRepresentative5,Yes,
Mike Campbell,No,No,Indiana,6/2/2020,Representative,6,Male,No,N/A,N/A,16,Lost,,,IndianaRepresentative6,No,
Greg Pence,Yes,No,Indiana,6/2/2020,Representative,6,Male,Yes,N/A,N/A,84,Won,,yes,IndianaRepresentative6,No,
Jon J. Davis,No,Yes,Indiana,6/2/2020,Representative,7,Male,N/A,N/A,N/A,11,Lost,,,IndianaRepresentative7,Yes,
Doug Merrill,No,Yes,Indiana,6/2/2020,Representative,7,Male,N/A,N/A,N/A,14,Lost,,,IndianaRepresentative7,Yes,
JD Miniear,No,Yes,Indiana,6/2/2020,Representative,7,Male,N/A,N/A,N/A,14,Lost,,,IndianaRepresentative7,Yes,
Mike Ramey,No,Yes,Indiana,6/2/2020,Representative,7,Male,N/A,N/A,N/A,9,Lost,,,IndianaRepresentative7,Yes,
Susan Marie Smith,No,Yes,Indiana,6/2/2020,Representative,7,Female,N/A,N/A,N/A,43,Won,,,IndianaRepresentative7,Yes,yes
Gerald Walters,No,Yes,Indiana,6/2/2020,Representative,7,Male,N/A,N/A,N/A,9,Lost,,,IndianaRepresentative7,Yes,
Larry Bucshon,Yes,No,Indiana,6/2/2020,Representative,8,Male,N/A,N/A,N/A,100,Won,,,IndianaRepresentative8,No,
Trey Hollingsworth,Yes,No,Indiana,6/2/2020,Representative,9,Male,N/A,N/A,N/A,100,Won,,,IndianaRepresentative9,No,
Joni Ernst,Yes,No,Iowa,6/2/2020,Senator,N/A,Female,N/A,N/A,Yes,99,Won,,,IowaSenatorN/A,No,yes
Thomas Hansen,No,Yes,Iowa,6/2/2020,Representative,1,Male,No,No,No,22,Lost,,,IowaRepresentative1,Yes,
Ashley Hinson,No,Yes,Iowa,6/2/2020,Representative,1,Female,Yes,Yes,Yes,78,Won,,yes,IowaRepresentative1,Yes,yes
Tim Borchardt,No,Yes,Iowa,6/2/2020,Representative,2,Male,N/A,No,No,5,Lost,,,IowaRepresentative2,Yes,
Steven Everly,No,Yes,Iowa,6/2/2020,Representative,2,Male,N/A,No,No,6,Lost,,,IowaRepresentative2,Yes,
Mariannette Miller-Meeks,No,Yes,Iowa,6/2/2020,Representative,2,Female,N/A,Yes,Yes,48,Won,,,IowaRepresentative2,Yes,yes
Rick Phillips,No,Yes,Iowa,6/2/2020,Representative,2,Male,N/A,No,No,5,Lost,,,IowaRepresentative2,Yes,
Bobby Schilling,No,Yes,Iowa,6/2/2020,Representative,2,Male,N/A,No,No,36,Lost,,,IowaRepresentative2,Yes,
Bill Schafer,No,Yes,Iowa,6/2/2020,Representative,3,Male,No,N/A,N/A,30,Lost,,,IowaRepresentative3,No,
David Young,No,Yes,Iowa,6/2/2020,Representative,3,Male,Yes,N/A,N/A,70,Won,,yes,IowaRepresentative3,No,
Randy Feenstra,No,No,Iowa,6/2/2020,Representative,4,Male,N/A,N/A,N/A,46,Won,,,IowaRepresentative4,No,
Steve King,Yes,No,Iowa,6/2/2020,Representative,4,Male,N/A,N/A,N/A,36,Lost,,,IowaRepresentative4,No,
Steven Reeder,No,No,Iowa,6/2/2020,Representative,4,Male,N/A,N/A,N/A,3,Lost,,,IowaRepresentative4,No,
Bret Richards,No,No,Iowa,6/2/2020,Representative,4,Male,N/A,N/A,N/A,7,Lost,,,IowaRepresentative4,No,
Jeremy Taylor,No,No,Iowa,6/2/2020,Representative,4,Male,N/A,N/A,N/A,8,Lost,,,IowaRepresentative4,No,
Andy Harris,Yes,No,Maryland,6/2/2020,Representative,1,Male,Yes,N/A,N/A,82,Won,,yes,MarylandRepresentative1,No,
Jorge Delgado,No,No,Maryland,6/2/2020,Representative,1,Male,No,N/A,N/A,18,Lost,,,MarylandRepresentative1,No,
Scott M. Collier,No,Yes,Maryland,6/2/2020,Representative,2,Male,N/A,N/A,N/A,11,Lost,,,MarylandRepresentative2,Yes,
Tim Fazenbaker,No,Yes,Maryland,6/2/2020,Representative,2,Male,N/A,N/A,N/A,16,Lost,,,MarylandRepresentative2,Yes,
Rick Impallaria,No,Yes,Maryland,6/2/2020,Representative,2,Male,N/A,N/A,N/A,16,Lost,,,MarylandRepresentative2,Yes,
Genevieve Morris,No,Yes,Maryland,6/2/2020,Representative,2,Female,N/A,N/A,N/A,17,Lost,,,MarylandRepresentative2,Yes,yes
Johnny Ray Salling,No,Yes,Maryland,6/2/2020,Representative,2,Male,N/A,N/A,N/A,19,Won,,,MarylandRepresentative2,Yes,
Jim Simpson,No,Yes,Maryland,6/2/2020,Representative,2,Male,N/A,N/A,N/A,15,Lost,,,MarylandRepresentative2,Yes,
Blaine Taylor,No,Yes,Maryland,6/2/2020,Representative,2,Male,N/A,N/A,N/A,5,Lost,,,MarylandRepresentative2,Yes,
Charles Anthony,No,Yes,Maryland,6/2/2020,Representative,3,Male,N/A,N/A,N/A,42,Won,,,MarylandRepresentative3,Yes,
"Thomas ""Pinkston"" Harris",No,Yes,Maryland,6/2/2020,Representative,3,Male,N/A,N/A,N/A,16,Lost,,,MarylandRepresentative3,Yes,
Reba Hawkins,No,Yes,Maryland,6/2/2020,Representative,3,Female,N/A,N/A,N/A,23,Lost,,,MarylandRepresentative3,Yes,yes
Joshua Morales,No,Yes,Maryland,6/2/2020,Representative,3,Male,N/A,N/A,N/A,9,Lost,,,MarylandRepresentative3,Yes,
Rob Seyfferth,No,Yes,Maryland,6/2/2020,Representative,3,Male,N/A,N/A,N/A,11,Lost,,,MarylandRepresentative3,Yes,
Nnabu Eze,No,Yes,Maryland,6/2/2020,Representative,4,Male,N/A,N/A,N/A,23,Lost,,,MarylandRepresentative4,No,
Eric Loeb,No,Yes,Maryland,6/2/2020,Representative,4,Male,N/A,N/A,N/A,21,Lost,,,MarylandRepresentative4,No,
George McDermott,No,Yes,Maryland,6/2/2020,Representative,4,Male,N/A,N/A,N/A,56,Won,,,MarylandRepresentative4,No,
Bryan DuVal Cubero,No,Yes,Maryland,6/2/2020,Representative,5,Male,N/A,N/A,N/A,8,Lost,,,MarylandRepresentative5,No,
Lee Havis,No,Yes,Maryland,6/2/2020,Representative,5,Male,N/A,N/A,N/A,11,Lost,,,MarylandRepresentative5,No,
Kenneth Lee,No,Yes,Maryland,6/2/2020,Representative,5,Male,N/A,N/A,N/A,15,Lost,,,MarylandRepresentative5,No,
Chris Palombi,No,Yes,Maryland,6/2/2020,Representative,5,Male,N/A,N/A,N/A,36,Won,,,MarylandRepresentative5,No,
Doug Sayers,No,Yes,Maryland,6/2/2020,Representative,5,Male,N/A,N/A,N/A,30,Lost,,,MarylandRepresentative5,No,
Kevin Caldwell,No,Yes,Maryland,6/2/2020,Representative,6,Male,N/A,N/A,N/A,26,Lost,,,MarylandRepresentative6,No,
Chris Meyyur,No,Yes,Maryland,6/2/2020,Representative,6,Male,N/A,N/A,N/A,9,Lost,,,MarylandRepresentative6,No,
Neil Parrott,No,Yes,Maryland,6/2/2020,Representative,6,Male,N/A,N/A,N/A,65,Won,,,MarylandRepresentative6,No,
Ray Bly,No,Yes,Maryland,6/2/2020,Representative,7,Male,N/A,N/A,N/A,5,Lost,,,MarylandRepresentative7,Yes,
Brian Brown,No,Yes,Maryland,6/2/2020,Representative,7,Male,N/A,N/A,N/A,5,Lost,,,MarylandRepresentative7,Yes,
Kim Klacik,No,Yes,Maryland,6/2/2020,Representative,7,Female,N/A,N/A,N/A,69,Won,,,MarylandRepresentative7,Yes,yes
M.J. Madwolf,No,Yes,Maryland,6/2/2020,Representative,7,Female,N/A,N/A,N/A,2,Lost,,,MarylandRepresentative7,Yes,yes
Liz Matory,No,Yes,Maryland,6/2/2020,Representative,7,Female,N/A,N/A,N/A,14,Lost,,,MarylandRepresentative7,Yes,yes
William Newton,No,Yes,Maryland,6/2/2020,Representative,7,Male,N/A,N/A,N/A,5,Lost,,,MarylandRepresentative7,Yes,
Gregory Coll,No,Yes,Maryland,6/2/2020,Representative,8,Male,N/A,N/A,N/A,42,Won,,,MarylandRepresentative8,Yes,
Bridgette Cooper,No,Yes,Maryland,6/2/2020,Representative,8,Female,N/A,N/A,N/A,15,Lost,,,MarylandRepresentative8,Yes,yes
Nicholas Gladden,No,Yes,Maryland,6/2/2020,Representative,8,Male,N/A,N/A,N/A,13,Lost,,,MarylandRepresentative8,Yes,
Patricia Rogers,No,Yes,Maryland,6/2/2020,Representative,8,Female,N/A,N/A,N/A,12,Lost,,,MarylandRepresentative8,Yes,yes
Shelly Skolnick,No,Yes,Maryland,6/2/2020,Representative,8,Male,N/A,N/A,N/A,10,Lost,,,MarylandRepresentative8,Yes,
Michael Yadeta,No,Yes,Maryland,6/2/2020,Representative,8,Male,N/A,N/A,N/A,8,Lost,,,MarylandRepresentative8,Yes,
Steve Daines,Yes,No,Montana,6/2/2020,Senator,N/A,Male,Yes,N/A,N/A,88,Won,,yes,MontanaSenatorN/A,No,
John Driscoll,No,No,Montana,6/2/2020,Senator,N/A,Male,No,N/A,N/A,6,Lost,,,MontanaSenatorN/A,No,
Daniel Larson,No,No,Montana,6/2/2020,Senator,N/A,Male,No,N/A,N/A,6,Lost,,,MontanaSenatorN/A,No,
Joe Dooling,No,Yes,Montana,6/2/2020,Representative,At-Large,Male,No,N/A,N/A,6,Lost,,,MontanaRepresentativeAt-Large,Yes,
John Evankovich,No,Yes,Montana,6/2/2020,Representative,At-Large,Male,No,N/A,N/A,2,Lost,,,MontanaRepresentativeAt-Large,Yes,
Debra Lamm,No,Yes,Montana,6/2/2020,Representative,At-Large,Female,No,N/A,N/A,7,Lost,,,MontanaRepresentativeAt-Large,Yes,yes
Mark McGinley,No,Yes,Montana,6/2/2020,Representative,At-Large,Male,No,N/A,N/A,4,Lost,,,MontanaRepresentativeAt-Large,Yes,
Matt Rosendale,No,Yes,Montana,6/2/2020,Representative,At-Large,Male,Yes,N/A,N/A,48,Won,,yes,MontanaRepresentativeAt-Large,Yes,
Corey Stapleton,No,Yes,Montana,6/2/2020,Representative,At-Large,Male,No,N/A,N/A,33,Lost,,,MontanaRepresentativeAt-Large,Yes,
Tim Fox,No,Yes,Montana,6/2/2020,Governor,N/A,Male,N/A,N/A,N/A,27,Lost,,,MontanaGovernorN/A,No,
Greg Gianforte,No,Yes,Montana,6/2/2020,Governor,N/A,Male,N/A,N/A,N/A,53,Won,,,MontanaGovernorN/A,No,
Al Olszewski,No,Yes,Montana,6/2/2020,Governor,N/A,Male,N/A,N/A,N/A,19,Lost,,,MontanaGovernorN/A,No,
Elisa Martinez,No,Yes,New Mexico,6/2/2020,Senator,N/A,Female,N/A,N/A,N/A,26,Lost,,,New MexicoSenatorN/A,Yes,yes
Mark Ronchetti,No,Yes,New Mexico,6/2/2020,Senator,N/A,Male,N/A,N/A,N/A,56,Won,,,New MexicoSenatorN/A,Yes,
Gavin Clarkson,No,Yes,New Mexico,6/2/2020,Senator,N/A,Male,N/A,N/A,N/A,17,Lost,,,New MexicoSenatorN/A,Yes,
Michelle Garcia Holmes,No,Yes,New Mexico,6/2/2020,Representative,1,Female,N/A,N/A,N/A,48,Won,,,New MexicoRepresentative1,Yes,yes
Jared Vander Dussen,No,Yes,New Mexico,6/2/2020,Representative,1,Male,N/A,N/A,N/A,40,Lost,,,New MexicoRepresentative1,Yes,
Brett Kokinadis,No,Yes,New Mexico,6/2/2020,Representative,1,Male,N/A,N/A,N/A,12,Lost,,,New MexicoRepresentative1,Yes,
Yvette Herrell,No,Yes,New Mexico,6/2/2020,Representative,2,Female,N/A,N/A,No,45,Won,,,New MexicoRepresentative2,Yes,yes
Claire Chase,No,Yes,New Mexico,6/2/2020,Representative,2,Female,N/A,N/A,Yes,32,Lost,,,New MexicoRepresentative2,Yes,yes
Chris Mathys,No,Yes,New Mexico,6/2/2020,Representative,2,Male,N/A,N/A,No,24,Lost,,,New MexicoRepresentative2,Yes,
Harry Montoya,No,Yes,New Mexico,6/2/2020,Representative,3,Male,N/A,N/A,N/A,35,Lost,,,New MexicoRepresentative3,Yes,
Karen Bedonie,No,Yes,New Mexico,6/2/2020,Representative,3,Female,N/A,N/A,N/A,28,Lost,,,New MexicoRepresentative3,Yes,yes
Alexis Johnson,No,Yes,New Mexico,6/2/2020,Representative,3,Female,N/A,N/A,N/A,37,Won,,,New MexicoRepresentative3,Yes,yes
Brian Fitzpatrick,Yes,No,Pennsylvania,6/2/2020,Representative,1,Male,N/A,N/A,N/A,63,Won,,,PennsylvaniaRepresentative1,No,
Andy Meehan,No,No,Pennsylvania,6/2/2020,Representative,1,Male,N/A,N/A,N/A,37,Lost,,,PennsylvaniaRepresentative1,No,
David Torres,No,Yes,Pennsylvania,6/2/2020,Representative,2,Male,N/A,N/A,N/A,100,Won,,,PennsylvaniaRepresentative2,No,
Michael Harvey,No,Yes,Pennsylvania,6/2/2020,Representative,3,Male,N/A,N/A,N/A,100,Won,,,PennsylvaniaRepresentative3,No,
Kathy Barnette,No,Yes,Pennsylvania,6/2/2020,Representative,4,Female,N/A,N/A,N/A,100,Won,,,PennsylvaniaRepresentative4,No,yes
Rob Jordan,No,Yes,Pennsylvania,6/2/2020,Representative,5,Male,N/A,N/A,N/A,39,Lost,,,PennsylvaniaRepresentative5,Yes,
Dasha Pruett,No,Yes,Pennsylvania,6/2/2020,Representative,5,Female,N/A,N/A,N/A,61,Won,,,PennsylvaniaRepresentative5,Yes,yes
John Emmons,No,Yes,Pennsylvania,6/2/2020,Representative,6,Male,N/A,N/A,N/A,100,Won,,,PennsylvaniaRepresentative6,No,
Dean Browning,No,Yes,Pennsylvania,6/2/2020,Representative,7,Male,No,No,No,48,Lost,,,PennsylvaniaRepresentative7,Yes,
Lisa Scheller,No,Yes,Pennsylvania,6/2/2020,Representative,7,Female,Yes,Yes,Yes,52,Won,,yes,PennsylvaniaRepresentative7,Yes,yes
Jim Bognet,No,Yes,Pennsylvania,6/2/2020,Representative,8,Male,N/A,N/A,N/A,28,Won,,,PennsylvaniaRepresentative8,No,
Mike Cammisa,No,Yes,Pennsylvania,6/2/2020,Representative,8,Male,N/A,N/A,N/A,2,Lost,,,PennsylvaniaRepresentative8,No,
Teddy Daniels,No,Yes,Pennsylvania,6/2/2020,Representative,8,Male,N/A,N/A,N/A,24,Lost,,,PennsylvaniaRepresentative8,No,
Earl Granville,No,Yes,Pennsylvania,6/2/2020,Representative,8,Male,N/A,N/A,N/A,23,Lost,,,PennsylvaniaRepresentative8,No,
Harry Haas,No,Yes,Pennsylvania,6/2/2020,Representative,8,Male,N/A,N/A,N/A,9,Lost,,,PennsylvaniaRepresentative8,No,
Mike Marsicano,No,Yes,Pennsylvania,6/2/2020,Representative,8,Male,N/A,N/A,N/A,13,Lost,,,PennsylvaniaRepresentative8,No,
Dan Meuser,Yes,No,Pennsylvania,6/2/2020,Representative,9,Male,Yes,N/A,N/A,100,Won,,yes,PennsylvaniaRepresentative9,No,
Scott Perry,Yes,No,Pennsylvania,6/2/2020,Representative,10,Male,Yes,N/A,N/A,100,Won,,yes,PennsylvaniaRepresentative10,No,
Lloyd Smucker,Yes,No,Pennsylvania,6/2/2020,Representative,11,Male,Yes,N/A,N/A,100,Won,,yes,PennsylvaniaRepresentative11,No,
Fred Keller,Yes,No,Pennsylvania,6/2/2020,Representative,12,Male,Yes,N/A,N/A,100,Won,,yes,PennsylvaniaRepresentative12,No,
John Joyce,Yes,No,Pennsylvania,6/2/2020,Representative,13,Male,Yes,N/A,N/A,100,Won,,yes,PennsylvaniaRepresentative13,No,
Guy Reschenthaler,Yes,No,Pennsylvania,6/2/2020,Representative,14,Male,Yes,N/A,N/A,100,Won,,yes,PennsylvaniaRepresentative14,No,
Glenn Thompson,Yes,No,Pennsylvania,6/2/2020,Representative,15,Male,Yes,N/A,N/A,100,Won,,yes,PennsylvaniaRepresentative15,No,
Mike Kelly,Yes,No,Pennsylvania,6/2/2020,Representative,16,Male,Yes,N/A,N/A,100,Won,,yes,PennsylvaniaRepresentative16,No,
Sean Parnell,No,Yes,Pennsylvania,6/2/2020,Representative,17,Male,Yes,N/A,N/A,100,Won,,yes,PennsylvaniaRepresentative17,No,
Luke Negron,No,Yes,Pennsylvania,6/2/2020,Representative,18,Male,N/A,N/A,N/A,100,Won,,,PennsylvaniaRepresentative18,No,
Mike Rounds,Yes,No,South Dakota,6/2/2020,Senator,N/A,Male,Yes,N/A,N/A,75,Won,,yes,South DakotaSenatorN/A,Yes,
Scyller Borglum,No,No,South Dakota,6/2/2020,Senator,N/A,Female,No,N/A,N/A,25,Lost,,,South DakotaSenatorN/A,Yes,yes
Dusty Johnson,Yes,No,South Dakota,6/2/2020,Representative,At-Large,Male,Yes,N/A,N/A,77,Won,,yes,South DakotaRepresentativeAt-Large,Yes,
Liz Marty May,No,No,South Dakota,6/2/2020,Representative,At-Large,Female,No,N/A,N/A,23,Lost,,,South DakotaRepresentativeAt-Large,Yes,yes
Paul Romero Jr.,No,Yes,Oregon,5/19/2020,Senator,N/A,Male,N/A,N/A,N/A,30,Lost,,,OregonSenatorN/A,Yes,
Robert Schwartz,No,Yes,Oregon,5/19/2020,Senator,N/A,Male,N/A,N/A,N/A,11,Lost,,,OregonSenatorN/A,Yes,
Jo Rae Perkins,No,Yes,Oregon,5/19/2020,Senator,N/A,Female,N/A,N/A,N/A,49,Won,,,OregonSenatorN/A,Yes,yes
John Verbeek,No,Yes,Oregon,5/19/2020,Senator,N/A,Male,N/A,N/A,N/A,8,Lost,,,OregonSenatorN/A,Yes,
Army Murray,No,Yes,Oregon,5/19/2020,Representative,1,Female,N/A,N/A,N/A,42,Lost,,,OregonRepresentative1,Yes,yes
Chris Christensen,No,Yes,Oregon,5/19/2020,Representative,1,Male,N/A,N/A,N/A,56,Won,,,OregonRepresentative1,Yes,
Mark Roberts,No,Yes,Oregon,5/19/2020,Representative,2,Male,N/A,N/A,N/A,1,Lost,,,OregonRepresentative2,No,
Knute Buehler,No,Yes,Oregon,5/19/2020,Representative,2,Male,N/A,N/A,N/A,22,Lost,,,OregonRepresentative2,No,
Cliff Bentz,No,Yes,Oregon,5/19/2020,Representative,2,Male,N/A,N/A,N/A,31,Won,,,OregonRepresentative2,No,
Ken Medenbach,No,Yes,Oregon,5/19/2020,Representative,2,Male,N/A,N/A,N/A,0,Lost,,,OregonRepresentative2,No,
Jeff Smith,No,Yes,Oregon,5/19/2020,Representative,2,Male,N/A,N/A,N/A,2,Lost,,,OregonRepresentative2,No,
Travis Fager,No,Yes,Oregon,5/19/2020,Representative,2,Male,N/A,N/A,N/A,4,Lost,,,OregonRepresentative2,No,
Justin Livingston,No,Yes,Oregon,5/19/2020,Representative,2,Male,N/A,N/A,N/A,1,Lost,,,OregonRepresentative2,No,
Jimmy Crumpacker,No,Yes,Oregon,5/19/2020,Representative,2,Male,N/A,N/A,N/A,18,Lost,,,OregonRepresentative2,No,
Glenn Carey,No,Yes,Oregon,5/19/2020,Representative,2,Male,N/A,N/A,N/A,0,Lost,,,OregonRepresentative2,No,
David Campbell,No,Yes,Oregon,5/19/2020,Representative,2,Male,N/A,N/A,N/A,0,Lost,,,OregonRepresentative2,No,
Jason Atkinson,No,Yes,Oregon,5/19/2020,Representative,2,Male,N/A,N/A,N/A,19,Lost,,,OregonRepresentative2,No,
Frank Hecker,No,Yes,Oregon,5/19/2020,Representative,3,Male,N/A,N/A,N/A,12,Lost,,,OregonRepresentative3,Yes,
Tom Harrison,No,Yes,Oregon,5/19/2020,Representative,3,Male,N/A,N/A,N/A,23,Lost,,,OregonRepresentative3,Yes,
Joanna Harbour,No,Yes,Oregon,5/19/2020,Representative,3,Female,N/A,N/A,N/A,63,Won,,,OregonRepresentative3,Yes,yes
Alek Skarlatos,No,Yes,Oregon,5/19/2020,Representative,4,Male,N/A,N/A,N/A,86,Won,,,OregonRepresentative4,No,
Nelson Ijih,No,Yes,Oregon,5/19/2020,Representative,4,Male,N/A,N/A,N/A,13,Lost,,,OregonRepresentative4,No,
Angela Roman,No,Yes,Oregon,5/19/2020,Representative,5,Female,N/A,N/A,N/A,8,Lost,,,OregonRepresentative5,Yes,yes
Amy Ryan Courser,No,Yes,Oregon,5/19/2020,Representative,5,Female,N/A,N/A,N/A,53,Won,,,OregonRepresentative5,Yes,yes
G. Shane Dinkel,No,Yes,Oregon,5/19/2020,Representative,5,Male,N/A,N/A,N/A,20,Lost,,,OregonRepresentative5,Yes,
Joey Nations,No,Yes,Oregon,5/19/2020,Representative,5,Male,N/A,N/A,N/A,17,Lost,,,OregonRepresentative5,Yes,
Ben Sasse,Yes,No,Nebraska,5/12/2020,Senator,N/A,Male,Yes,N/A,N/A,75,Won,,yes (corrected name),NebraskaSenatorN/A,No,
Matt Innis,No,No,Nebraska,5/12/2020,Senator,N/A,Male,No,N/A,N/A,25,Lost,,,NebraskaSenatorN/A,No,
Jeff Fortenberry,Yes,No,Nebraska,5/12/2020,Representative,1,Male,Yes,N/A,N/A,100,Won,,yes,NebraskaRepresentative1,No,
Don Bacon,Yes,No,Nebraska,5/12/2020,Representative,2,Male,Yes,N/A,N/A,91,Won,,yes,NebraskaRepresentative2,No,
Paul Anderson,No,No,Nebraska,5/12/2020,Representative,2,Male,No,N/A,N/A,9,Lost,,,NebraskaRepresentative2,No,
Larry Bolinger,No,No,Nebraska,5/12/2020,Representative,3,Male,No,N/A,N/A,3,Lost,,,NebraskaRepresentative3,No,
Adrian Smith,Yes,No,Nebraska,5/12/2020,Representative,3,Male,Yes,N/A,N/A,83,Won,,yes,NebraskaRepresentative3,No,
William Elfgren,No,No,Nebraska,5/12/2020,Representative,3,Male,No,N/A,N/A,3,Lost,,,NebraskaRepresentative3,No,
Justin Moran,No,No,Nebraska,5/12/2020,Representative,3,Male,No,N/A,N/A,5,Lost,,,NebraskaRepresentative3,No,
Arron Kowalski,No,No,Nebraska,5/12/2020,Representative,3,Male,No,N/A,N/A,6,Lost,,,NebraskaRepresentative3,No,
Steve Chabot,Yes,No,Ohio,4/28/2020,Representative,1,Male,N/A,N/A,N/A,100,Won,,,OhioRepresentative1,No,
H. Robert Harris,No,No,Ohio,4/28/2020,Representative,2,Male,No,N/A,N/A,6,Lost,,,OhioRepresentative2,No,
Brad Wenstrup,Yes,No,Ohio,4/28/2020,Representative,2,Male,Yes,N/A,N/A,94,Won,,yes,OhioRepresentative2,No,
Cleophus Dulaney,No,Yes,Ohio,4/28/2020,Representative,3,Male,N/A,N/A,N/A,14,Lost,,,OhioRepresentative3,No,
Mark Richardson,No,Yes,Ohio,4/28/2020,Representative,3,Male,N/A,N/A,N/A,86,Won,,,OhioRepresentative3,No,
Jim Jordan,Yes,No,Ohio,4/28/2020,Representative,4,Male,N/A,N/A,N/A,100,Won,,,OhioRepresentative4,No,
Bob Latta,Yes,No,Ohio,4/28/2020,Representative,5,Male,N/A,N/A,N/A,100,Won,,,OhioRepresentative5,No,
Bill Johnson,Yes,No,Ohio,4/28/2020,Representative,6,Male,Yes,N/A,N/A,87,Won,,yes,OhioRepresentative6,No,
Kenneth Morgan,No,No,Ohio,4/28/2020,Representative,6,Male,No,N/A,N/A,13,Lost,,,OhioRepresentative6,No,
Bob Gibbs,Yes,No,Ohio,4/28/2020,Representative,7,Male,N/A,N/A,N/A,100,Won,,,OhioRepresentative7,No,
Warren Davidson,Yes,No,Ohio,4/28/2020,Representative,8,Male,Yes,N/A,N/A,91,Won,,yes,OhioRepresentative8,No,
Edward Meer,No,No,Ohio,4/28/2020,Representative,8,Male,No,N/A,N/A,9,Lost,,,OhioRepresentative8,No,
Charles Barrett,No,Yes,Ohio,4/28/2020,Representative,9,Male,N/A,N/A,N/A,8,Lost,,,OhioRepresentative9,No,
Tim Connors,No,Yes,Ohio,4/28/2020,Representative,9,Male,N/A,N/A,N/A,11,Lost,,,OhioRepresentative9,No,
Timothy P. Corrigan,No,Yes,Ohio,4/28/2020,Representative,9,Male,N/A,N/A,N/A,21,Lost,,,OhioRepresentative9,No,
Rob Weber,No,Yes,Ohio,4/28/2020,Representative,9,Male,N/A,N/A,N/A,60,Won,,,OhioRepresentative9,No,
John Anderson,No,No,Ohio,4/28/2020,Representative,10,Male,No,N/A,N/A,8,Lost,,,OhioRepresentative10,Yes,
Kathi Flanders,No,No,Ohio,4/28/2020,Representative,10,Female,No,N/A,N/A,6,Lost,,,OhioRepresentative10,Yes,yes
Mike Turner,Yes,No,Ohio,4/28/2020,Representative,10,Male,Yes,N/A,N/A,86,Won,,yes,OhioRepresentative10,Yes,
Laverne Gore,No,Yes,Ohio,4/28/2020,Representative,11,Female,N/A,N/A,N/A,47,Won,,,OhioRepresentative11,Yes,yes
Jonah Schulz,No,Yes,Ohio,4/28/2020,Representative,11,Male,N/A,N/A,N/A,42,Lost,,,OhioRepresentative11,Yes,
Shalira Taylor,No,Yes,Ohio,4/28/2020,Representative,11,Female,N/A,N/A,N/A,11,Lost,,,OhioRepresentative11,Yes,yes
Troy Balderson,Yes,No,Ohio,4/28/2020,Representative,12,Male,Yes,N/A,N/A,84,Won,,yes,OhioRepresentative12,No,
Tim Day,No,No,Ohio,4/28/2020,Representative,12,Male,No,N/A,N/A,16,Lost,,,OhioRepresentative12,No,
Christina Hagan,No,Yes,Ohio,4/28/2020,Representative,13,Female,N/A,N/A,N/A,66,Won,,,OhioRepresentative13,Yes,yes
Duane Hennen,No,Yes,Ohio,4/28/2020,Representative,13,Male,N/A,N/A,N/A,4,Lost,,,OhioRepresentative13,Yes,
Lou Lyras,No,Yes,Ohio,4/28/2020,Representative,13,Male,N/A,N/A,N/A,12,Lost,,,OhioRepresentative13,Yes,
Richard Morckel,No,Yes,Ohio,4/28/2020,Representative,13,Male,N/A,N/A,N/A,3,Lost,,,OhioRepresentative13,Yes,
Jason Mormando,No,Yes,Ohio,4/28/2020,Representative,13,Male,N/A,N/A,N/A,1,Lost,,,OhioRepresentative13,Yes,
Robert Santos,No,Yes,Ohio,4/28/2020,Representative,13,Male,N/A,N/A,N/A,11,Lost,,,OhioRepresentative13,Yes,
Donald Truex,No,Yes,Ohio,4/28/2020,Representative,13,Male,N/A,N/A,N/A,4,Lost,,,OhioRepresentative13,Yes,
Dave Joyce,Yes,No,Ohio,4/28/2020,Representative,14,Male,Yes,N/A,N/A,83,Won,,yes,OhioRepresentative14,No,
Mark Pitrone,No,No,Ohio,4/28/2020,Representative,14,Male,No,N/A,N/A,17,Lost,,,OhioRepresentative14,No,
Shelby Hunt,No,No,Ohio,4/28/2020,Representative,15,Male,No,N/A,N/A,12,Lost,,,OhioRepresentative15,No,
Steve Stivers,Yes,No,Ohio,4/28/2020,Representative,15,Male,Yes,N/A,N/A,88,Won,,yes,OhioRepresentative15,No,
Anthony Gonzalez,Yes,No,Ohio,4/28/2020,Representative,16,Male,N/A,N/A,N/A,100,Won,,,OhioRepresentative16,No,
Mark Curran,No,Yes,Illinois,3/17/2020,Senator,N/A,Male,N/A,N/A,N/A,42,Won,,,IllinoisSenatorN/A,Yes,
Peggy Hubbard,No,Yes,Illinois,3/17/2020,Senator,N/A,Female,N/A,N/A,N/A,23,Lost,,,IllinoisSenatorN/A,Yes,yes
Robert Marshall,No,Yes,Illinois,3/17/2020,Senator,N/A,Male,N/A,N/A,N/A,15,Lost,,,IllinoisSenatorN/A,Yes,
Tom Tarter,No,Yes,Illinois,3/17/2020,Senator,N/A,Male,N/A,N/A,N/A,15,Lost,,,IllinoisSenatorN/A,Yes,
Casey Chlebek,No,Yes,Illinois,3/17/2020,Senator,N/A,Male,N/A,N/A,N/A,6,Lost,,,IllinoisSenatorN/A,Yes,
Philanise White,No,Yes,Illinois,3/17/2020,Representative,1,Female,N/A,N/A,N/A,100,Won,,,IllinoisRepresentative1,No,yes
Theresa Raborn,No,Yes,Illinois,3/17/2020,Representative,2,Female,N/A,N/A,N/A,100,Won,,,IllinoisRepresentative2,No,yes
Mike Fricilone,No,Yes,Illinois,3/17/2020,Representative,3,Male,N/A,N/A,N/A,57,Won,,,IllinoisRepresentative3,Yes,
Catherine O'Shea,No,Yes,Illinois,3/17/2020,Representative,3,Female,N/A,N/A,N/A,32,Lost,,,IllinoisRepresentative3,Yes,yes
Arthur Jones,No,Yes,Illinois,3/17/2020,Representative,3,Male,N/A,N/A,N/A,10,Lost,,,IllinoisRepresentative3,Yes,
Christopher Lasky,No,Yes,Illinois,3/17/2020,Representative,4,Male,N/A,N/A,N/A,100,Won,,,IllinoisRepresentative4,No,
Tommy Hanson,No,Yes,Illinois,3/17/2020,Representative,5,Male,N/A,N/A,N/A,83,Won,,,IllinoisRepresentative5,No,
Kimball Ladien,No,Yes,Illinois,3/17/2020,Representative,5,Male,N/A,N/A,N/A,17,Lost,,,IllinoisRepresentative5,No,
Jeanne Ives,No,Yes,Illinois,3/17/2020,Representative,6,Female,N/A,N/A,N/A,71,Won,,,IllinoisRepresentative6,Yes,yes
Jay Kinzler,No,Yes,Illinois,3/17/2020,Representative,6,Male,N/A,N/A,N/A,29,Lost,,,IllinoisRepresentative6,Yes,
Craig Cameron,No,Yes,Illinois,3/17/2020,Representative,7,Male,N/A,N/A,N/A,100,Won,,,IllinoisRepresentative7,No,
Sargis Sangari,No,Yes,Illinois,3/17/2020,Representative,9,Male,N/A,N/A,N/A,100,Won,,,IllinoisRepresentative9,No,
Valerie Ramirez Mukherjee,No,Yes,Illinois,3/17/2020,Representative,10,Female,N/A,N/A,N/A,100,Won,,,IllinoisRepresentative10,No,yes
Rick Laib,No,Yes,Illinois,3/17/2020,Representative,11,Male,N/A,N/A,N/A,54,Won,,,IllinoisRepresentative11,No,
Krishna Bansal,No,Yes,Illinois,3/17/2020,Representative,11,Male,N/A,N/A,N/A,46,Lost,,,IllinoisRepresentative11,No,
Mike Bost,Yes,No,Illinois,3/17/2020,Representative,12,Male,N/A,N/A,N/A,100,Won,,,IllinoisRepresentative12,No,
Rodney Davis,Yes,No,Illinois,3/17/2020,Representative,13,Male,N/A,N/A,N/A,100,Won,,,IllinoisRepresentative13,No,
Jim Oberweis,No,Yes,Illinois,3/17/2020,Representative,14,Male,N/A,N/A,N/A,26,Won,,,IllinoisRepresentative14,Yes,
Sue Rezin,No,Yes,Illinois,3/17/2020,Representative,14,Female,N/A,N/A,N/A,23,Lost,,,IllinoisRepresentative14,Yes,yes
Catalina Lauf,No,Yes,Illinois,3/17/2020,Representative,14,Female,N/A,N/A,N/A,20,Lost,,,IllinoisRepresentative14,Yes,yes
Ted Gradel,No,Yes,Illinois,3/17/2020,Representative,14,Male,N/A,N/A,N/A,13,Lost,,,IllinoisRepresentative14,Yes,
Jim Marter,No,Yes,Illinois,3/17/2020,Representative,14,Male,N/A,N/A,N/A,11,Lost,,,IllinoisRepresentative14,Yes,
Jerry Evans,No,Yes,Illinois,3/17/2020,Representative,14,Male,N/A,N/A,N/A,5,Lost,,,IllinoisRepresentative14,Yes,
Anthony Catella,No,Yes,Illinois,3/17/2020,Representative,14,Male,N/A,N/A,N/A,2,Lost,,,IllinoisRepresentative14,Yes,
Mary Miller,No,Yes,Illinois,3/17/2020,Representative,15,Female,N/A,Yes,N/A,57,Won,,,IllinoisRepresentative15,Yes,yes
Darren Duncan,No,Yes,Illinois,3/17/2020,Representative,15,Male,N/A,No,N/A,22,Lost,,,IllinoisRepresentative15,Yes,
Kerry Wolff,No,Yes,Illinois,3/17/2020,Representative,15,Male,N/A,No,N/A,13,Lost,,,IllinoisRepresentative15,Yes,
Chuck Ellington,No,Yes,Illinois,3/17/2020,Representative,15,Male,N/A,No,N/A,7,Lost,,,IllinoisRepresentative15,Yes,
Adam Kinzinger,Yes,No,Illinois,3/17/2020,Representative,16,Male,N/A,N/A,N/A,100,Won,,,IllinoisRepresentative16,No,
Esther Joy King,No,Yes,Illinois,3/17/2020,Representative,17,Female,N/A,N/A,N/A,65,Won,,,IllinoisRepresentative17,Yes,yes
Bill Fawell,No,Yes,Illinois,3/17/2020,Representative,17,Male,N/A,N/A,N/A,35,Lost,,,IllinoisRepresentative17,Yes,
Darin LaHood,Yes,No,Illinois,3/17/2020,Representative,18,Male,N/A,N/A,N/A,100,Won,,,IllinoisRepresentative18,No,
Cindy Hyde-Smith,Yes,No,Mississippi,3/10/2020,Senator,N/A,Female,Yes,N/A,Yes,100,Won,,yes,MississippiSenatorN/A,No,yes
Trent Kelly,Yes,No,Mississippi,3/10/2020,Representative,1,Male,N/A,N/A,N/A,100,Won,,,MississippiRepresentative1,No,
Thomas Carey,No,Yes,Mississippi,3/10/2020,Representative,2,Male,N/A,N/A,N/A,36,Lost,,,MississippiRepresentative2,No,
Brian Flowers,No,Yes,Mississippi,3/10/2020,Representative,2,Male,N/A,N/A,N/A,38,Won,,,MississippiRepresentative2,No,
B.C. Hammond,No,Yes,Mississippi,3/10/2020,Representative,2,Male,N/A,N/A,N/A,26,Lost,,,MississippiRepresentative2,No,
Michael Guest,Yes,No,Mississippi,3/10/2020,Representative,3,Male,Yes,N/A,N/A,90,Won,,yes,MississippiRepresentative3,No,
James Tulp,No,No,Mississippi,3/10/2020,Representative,3,Male,No,N/A,N/A,10,Lost,,,MississippiRepresentative3,No,
Carl Boyanton,No,No,Mississippi,3/10/2020,Representative,4,Male,No,N/A,N/A,9,Lost,,,MississippiRepresentative4,No,
Robert L. Deming III,No,No,Mississippi,3/10/2020,Representative,4,Male,No,N/A,N/A,14,Lost,,,MississippiRepresentative4,No,
Samuel Hickman,No,No,Mississippi,3/10/2020,Representative,4,Male,No,N/A,N/A,10,Lost,,,MississippiRepresentative4,No,
Steven Palazzo,Yes,No,Mississippi,3/10/2020,Representative,4,Male,Yes,N/A,N/A,67,Won,,yes,MississippiRepresentative4,No,
Stanley Adair,No,Yes,Alabama,3/3/2020,Senator,N/A,Male,No,N/A,N/A,1,Lost,,,AlabamaSenatorN/A,Yes,
Bradley Byrne,No,Yes,Alabama,3/3/2020,Senator,N/A,Male,No,N/A,N/A,25,Lost,,,AlabamaSenatorN/A,Yes,
Arnold Mooney,No,Yes,Alabama,3/3/2020,Senator,N/A,Male,No,N/A,N/A,1,Lost,,,AlabamaSenatorN/A,Yes,
Roy Moore,No,Yes,Alabama,3/3/2020,Senator,N/A,Male,No,N/A,N/A,7,Lost,,,AlabamaSenatorN/A,Yes,
Ruth Page Nelson,No,Yes,Alabama,3/3/2020,Senator,N/A,Female,No,N/A,N/A,1,Lost,,,AlabamaSenatorN/A,Yes,yes
Jeff Sessions,No,Yes,Alabama,3/3/2020,Senator,N/A,Male,No,N/A,N/A,32,Lost,,,AlabamaSenatorN/A,Yes,
Tommy Tuberville,No,Yes,Alabama,3/3/2020,Senator,N/A,Male,Yes,N/A,N/A,33,Won,,yes,AlabamaSenatorN/A,Yes,
Jerry Carl,No,Yes,Alabama,3/3/2020,Representative,1,Male,N/A,N/A,N/A,39,Won,,,AlabamaRepresentative1,No,
John Castorani,No,Yes,Alabama,3/3/2020,Representative,1,Male,N/A,N/A,N/A,1,Lost,,,AlabamaRepresentative1,No,
Bill Hightower,No,Yes,Alabama,3/3/2020,Representative,1,Male,N/A,N/A,N/A,37,Lost,,,AlabamaRepresentative1,No,
Wes Lambert,No,Yes,Alabama,3/3/2020,Representative,1,Male,N/A,N/A,N/A,3,Lost,,,AlabamaRepresentative1,No,
Chris Pringle,No,Yes,Alabama,3/3/2020,Representative,1,Male,N/A,N/A,N/A,19,Lost,,,AlabamaRepresentative1,No,
Thomas Brown Jr.,No,Yes,Alabama,3/3/2020,Representative,2,Male,N/A,N/A,No,1,Lost,,,AlabamaRepresentative2,Yes,
Jeff Coleman,No,Yes,Alabama,3/3/2020,Representative,2,Male,N/A,N/A,No,38,Lost,,,AlabamaRepresentative2,Yes,
Terri Hasdorff,No,Yes,Alabama,3/3/2020,Representative,2,Female,N/A,N/A,No,5,Lost,,,AlabamaRepresentative2,Yes,yes
Troy King,No,Yes,Alabama,3/3/2020,Representative,2,Male,N/A,N/A,No,15,Lost,,,AlabamaRepresentative2,Yes,
Barry Moore,No,Yes,Alabama,3/3/2020,Representative,2,Male,N/A,N/A,No,20,Won,,,AlabamaRepresentative2,Yes,
Bob Rogers,No,Yes,Alabama,3/3/2020,Representative,2,Male,N/A,N/A,No,1,Lost,,,AlabamaRepresentative2,Yes,
Jessica Taylor,No,Yes,Alabama,3/3/2020,Representative,2,Female,N/A,N/A,Yes,20,Lost,,,AlabamaRepresentative2,Yes,yes
Mike Rogers,Yes,No,Alabama,3/3/2020,Representative,3,Male,N/A,N/A,N/A,100,Won,,,AlabamaRepresentative3,No,
Robert Aderholt,Yes,No,Alabama,3/3/2020,Representative,4,Male,N/A,N/A,N/A,100,Won,,,AlabamaRepresentative4,No,
Mo Brooks,Yes,No,Alabama,3/3/2020,Representative,5,Male,Yes,N/A,N/A,75,Won,,yes,AlabamaRepresentative5,No,
Chris Lewis,No,No,Alabama,3/3/2020,Representative,5,Male,No,N/A,N/A,25,Lost,,,AlabamaRepresentative5,No,
Gary Palmer,Yes,No,Alabama,3/3/2020,Representative,6,Male,N/A,N/A,N/A,100,Won,,,AlabamaRepresentative6,No,
Tom Cotton,Yes,No,Arkansas,3/3/2020,Senator,N/A,Male,N/A,N/A,N/A,100,Won,,,ArkansasSenatorN/A,No,
Rick Crawford,Yes,No,Arkansas,3/3/2020,Representative,1,Male,N/A,N/A,N/A,100,Won,,,ArkansasRepresentative1,No,
French Hill,Yes,No,Arkansas,3/3/2020,Representative,2,Male,N/A,N/A,N/A,100,Won,,,ArkansasRepresentative2,No,
Steve Womack,Yes,No,Arkansas,3/3/2020,Representative,3,Male,N/A,N/A,N/A,100,Won,,,ArkansasRepresentative3,No,
Bruce Westerman,Yes,No,Arkansas,3/3/2020,Representative,4,Male,N/A,N/A,N/A,100,Won,,,ArkansasRepresentative4,No,
Doug LaMalfa,Yes,No,California,3/3/2020,Representative,1,Male,N/A,N/A,N/A,100,Advanced,,,CaliforniaRepresentative1,No,
Dale K. Mensing,No,Yes,California,3/3/2020,Representative,2,Male,N/A,N/A,N/A,100,Advanced,,,CaliforniaRepresentative2,No,
Sean Feucht,No,Yes,California,3/3/2020,Representative,3,Male,N/A,N/A,N/A,33,Lost,,,CaliforniaRepresentative3,Yes,
Tamika Hamilton,No,Yes,California,3/3/2020,Representative,3,Female,N/A,N/A,N/A,67,Advanced,,,CaliforniaRepresentative3,Yes,yes
Tom McClintock,Yes,No,California,3/3/2020,Representative,4,Male,Yes,N/A,N/A,87,Advanced,,yes,CaliforniaRepresentative4,Yes,
Julianne Benzel,No,No,California,3/3/2020,Representative,4,Female,No,N/A,N/A,7,Lost,,,CaliforniaRepresentative4,Yes,yes
Jamie Byers,No,No,California,3/3/2020,Representative,4,Male,No,N/A,N/A,3,Lost,,,CaliforniaRepresentative4,Yes,
Jacob Thomas,No,No,California,3/3/2020,Representative,4,Male,No,N/A,N/A,3,Lost,,,CaliforniaRepresentative4,Yes,
Scott Giblin,No,Yes,California,3/3/2020,Representative,5,Male,N/A,N/A,N/A,100,Advanced,,,CaliforniaRepresentative5,No,
Sherwood Haisty,No,Yes,California,3/3/2020,Representative,6,Male,N/A,N/A,N/A,35,Lost,,,CaliforniaRepresentative6,Yes,
Chris Bish,No,Yes,California,3/3/2020,Representative,6,Female,N/A,N/A,N/A,65,Advanced,,,CaliforniaRepresentative6,Yes,yes
Jon Ivy,No,Yes,California,3/3/2020,Representative,7,Male,N/A,N/A,N/A,17,Lost,,,CaliforniaRepresentative7,No,
Buzz Patterson,No,Yes,California,3/3/2020,Representative,7,Male,N/A,N/A,N/A,83,Advanced,,,CaliforniaRepresentative7,No,
Tim Donnelly,No,Yes,California,3/3/2020,Representative,8,Male,No,N/A,N/A,35,Lost,,,CaliforniaRepresentative8,No,
Jerry Laws,No,Yes,California,3/3/2020,Representative,8,Male,No,N/A,N/A,2,Lost,,,CaliforniaRepresentative8,No,
Jay Obernolte,No,Yes,California,3/3/2020,Representative,8,Male,Yes,N/A,N/A,59,Advanced,,yes,CaliforniaRepresentative8,No,
Justin David Whitehead,No,Yes,California,3/3/2020,Representative,8,Male,No,N/A,N/A,2,Lost,,,CaliforniaRepresentative8,No,
Jeremy Staat,No,Yes,California,3/3/2020,Representative,8,Male,No,N/A,N/A,3,Lost,,,CaliforniaRepresentative8,No,
Tony Amador,No,Yes,California,3/3/2020,Representative,9,Male,N/A,N/A,N/A,70,Advanced,,,CaliforniaRepresentative9,No,
William Martinek,No,Yes,California,3/3/2020,Representative,9,Male,N/A,N/A,N/A,30,Lost,,,CaliforniaRepresentative9,No,
Ted Howze,No,Yes,California,3/3/2020,Representative,10,Male,N/A,N/A,N/A,68,Advanced,,,CaliforniaRepresentative10,Yes,
Bob Elliott,No,Yes,California,3/3/2020,Representative,10,Male,N/A,N/A,N/A,26,Lost,,,CaliforniaRepresentative10,Yes,
Marla Sousa Livengood,No,Yes,California,3/3/2020,Representative,10,Female,N/A,N/A,N/A,7,Lost,,,CaliforniaRepresentative10,Yes,yes
Nisha Sharma,No,Yes,California,3/3/2020,Representative,11,Female,N/A,N/A,N/A,100,Advanced,,,CaliforniaRepresentative11,No,yes
John Dennis,No,Yes,California,3/3/2020,Representative,12,Male,N/A,N/A,N/A,81,Lost,,,CaliforniaRepresentative12,Yes,
Deanna Lorraine,No,Yes,California,3/3/2020,Representative,12,Female,N/A,N/A,N/A,19,Lost,,,CaliforniaRepresentative12,Yes,yes
Nikka Piterman,No,Yes,California,3/3/2020,Representative,13,Male,N/A,N/A,N/A,100,Advanced,,,CaliforniaRepresentative13,No,
Ran Petel,No,Yes,California,3/3/2020,Representative,14,Male,N/A,N/A,N/A,100,Advanced,,,CaliforniaRepresentative14,No,
Peter Y. Liu,No,Yes,California,3/3/2020,Representative,15,Male,N/A,N/A,N/A,31,Lost,,,CaliforniaRepresentative15,Yes,
Alison Hayden,No,Yes,California,3/3/2020,Representative,15,Female,N/A,N/A,N/A,69,Advanced,,,CaliforniaRepresentative15,Yes,yes
Kevin Cookingham,No,Yes,California,3/3/2020,Representative,16,Male,N/A,N/A,N/A,100,Advanced,,,CaliforniaRepresentative16,No,
Ritesh Tandon,No,Yes,California,3/3/2020,Representative,17,Male,N/A,N/A,N/A,100,Advanced,,,CaliforniaRepresentative17,No,
Richard Fox,No,Yes,California,3/3/2020,Representative,18,Male,N/A,N/A,N/A,61,Lost,,,CaliforniaRepresentative18,No,
Phil Reynolds,No,Yes,California,3/3/2020,Representative,18,Male,N/A,N/A,N/A,39,Lost,,,CaliforniaRepresentative18,No,
Justin Aguilera,No,Yes,California,3/3/2020,Representative,19,Male,N/A,N/A,N/A,52,Advanced,,,CaliforniaRepresentative19,No,
Ignacio Cruz,No,Yes,California,3/3/2020,Representative,19,Male,N/A,N/A,N/A,48,Lost,,,CaliforniaRepresentative19,No,
Jeff Gorman,No,Yes,California,3/3/2020,Representative,20,Male,N/A,N/A,N/A,100,Advanced,,,CaliforniaRepresentative20,No,
David Valadao,No,Yes,California,3/3/2020,Representative,21,Male,N/A,N/A,N/A,95,Advanced,,,CaliforniaRepresentative21,No,
Rocky De La Fuente,No,Yes,California,3/3/2020,Representative,21,Male,N/A,N/A,N/A,5,Lost,,,CaliforniaRepresentative21,No,
Devin Nunes,Yes,No,California,3/3/2020,Representative,22,Male,N/A,N/A,N/A,100,Advanced,,,CaliforniaRepresentative22,No,
Kevin McCarthy,Yes,No,California,3/3/2020,Representative,23,Male,N/A,N/A,N/A,100,Advanced,,,CaliforniaRepresentative23,No,
Andy Caldwell,No,Yes,California,3/3/2020,Representative,24,Male,N/A,N/A,N/A,100,Advanced,,,CaliforniaRepresentative24,No,
Mike Garcia,No,Yes,California,3/3/2020,Representative,25,Male,N/A,N/A,N/A,48,Advanced,,,CaliforniaRepresentative25,No,
Kenneth Jenks,No,Yes,California,3/3/2020,Representative,25,Male,N/A,N/A,N/A,1,Lost,,,CaliforniaRepresentative25,No,
Steve Knight,No,Yes,California,3/3/2020,Representative,25,Male,N/A,N/A,N/A,38,Lost,,,CaliforniaRepresentative25,No,
David Lozano,No,Yes,California,3/3/2020,Representative,25,Male,N/A,N/A,N/A,8,Lost,,,CaliforniaRepresentative25,No,
Daniel Mercuri,No,Yes,California,3/3/2020,Representative,25,Male,N/A,N/A,N/A,1,Lost,,,CaliforniaRepresentative25,No,
George Papadopoulos,No,Yes,California,3/3/2020,Representative,25,Male,N/A,N/A,N/A,4,Lost,,,CaliforniaRepresentative25,No,
Ronda Baldwin-Kennedy,No,Yes,California,3/3/2020,Representative,26,Female,N/A,N/A,N/A,100,Advanced,,,CaliforniaRepresentative26,No,yes
Beatrice Cardenas,No,Yes,California,3/3/2020,Representative,27,Female,N/A,N/A,N/A,47,Lost,,,CaliforniaRepresentative27,Yes,yes
Johnny J. Nalbandian,No,Yes,California,3/3/2020,Representative,27,Male,N/A,N/A,N/A,53,Advanced,,,CaliforniaRepresentative27,Yes,
William Bodell,No,Yes,California,3/3/2020,Representative,28,Male,N/A,N/A,N/A,23,Lost,,,CaliforniaRepresentative28,No,
Eric Early,No,Yes,California,3/3/2020,Representative,28,Male,N/A,N/A,N/A,77,Advanced,,,CaliforniaRepresentative28,No,
Brian Perras,No,Yes,California,3/3/2020,Representative,29,Male,N/A,N/A,N/A,100,Lost,,,CaliforniaRepresentative29,No,
Mark Reed,No,Yes,California,3/3/2020,Representative,30,Male,N/A,N/A,N/A,100,Advanced,,,CaliforniaRepresentative30,No,
Agnes Gibboney,No,Yes,California,3/3/2020,Representative,31,Female,N/A,N/A,N/A,100,Advanced,,,CaliforniaRepresentative31,No,yes
Joshua Scott,No,Yes,California,3/3/2020,Representative,32,Male,N/A,N/A,N/A,100,Advanced,,,CaliforniaRepresentative32,No,
James P. Bradley,No,Yes,California,3/3/2020,Representative,33,Male,N/A,N/A,N/A,73,Advanced,,,CaliforniaRepresentative33,Yes,
Sarah Sun Liew,No,Yes,California,3/3/2020,Representative,33,Female,N/A,N/A,N/A,27,Lost,,,CaliforniaRepresentative33,Yes,yes
Joanne Wright,No,Yes,California,3/3/2020,Representative,34,Female,N/A,N/A,N/A,100,Lost,,,CaliforniaRepresentative34,No,yes
Mike Cargile,No,Yes,California,3/3/2020,Representative,35,Male,N/A,N/A,N/A,100,Advanced,,,CaliforniaRepresentative35,No,
Erin Cruz,No,Yes,California,3/3/2020,Representative,36,Female,N/A,N/A,N/A,54,Advanced,,,CaliforniaRepresentative36,Yes,yes
Patrice Kimbler,No,Yes,California,3/3/2020,Representative,36,Female,N/A,N/A,N/A,19,Lost,,,CaliforniaRepresentative36,Yes,yes
Milo Stevanovich,No,Yes,California,3/3/2020,Representative,36,Male,N/A,N/A,N/A,27,Lost,,,CaliforniaRepresentative36,Yes,
Errol Webber,No,Yes,California,3/3/2020,Representative,37,Male,N/A,N/A,N/A,100,Advanced,,,CaliforniaRepresentative37,No,
Young Kim,No,Yes,California,3/3/2020,Representative,39,Female,N/A,Yes,Yes,100,Advanced,,,CaliforniaRepresentative39,No,yes
C. Antonio Delgado,No,Yes,California,3/3/2020,Representative,40,Male,N/A,N/A,N/A,100,Advanced,,,CaliforniaRepresentative40,No,
Aja Smith,No,Yes,California,3/3/2020,Representative,41,Female,N/A,N/A,N/A,100,Advanced,,,CaliforniaRepresentative41,No,yes
Ken Calvert,Yes,No,California,3/3/2020,Representative,42,Male,N/A,N/A,N/A,100,Advanced,,,CaliforniaRepresentative42,No,
Joe Collins,No,Yes,California,3/3/2020,Representative,43,Male,N/A,N/A,N/A,50,Advanced,,,CaliforniaRepresentative43,No,
Omar Navarro,No,Yes,California,3/3/2020,Representative,43,Male,N/A,N/A,N/A,50,Lost,,,CaliforniaRepresentative43,No,
Billy Earley,No,Yes,California,3/3/2020,Representative,44,Male,N/A,N/A,N/A,100,Lost,,,CaliforniaRepresentative44,No,
Peggy Huang,No,Yes,California,3/3/2020,Representative,45,Female,N/A,N/A,N/A,23,Lost,,,CaliforniaRepresentative45,Yes,yes
Rhonda Furin,No,Yes,California,3/3/2020,Representative,45,Female,N/A,N/A,N/A,2,Lost,,,CaliforniaRepresentative45,Yes,yes
Christopher Gonzales,No,Yes,California,3/3/2020,Representative,45,Male,N/A,N/A,N/A,5,Lost,,,CaliforniaRepresentative45,Yes,
Greg Raths,No,Yes,California,3/3/2020,Representative,45,Male,N/A,N/A,N/A,36,Advanced,,,CaliforniaRepresentative45,Yes,
Lisa Sparks,No,Yes,California,3/3/2020,Representative,45,Female,N/A,N/A,N/A,8,Lost,,,CaliforniaRepresentative45,Yes,yes
Don Sedgwick,No,Yes,California,3/3/2020,Representative,45,Male,N/A,N/A,N/A,26,Lost,,,CaliforniaRepresentative45,Yes,
James Waters,No,Yes,California,3/3/2020,Representative,46,Male,N/A,N/A,N/A,100,Advanced,,,CaliforniaRepresentative46,No,
Sou Moua,No,Yes,California,3/3/2020,Representative,47,Male,N/A,N/A,N/A,10,Lost,,,CaliforniaRepresentative47,Yes,
John Briscoe,No,Yes,California,3/3/2020,Representative,47,Male,N/A,N/A,N/A,48,Advanced,,,CaliforniaRepresentative47,Yes,
Amy Phan West,No,Yes,California,3/3/2020,Representative,47,Female,N/A,N/A,N/A,41,Lost,,,CaliforniaRepresentative47,Yes,yes
James Brian Griffin,No,Yes,California,3/3/2020,Representative,48,Male,N/A,No,N/A,3,Lost,,,CaliforniaRepresentative48,Yes,
Brian Burley,No,Yes,California,3/3/2020,Representative,48,Male,N/A,No,N/A,24,Lost,,,CaliforniaRepresentative48,Yes,
John Thomas Schuesler,No,Yes,California,3/3/2020,Representative,48,Male,N/A,No,N/A,5,Lost,,,CaliforniaRepresentative48,Yes,
Michelle Steel,No,Yes,California,3/3/2020,Representative,48,Female,N/A,Yes,N/A,69,Advanced,,,CaliforniaRepresentative48,Yes,yes
Brian Maryott,No,Yes,California,3/3/2020,Representative,49,Male,N/A,N/A,N/A,100,Advanced,,,CaliforniaRepresentative49,No,
Carl DeMaio,No,Yes,California,3/3/2020,Representative,50,Male,N/A,N/A,N/A,36,Lost,,,CaliforniaRepresentative50,No,
Darrell Issa,No,Yes,California,3/3/2020,Representative,50,Male,N/A,N/A,N/A,42,Advanced,,,CaliforniaRepresentative50,No,
Brian Jones,No,Yes,California,3/3/2020,Representative,50,Male,N/A,N/A,N/A,19,Lost,,,CaliforniaRepresentative50,No,
Nate Wilkins,No,Yes,California,3/3/2020,Representative,50,Male,N/A,N/A,N/A,4,Lost,,,CaliforniaRepresentative50,No,
Juan M. Hidalgo Jr.,No,Yes,California,3/3/2020,Representative,51,Male,N/A,N/A,N/A,100,Advanced,,,CaliforniaRepresentative51,No,
Jim DeBello,No,Yes,California,3/3/2020,Representative,52,Male,N/A,N/A,N/A,100,Advanced,,,CaliforniaRepresentative52,No,
Michael Oristian,No,Yes,California,3/3/2020,Representative,53,Male,N/A,N/A,N/A,27,Lost,,,CaliforniaRepresentative53,Yes,
Famela Ramos,No,Yes,California,3/3/2020,Representative,53,Female,N/A,N/A,N/A,27,Lost,,,CaliforniaRepresentative53,Yes,yes
Chris Stoddard,No,Yes,California,3/3/2020,Representative,53,Male,N/A,N/A,N/A,47,Lost,,,CaliforniaRepresentative53,Yes,
Thom Tillis,Yes,No,North Carolina,3/3/2020,Senator,N/A,Male,Yes,N/A,N/A,78,Won,,yes,North CarolinaSenatorN/A,Yes,
Paul Wright,No,No,North Carolina,3/3/2020,Senator,N/A,Male,No,N/A,N/A,8,Lost,,,North CarolinaSenatorN/A,Yes,
Larry Holmquist,No,No,North Carolina,3/3/2020,Senator,N/A,Male,No,N/A,N/A,7,Lost,,,North CarolinaSenatorN/A,Yes,
Sharon Y. Hudson,No,No,North Carolina,3/3/2020,Senator,N/A,Female,No,N/A,N/A,7,Lost,,,North CarolinaSenatorN/A,Yes,yes
Sandy Smith,No,Yes,North Carolina,3/3/2020,Representative,1,Female,N/A,N/A,N/A,77,Won,,,North CarolinaRepresentative1,Yes,yes
Michele Nix,No,Yes,North Carolina,3/3/2020,Representative,1,Female,N/A,N/A,N/A,10,Lost,,,North CarolinaRepresentative1,Yes,yes
Jim Glisson,No,Yes,North Carolina,3/3/2020,Representative,1,Male,N/A,N/A,N/A,7,Lost,,,North CarolinaRepresentative1,Yes,
Ethan Baca,No,Yes,North Carolina,3/3/2020,Representative,1,Male,N/A,N/A,N/A,5,Lost,,,North CarolinaRepresentative1,Yes,
Alan Swain,No,Yes,North Carolina,3/3/2020,Representative,2,Male,N/A,N/A,N/A,100,Won,,,North CarolinaRepresentative2,No,
Greg Murphy,Yes,No,North Carolina,3/3/2020,Representative,3,Male,N/A,N/A,N/A,100,Won,,,North CarolinaRepresentative3,No,
Robert Thomas,No,Yes,North Carolina,3/3/2020,Representative,4,Male,N/A,N/A,N/A,48,Won,,,North CarolinaRepresentative4,No,
Debesh Sarkar,No,Yes,North Carolina,3/3/2020,Representative,4,Male,N/A,N/A,N/A,23,Lost,,,North CarolinaRepresentative4,No,
Steve Von Loor,No,Yes,North Carolina,3/3/2020,Representative,4,Male,N/A,N/A,N/A,17,Lost,,,North CarolinaRepresentative4,No,
Nasir Shaikh,No,Yes,North Carolina,3/3/2020,Representative,4,Male,N/A,N/A,N/A,11,Lost,,,North CarolinaRepresentative4,No,
Virginia Foxx,Yes,No,North Carolina,3/3/2020,Representative,5,Female,N/A,N/A,Yes,100,Won,,,North CarolinaRepresentative5,No,yes
Lee Haywood,No,Yes,North Carolina,3/3/2020,Representative,6,Male,N/A,N/A,N/A,73,Won,,,North CarolinaRepresentative6,Yes,
Laura Pichardo,No,Yes,North Carolina,3/3/2020,Representative,6,Female,N/A,N/A,N/A,27,Lost,,,North CarolinaRepresentative6,Yes,yes
David Rouzer,Yes,No,North Carolina,3/3/2020,Representative,7,Male,N/A,N/A,N/A,100,Won,,,North CarolinaRepresentative7,No,
Richard Hudson,Yes,No,North Carolina,3/3/2020,Representative,8,Male,N/A,N/A,N/A,100,Won,,,North CarolinaRepresentative8,No,
Dan Bishop,Yes,No,North Carolina,3/3/2020,Representative,9,Male,N/A,N/A,N/A,100,Won,,,North CarolinaRepresentative9,No,
Patrick McHenry,Yes,No,North Carolina,3/3/2020,Representative,10,Male,Yes,N/A,N/A,72,Won,,yes,North CarolinaRepresentative10,No,
David Johnson,No,No,North Carolina,3/3/2020,Representative,10,Male,No,N/A,N/A,16,Lost,,,North CarolinaRepresentative10,No,
Ralf Walters,No,No,North Carolina,3/3/2020,Representative,10,Male,No,N/A,N/A,12,Lost,,,North CarolinaRepresentative10,No,
Lynda Bennett,No,Yes,North Carolina,3/3/2020,Representative,11,Female,Yes,N/A,N/A,23,Lost,,yes,North CarolinaRepresentative11,Yes,yes
Madison Cawthorn,No,Yes,North Carolina,3/3/2020,Representative,11,Male,No,N/A,N/A,20,Won,,,North CarolinaRepresentative11,Yes,
Jim Davis,No,Yes,North Carolina,3/3/2020,Representative,11,Male,No,N/A,N/A,19,Lost,,,North CarolinaRepresentative11,Yes,
Chuck Archerd,No,Yes,North Carolina,3/3/2020,Representative,11,Male,No,N/A,N/A,9,Lost,,,North CarolinaRepresentative11,Yes,
Wayne King,No,Yes,North Carolina,3/3/2020,Representative,11,Male,No,N/A,N/A,9,Lost,,,North CarolinaRepresentative11,Yes,
Dan Driscoll,No,Yes,North Carolina,3/3/2020,Representative,11,Male,No,N/A,N/A,9,Lost,,,North CarolinaRepresentative11,Yes,
Joey Osborne,No,Yes,North Carolina,3/3/2020,Representative,11,Male,No,N/A,N/A,7,Lost,,,North CarolinaRepresentative11,Yes,
Vance Patterson,No,Yes,North Carolina,3/3/2020,Representative,11,Male,No,N/A,N/A,2,Lost,,,North CarolinaRepresentative11,Yes,
Matthew Burril,No,Yes,North Carolina,3/3/2020,Representative,11,Male,No,N/A,N/A,1,Lost,,,North CarolinaRepresentative11,Yes,
Albert Wiley Jr.,No,Yes,North Carolina,3/3/2020,Representative,11,Male,No,N/A,N/A,0,Lost,,,North CarolinaRepresentative11,Yes,
Dillon Gentry,No,Yes,North Carolina,3/3/2020,Representative,11,Male,No,N/A,N/A,0,Lost,,,North CarolinaRepresentative11,Yes,
Steven Fekete Jr.,No,Yes,North Carolina,3/3/2020,Representative,11,Male,No,N/A,N/A,0,Lost,,,North CarolinaRepresentative11,Yes,
Bill Brewster,No,Yes,North Carolina,3/3/2020,Representative,12,Male,N/A,N/A,N/A,100,Won,,,North CarolinaRepresentative12,No,
Ted Budd,Yes,No,North Carolina,3/3/2020,Representative,13,Male,N/A,N/A,N/A,100,Won,,,North CarolinaRepresentative13,No,
Dan Forest,No,Yes,North Carolina,3/3/2020,Governor,N/A,Male,N/A,N/A,N/A,89,Won,,,North CarolinaGovernorN/A,Yes,
Holly Grange,No,Yes,North Carolina,3/3/2020,Governor,N/A,Female,N/A,N/A,N/A,11,Lost,,,North CarolinaGovernorN/A,Yes,yes
Virgil Bierschwale,No,No,Texas,3/3/2020,Senator,N/A,Male,No,N/A,N/A,1,Lost,,,TexasSenatorN/A,No,
John Anthony Castro,No,No,Texas,3/3/2020,Senator,N/A,Male,No,N/A,N/A,4,Lost,,,TexasSenatorN/A,No,
John Cornyn,Yes,No,Texas,3/3/2020,Senator,N/A,Male,Yes,N/A,N/A,76,Won,,yes,TexasSenatorN/A,No,
Dwayne Stovall,No,No,Texas,3/3/2020,Senator,N/A,Male,No,N/A,N/A,12,Lost,,,TexasSenatorN/A,No,
Mark Yancey,No,No,Texas,3/3/2020,Senator,N/A,Male,No,N/A,N/A,6,Lost,,,TexasSenatorN/A,No,
Johnathan Kyle Davidson,No,No,Texas,3/3/2020,Representative,1,Male,No,N/A,N/A,10,Lost,,,TexasRepresentative1,No,
Louie Gohmert,Yes,No,Texas,3/3/2020,Representative,1,Male,Yes,N/A,N/A,90,Won,,yes,TexasRepresentative1,No,
Dan Crenshaw,Yes,No,Texas,3/3/2020,Representative,2,Male,N/A,N/A,N/A,100,Won,,,TexasRepresentative2,No,
Van Taylor,Yes,No,Texas,3/3/2020,Representative,3,Male,N/A,N/A,N/A,100,Won,,,TexasRepresentative3,No,
John Ratcliffe,Yes,No,Texas,3/3/2020,Representative,4,Male,N/A,N/A,N/A,100,Won,,,TexasRepresentative4,No,
Lance Gooden,Yes,No,Texas,3/3/2020,Representative,5,Male,Yes,N/A,N/A,83,Won,,yes,TexasRepresentative5,No,
Don Hill,No,No,Texas,3/3/2020,Representative,5,Male,No,N/A,N/A,17,Lost,,,TexasRepresentative5,No,
Ron Wright,Yes,No,Texas,3/3/2020,Representative,6,Male,N/A,N/A,N/A,100,Won,,,TexasRepresentative6,No,
Maria Espinoza,No,Yes,Texas,3/3/2020,Representative,7,Female,No,N/A,N/A,6,Lost,,,TexasRepresentative7,Yes,yes
Wesley Hunt,No,Yes,Texas,3/3/2020,Representative,7,Male,Yes,N/A,N/A,61,Won,,yes,TexasRepresentative7,Yes,
Jim Noteware,No,Yes,Texas,3/3/2020,Representative,7,Male,No,N/A,N/A,2,Lost,,,TexasRepresentative7,Yes,
Kyle Preston,No,Yes,Texas,3/3/2020,Representative,7,Male,No,N/A,N/A,3,Lost,,,TexasRepresentative7,Yes,
Laique Rehman,No,Yes,Texas,3/3/2020,Representative,7,Male,No,N/A,N/A,1,Lost,,,TexasRepresentative7,Yes,
Cindy Siegel,No,Yes,Texas,3/3/2020,Representative,7,Female,No,N/A,N/A,27,Lost,,,TexasRepresentative7,Yes,yes
Kevin Brady,Yes,No,Texas,3/3/2020,Representative,8,Male,Yes,N/A,N/A,81,Won,,yes,TexasRepresentative8,Yes,
Melissa Esparza-Mathis,No,No,Texas,3/3/2020,Representative,8,Female,No,N/A,N/A,3,Lost,,,TexasRepresentative8,Yes,yes
Kirk Osborn,No,No,Texas,3/3/2020,Representative,8,Male,No,N/A,N/A,16,Lost,,,TexasRepresentative8,Yes,
Julian Martinez,No,Yes,Texas,3/3/2020,Representative,9,Male,N/A,N/A,N/A,17,Lost,,,TexasRepresentative9,No,
Jon Menefee,No,Yes,Texas,3/3/2020,Representative,9,Male,N/A,N/A,N/A,24,Lost,,,TexasRepresentative9,No,
Johnny Teague,No,Yes,Texas,3/3/2020,Representative,9,Male,N/A,N/A,N/A,59,Won,,,TexasRepresentative9,No,
Michael McCaul,Yes,No,Texas,3/3/2020,Representative,10,Male,N/A,N/A,N/A,100,Won,,,TexasRepresentative10,No,
Gene Barber,No,Yes,Texas,3/3/2020,Representative,11,Male,No,N/A,N/A,2,Lost,,,TexasRepresentative11,No,
Brandon Batch,No,Yes,Texas,3/3/2020,Representative,11,Male,No,N/A,N/A,15,Lost,,,TexasRepresentative11,No,
Jamie Berryhill,No,Yes,Texas,3/3/2020,Representative,11,Male,No,N/A,N/A,7,Lost,,,TexasRepresentative11,No,
J.D. Faircloth,No,Yes,Texas,3/3/2020,Representative,11,Male,No,N/A,N/A,4,Lost,,,TexasRepresentative11,No,
Casey Gray,No,Yes,Texas,3/3/2020,Representative,11,Male,No,N/A,N/A,4,Lost,,,TexasRepresentative11,No,
J. Ross Lacey,No,Yes,Texas,3/3/2020,Representative,11,Male,No,N/A,N/A,4,Lost,,,TexasRepresentative11,No,
Ned Luscombe,No,Yes,Texas,3/3/2020,Representative,11,Male,No,N/A,N/A,2,Lost,,,TexasRepresentative11,No,
August Pfluger,No,Yes,Texas,3/3/2020,Representative,11,Male,Yes,N/A,N/A,52,Won,,yes,TexasRepresentative11,No,
Robert Tucker,No,Yes,Texas,3/3/2020,Representative,11,Male,No,N/A,N/A,3,Lost,,,TexasRepresentative11,No,
Wes Virdell,No,Yes,Texas,3/3/2020,Representative,11,Male,No,N/A,N/A,7,Lost,,,TexasRepresentative11,No,
Kay Granger,Yes,No,Texas,3/3/2020,Representative,12,Female,Yes,N/A,Yes,58,Won,,yes,TexasRepresentative12,Yes,yes
Chris Putnam,No,No,Texas,3/3/2020,Representative,12,Male,No,N/A,No,42,Lost,,,TexasRepresentative12,Yes,
"Catherine ""I Swear"" Carr",No,Yes,Texas,3/3/2020,Representative,13,Female,No,N/A,N/A,1,Lost,,,TexasRepresentative13,Yes,yes
Jamie Culley,No,Yes,Texas,3/3/2020,Representative,13,Female,No,N/A,N/A,1,Lost,,,TexasRepresentative13,Yes,yes
Chris Ekstrom,No,Yes,Texas,3/3/2020,Representative,13,Male,No,N/A,N/A,15,Lost,,,TexasRepresentative13,Yes,
Jason Foglesong,No,Yes,Texas,3/3/2020,Representative,13,Male,No,N/A,N/A,1,Lost,,,TexasRepresentative13,Yes,
Lee Harvey,No,Yes,Texas,3/3/2020,Representative,13,Male,No,N/A,N/A,4,Lost,,,TexasRepresentative13,Yes,
Elaine Hays,No,Yes,Texas,3/3/2020,Representative,13,Female,No,N/A,N/A,8,Lost,,,TexasRepresentative13,Yes,yes
Richard Herman,No,Yes,Texas,3/3/2020,Representative,13,Male,No,N/A,N/A,1,Lost,,,TexasRepresentative13,Yes,
Ronny Jackson,No,Yes,Texas,3/3/2020,Representative,13,Male,Yes,N/A,N/A,20,Won,,yes,TexasRepresentative13,Yes,
Diane Knowlton,No,Yes,Texas,3/3/2020,Representative,13,Female,No,N/A,N/A,1,Lost,,,TexasRepresentative13,Yes,yes
Matt McArthur,No,Yes,Texas,3/3/2020,Representative,13,Male,No,N/A,N/A,2,Lost,,,TexasRepresentative13,Yes,
Mark Neese,No,Yes,Texas,3/3/2020,Representative,13,Male,No,N/A,N/A,3,Lost,,,TexasRepresentative13,Yes,
Asusena Reséndiz,No,Yes,Texas,3/3/2020,Representative,13,Female,No,N/A,N/A,1,Lost,,,TexasRepresentative13,Yes,yes
Vance Snider,No,Yes,Texas,3/3/2020,Representative,13,Male,No,N/A,N/A,3,Lost,,,TexasRepresentative13,Yes,
Josh Winegarner,No,Yes,Texas,3/3/2020,Representative,13,Male,No,N/A,N/A,39,Lost,,,TexasRepresentative13,Yes,
Monique Worthy,No,Yes,Texas,3/3/2020,Representative,13,Female,No,N/A,N/A,1,Lost,,,TexasRepresentative13,Yes,yes
Joshua Foxworth,No,No,Texas,3/3/2020,Representative,14,Male,No,N/A,N/A,15,Lost,,,TexasRepresentative14,No,
Randy Weber,Yes,No,Texas,3/3/2020,Representative,14,Male,Yes,N/A,N/A,85,Won,,yes,TexasRepresentative14,No,
Monica De La Cruz-Hernandez,No,Yes,Texas,3/3/2020,Representative,15,Female,N/A,N/A,N/A,43,Won,,,TexasRepresentative15,Yes,yes
Ryan Krause,No,Yes,Texas,3/3/2020,Representative,15,Male,N/A,N/A,N/A,40,Lost,,,TexasRepresentative15,Yes,
Tim Westley,No,Yes,Texas,3/3/2020,Representative,15,Male,N/A,N/A,N/A,17,Lost,,,TexasRepresentative15,Yes,
Anthony Aguero,No,Yes,Texas,3/3/2020,Representative,16,Male,N/A,N/A,N/A,13,Lost,,,TexasRepresentative16,Yes,
Irene Armendariz-Jackson,No,Yes,Texas,3/3/2020,Representative,16,Female,N/A,N/A,N/A,25,Won,,,TexasRepresentative16,Yes,yes
Jaime Arriola,No,Yes,Texas,3/3/2020,Representative,16,Male,N/A,N/A,N/A,13,Lost,,,TexasRepresentative16,Yes,
Patrick Hernandez-Cigarruista,No,Yes,Texas,3/3/2020,Representative,16,Male,N/A,N/A,N/A,7,Lost,,,TexasRepresentative16,Yes,
Blanca Ortiz Trout,No,Yes,Texas,3/3/2020,Representative,16,Female,N/A,N/A,N/A,10,Lost,,,TexasRepresentative16,Yes,yes
Sam Williams,No,Yes,Texas,3/3/2020,Representative,16,Male,N/A,N/A,N/A,31,Lost,,,TexasRepresentative16,Yes,
Ahmad Adnan,No,Yes,Texas,3/3/2020,Representative,17,Male,N/A,N/A,N/A,1,Lost,,,TexasRepresentative17,Yes,
Scott Bland,No,Yes,Texas,3/3/2020,Representative,17,Male,N/A,N/A,N/A,7,Lost,,,TexasRepresentative17,Yes,
George Hindman,No,Yes,Texas,3/3/2020,Representative,17,Male,N/A,N/A,N/A,18,Lost,,,TexasRepresentative17,Yes,
Todd Kent,No,Yes,Texas,3/3/2020,Representative,17,Male,N/A,N/A,N/A,3,Lost,,,TexasRepresentative17,Yes,
Laurie Godfrey McReynolds,No,Yes,Texas,3/3/2020,Representative,17,Female,N/A,N/A,N/A,2,Lost,,,TexasRepresentative17,Yes,yes
Jeff Oppenheim,No,Yes,Texas,3/3/2020,Representative,17,Male,N/A,N/A,N/A,1,Lost,,,TexasRepresentative17,Yes,
Kristen Alamo Rowin,No,Yes,Texas,3/3/2020,Representative,17,Female,N/A,N/A,N/A,2,Lost,,,TexasRepresentative17,Yes,yes
David Saucedo,No,Yes,Texas,3/3/2020,Representative,17,Male,N/A,N/A,N/A,1,Lost,,,TexasRepresentative17,Yes,
Pete Sessions,No,Yes,Texas,3/3/2020,Representative,17,Male,N/A,N/A,N/A,32,Won,,,TexasRepresentative17,Yes,
Trent Sutton,No,Yes,Texas,3/3/2020,Representative,17,Male,N/A,N/A,N/A,5,Lost,,,TexasRepresentative17,Yes,
Renée Swann,No,Yes,Texas,3/3/2020,Representative,17,Female,N/A,N/A,N/A,19,Lost,,,TexasRepresentative17,Yes,yes
Elianor Vessali,No,Yes,Texas,3/3/2020,Representative,17,Female,N/A,N/A,N/A,9,Lost,,,TexasRepresentative17,Yes,yes
Robert M. Cadena,No,Yes,Texas,3/3/2020,Representative,18,Male,N/A,N/A,N/A,21,Lost,,,TexasRepresentative18,Yes,
Wendell Champion,No,Yes,Texas,3/3/2020,Representative,18,Male,N/A,N/A,N/A,35,Won,,,TexasRepresentative18,Yes,
Truly Heiskell,No,Yes,Texas,3/3/2020,Representative,18,Female,N/A,N/A,N/A,7,Lost,,,TexasRepresentative18,Yes,yes
TC Manning,No,Yes,Texas,3/3/2020,Representative,18,Male,N/A,N/A,N/A,19,Lost,,,TexasRepresentative18,Yes,
Nathan J. Milliron,No,Yes,Texas,3/3/2020,Representative,18,Male,N/A,N/A,N/A,11,Lost,,,TexasRepresentative18,Yes,
Ava Reynero Pate,No,Yes,Texas,3/3/2020,Representative,18,Female,N/A,N/A,N/A,8,Lost,,,TexasRepresentative18,Yes,yes
Jodey Arrington,Yes,No,Texas,3/3/2020,Representative,19,Male,Yes,N/A,N/A,89,Won,,yes,TexasRepresentative19,No,
Vance Boyd,No,No,Texas,3/3/2020,Representative,19,Male,No,N/A,N/A,11,Lost,,,TexasRepresentative19,No,
Gary Allen,No,Yes,Texas,3/3/2020,Representative,20,Male,N/A,N/A,N/A,27,Lost,,,TexasRepresentative20,Yes,
Dominick Dina,No,Yes,Texas,3/3/2020,Representative,20,Male,N/A,N/A,N/A,23,Lost,,,TexasRepresentative20,Yes,
Mauro Garza,No,Yes,Texas,3/3/2020,Representative,20,Male,N/A,N/A,N/A,33,Won,,,TexasRepresentative20,Yes,
Anita Kegley,No,Yes,Texas,3/3/2020,Representative,20,Female,N/A,N/A,N/A,10,Lost,,,TexasRepresentative20,Yes,yes
Tammy Orta,No,Yes,Texas,3/3/2020,Representative,20,Female,N/A,N/A,N/A,8,Lost,,,TexasRepresentative20,Yes,yes
Chip Roy,Yes,No,Texas,3/3/2020,Representative,21,Male,N/A,N/A,N/A,100,Won,,,TexasRepresentative21,No,
Pierce Bush,No,Yes,Texas,3/3/2020,Representative,22,Male,N/A,N/A,N/A,15,Lost,,,TexasRepresentative22,Yes,
Jon Camarillo,No,Yes,Texas,3/3/2020,Representative,22,Male,N/A,N/A,N/A,1,Lost,,,TexasRepresentative22,Yes,
Douglas Haggard,No,Yes,Texas,3/3/2020,Representative,22,Male,N/A,N/A,N/A,1,Lost,,,TexasRepresentative22,Yes,
Aaron Hermes,No,Yes,Texas,3/3/2020,Representative,22,Male,N/A,N/A,N/A,0,Lost,,,TexasRepresentative22,Yes,
Greg Hill,No,Yes,Texas,3/3/2020,Representative,22,Male,N/A,N/A,N/A,14,Lost,,,TexasRepresentative22,Yes,
Matt Hinton,No,Yes,Texas,3/3/2020,Representative,22,Male,N/A,N/A,N/A,0,Lost,,,TexasRepresentative22,Yes,
Dan Mathews,No,Yes,Texas,3/3/2020,Representative,22,Male,N/A,N/A,N/A,3,Lost,,,TexasRepresentative22,Yes,
Diana Miller,No,Yes,Texas,3/3/2020,Representative,22,Female,N/A,N/A,N/A,1,Lost,,,TexasRepresentative22,Yes,yes
Troy Nehls,No,Yes,Texas,3/3/2020,Representative,22,Male,N/A,N/A,N/A,40,Won,,,TexasRepresentative22,Yes,
Brandon Penko,No,Yes,Texas,3/3/2020,Representative,22,Male,N/A,N/A,N/A,0,Lost,,,TexasRepresentative22,Yes,
Shandon Phan,No,Yes,Texas,3/3/2020,Representative,22,Male,N/A,N/A,N/A,1,Lost,,,TexasRepresentative22,Yes,
Bangar Reddy,No,Yes,Texas,3/3/2020,Representative,22,Male,N/A,N/A,N/A,2,Lost,,,TexasRepresentative22,Yes,
Howard Steele,No,Yes,Texas,3/3/2020,Representative,22,Male,N/A,N/A,N/A,0,Lost,,,TexasRepresentative22,Yes,
Kathaleen Wall,No,Yes,Texas,3/3/2020,Representative,22,Female,N/A,N/A,N/A,19,Lost,,,TexasRepresentative22,Yes,yes
Joe Walz,No,Yes,Texas,3/3/2020,Representative,22,Male,N/A,N/A,N/A,1,Lost,,,TexasRepresentative22,Yes,
Alma Arredondo-Lynch,No,Yes,Texas,3/3/2020,Representative,23,Female,N/A,N/A,N/A,13,Lost,,,TexasRepresentative23,Yes,yes
Darwin Boedeker,No,Yes,Texas,3/3/2020,Representative,23,Male,N/A,N/A,N/A,2,Lost,,,TexasRepresentative23,Yes,
Tony Gonzales,No,Yes,Texas,3/3/2020,Representative,23,Male,Yes,N/A,N/A,28,Won,,yes,TexasRepresentative23,Yes,
"Cecil B. ""Burt"" Jones",No,Yes,Texas,3/3/2020,Representative,23,Male,N/A,N/A,N/A,4,Lost,,,TexasRepresentative23,Yes,
Jeff McFarlin,No,Yes,Texas,3/3/2020,Representative,23,Male,N/A,N/A,N/A,10,Lost,,,TexasRepresentative23,Yes,
Raul Reyes,No,Yes,Texas,3/3/2020,Representative,23,Male,No,N/A,N/A,23,Lost,,UPDATED,TexasRepresentative23,Yes,
Sharon Breckenridge Thomas,No,Yes,Texas,3/3/2020,Representative,23,Female,N/A,N/A,N/A,6,Lost,,,TexasRepresentative23,Yes,yes
Alía Ureste,No,Yes,Texas,3/3/2020,Representative,23,Female,N/A,N/A,N/A,3,Lost,,,TexasRepresentative23,Yes,yes
Ben Van Winkle,No,Yes,Texas,3/3/2020,Representative,23,Male,N/A,N/A,N/A,11,Lost,,,TexasRepresentative23,Yes,
Sunny Chaparala,No,Yes,Texas,3/3/2020,Representative,24,Female,No,No,No,6,Lost,,,TexasRepresentative24,Yes,yes
David Fegan,No,Yes,Texas,3/3/2020,Representative,24,Male,No,No,No,21,Lost,,,TexasRepresentative24,Yes,
Jeron Liverman,No,Yes,Texas,3/3/2020,Representative,24,Male,No,No,No,4,Lost,,,TexasRepresentative24,Yes,
Desi Maes,No,Yes,Texas,3/3/2020,Representative,24,Male,No,No,No,6,Lost,,,TexasRepresentative24,Yes,
Beth Van Duyne,No,Yes,Texas,3/3/2020,Representative,24,Female,Yes,Yes,Yes,64,Won,,yes,TexasRepresentative24,Yes,yes
Keith Neuendorff,No,No,Texas,3/3/2020,Representative,25,Male,No,N/A,N/A,12,Lost,,,TexasRepresentative25,No,
Roger Williams,Yes,No,Texas,3/3/2020,Representative,25,Male,Yes,N/A,N/A,88,Won,,yes,TexasRepresentative25,No,
Michael Armstrong,No,No,Texas,3/3/2020,Representative,26,Male,No,N/A,N/A,8,Lost,,,TexasRepresentative26,No,
Michael C. Burgess,Yes,No,Texas,3/3/2020,Representative,26,Male,Yes,N/A,N/A,74,Won,,yes,TexasRepresentative26,No,
Jason Mrochek,No,No,Texas,3/3/2020,Representative,26,Male,No,N/A,N/A,7,Lost,,,TexasRepresentative26,No,
Jack Wyman,No,No,Texas,3/3/2020,Representative,26,Male,No,N/A,N/A,11,Lost,,,TexasRepresentative26,No,
Michael Cloud,Yes,No,Texas,3/3/2020,Representative,27,Male,N/A,N/A,N/A,100,Won,,,TexasRepresentative27,No,
Sandra Whitten,No,Yes,Texas,3/3/2020,Representative,28,Female,N/A,N/A,N/A,100,Won,,,TexasRepresentative28,No,yes
Jaimy Blanco,No,Yes,Texas,3/3/2020,Representative,29,Female,N/A,N/A,N/A,57,Won,,,TexasRepresentative29,Yes,yes
Robert Schafranek,No,Yes,Texas,3/3/2020,Representative,29,Male,N/A,N/A,N/A,43,Lost,,,TexasRepresentative29,Yes,
Tre Pennie,No,Yes,Texas,3/3/2020,Representative,30,Male,N/A,N/A,N/A,100,Won,,,TexasRepresentative30,No,
John Carter,Yes,No,Texas,3/3/2020,Representative,31,Male,Yes,N/A,N/A,82,Won,,yes,TexasRepresentative31,No,
Abhiram Garapati,No,No,Texas,3/3/2020,Representative,31,Male,No,N/A,N/A,4,Lost,,,TexasRepresentative31,No,
Christopher Wall,No,No,Texas,3/3/2020,Representative,31,Male,No,N/A,N/A,5,Lost,,,TexasRepresentative31,No,
Mike Williams,No,No,Texas,3/3/2020,Representative,31,Male,No,N/A,N/A,9,Lost,,,TexasRepresentative31,No,
Genevieve Collins,No,Yes,Texas,3/3/2020,Representative,32,Female,N/A,Yes,Yes,53,Won,,,TexasRepresentative32,Yes,yes
Jon Hollis,No,Yes,Texas,3/3/2020,Representative,32,Male,N/A,No,No,4,Lost,,,TexasRepresentative32,Yes,
Floyd McLendon,No,Yes,Texas,3/3/2020,Representative,32,Male,N/A,No,No,34,Lost,,,TexasRepresentative32,Yes,
Mark Sackett,No,Yes,Texas,3/3/2020,Representative,32,Male,N/A,No,No,4,Lost,,,TexasRepresentative32,Yes,
Jeff Tokar,No,Yes,Texas,3/3/2020,Representative,32,Male,N/A,No,No,4,Lost,,,TexasRepresentative32,Yes,
Fabian Cordova Vasquez,No,Yes,Texas,3/3/2020,Representative,33,Male,N/A,N/A,N/A,100,Won,,,TexasRepresentative33,No,
Rey Gonzalez,No,Yes,Texas,3/3/2020,Representative,34,Male,N/A,N/A,N/A,56,Won,,,TexasRepresentative34,No,
Rod Lingsch,No,Yes,Texas,3/3/2020,Representative,34,Male,N/A,N/A,N/A,44,Lost,,,TexasRepresentative34,No,
"William ""Guillermo"" Hayward",No,Yes,Texas,3/3/2020,Representative,35,Male,N/A,N/A,N/A,34,Lost,,,TexasRepresentative35,Yes,
Nick Moutos,No,Yes,Texas,3/3/2020,Representative,35,Male,N/A,N/A,N/A,29,Lost,,,TexasRepresentative35,Yes,
Jenny Garcia Sharon,No,Yes,Texas,3/3/2020,Representative,35,Female,N/A,N/A,N/A,37,Won,,,TexasRepresentative35,Yes,yes
Brian Babin,Yes,No,Texas,3/3/2020,Representative,36,Male,Yes,N/A,N/A,90,Won,,yes,TexasRepresentative36,No,
RJ Boatman,No,No,Texas,3/3/2020,Representative,36,Male,No,N/A,N/A,10,Lost,,,TexasRepresentative36,No,