,Personal Data,,,,,,,,Electoral Data,,,,,,,,,,,,Endorsement Data,,,,,,,,,Misc. Stuff
Candidate,Gender,Race 1,Race 2,Race 3,Big Lie,Big Lie Date,Big Lie Recanvasser,Big Lie Notes,Incumbent,Incumbent Challenger,State,Primary Date,Office,District,Primary Votes,Primary %,Primary Outcome,Runoff Votes,Runoff %,Runoff Outcome,Trump,Trump Date,Club for Growth,Party Committee,Renew America,E-PAC,VIEW PAC,Maggie's List,Winning for Women,Notes
"Aditya ""A.D."" Atholi",Male,Asian (Indian),,,N/A,,N/A (they are N/A),,No,No,Texas,3/1/2022,Representative,1,"6,186",8%,Lost,N/A,N/A,N/A,N/A,N/A,N/A,N/A,N/A,N/A,N/A,N/A,N/A,
Joe McDaniel,Male,White,,,?,2/28/2023,Nathaniel,"""I’m concerned about election integrity and the security of these voting machines just like you. It’s recklessly naïve to wave such concerns off as ‘conspiracy.’""",No,No,Texas,3/1/2022,Representative,1,"19,708",24%,Lost,N/A,N/A,N/A,N/A,N/A,N/A,N/A,N/A,N/A,N/A,N/A,N/A,
Nathaniel Moran,Male,White,,,?,12/1/2022,N/A (checked against interactive),,No,No,Texas,3/1/2022,Representative,1,"51,312",63%,Won,N/A,N/A,N/A,N/A,N/A,N/A,N/A,N/A,N/A,N/A,N/A,N/A,
John Porro,Male,White,,,N/A,3/6/2023,Kaleigh,,No,No,Texas,3/1/2022,Representative,1,"4,238",5%,Lost,N/A,N/A,N/A,N/A,N/A,N/A,N/A,N/A,N/A,N/A,N/A,N/A,
Dan Crenshaw,Male,White,,,No?,12/1/2022,N/A (checked against interactive),"“It’s just something you have to accept,” Crenshaw said. “Is there a lot of voter fraud? Yeah, there probably is. Enough that Trump won? No, absolutely not. Absolutely not. Five different states? Hundreds of thousands of votes? You’re kidding yourself.”",Yes,No,Texas,3/1/2022,Representative,2,"45,863",74%,Won,N/A,N/A,N/A,N/A,N/A,N/A,N/A,N/A,N/A,N/A,N/A,N/A,
Jameson Ellis,Male,White,,,Yes,,Maya,,No,Yes,Texas,3/1/2022,Representative,2,"10,195",17%,Lost,N/A,N/A,N/A,N/A,N/A,N/A,N/A,N/A,N/A,N/A,N/A,N/A,
Martin Etwop,Male,Black,,,?,2/28/2023,Nathaniel,"Supports ""audit""",No,Yes,Texas,3/1/2022,Representative,2,"2,785",5%,Lost,N/A,N/A,N/A,N/A,N/A,N/A,N/A,N/A,N/A,N/A,N/A,N/A,
Milam Langella,Male,White,,,N/A,3/5/2023,Kaleigh,,No,Yes,Texas,3/1/2022,Representative,2,"2,741",4%,Lost,N/A,N/A,N/A,N/A,N/A,N/A,N/A,N/A,N/A,N/A,N/A,N/A,
Suzanne Harp,Female,White,,,Yes,,Maya,,No,Yes,Texas,3/1/2022,Representative,3,"13,375",21%,Lost,N/A,N/A,N/A,N/A,N/A,N/A,N/A,N/A,N/A,N/A,N/A,N/A,
Jeremy D. Ivanovskis,Male,White,,,Yes,2/28/2023,Nathaniel,,No,Yes,Texas,3/1/2022,Representative,3,818,1%,Lost,N/A,N/A,N/A,N/A,N/A,N/A,N/A,N/A,N/A,N/A,N/A,N/A,
Keith Self,Male,White,,,Yes,12/1/2022,N/A (checked against interactive),,No,Yes,Texas,3/1/2022,Representative,3,"17,058",26%,Won,N/A,N/A,N/A,N/A,N/A,N/A,N/A,N/A,N/A,N/A,N/A,N/A,
Van Taylor,Male,White,,,No,3/5/2023,Kaleigh,,Yes,No,Texas,3/1/2022,Representative,3,"31,489",49%,Lost,N/A,N/A,N/A,N/A,N/A,N/A,N/A,N/A,N/A,N/A,N/A,N/A,Withdrew; runoff canceled
Rickey Williams,Male,White,,,N/A,,Maya,,No,Yes,Texas,3/1/2022,Representative,3,"1,731",3%,Lost,N/A,N/A,N/A,N/A,N/A,N/A,N/A,N/A,N/A,N/A,N/A,N/A,
Pat Fallon,Male,White,,,Yes,12/1/2022,N/A (checked against interactive),Voted to overturn election,Yes,No,Texas,3/1/2022,Representative,4,"41,297",59%,Won,N/A,N/A,N/A,Yes,11/11/2021,N/A,N/A,N/A,N/A,N/A,N/A,N/A,
John E. Harper,Male,White,,,N/A,,N/A (they are N/A),,No,Yes,Texas,3/1/2022,Representative,4,"7,576",11%,Lost,N/A,N/A,N/A,No,N/A,N/A,N/A,N/A,N/A,N/A,N/A,N/A,
Dan Thomas,Male,White,,,N/A,,N/A (they are N/A),,No,Yes,Texas,3/1/2022,Representative,4,"21,168",30%,Lost,N/A,N/A,N/A,No,N/A,N/A,N/A,N/A,N/A,N/A,N/A,N/A,
Lance Gooden,Male,White,,,Yes,12/1/2022,N/A (checked against interactive),Voted to overturn election,Yes,No,Texas,3/1/2022,Representative,5,"47,692",100%,Won,N/A,N/A,N/A,Yes,2/16/2022,N/A,N/A,N/A,N/A,N/A,N/A,N/A,
James Buford,Male,White,,,N/A,,N/A (they are N/A),,No,Yes,Texas,3/1/2022,Representative,6,"8,636",16%,Lost,N/A,N/A,N/A,No,N/A,N/A,N/A,N/A,N/A,N/A,N/A,N/A,
Jake Ellzey,Male,White,,,?,12/1/2022,N/A (checked against interactive),,Yes,No,Texas,3/1/2022,Representative,6,"38,683",71%,Won,N/A,N/A,N/A,Yes,2/17/2022,N/A,N/A,N/A,N/A,N/A,N/A,N/A,
Bill Payne,Male,Unknown,,,N/A,,N/A (they are N/A),,No,Yes,Texas,3/1/2022,Representative,6,"7,008",13%,Lost,N/A,N/A,N/A,No,N/A,N/A,N/A,N/A,N/A,N/A,N/A,N/A,
Rudy A. Atencio,Male,Latino (Venezuelan),,,Yes,2/28/2023,Nathaniel,,No,No,Texas,3/1/2022,Representative,7,"1,024",5%,Lost,N/A,N/A,N/A,N/A,N/A,N/A,N/A,N/A,N/A,N/A,N/A,N/A,
Tina Blum Cohen,Female,White,,,N/A,,N/A (they are N/A),,No,No,Texas,3/1/2022,Representative,7,"1,792",8%,Lost,N/A,N/A,N/A,N/A,N/A,N/A,N/A,N/A,N/A,N/A,N/A,N/A,
Benson Gitau,Male,Black,,,N/A,,N/A (they are N/A),,No,No,Texas,3/1/2022,Representative,7,422,2%,Lost,N/A,N/A,N/A,N/A,N/A,N/A,N/A,N/A,N/A,N/A,N/A,N/A,
Laique Rehman,Male,Asian,,,?,3/5/2023,Kaleigh,,No,No,Texas,3/1/2022,Representative,7,977,5%,Lost,N/A,N/A,N/A,N/A,N/A,N/A,N/A,N/A,N/A,N/A,N/A,N/A,
Lance Stewart,Male,White,,,N/A,,Maya,,No,No,Texas,3/1/2022,Representative,7,"1,764",8%,Lost,N/A,N/A,N/A,N/A,N/A,N/A,N/A,N/A,N/A,N/A,N/A,N/A,
Tim Stroud,Male,White,,,Yes,2/28/2023,Nathaniel,"""Take Rudy Atencio, candidate for the District 7 congressional seat. He came across as smart and reasonable, if scripted, until he told us he was convinced that Joe Biden’s mostly stay-at-home campaign strategy never could have defeated Trump, no matter what the election totals say. On a follow-up call, he told us Trump may have lost the popular vote but the Electoral College vote just had to have been stolen.""",No,No,Texas,3/1/2022,Representative,7,"6,346",29%,Made runoff,"5,239",36%,Lost,N/A,N/A,N/A,N/A,N/A,N/A,N/A,N/A,N/A,
Johnny Teague,Male,White,,,?,12/1/2022,N/A (checked against interactive),,No,No,Texas,3/1/2022,Representative,7,"9,293",43%,Made runoff,"9,152",64%,Won,N/A,N/A,N/A,N/A,N/A,N/A,N/A,N/A,N/A,
Betsy Bates,Female,White,,,N/A,,N/A (they are N/A),,No,No,Texas,3/1/2022,Representative,8,712,1%,Lost,N/A,N/A,N/A,N/A,N/A,N/A,N/A,N/A,N/A,N/A,N/A,N/A,
Candice C. Burrows,Female,White,,,N/A,,N/A (they are N/A),,No,No,Texas,3/1/2022,Representative,8,"1,519",2%,Lost,N/A,N/A,N/A,N/A,N/A,N/A,N/A,N/A,N/A,N/A,N/A,N/A,
Christian Collins,Male,White,,,Yes,3/5/2023,Kaleigh,,No,No,Texas,3/1/2022,Representative,8,"14,659",22%,Lost,N/A,N/A,N/A,N/A,N/A,N/A,N/A,N/A,N/A,N/A,N/A,N/A,
Jonathan Hullihan,Male,White,,,Yes,,Maya,,No,No,Texas,3/1/2022,Representative,8,"8,296",13%,Lost,N/A,N/A,N/A,N/A,N/A,N/A,N/A,N/A,N/A,N/A,N/A,N/A,
Morgan Luttrell,Male,White,,,Yes,12/1/2022,N/A (checked against interactive),,No,No,Texas,3/1/2022,Representative,8,"34,271",52%,Won,N/A,N/A,N/A,N/A,N/A,N/A,N/A,N/A,N/A,N/A,N/A,N/A,
Dan McKaughan,Male,White,,,N/A,2/28/2023,Nathaniel,,No,No,Texas,3/1/2022,Representative,8,"1,585",2%,Lost,N/A,N/A,N/A,N/A,N/A,N/A,N/A,N/A,N/A,N/A,N/A,N/A,
Jonathan A. Mitchell,Male,White,,,N/A,,N/A (they are N/A),,No,No,Texas,3/1/2022,Representative,8,791,1%,Lost,N/A,N/A,N/A,N/A,N/A,N/A,N/A,N/A,N/A,N/A,N/A,N/A,
Chuck Montgomery,Male,White,,,N/A,,N/A (they are N/A),,No,No,Texas,3/1/2022,Representative,8,"1,169",2%,Lost,N/A,N/A,N/A,N/A,N/A,N/A,N/A,N/A,N/A,N/A,N/A,N/A,
Michael Philips,Male,White,,,N/A,,N/A (they are N/A),,No,No,Texas,3/1/2022,Representative,8,871,1%,Lost,N/A,N/A,N/A,N/A,N/A,N/A,N/A,N/A,N/A,N/A,N/A,N/A,
Jessica Wellington,Female,White,,,N/A,,N/A (they are N/A),,No,No,Texas,3/1/2022,Representative,8,"1,550",2%,Lost,N/A,N/A,N/A,N/A,N/A,N/A,N/A,N/A,N/A,N/A,N/A,N/A,
Taylor M. Whichard IV,Male,White,,,N/A,3/5/2023,Kaleigh,,No,No,Texas,3/1/2022,Representative,8,295,0%,Lost,N/A,N/A,N/A,N/A,N/A,N/A,N/A,N/A,N/A,N/A,N/A,N/A,
Jimmy I. Leon,Male,Unknown,,,N/A,12/1/2022,N/A (checked against interactive),,No,No,Texas,3/1/2022,Representative,9,"10,503",100%,Won,N/A,N/A,N/A,N/A,N/A,N/A,N/A,N/A,N/A,N/A,N/A,N/A,
Michael McCaul,Male,White,,,No?,12/1/2022,N/A (checked against interactive),"Voted to certify election results, but has concerns about election integrity",Yes,No,Texas,3/1/2022,Representative,10,"63,920",100%,Won,N/A,N/A,N/A,Yes,11/11/2021,N/A,N/A,N/A,N/A,N/A,N/A,N/A,
August Pfluger,Male,White,,,Yes,12/1/2022,N/A (checked against interactive),Voted to overturn election,Yes,No,Texas,3/1/2022,Representative,11,"61,479",100%,Won,N/A,N/A,N/A,Yes,11/9/2021,N/A,N/A,N/A,N/A,N/A,N/A,N/A,
Ryan J. Catala,Male,White,,,N/A,,N/A (they are N/A),,No,Yes,Texas,3/1/2022,Representative,12,"8,759",14%,Lost,N/A,N/A,N/A,No,N/A,N/A,N/A,N/A,N/A,No,No,N/A,
Kay Granger,Female,White,,,No,12/1/2022,N/A (checked against interactive),,Yes,No,Texas,3/1/2022,Representative,12,"46,779",75%,Won,N/A,N/A,N/A,Yes,2/17/2022,N/A,N/A,N/A,N/A,Yes,Yes,N/A,
Alysia Rieg,Female,Asian (Vietnamese),White,,N/A,,Maya,,No,Yes,Texas,3/1/2022,Representative,12,"6,662",11%,Lost,N/A,N/A,N/A,No,N/A,N/A,N/A,N/A,N/A,No,No,N/A,
Ronny Jackson,Male,White,,,Yes,12/1/2022,N/A (checked against interactive),Voted to overturn election,Yes,No,Texas,3/1/2022,Representative,13,"71,554",100%,Won,N/A,N/A,N/A,Yes,12/13/2021,N/A,N/A,N/A,N/A,N/A,N/A,N/A,
Keith Casey,Male,White,,,N/A,,N/A (they are N/A),,No,Yes,Texas,3/1/2022,Representative,14,"5,178",8%,Lost,N/A,N/A,N/A,No,N/A,N/A,N/A,N/A,N/A,N/A,N/A,N/A,
Ruben Landon Dante,Male,Latino,,,Yes,2/28/2023,Nathaniel,,No,Yes,Texas,3/1/2022,Representative,14,"1,854",3%,Lost,N/A,N/A,N/A,No,N/A,N/A,N/A,N/A,N/A,N/A,N/A,N/A,
Randy Weber,Male,White,,,Yes,12/1/2022,N/A (checked against interactive),Voted to overturn election,Yes,No,Texas,3/1/2022,Representative,14,"58,439",89%,Won,N/A,N/A,N/A,Yes,2/16/2022,N/A,N/A,N/A,N/A,N/A,N/A,N/A,
Sara Canady,Female,White,,,N/A,,N/A (they are N/A),,No,No,Texas,3/1/2022,Representative,15,"2,741",9%,Lost,N/A,N/A,N/A,No,N/A,N/A,No,N/A,No,No,No,No,
Aizar Cavazos,Male,Latino,,,N/A,,N/A (they are N/A),,No,No,Texas,3/1/2022,Representative,15,504,2%,Lost,N/A,N/A,N/A,No,N/A,N/A,No,N/A,No,No,No,No,
Vangela Churchill,Female,Latino,,,N/A,3/5/2023,Kaleigh,,No,No,Texas,3/1/2022,Representative,15,298,1%,Lost,N/A,N/A,N/A,No,N/A,N/A,No,N/A,No,No,No,No,
Monica De La Cruz,Female,Latino (Mexican),,,Yes,12/1/2022,N/A (checked against interactive),,No,No,Texas,3/1/2022,Representative,15,"16,835",57%,Won,N/A,N/A,N/A,Yes,2/17/2022,N/A,Yes,N/A,Yes,Yes,Yes,Yes,
Mauro Garza,Male,Latino,,,?,2/28/2023,Nathaniel,Shared Ted Cruz post saying he was voting no on certification,No,No,Texas,3/1/2022,Representative,15,"4,544",15%,Lost,N/A,N/A,N/A,No,N/A,N/A,No,N/A,No,No,No,No,
Angela Juarez,Female,Unknown,,,N/A,,N/A (they are N/A),,No,No,Texas,3/1/2022,Representative,15,416,1%,Lost,N/A,N/A,N/A,No,N/A,N/A,No,N/A,No,No,No,No,
Ryan Krause,Male,White,,,N/A,,N/A (they are N/A),,No,No,Texas,3/1/2022,Representative,15,"2,728",9%,Lost,N/A,N/A,N/A,No,N/A,N/A,No,N/A,No,No,No,No,
John C. Lerma,Male,White,,,N/A,,N/A (they are N/A),,No,No,Texas,3/1/2022,Representative,15,658,2%,Lost,N/A,N/A,N/A,No,N/A,N/A,No,N/A,No,No,No,No,
Steve Schmuker Jr,Male,White,,,N/A,,N/A (they are N/A),,No,No,Texas,3/1/2022,Representative,15,"1,064",4%,Lost,N/A,N/A,N/A,No,N/A,N/A,No,N/A,No,No,No,No,
Irene Armendariz-Jackson,Female,Latino (Mexican),,,Yes,12/1/2022,N/A (checked against interactive),,No,No,Texas,3/1/2022,Representative,16,"12,623",100%,Won,N/A,N/A,N/A,N/A,N/A,N/A,N/A,N/A,N/A,N/A,N/A,N/A,Her campaign material hyphenates her last name; the Texas SOS site incorrectly lists her first name and first surname as one word
Paulette Carson,Female,White,,,Yes,3/5/2023,Kaleigh,,No,Yes,Texas,3/1/2022,Representative,17,"7,246",11%,Lost,N/A,N/A,N/A,N/A,N/A,N/A,N/A,N/A,N/A,N/A,N/A,N/A,"Link says Carson is running in TX-8, but she's actually running in TX-17"
"Jason ""Stormchaser"" Nelson",Male,White,,,Yes,,Maya,,No,Yes,Texas,3/1/2022,Representative,17,"8,371",12%,Lost,N/A,N/A,N/A,N/A,N/A,N/A,N/A,N/A,N/A,N/A,N/A,N/A,
Rob Rosenberger,Male,White,,,No,2/28/2023,Nathaniel,,No,Yes,Texas,3/1/2022,Representative,17,"5,100",7%,Lost,N/A,N/A,N/A,N/A,N/A,N/A,N/A,N/A,N/A,N/A,N/A,N/A,
Pete Sessions,Male,White,,,Yes,12/1/2022,N/A (checked against interactive),Voted to overturn election,Yes,No,Texas,3/1/2022,Representative,17,"48,222",70%,Won,N/A,N/A,N/A,N/A,N/A,N/A,N/A,N/A,N/A,N/A,N/A,N/A,
Carmen Maria Montiel,Female,Latino (Venezuelan),,,Yes,12/1/2022,N/A (checked against interactive),,No,No,Texas,3/1/2022,Representative,18,"11,087",100%,Won,N/A,N/A,N/A,N/A,N/A,N/A,N/A,N/A,N/A,N/A,N/A,N/A,
Jodey C. Arrington,Male,White,,,Yes,12/1/2022,N/A (checked against interactive),Voted to overturn election,Yes,No,Texas,3/1/2022,Representative,19,"68,503",100%,Won,N/A,N/A,N/A,Yes,2/17/2022,N/A,N/A,N/A,N/A,N/A,N/A,N/A,
Kyle Sinclair,Male,White,,,N/A,12/1/2022,N/A (checked against interactive),,No,No,Texas,3/1/2022,Representative,20,"15,938",100%,Won,N/A,N/A,N/A,N/A,N/A,N/A,N/A,N/A,N/A,N/A,N/A,N/A,
Michael Alexander French,Male,White,,,N/A,3/5/2023,Kaleigh,,No,Yes,Texas,3/1/2022,Representative,21,"3,886",4%,Lost,N/A,N/A,N/A,N/A,N/A,No,N/A,N/A,N/A,N/A,N/A,N/A,
Robert Lowry,Male,White,,,N/A,,N/A (they are N/A),,No,Yes,Texas,3/1/2022,Representative,21,"7,642",8%,Lost,N/A,N/A,N/A,N/A,N/A,No,N/A,N/A,N/A,N/A,N/A,N/A,
Chip Roy,Male,White,,,No,12/1/2022,N/A (checked against interactive),,Yes,No,Texas,3/1/2022,Representative,21,"78,087",83%,Won,N/A,N/A,N/A,N/A,N/A,Yes,N/A,N/A,N/A,N/A,N/A,N/A,
Dana Zavorka,Female,White,,,N/A,,N/A (they are N/A),,No,Yes,Texas,3/1/2022,Representative,21,"4,206",4%,Lost,N/A,N/A,N/A,N/A,N/A,No,N/A,N/A,N/A,N/A,N/A,N/A,
Troy E. Nehls,Male,White,,,Yes,12/1/2022,N/A (checked against interactive),Voted to overturn election,Yes,No,Texas,3/1/2022,Representative,22,"50,281",87%,Won,N/A,N/A,N/A,Yes,2/16/2022,N/A,N/A,N/A,N/A,N/A,N/A,N/A,
Gregory Jonathan Thorne,Male,White,,,No?,,Maya,"Affirms that Biden won, but has questions about 2020 election integrity",No,Yes,Texas,3/1/2022,Representative,22,"7,378",13%,Lost,N/A,N/A,N/A,No,N/A,N/A,N/A,N/A,N/A,N/A,N/A,N/A,
Alma Arredondo-Lynch,Female,Latino (Mexican),,,Yes,2/28/2023,Nathaniel,Participated in insurrection,No,Yes,Texas,3/1/2022,Representative,23,"7,261",15%,Lost,N/A,N/A,N/A,N/A,N/A,N/A,N/A,N/A,N/A,N/A,N/A,N/A,
Alía Garcia,Female,White,,,?,3/5/2023,Kaleigh,"""We know massive voter fraud was committed in the 2020 U.S. Presidential Election.""",No,Yes,Texas,3/1/2022,Representative,23,"3,235",7%,Lost,N/A,N/A,N/A,N/A,N/A,N/A,N/A,N/A,N/A,N/A,N/A,N/A,
Tony Gonzales,Male,Latino (Mexican),,,No?,12/1/2022,N/A (checked against interactive),,Yes,No,Texas,3/1/2022,Representative,23,"37,212",78%,Won,N/A,N/A,N/A,N/A,N/A,N/A,N/A,N/A,N/A,N/A,N/A,N/A,
Beth Van Duyne,Female,White,,,Yes,12/1/2022,N/A (checked against interactive),Voted to overturn election,Yes,No,Texas,3/1/2022,Representative,24,"61,768",85%,Won,N/A,N/A,N/A,Yes,12/10/2021,N/A,N/A,N/A,N/A,Yes,Yes,Yes,
Nate Weymouth,Male,White,,,N/A,,N/A (they are N/A),,No,Yes,Texas,3/1/2022,Representative,24,"10,868",15%,Lost,N/A,N/A,N/A,No,N/A,N/A,N/A,N/A,N/A,No,No,No,
Roger Williams,Male,White,,,Yes,12/1/2022,N/A (checked against interactive),Voted to overturn election,Yes,No,Texas,3/1/2022,Representative,25,"69,418",100%,Won,N/A,N/A,N/A,Yes,12/10/2021,N/A,N/A,N/A,N/A,N/A,N/A,N/A,
Brian Brazeal,Male,White,,,N/A,,N/A (they are N/A),,No,Yes,Texas,3/1/2022,Representative,26,"5,892",9%,Lost,N/A,N/A,N/A,No,N/A,N/A,N/A,N/A,N/A,N/A,N/A,N/A,
Michael C. Burgess,Male,White,,,Yes,12/1/2022,N/A (checked against interactive),Voted to overturn election,Yes,No,Texas,3/1/2022,Representative,26,"42,006",67%,Won,N/A,N/A,N/A,Yes,12/10/2021,N/A,N/A,N/A,N/A,N/A,N/A,N/A,
Vincent Gallo,Male,White,,,N/A,,N/A (they are N/A),,No,Yes,Texas,3/1/2022,Representative,26,"6,437",10%,Lost,N/A,N/A,N/A,No,N/A,N/A,N/A,N/A,N/A,N/A,N/A,N/A,
Raven Harrison,Female,Black,,,N/A,,Maya,,No,Yes,Texas,3/1/2022,Representative,26,"3,427",5%,Lost,N/A,N/A,N/A,No,N/A,N/A,N/A,N/A,N/A,N/A,N/A,N/A,
Isaac Smith,Male,White,,,N/A,2/28/2023,Nathaniel,,No,Yes,Texas,3/1/2022,Representative,26,"5,085",8%,Lost,N/A,N/A,N/A,No,N/A,N/A,N/A,N/A,N/A,N/A,N/A,N/A,
Andrew Alvarez,Male,White,,,N/A,,N/A (they are N/A),,No,Yes,Texas,3/1/2022,Representative,27,"2,648",4%,Lost,N/A,N/A,N/A,No,N/A,N/A,N/A,N/A,N/A,N/A,N/A,N/A,
Michael Cloud,Male,White,,,Yes,12/1/2022,N/A (checked against interactive),Voted to overturn election,Yes,No,Texas,3/1/2022,Representative,27,"45,741",72%,Won,N/A,N/A,N/A,Yes,12/10/2021,N/A,N/A,N/A,N/A,N/A,N/A,N/A,
A.J. Louderback,Male,White,,,N/A,,N/A (they are N/A),,No,Yes,Texas,3/1/2022,Representative,27,"7,704",12%,Lost,N/A,N/A,N/A,No,N/A,N/A,N/A,N/A,N/A,N/A,N/A,N/A,
Chris Mapp,Male,White,,,Yes,3/5/2023,Kaleigh,,No,Yes,Texas,3/1/2022,Representative,27,"4,542",7%,Lost,N/A,N/A,N/A,No,N/A,N/A,N/A,N/A,N/A,N/A,N/A,N/A,
Eric Mireles,Male,Latino ,,,N/A,,N/A (they are N/A),,No,Yes,Texas,3/1/2022,Representative,27,"2,478",4%,Lost,N/A,N/A,N/A,No,N/A,N/A,N/A,N/A,N/A,N/A,N/A,N/A,
Ed Cabrera,Male,Latino (Cuban),,,N/A,,N/A (they are N/A),,No,No,Texas,3/1/2022,Representative,28,"3,343",13%,Lost,N/A,N/A,N/A,N/A,N/A,N/A,N/A,N/A,No,N/A,N/A,N/A,
Steven Fowler,Male,White,,,N/A,,Maya,,No,No,Texas,3/1/2022,Representative,28,"3,388",13%,Lost,N/A,N/A,N/A,N/A,N/A,N/A,N/A,N/A,No,N/A,N/A,N/A,
Cassy Garcia,Female,Latino (Mexican),,,N/A,12/1/2022,N/A (checked against interactive),,No,No,Texas,3/1/2022,Representative,28,"5,923",24%,Made runoff,"8,485",57%,Won,N/A,N/A,N/A,Yes (runoff only),N/A,Yes (runoff only),Yes (runoff only),Yes (runoff only),Yes (runoff only),
Eric Hohman,Male,White,,,N/A,2/28/2023,Nathaniel,,No,No,Texas,3/1/2022,Representative,28,"2,988",12%,Lost,N/A,N/A,N/A,N/A,N/A,N/A,N/A,N/A,N/A,N/A,N/A,N/A,
Willie Vasquez Ng,Male,Asian,,,N/A,5/3/2023,Kaleigh,,No,No,Texas,3/1/2022,Representative,28,"3,358",13%,Lost,N/A,N/A,N/A,N/A,N/A,N/A,N/A,N/A,N/A,N/A,N/A,N/A,
Rolando Rodriguez,Male,Latino,,,N/A,,N/A (they are N/A),,No,No,Texas,3/1/2022,Representative,28,"1,622",6%,Lost,N/A,N/A,N/A,N/A,N/A,N/A,N/A,N/A,N/A,N/A,N/A,N/A,
Sandra Whitten,Female,White,,,?,,Maya,,No,No,Texas,3/1/2022,Representative,28,"4,534",18%,Made runoff,"6,413",43%,Lost,N/A,N/A,N/A,No (runoff only),N/A,No (runoff only),No (runoff only),No (runoff only),No (runoff only),
Jaimy Blanco,Female,Latino (Mexican),,,Yes,2/28/2023,Nathaniel,,No,No,Texas,3/1/2022,Representative,29,"2,212",26%,Lost,N/A,N/A,N/A,N/A,N/A,N/A,N/A,N/A,N/A,N/A,N/A,N/A,
Lulite Ejigu,Female,Black (Ethiopian),,,No,3/5/2023,Kaleigh,,No,No,Texas,3/1/2022,Representative,29,244,3%,Lost,N/A,N/A,N/A,N/A,N/A,N/A,N/A,N/A,N/A,N/A,N/A,N/A,
Julio Garza,Male,Latino,,,N/A,,N/A (they are N/A),,No,No,Texas,3/1/2022,Representative,29,"2,629",31%,Made runoff,"1,859",39%,Lost,N/A,N/A,N/A,N/A,N/A,N/A,N/A,N/A,N/A,
Robert Schafranek,Male,White,,,N/A,12/1/2022,N/A (checked against interactive),,No,No,Texas,3/1/2022,Representative,29,"3,299",39%,Made runoff,"2,875",61%,Won,N/A,N/A,N/A,N/A,N/A,N/A,N/A,N/A,N/A,
Lizbeth Diaz,Female,Latino (Mexican),,,N/A,,N/A (they are N/A),,No,No,Texas,3/1/2022,Representative,30,"1,416",12%,Lost,N/A,N/A,N/A,N/A,N/A,N/A,N/A,N/A,N/A,N/A,N/A,N/A,
Kelvin Goodwin-Castillo,Male,Latino,,,N/A,,N/A (they are N/A),,No,No,Texas,3/1/2022,Representative,30,"2,023",17%,Lost,N/A,N/A,N/A,N/A,N/A,N/A,N/A,N/A,N/A,N/A,N/A,N/A,
"James ""J. Frank"" Harris",Male,Black,,,N/A,,N/A (they are N/A),,No,No,Texas,3/1/2022,Representative,30,"3,952",33%,Made runoff,"2,339",43%,Lost,N/A,N/A,N/A,N/A,N/A,N/A,N/A,N/A,N/A,
"Dakinya ""Kinya"" Jefferson",Female,Black,,,N/A,,N/A (they are N/A),,No,No,Texas,3/1/2022,Representative,30,703,6%,Lost,N/A,N/A,N/A,N/A,N/A,N/A,N/A,N/A,N/A,N/A,N/A,N/A,
Angeigh J. Roc'Ellerpitts,Female,Unknown,,,N/A,,N/A (they are N/A),,No,No,Texas,3/1/2022,Representative,30,160,1%,Lost,N/A,N/A,N/A,N/A,N/A,N/A,N/A,N/A,N/A,N/A,N/A,N/A,
James Rodgers,Male,White,,,N/A,12/1/2022,N/A (checked against interactive),,No,No,Texas,3/1/2022,Representative,30,"3,754",31%,Made runoff,"3,090",57%,Won,N/A,N/A,N/A,N/A,N/A,N/A,N/A,N/A,N/A,
John Carter,Male,White,,,Yes,12/1/2022,N/A (checked against interactive),Voted to overturn election,Yes,No,Texas,3/1/2022,Representative,31,"50,887",71%,Won,N/A,N/A,N/A,Yes,11/11/2021,N/A,N/A,N/A,N/A,N/A,N/A,N/A,
Abhiram Garapati,Male,Asian ,,,N/A,,Maya,,No,Yes,Texas,3/1/2022,Representative,31,"6,590",9%,Lost,N/A,N/A,N/A,No,N/A,N/A,N/A,N/A,N/A,N/A,N/A,N/A,
Mike Williams,Male,White,,,Yes,2/28/2023,Nathaniel,,No,Yes,Texas,3/1/2022,Representative,31,"14,115",20%,Lost,N/A,N/A,N/A,No,N/A,N/A,N/A,N/A,N/A,N/A,N/A,N/A,
Nathan Davis,Male,White,,,N/A,3/5/2023,Kaleigh,,No,No,Texas,3/1/2022,Representative,32,"3,549",16%,Lost,N/A,N/A,N/A,N/A,N/A,N/A,N/A,N/A,N/A,N/A,N/A,N/A,
Darrell Day,Male,White,,,N/A,,N/A (they are N/A),,No,No,Texas,3/1/2022,Representative,32,"2,321",10%,Lost,N/A,N/A,N/A,N/A,N/A,N/A,N/A,N/A,N/A,N/A,N/A,N/A,
Brad Namdar,Male,Latino,,,N/A,,N/A (they are N/A),,No,No,Texas,3/1/2022,Representative,32,"2,270",10%,Lost,N/A,N/A,N/A,N/A,N/A,N/A,N/A,N/A,N/A,N/A,N/A,N/A,
E.E. Okpa,Male,Black,,,N/A,,N/A (they are N/A),,No,No,Texas,3/1/2022,Representative,32,"1,128",5%,Lost,N/A,N/A,N/A,N/A,N/A,N/A,N/A,N/A,N/A,N/A,N/A,N/A,"Also known as Ejike, Edward"
Antonio Swad,Male,Latino,,,N/A,12/1/2022,N/A (checked against interactive),,No,No,Texas,3/1/2022,Representative,32,"8,962",40%,Made runoff,"6,929",57%,Won,N/A,N/A,N/A,N/A,N/A,N/A,N/A,N/A,N/A,
Justin Webb,Male,White,,,N/A,,N/A (they are N/A),,No,No,Texas,3/1/2022,Representative,32,"4,007",18%,Made runoff,"5,226",43%,Lost,N/A,N/A,N/A,N/A,N/A,N/A,N/A,N/A,N/A,
Patrick David Gillespie,Male,White,,,N/A,12/1/2022,N/A (checked against interactive),,No,No,Texas,3/1/2022,Representative,33,"5,709",63%,Won,N/A,N/A,N/A,N/A,N/A,N/A,N/A,N/A,N/A,N/A,N/A,N/A,
Robert MacGlaflin,Male,White,,,N/A,,N/A (they are N/A),,No,No,Texas,3/1/2022,Representative,33,"3,284",37%,Lost,N/A,N/A,N/A,N/A,N/A,N/A,N/A,N/A,N/A,N/A,N/A,N/A,
Juana Cantu-Cabrera,Female,Latino,,,N/A,,N/A (they are N/A),,No,No,Texas,3/1/2022,Representative,34,"1,115",7%,Lost,N/A,N/A,N/A,N/A,N/A,N/A,N/A,N/A,N/A,N/A,N/A,N/A,
Mayra Flores,Female,Latino (Mexican),,,Yes,12/1/2022,N/A (checked against interactive),"""On January 6, Flores shared a photo of the crowd at the ""Stop the Steal"" rally, writing, ""If we allow the Democrats to steal THIS election, they will steal EVERY election moving forward!""""",No,No,Texas,3/1/2022,Representative,34,"9,490",60%,Won,N/A,N/A,N/A,N/A,N/A,N/A,N/A,N/A,N/A,N/A,N/A,N/A,
Gregory Scott Kunkle Jr.,Male,Latino,,,N/A,,N/A (they are N/A),,No,No,Texas,3/1/2022,Representative,34,"1,677",11%,Lost,N/A,N/A,N/A,N/A,N/A,N/A,N/A,N/A,N/A,N/A,N/A,N/A,
Frank McCaffrey,Male,White,,,N/A,,N/A (they are N/A),,No,No,Texas,3/1/2022,Representative,34,"3,444",22%,Lost,N/A,N/A,N/A,N/A,N/A,N/A,N/A,N/A,N/A,N/A,N/A,N/A,
Bill Condict,Male,White,,,N/A,,N/A (they are N/A),,No,No,Texas,3/1/2022,Representative,35,"1,529",11%,Lost,N/A,N/A,N/A,N/A,N/A,N/A,N/A,N/A,N/A,N/A,N/A,N/A,
Jenai Aragona,Female,White,,,N/A,,N/A (they are N/A),,No,No,Texas,3/1/2022,Representative,35,589,4%,Lost,N/A,N/A,N/A,N/A,N/A,N/A,N/A,N/A,N/A,N/A,N/A,N/A,
Marilyn Jackson,Female,Black,,,N/A,2/28/2023,Nathaniel,,No,No,Texas,3/1/2022,Representative,35,"1,473",11%,Lost,N/A,N/A,N/A,N/A,N/A,N/A,N/A,N/A,N/A,N/A,N/A,N/A,
Alejandro Ledezma,Male,Latino,,,N/A,,N/A (they are N/A),,No,No,Texas,3/1/2022,Representative,35,833,6%,Lost,N/A,N/A,N/A,N/A,N/A,N/A,N/A,N/A,N/A,N/A,N/A,N/A,
Dan McQueen,Male,White,,,N/A,12/1/2022,N/A (checked against interactive),,No,No,Texas,3/1/2022,Representative,35,"2,900",21%,Made runoff,"4,161",61%,Won,N/A,N/A,N/A,N/A,N/A,N/A,N/A,N/A,N/A,
Sam Montoya,Male,Latino,,,Yes,3/5/2023,Kaleigh,Participated in insurrection,No,No,Texas,3/1/2022,Representative,35,"1,227",9%,Lost,N/A,N/A,N/A,N/A,N/A,N/A,N/A,N/A,N/A,N/A,N/A,N/A,
Asa George Kent Palagi,Male,White,,,N/A,,N/A (they are N/A),,No,No,Texas,3/1/2022,Representative,35,327,2%,Lost,N/A,N/A,N/A,N/A,N/A,N/A,N/A,N/A,N/A,N/A,N/A,N/A,
Michael Rodriguez,Male,Unknown,,,N/A,,N/A (they are N/A),,No,No,Texas,3/1/2022,Representative,35,"2,034",15%,Made runoff,"2,632",39%,Lost,N/A,N/A,N/A,N/A,N/A,N/A,N/A,N/A,N/A,
Dan Sawatzki,Male,White,,,N/A,,N/A (they are N/A),,No,No,Texas,3/1/2022,Representative,35,"1,414",10%,Lost,N/A,N/A,N/A,N/A,N/A,N/A,N/A,N/A,N/A,N/A,N/A,N/A,
Jennifer Sundt,Female,White,,,N/A,,N/A (they are N/A),,No,No,Texas,3/1/2022,Representative,35,"1,299",10%,Lost,N/A,N/A,N/A,N/A,N/A,N/A,N/A,N/A,N/A,N/A,N/A,N/A,
Brian Babin,Male,White,,,Yes,12/1/2022,N/A (checked against interactive),Voted to overturn election,Yes,No,Texas,3/1/2022,Representative,36,"59,381",100%,Won,N/A,N/A,N/A,Yes,2/17/2022,N/A,N/A,N/A,N/A,N/A,N/A,N/A,
Jeremiah Diacogiannis,Male,White,,,?,,Maya,,No,No,Texas,3/1/2022,Representative,37,"4,938",25%,Lost,N/A,N/A,N/A,N/A,N/A,N/A,N/A,N/A,N/A,N/A,N/A,N/A,
Rod Lingsch,Male,White,,,N/A,,N/A (they are N/A),,No,No,Texas,3/1/2022,Representative,37,"5,403",28%,Made runoff,"4,791",41%,Lost,N/A,N/A,N/A,N/A,N/A,N/A,N/A,N/A,N/A,
Jenny Garcia Sharon,Female,White,,,Yes,12/1/2022,N/A (checked against interactive),"Tweeted at Biden, ""We did not choose you. Your corruption runs deep & it is doing everything in its power to steal an election."" (Previously a ""?"" based on an election-integrity mention on her website.)",No,No,Texas,3/1/2022,Representative,37,"9,087",47%,Made runoff,"6,923",59%,Won,N/A,N/A,N/A,N/A,N/A,N/A,N/A,N/A,N/A,
Phil Covarrubias,Male,Latino (Mexican),,,N/A,,N/A (they are N/A),,No,No,Texas,3/1/2022,Representative,38,228,0%,Lost,N/A,N/A,N/A,N/A,N/A,N/A,No,N/A,N/A,N/A,N/A,N/A,
Alex Cross,Male,Unknown,,,N/A,,N/A (they are N/A),,No,No,Texas,3/1/2022,Representative,38,460,1%,Lost,N/A,N/A,N/A,N/A,N/A,N/A,No,N/A,N/A,N/A,N/A,N/A,
Jerry Ford,Male,Black,,,No,2/28/2023,Nathaniel,,No,No,Texas,3/1/2022,Representative,38,997,2%,Lost,N/A,N/A,N/A,N/A,N/A,N/A,No,N/A,N/A,N/A,N/A,N/A,
Brett Guillory,Male,White,,,Yes,3/5/2023,Kaleigh,,No,No,Texas,3/1/2022,Representative,38,"1,416",2%,Lost,N/A,N/A,N/A,N/A,N/A,N/A,No,N/A,N/A,N/A,N/A,N/A,
David Hogan,Male,White,,,Yes,,Maya,,No,No,Texas,3/1/2022,Representative,38,"3,125",5%,Lost,N/A,N/A,N/A,N/A,N/A,N/A,No,N/A,N/A,N/A,N/A,N/A,
Wesley Hunt,Male,Black,,,N/A,12/1/2022,N/A (checked against interactive),"Changed from ""?"" based on an election-integrity mention on his website.",No,No,Texas,3/1/2022,Representative,38,"35,291",55%,Won,N/A,N/A,N/A,Yes,2/17/2022,N/A,Yes,N/A,N/A,N/A,N/A,N/A,
Roland Lopez,Male,Latino,,,N/A,2/28/2023,Nathaniel,,No,No,Texas,3/1/2022,Representative,38,"2,048",3%,Lost,N/A,N/A,N/A,No,N/A,N/A,No,N/A,N/A,N/A,N/A,N/A,
Damien Matthew Peter Mockus,Male,White,,,N/A,,N/A (they are N/A),,No,No,Texas,3/1/2022,Representative,38,249,0%,Lost,N/A,N/A,N/A,No,N/A,N/A,No,N/A,N/A,N/A,N/A,N/A,
Mark Ramsey,Male,White,,,Yes,3/5/2023,Kaleigh,,No,No,Texas,3/1/2022,Representative,38,"19,352",30%,Lost,N/A,N/A,N/A,No,N/A,N/A,No,N/A,N/A,N/A,N/A,N/A,
Richard Welch,Male,White,,,N/A,,N/A (they are N/A),,No,No,Texas,3/1/2022,Representative,38,633,1%,Lost,N/A,N/A,N/A,No,N/A,N/A,No,N/A,N/A,N/A,N/A,N/A,
Greg Abbott,Male,White,,,?,12/1/2022,N/A (checked against interactive),"Defended Texas's audit. Changed from ""Yes"" because his endorsement of the Paxton lawsuit was value-neutral.",Yes,No,Texas,3/1/2022,Governor,N/A,"1,299,059",66%,Won,N/A,N/A,N/A,Yes,6/1/2021,N/A,Yes,N/A,N/A,N/A,N/A,N/A,
Paul Belew,Male,White,,,N/A,,N/A (they are N/A),,No,Yes,Texas,3/1/2022,Governor,N/A,"11,387",1%,Lost,N/A,N/A,N/A,No,N/A,N/A,No,N/A,N/A,N/A,N/A,N/A,
Danny Harrison,Male,White,,,?,,Maya,,No,Yes,Texas,3/1/2022,Governor,N/A,"10,829",1%,Lost,N/A,N/A,N/A,No,N/A,N/A,No,N/A,N/A,N/A,N/A,N/A,
Kandy Kaye Horn,Female,White,,,N/A,,N/A (they are N/A),,No,Yes,Texas,3/1/2022,Governor,N/A,"23,605",1%,Lost,N/A,N/A,N/A,No,N/A,N/A,No,N/A,N/A,N/A,N/A,N/A,
Don Huffines,Male,White,,,?,2/28/2023,Nathaniel,,No,Yes,Texas,3/1/2022,Governor,N/A,"234,138",12%,Lost,N/A,N/A,N/A,No,N/A,N/A,No,N/A,N/A,N/A,N/A,N/A,
Rick Perry,Male,Unknown,,,N/A,,N/A (they are N/A),,No,Yes,Texas,3/1/2022,Governor,N/A,"61,424",3%,Lost,N/A,N/A,N/A,No,N/A,N/A,No,N/A,N/A,N/A,N/A,N/A,
Chad Prather,Male,White,,,Yes,3/5/2023,Kaleigh,,No,Yes,Texas,3/1/2022,Governor,N/A,"74,173",4%,Lost,N/A,N/A,N/A,No,N/A,N/A,No,N/A,N/A,N/A,N/A,N/A,
Allen B. West,Male,Black,,,Yes,,Maya,,No,Yes,Texas,3/1/2022,Governor,N/A,"239,557",12%,Lost,N/A,N/A,N/A,No,N/A,N/A,No,N/A,N/A,N/A,N/A,N/A,
Todd Young,Male,White,,,No,12/1/2022,N/A (checked against interactive),Voted to certify election results,Yes,No,Indiana,5/3/2022,Senator,N/A,"372,738",100%,Won,N/A,N/A,N/A,N/A,N/A,N/A,Yes,N/A,N/A,N/A,N/A,N/A,
Jennifer-Ruth Green,Female,Black,,,N/A,12/1/2022,N/A (checked against interactive),,No,No,Indiana,5/3/2022,Representative,1,"14,616",47%,Won,N/A,N/A,N/A,N/A,N/A,N/A,N/A,N/A,N/A,No,N/A,N/A,
Mark Leyva,Male,Latino (Mexican),,,Yes,2/28/2023,Nathaniel,"""Two quick questions for you:
Does Mr. Leyva believe that Trump won the 2020 election? 
YES I DO!~

Does Mr. Leyva think the 2020 election was illegitimate?
YES AND THE TRUTH WILL SOON COME OUT!
""",No,No,Indiana,5/3/2022,Representative,1,"4,173",13%,Lost,N/A,N/A,N/A,N/A,N/A,N/A,N/A,N/A,N/A,No,N/A,N/A,
Martin Lucas,Male,White,,,No,3/5/2023,Kaleigh,"""The Los Angeles Rams beat the Cincinnati Bengals in the Super Bowl.
Joe Biden beat Donald Trump for the presidency.
Both statements are historical facts.

I do not believe Donald Trump won the 2020 election.
I do not believe the election was illegitimate.""",No,No,Indiana,5/3/2022,Representative,1,"1,114",4%,Lost,N/A,N/A,N/A,N/A,N/A,N/A,N/A,N/A,N/A,No,N/A,N/A,
Blair E. Milo,Female,White,,,?,4/28/2022,Maya,"Secondhand reporting that Milo ""expressed Trump-like doubts about the outcome of the 2020 presidential election and has called for further investigations of the result 'to ensure that people feel trust in the electoral process.'""",No,No,Indiana,5/3/2022,Representative,1,"6,964",22%,Lost,N/A,N/A,N/A,N/A,N/A,N/A,N/A,N/A,N/A,Yes,N/A,N/A,
Nicholas Pappas,Male,White,,,N/A,,N/A (they are N/A),,No,No,Indiana,5/3/2022,Representative,1,"2,409",8%,Lost,N/A,N/A,N/A,N/A,N/A,N/A,N/A,N/A,N/A,No,N/A,N/A,
Ben Ruiz,Male,Latino (Puerto Rican),,,Yes,2/28/2023,Nathaniel,"""social media and the MSM ... shuffled along dark money to various groups around the country during the 2020 elections to incite violence, chaos and steal an election by stuffing and shuffling inconsistent improper ballots and created ballot harvesting""",No,No,Indiana,5/3/2022,Representative,1,"1,054",3%,Lost,N/A,N/A,N/A,N/A,N/A,N/A,N/A,N/A,N/A,No,N/A,N/A,
Aaron Storer,Male,White,,,No?,3/5/2023,Kaleigh,"""Just a heads up, I suspended my campaign but my answers below just in case 🙂

Do you believe that Trump won the 2020 election? 
A Republican congress certified that Joseph R. Biden won the 2020 election. Donald Trump was unable to prove in court that voter fraud occurred which meant that state results were unchanged.
Do you think the 2020 election was illegitimate? 
I think illegitimate may be the wrong word to describe the 2020 election.
Do I think there were some aspects of the election that were highly controversial such as ballot harvesting and unsupervised ballot drop boxes in battle ground states? Absolutely - the federal government should take steps to end these practices to make our elections more transparent.
Going back to the alleged voter fraud claims, while there may have been some highly suspect activities being reported in multiple battle ground states nothing was proved in court to overturn the election results. """,No,No,Indiana,5/3/2022,Representative,1,692,2%,Lost,N/A,N/A,N/A,N/A,N/A,N/A,N/A,N/A,N/A,No,N/A,N/A,Withdrew 3/10
Jackie Walorski,Female,White,,,Yes,,Maya,Voted to overturn election,Yes,No,Indiana,5/3/2022,Representative,2,"36,928",100%,Won,N/A,N/A,N/A,Yes,4/29/2022,N/A,N/A,N/A,N/A,Yes,Yes,N/A,
Jim Banks,Male,White,,,No?,12/1/2022,N/A (checked against interactive),"Had been ""declined to answer"" but he does say Biden is president",Yes,No,Indiana,5/3/2022,Representative,3,"54,033",100%,Won,N/A,N/A,N/A,Yes,4/27/2022,N/A,N/A,N/A,N/A,N/A,N/A,N/A,
Jim Baird,Male,White,,,Yes,12/1/2022,N/A (checked against interactive),Voted to overturn election,Yes,No,Indiana,5/3/2022,Representative,4,"50,342",100%,Won,N/A,N/A,N/A,Yes,4/29/2022,N/A,N/A,N/A,N/A,N/A,N/A,N/A,
Victoria Spartz,Female,White,,,No,12/1/2022,N/A (checked against interactive),Voted to certify election results,Yes,No,Indiana,5/3/2022,Representative,5,"47,128",100%,Won,N/A,N/A,N/A,Yes,4/29/2022,N/A,N/A,N/A,N/A,Yes,Yes,N/A,
James Dean Alspach,Male,White,,,N/A,,N/A (they are N/A),,No,Yes,Indiana,5/3/2022,Representative,6,"12,923",22%,Lost,N/A,N/A,N/A,No,N/A,N/A,N/A,N/A,N/A,N/A,N/A,N/A,
Greg Pence,Male,White,,,Yes,12/1/2022,N/A (checked against interactive),Voted against certifying election,Yes,No,Indiana,5/3/2022,Representative,6,"44,893",78%,Won,N/A,N/A,N/A,Yes,4/29/2022,N/A,N/A,N/A,N/A,N/A,N/A,N/A,
Bill Allen,Male,White,,,N/A,4/19/2022,N/A (they are N/A),,No,No,Indiana,5/3/2022,Representative,7,"1,505",12%,Lost,N/A,N/A,N/A,N/A,N/A,N/A,N/A,N/A,N/A,N/A,N/A,N/A,
Angela Grabovsky,Female,White,,,N/A,12/1/2022,N/A (checked against interactive),,No,No,Indiana,5/3/2022,Representative,7,"6,886",54%,Won,N/A,N/A,N/A,N/A,N/A,N/A,N/A,N/A,N/A,N/A,N/A,N/A,
"Russell ""Rusty"" Scott Johnson",Male,White,,,Yes,2/28/2023,Nathaniel,"""I personally do believe there were many instances of fraud committed in the last election. From a man being pulled over with a car load of ballots to people voting more than once. When you have 8 people show up for Joe Biden's Rallies, then 10,000 to 60,000 show up for Donald Trumps Rallies, I believe something happened.

Now, I do not dwell on the past.  There is a reason why the rearview mirror is smaller than the windshield. We have to fix the issues and move on.""
",No,No,Indiana,5/3/2022,Representative,7,"2,185",17%,Lost,N/A,N/A,N/A,N/A,N/A,N/A,N/A,N/A,N/A,N/A,N/A,N/A,
Jennifer Pace,Female,White,,,?,3/5/2023,Kaleigh,"""""Your questions aren't just black and white there's a gray area...Software is not a secure method, software is pliable....it is always vulnerable.""""

""""I don't believe it was secure...it's hard to say [who won] ... We really don't know who won.""""",No,No,Indiana,5/3/2022,Representative,7,"1,556",12%,Lost,N/A,N/A,N/A,N/A,N/A,N/A,N/A,N/A,N/A,N/A,N/A,N/A,
Gerald Walters,Male,White,,,N/A,4/19/2022,N/A (they are N/A),,No,No,Indiana,5/3/2022,Representative,7,722,6%,Lost,N/A,N/A,N/A,N/A,N/A,N/A,N/A,N/A,N/A,N/A,N/A,N/A,
Larry D. Bucshon,Male,White,,,No,12/1/2022,N/A (checked against interactive),Voted to certify election results after Jan. 6,Yes,No,Indiana,5/3/2022,Representative,8,"47,557",100%,Won,N/A,N/A,N/A,Yes,4/29/2022,N/A,N/A,N/A,N/A,N/A,N/A,N/A,
Jim Baker,Male,White,,,N/A,2/28/2023,Nathaniel,,No,No,Indiana,5/3/2022,Representative,9,"2,946",5%,Lost,N/A,N/A,N/A,N/A,N/A,N/A,N/A,N/A,No,No,No,No,
Stu Barnes-Israel,Male,White,,,N/A,4/22/2022,N/A (they are N/A),,No,No,Indiana,5/3/2022,Representative,9,"12,193",21%,Lost,N/A,N/A,N/A,N/A,N/A,N/A,N/A,N/A,No,No,No,No,
J. Michael Davisson,Male,White,,,N/A,3/5/2023,Kaleigh,Has concerns about election integrity,No,No,Indiana,5/3/2022,Representative,9,"1,597",3%,Lost,N/A,N/A,N/A,N/A,N/A,N/A,N/A,N/A,No,No,No,No,
Dan Heiwig,Male,White,,,N/A,4/22/2022,N/A (they are N/A),,No,No,Indiana,5/3/2022,Representative,9,919,2%,Lost,N/A,N/A,N/A,N/A,N/A,N/A,N/A,N/A,No,No,No,No,
Erin Houchin,Female,White,,,?,12/1/2022,N/A (checked against interactive),Has concerns about election integrity,No,No,Indiana,5/3/2022,Representative,9,"21,697",37%,Won,N/A,N/A,N/A,N/A,N/A,N/A,N/A,N/A,Yes,Yes,Yes,Yes,
D. Eric Schansberg,Male,White,,,N/A,4/22/2022,N/A (they are N/A),"Reached out to campaign; Wrote a blog post approving of another article that said Trump lied when contesting 2020 election, but no direct stance",No,No,Indiana,5/3/2022,Representative,9,"1,559",3%,Lost,N/A,N/A,N/A,N/A,N/A,N/A,N/A,N/A,No,No,No,No,
Mike Sodrel,Male,White,,,N/A,4/22/2022,N/A (they are N/A),,No,No,Indiana,5/3/2022,Representative,9,"15,008",26%,Lost,N/A,N/A,N/A,N/A,N/A,N/A,N/A,N/A,No,No,No,No,
Bill J. Thomas,Male,White,,,N/A,4/22/2022,N/A (they are N/A),,No,No,Indiana,5/3/2022,Representative,9,756,1%,Lost,N/A,N/A,N/A,N/A,N/A,N/A,N/A,N/A,No,No,No,No,
Brian Tibbs,Male,White,,,N/A,4/22/2022,N/A (they are N/A),,No,No,Indiana,5/3/2022,Representative,9,"1,461",3%,Lost,N/A,N/A,N/A,N/A,N/A,N/A,N/A,N/A,No,No,No,No,
Matt Dolan,Male,White,,,No?,4/22/2022,Maya,"Said in a debate that he didn't think the 2020 election was stolen, but has concerns about election integrity",No,No,Ohio,5/3/2022,Senator,N/A,"249,239",23%,Lost,N/A,N/A,N/A,No,N/A,No,N/A,N/A,N/A,No,No,No,
Mike Gibbons,Male,White,,,Yes,2/28/2023,Nathaniel,Said in a debate that he thought the 2020 election was stolen,No,No,Ohio,5/3/2022,Senator,N/A,"124,653",12%,Lost,N/A,N/A,N/A,No,N/A,No,N/A,N/A,N/A,No,No,No,
Josh Mandel,Male,White,,,Yes,3/5/2023,Kaleigh,Said in a debate that he thought the 2020 election was stolen,No,No,Ohio,5/3/2022,Senator,N/A,"255,854",24%,Lost,N/A,N/A,N/A,No,N/A,Yes,N/A,N/A,N/A,No,No,No,
Neil Patel,Male,Asian (Indian),,,Yes,4/22/2022,Maya,Said in a debate that he thought the 2020 election was stolen,No,No,Ohio,5/3/2022,Senator,N/A,"9,873",1%,Lost,N/A,N/A,N/A,No,N/A,No,N/A,N/A,N/A,No,No,No,
Mark Pukita,Male,White,,,Yes,2/28/2023,Nathaniel,Said in a debate that he thought the 2020 election was stolen,No,No,Ohio,5/3/2022,Senator,N/A,"22,692",2%,Lost,N/A,N/A,N/A,No,N/A,No,N/A,N/A,N/A,No,No,No,
Jane Timken,Female,White,,,Yes,5/2/2023,Kaleigh,Said in a debate that he thought the 2020 election was stolen,No,No,Ohio,5/3/2022,Senator,N/A,"62,779",6%,Lost,N/A,N/A,N/A,No,N/A,No,N/A,N/A,N/A,Yes,Yes,Yes,
J.D. Vance,Male,White,,,Yes,12/1/2022,N/A (checked against interactive),Said in a debate that he thought the 2020 election was stolen,No,No,Ohio,5/3/2022,Senator,N/A,"344,736",32%,Won,N/A,N/A,N/A,Yes,4/15/2022,No,N/A,N/A,N/A,No,No,No,
Steve Chabot,Male,White,,,Yes,12/1/2022,N/A (checked against interactive),Voted to overturn election,Yes,No,Ohio,5/3/2022,Representative,1,"45,450",100%,Won,N/A,N/A,N/A,Yes,4/23/2022,N/A,N/A,N/A,N/A,N/A,N/A,N/A,
James J. Condit Jr.,Male,White,,,Yes,4/22/2022,Maya,Supported election fraud conspiracies,No,Yes,Ohio,5/3/2022,Representative,2,"9,250",13%,Lost,N/A,N/A,N/A,No,N/A,N/A,N/A,N/A,N/A,N/A,N/A,N/A,
Brad Wenstrup,Male,White,,,No?,12/1/2022,N/A (checked against interactive),"Originally supported objections to election results, but voted to certify after Jan. 6; still has concerns about election fraud but says Biden is president",Yes,No,Ohio,5/3/2022,Representative,2,"56,805",77%,Won,N/A,N/A,N/A,Yes,4/21/2022,N/A,N/A,N/A,N/A,N/A,N/A,N/A,
David J. Windisch,Male,Unknown,,,N/A,4/22/2022,N/A (they are N/A),,No,Yes,Ohio,5/3/2022,Representative,2,"7,382",10%,Lost,N/A,N/A,N/A,No,N/A,N/A,N/A,N/A,N/A,N/A,N/A,N/A,
Lee R. Stahley,Male,White,,,Declined to answer,12/1/2022,N/A (checked against interactive),"""First, do I think President Trump won the 2020 presidential election? Honestly, this is a matter for the past. There is nothing that can be done to change the outcome of the election. We are two years into the Biden administration, and instead of focusing on whether or not someone won an election two years ago, I am focused on winning my election and bringing positive change to my district and to this country.

With that said, I do think we can learn from the past. It is clear that there are inconsistencies with the election process. There is significant evidence showing interference from foreign entities and voter fraud benefiting both sides of the aisle. We need to reevaluate and reform our voting systems here in the United States. We can no longer allow room for error when it comes to electing someone to the highest political office in this nation. The United States was founded on the idea that our government is one that is for the people by the people. If we continue to allow this interference and fraud, we lose that ideology, and it will begin to deteriorate the very foundation of democracy.""",No,No,Ohio,5/3/2022,Representative,3,"30,250",100%,Won,N/A,N/A,N/A,N/A,N/A,N/A,N/A,N/A,N/A,N/A,N/A,N/A,
Jim Jordan,Male,White,,,Yes,12/1/2022,N/A (checked against interactive),"Voted to overturn election, but now says he never said the election was stolen",Yes,No,Ohio,5/3/2022,Representative,4,"86,576",100%,Won,N/A,N/A,N/A,Yes,4/6/2022,N/A,N/A,No,N/A,N/A,N/A,N/A,
Bob Latta,Male,White,,,No?,12/1/2022,N/A (checked against interactive),"Supported Texas lawsuit to overturn election results, but later voted to certify",Yes,No,Ohio,5/3/2022,Representative,5,"69,981",100%,Won,N/A,N/A,N/A,Yes,4/29/2022,N/A,N/A,N/A,N/A,N/A,N/A,N/A,
John Anderson,Male,White,,,Yes,2/28/2023,Nathaniel,Believes election was stolen,No,Yes,Ohio,5/3/2022,Representative,6,"9,772",12%,Lost,N/A,N/A,N/A,No,N/A,N/A,N/A,N/A,N/A,N/A,N/A,N/A,
Bill Johnson,Male,White,,,Yes,12/1/2022,N/A (checked against interactive),Voted to overturn election,Yes,No,Ohio,5/3/2022,Representative,6,"63,578",78%,Won,N/A,N/A,N/A,Yes,4/21/2022,N/A,N/A,N/A,N/A,N/A,N/A,N/A,
Michael S. Morgenstern,Male,White,,,N/A,4/22/2022,N/A (they are N/A),,No,Yes,Ohio,5/3/2022,Representative,6,"5,466",7%,Lost,N/A,N/A,N/A,No,N/A,N/A,N/A,N/A,N/A,N/A,N/A,N/A,
Gregory M. Zelenitz,Male,White,,,?,3/5/2023,Kaleigh,"""Hi Brittany, In response to your question of inproprieties in the 2020 election I do think there were problems. I do not think we will ever know to what extent it went to effect the election . One point I have to make if Trump would have won and Biden lost the mainstream media would still be investigating.I cant think of a single individual that I spoken with that disagrees . Look I am not trying to be a smart ass, I appreciate your interest  in my thoughts on this. But i think the media looks at Midwest voters as stupid hicks who just sit on their porches and pick their banjos I guess I am with most conservatives.If the Media is ignoring it there must be something there.Brittany feel free to call or email anytime   Greg Zelenitz""",No,Yes,Ohio,5/3/2022,Representative,6,"2,736",3%,Lost,N/A,N/A,N/A,No,N/A,N/A,N/A,N/A,N/A,N/A,N/A,N/A,
Anthony Leon Alexander,Male,Black,,,N/A,4/22/2022,N/A (they are N/A),,No,No,Ohio,5/3/2022,Representative,7,"3,033",5%,Lost,N/A,N/A,N/A,No,N/A,No,N/A,N/A,N/A,N/A,N/A,N/A,
Charlie Gaddis,Male,White,,,?,4/25/2022,Maya,"""When it comes to voter integrity, I have a unique position in my vote by app letter to the editor.  I do not believe that we should accept that there was not “that much fraud”.  I believe that republicans wand ALL Americans to vote, but just Americans.""",No,No,Ohio,5/3/2022,Representative,7,"5,581",9%,Lost,N/A,N/A,N/A,No,N/A,No,N/A,N/A,N/A,N/A,N/A,N/A,
Max Miller,Male,White,,,Yes,12/1/2022,N/A (checked against interactive),Helped arrange Trump's Jan. 6 rally; website calls for securing elections,No,No,Ohio,5/3/2022,Representative,7,"43,158",72%,Won,N/A,N/A,N/A,Yes,2/26/2021,Yes,N/A,N/A,N/A,N/A,N/A,N/A,
Jonah Schulz,Male,White,,,Yes,2/28/2023,Nathaniel,Believes election was rigged,No,No,Ohio,5/3/2022,Representative,7,"8,325",14%,Lost,N/A,N/A,N/A,No,N/A,No,N/A,N/A,N/A,N/A,N/A,N/A,
Warren Davidson,Male,White,,,Yes,12/1/2022,N/A (checked against interactive),Voted to overturn election,Yes,No,Ohio,5/3/2022,Representative,8,"50,372",72%,Won,N/A,N/A,N/A,Yes,2/9/2022,N/A,N/A,N/A,N/A,N/A,N/A,N/A,
Phil Heimlich,Male,White,,,No,3/5/2023,Kaleigh,Opposes efforts to overturn election,No,Yes,Ohio,5/3/2022,Representative,8,"19,230",28%,Lost,N/A,N/A,N/A,No,N/A,N/A,N/A,N/A,N/A,N/A,N/A,N/A,
Beth Deck,Female,White,,,?,4/25/2022,Maya,"""Thank you for reaching out to me.  From what was reported after the election in 2020 and new information recently released, it appears that the election was NOT conducted fairly.  In light of this, it is my belief that changes are required to ensure that electors have the confidence that state and polling officials are accurately recording votes; that individuals casting absentee or in-person votes are legitimately registered to vote.  This should include a Photo identification requirement at the polls.  In addition, state electoral officials should ensure that absentee ballots are not automatically sent to individuals, but are requested by the voter with a stated reason for requesting an absentee ballot.  Absentee ballots should only be sent by state electoral officials once the voter is verified as a legitimate registered voter.  Lastly, to be consistent across all states only  verified citizens of the United States should be allowed to cast a vote.""",No,No,Ohio,5/3/2022,Representative,9,"2,931",5%,Lost,N/A,N/A,N/A,N/A,N/A,N/A,N/A,N/A,N/A,No,N/A,No,
Theresa Gavarone,Female,White,,,N/A,2/28/2023,Nathaniel,,No,No,Ohio,5/3/2022,Representative,9,"17,542",29%,Lost,N/A,N/A,N/A,N/A,N/A,N/A,N/A,N/A,N/A,Yes,N/A,Yes,
J.R. Majewski,Male,White,,,Yes,12/1/2022,N/A (checked against interactive),Attended Jan. 6 rally,No,No,Ohio,5/3/2022,Representative,9,"21,850",36%,Won,N/A,N/A,N/A,N/A,N/A,N/A,N/A,N/A,N/A,No,N/A,No,
Craig S. Riedel,Male,White,,,N/A,4/22/2022,N/A (they are N/A),,No,No,Ohio,5/3/2022,Representative,9,"18,757",31%,Lost,N/A,N/A,N/A,N/A,N/A,N/A,N/A,N/A,N/A,No,N/A,No,
Mike Turner,Male,White,,,No,12/1/2022,N/A (checked against interactive),Voted to certify election,Yes,No,Ohio,5/3/2022,Representative,10,"65,734",100%,Won,N/A,N/A,N/A,Yes,4/29/2022,N/A,N/A,N/A,N/A,N/A,N/A,N/A,
Eric J. Brewer,Male,Black,,,N/A,12/1/2022,N/A (checked against interactive),,No,No,Ohio,5/3/2022,Representative,11,"8,240",58%,Won,N/A,N/A,N/A,N/A,N/A,N/A,N/A,N/A,N/A,N/A,N/A,N/A,
James Hemphill,Male,Black,,,N/A,3/5/2023,Kaleigh,Has concerns about election integrity,No,No,Ohio,5/3/2022,Representative,11,"6,062",42%,Lost,N/A,N/A,N/A,N/A,N/A,N/A,N/A,N/A,N/A,N/A,N/A,N/A,
Troy Balderson,Male,White,,,No,12/1/2022,N/A (checked against interactive),Voted to certify election,Yes,No,Ohio,5/3/2022,Representative,12,"66,181",82%,Won,N/A,N/A,N/A,Yes,4/23/2022,N/A,N/A,N/A,N/A,N/A,N/A,N/A,
Brandon Michael Lape,Male,White,,,Declined to answer,4/25/2022,Maya,"""Thank you for contacting LapeForOhio.

We need to look forward, not backward.

My perspective of the 2020 election does not matter. My perspective on January 6th, does not matter.

If anyone is being held for either instance, they should be released immediately.

Our Country needs to heal. Our Government needs to stop deficit spending Trillions of Dollars. This leads to the devaluing of currency and is the very definition of inflation. The most pressing thing the U.S. faces is Government devaluing the Dollar we all work so hard to earn.

It is time to move forward. It is time for accountability in Government. """"We the people"""" deserve better.

I know this does not answer your question nor follow your narrative but this is my perspective.""",No,Yes,Ohio,5/3/2022,Representative,12,"14,196",18%,Lost,N/A,N/A,N/A,No,N/A,N/A,N/A,N/A,N/A,N/A,N/A,N/A,
Madison Gesiotto Gilbert,Female,White,,,N/A,12/1/2022,N/A (checked against interactive),"Had been ""?"" based on a vague election integrity mention on her website, but there's nothing solider than that",No,No,Ohio,5/3/2022,Representative,13,"16,210",29%,Won,N/A,N/A,N/A,Yes,3/15/2022,N/A,N/A,N/A,Yes,Yes,N/A,N/A,
Shay Hawkins,Male,Black,,,N/A,4/22/2022,N/A (they are N/A),,No,No,Ohio,5/3/2022,Representative,13,"6,466",11%,Lost,N/A,N/A,N/A,No,N/A,N/A,N/A,N/A,No,No,N/A,N/A,
Santana F. King,Male,White,Latino,,No,2/28/2023,Nathaniel,"""This is Santana F. King, Republican Candidate for Ohio's 13th Congressional District. Yes, I do believe Joe Biden is the legitimately elected President of the United States.""",No,No,Ohio,5/3/2022,Representative,13,"1,337",2%,Lost,N/A,N/A,N/A,No,N/A,N/A,N/A,N/A,No,No,N/A,N/A,
Janet Folger Porter,Female,White,,,Yes,5/2/2023,Kaleigh,Says she exposed 2020 voter fraud,No,No,Ohio,5/3/2022,Representative,13,"9,401",17%,Lost,N/A,N/A,N/A,No,N/A,N/A,N/A,N/A,No,No,N/A,N/A,
Dante N. Sabatucci,Male,White,,,Yes,2/28/2023,Nathaniel,"""Thank you for reaching out.  I am new to politics as I am a citizen candidate who has never run for political office.  One of the primary reasons I am running for office is because I believe the 2020 election was extremely questionable.  Many of us feel that our federal investigative and law enforcement agencies did not fully investigate credible claims of election problems.  We also feel that the courts did not listen to legitimate cases.  I have friends who are attorneys who confirmed to me that the types of cases that were being brought to the courts were legitimate cases that should not have been thrown out prior to hearing the case.  I personally witnessed dozens of legitimate claims and video evidence of activity such as counting ballots after sending election observers home, running ballots through multiple times, reports of truckloads of completed ballots moving across state lines and much more.  There seemed to be illegal ballot harvesting activity at the ballot drop sites.  I saw witness testimony, under oath, at various state legislature hearings.  To my knowledge, none of these claims have been investigated by the aforementioned investigative bureaus NOR have any of those witnesses been accused of perjury or false testimony.  

I am not the only """"citizen"""" who feels this way.  I've talked to hundreds of fellow Ohioans who do not believe that the 2020 election was legitimate.  Many people do not believe that Joe Biden is the most popular presidential candidate in US History.  Nobody believes that he could win the most votes ever (81M) while winning the smallest number of counties (~500) which is less than one fifth of the total counties and around half of the counties that President Obama won.  The math just doesn't pass the """"smell test"""".

As someone who has a background in technology and cyber security, it is my belief that our election system needs a """"security update"""".  In the world of technology, when you identify potential vulnerabilities, you try to patch them before there is a breach.  Nobody ever says """"there is a vulnerability but there is no evidence that it has ever been exploited so we'll just leave it alone"""".  That would be a dereliction of the duty of the person in charge of network security.  The same is true for our elections.  There are vulnerabilities in our election system that can and likely have been breached.  If elected to congress, one of my top priorities will be to push for oversight of the investigative and law enforcement agencies as to why these credible claims were never investigated and hold accountable anyone who was derelict in their duty.   I will also champion the cause for election integrity reform.

Lastly, I feel that the media has also been derelict in their duty of investigative journalism.  It seems that the media just takes the word of left wing politicians without properly questioning the information they are presented with.  Then they try to paint those of us citizens who have legitimate concerns as crazy, extremist or just plain stupid.  We are none of these things, we are simply regular Americans who want free and fair elections.

I hope this helps you with your survey and please feel free to reach out to me personally at my campaign phone number (330) 222-3598.

Dante Sabatucci
OH-13 Candidate""",No,No,Ohio,5/3/2022,Representative,13,"4,740",8%,Lost,N/A,N/A,N/A,No,N/A,N/A,N/A,N/A,No,No,N/A,N/A,
Ryan Saylor,Male,White,,,N/A,4/22/2022,N/A (they are N/A),,No,No,Ohio,5/3/2022,Representative,13,"5,261",9%,Lost,N/A,N/A,N/A,No,N/A,N/A,N/A,N/A,No,No,N/A,N/A,
Greg Wheeler,Male,White,,,N/A,4/22/2022,N/A (they are N/A),,No,No,Ohio,5/3/2022,Representative,13,"13,284",23%,Lost,N/A,N/A,N/A,No,N/A,N/A,N/A,N/A,No,No,N/A,N/A,
David P. Joyce,Male,White,,,No,12/1/2022,N/A (checked against interactive),"""This election was not stolen from President Trump. He lost.""",Yes,No,Ohio,5/3/2022,Representative,14,"58,042",76%,Won,N/A,N/A,N/A,N/A,N/A,N/A,N/A,N/A,N/A,N/A,N/A,N/A,
Bevin Cormack,Male,White,,,N/A,4/22/2022,N/A (they are N/A),,No,Yes,Ohio,5/3/2022,Representative,14,"6,364",8%,Lost,N/A,N/A,N/A,N/A,N/A,N/A,N/A,N/A,N/A,N/A,N/A,N/A,
Patrick Gene Awtrey,Male,White,,,N/A,4/22/2022,N/A (they are N/A),,No,Yes,Ohio,5/3/2022,Representative,14,"12,296",16%,Lost,N/A,N/A,N/A,N/A,N/A,N/A,N/A,N/A,N/A,N/A,N/A,N/A,
Mike Carey,Male,White,,,N/A,12/1/2022,N/A (checked against interactive),,Yes,No,Ohio,5/3/2022,Representative,15,"48,827",100%,Won,N/A,N/A,N/A,Yes,4/21/2022,N/A,N/A,N/A,N/A,N/A,N/A,N/A,
Joe Blystone,Male,White,,,?,3/3/2023,Kaleigh,"Believes ""Trump is still my president""",No,Yes,Ohio,5/3/2022,Governor,N/A,"235,584",22%,Lost,N/A,N/A,N/A,N/A,N/A,N/A,No,N/A,N/A,N/A,N/A,N/A,
Mike DeWine,Male,White,,,No?,12/1/2022,N/A (checked against interactive),Accepts Biden as president but supports studying voter security,Yes,No,Ohio,5/3/2022,Governor,N/A,"519,594",48%,Won,N/A,N/A,N/A,N/A,N/A,N/A,Yes,N/A,N/A,N/A,N/A,N/A,
Ron Hood,Male,White,,,N/A,4/22/2022,N/A (they are N/A),,No,Yes,Ohio,5/3/2022,Governor,N/A,"22,411",2%,Lost,N/A,N/A,N/A,N/A,N/A,N/A,No,N/A,N/A,N/A,N/A,N/A,
Jim Renacci,Male,White,,,Yes,4/22/2022,Maya,Believes election was stolen in some states from Trump,No,Yes,Ohio,5/3/2022,Governor,N/A,"302,494",28%,Lost,N/A,N/A,N/A,N/A,N/A,N/A,No,N/A,N/A,N/A,N/A,N/A,
Manga Anantatmula,Female,Asian (Indian),,,Yes,2/28/2023,Nathaniel,"Refused to concede in 2020 due to ""massive voter fraud""",No,No,Virginia,5/7/2022,Representative,11,517,31%,Lost,N/A,N/A,N/A,N/A,N/A,N/A,N/A,N/A,N/A,N/A,N/A,N/A,Nominated at convention
Joe Babb,Male,White,,,N/A,3/3/2023,Kaleigh,"Website says dropboxes ""present an opportunity for fraud""; big issue paper on voting that proposes eliminating all early voting",No,No,Virginia,5/7/2022,Representative,11,129,8%,Lost,N/A,N/A,N/A,N/A,N/A,N/A,N/A,N/A,N/A,N/A,N/A,N/A,Nominated at convention
Barbara Banks,Female,White,,,N/A,5/20/2022,N/A (they are N/A),,No,No,Virginia,5/7/2022,Representative,11,43,3%,Lost,N/A,N/A,N/A,N/A,N/A,N/A,N/A,N/A,N/A,N/A,N/A,N/A,Nominated at convention
Matthew Chappell,Male,White,,,N/A,5/20/2022,N/A (they are N/A),,No,No,Virginia,5/7/2022,Representative,11,309,19%,Lost,N/A,N/A,N/A,N/A,N/A,N/A,N/A,N/A,N/A,N/A,N/A,N/A,Nominated at convention
Jim Myles,Male,White,,,N/A,12/1/2022,N/A (checked against interactive),,No,No,Virginia,5/7/2022,Representative,11,670,40%,Won,N/A,N/A,N/A,N/A,N/A,N/A,N/A,N/A,N/A,N/A,N/A,N/A,Nominated at convention
Scott Fuller,Male,White,,,Yes,4/25/2022,Maya,"Says Trump's following won't accept he lost, supports challenging election results",No,Yes,West Virginia,5/10/2022,Representative,1,"6,197",10%,Lost,N/A,N/A,N/A,No,N/A,N/A,N/A,N/A,N/A,No,No,N/A,
James Edwin Houser,Male,White,,,N/A,4/25/2022,N/A (they are N/A),,No,Yes,West Virginia,5/10/2022,Representative,1,"4,877",8%,Lost,N/A,N/A,N/A,No,N/A,N/A,N/A,N/A,N/A,No,No,N/A,
Zane Lawhorn,Male,White,,,N/A,4/25/2022,N/A (they are N/A),,No,Yes,West Virginia,5/10/2022,Representative,1,"5,530",9%,Lost,N/A,N/A,N/A,No,N/A,N/A,N/A,N/A,N/A,No,No,N/A,
Carol Miller,Female,White,,,Yes,12/1/2022,N/A (checked against interactive),Voted to overturn election,Yes,No,West Virginia,5/10/2022,Representative,1,"41,852",66%,Won,N/A,N/A,N/A,Yes,4/6/2022,N/A,N/A,N/A,N/A,Yes,Yes,N/A,
Kent Stevens,Male,White,,,N/A,4/26/2022,N/A (they are N/A),,No,Yes,West Virginia,5/10/2022,Representative,1,"4,658",7%,Lost,N/A,N/A,N/A,No,N/A,N/A,N/A,N/A,N/A,No,No,N/A,
Susan Buchser-Lochocki,Female,White,,,Yes,2/28/2023,Nathaniel,Agrees with Trump on contesting election results,No,Yes,West Virginia,5/10/2022,Representative,2,"3,329",4%,Lost,N/A,N/A,N/A,No,N/A,No,N/A,N/A,N/A,N/A,N/A,N/A,
Rhonda A. Hercules,Female,White,,,Yes,3/3/2023,Kaleigh,Maintains Trump won; participated in Jan. 6,No,Yes,West Virginia,5/10/2022,Representative,2,"2,083",3%,Lost,N/A,N/A,N/A,No,N/A,No,N/A,N/A,N/A,N/A,N/A,N/A,
David B. McKinley,Male,White,,,No,4/26/2022,Maya,Voted to certify election,Yes,Yes,West Virginia,5/10/2022,Representative,2,"29,619",36%,Lost,N/A,N/A,N/A,No,N/A,No,N/A,N/A,N/A,N/A,N/A,N/A,
Alexander X. Mooney,Male,White,Latino (Cuban),,Yes,12/1/2022,N/A (checked against interactive),Voted to overturn election,Yes,Yes,West Virginia,5/10/2022,Representative,2,"45,164",54%,Won,N/A,N/A,N/A,Yes,11/15/2021,Yes,N/A,N/A,N/A,N/A,N/A,N/A,
Mike Seckman,Male,White,,,N/A,4/26/2022,N/A (they are N/A),,No,Yes,West Virginia,5/10/2022,Representative,2,"3,076",4%,Lost,N/A,N/A,N/A,No,N/A,No,N/A,N/A,N/A,N/A,N/A,N/A,
Jeff Fortenberry,Male,White,,,No,2/28/2023,Nathaniel,Voted to certify election,Yes,No,Nebraska,5/10/2022,Representative,1,"9,807",12%,Lost,N/A,N/A,N/A,N/A,N/A,N/A,N/A,N/A,N/A,N/A,N/A,N/A,Withdrew 3/26
Curtis D. Huffman,Male,White,,,N/A,4/26/2022,N/A (they are N/A),"Believes that Nebraska elections are free, fair and secure",No,Yes,Nebraska,5/10/2022,Representative,1,"3,062",4%,Lost,N/A,N/A,N/A,N/A,N/A,N/A,N/A,N/A,N/A,N/A,N/A,N/A,
Thireena Yuki Connely,Female,Asian (Japanese),White,,N/A,4/26/2022,N/A (they are N/A),,No,Yes,Nebraska,5/10/2022,Representative,1,"3,353",4%,Lost,N/A,N/A,N/A,N/A,N/A,N/A,N/A,N/A,N/A,N/A,N/A,N/A,
John Glen Weaver,Male,White,,,N/A,4/26/2022,N/A (they are N/A),,No,Yes,Nebraska,5/10/2022,Representative,1,"5,470",7%,Lost,N/A,N/A,N/A,N/A,N/A,N/A,N/A,N/A,N/A,N/A,N/A,N/A,
Mike Flood,Male,White,,,N/A,12/1/2022,N/A (checked against interactive),"Had been ""?"" based on a vague election integrity mention on her website, but there's nothing solider than that",No,Yes,Nebraska,5/10/2022,Representative,1,"61,265",74%,Won,N/A,N/A,N/A,N/A,N/A,N/A,N/A,N/A,N/A,N/A,N/A,N/A,
Don Bacon,Male,White,,,No,12/1/2022,N/A (checked against interactive),"Voted to certify election, says Biden won election",Yes,No,Nebraska,5/10/2022,Representative,2,"53,824",77%,Won,N/A,N/A,N/A,N/A,N/A,N/A,N/A,N/A,N/A,N/A,N/A,N/A,
Steve Kuehl,Male,White,,,No,3/3/2023,Kaleigh,"Believes ""the system works""",No,Yes,Nebraska,5/10/2022,Representative,2,"15,945",23%,Lost,N/A,N/A,N/A,N/A,N/A,N/A,N/A,N/A,N/A,N/A,N/A,N/A,
Adrian Smith,Male,White,,,No?,12/1/2022,N/A (checked against interactive),"Believes Biden won the election, but voted to overturn election to express concerns (Maya: I think this is super fair, esp because concerns were expressly related to executive action in individual states, as opposed to fraud)",Yes,No,Nebraska,5/10/2022,Representative,3,"89,453",76%,Won,N/A,N/A,N/A,Yes,5/3/2022,N/A,N/A,N/A,N/A,N/A,N/A,N/A,
Mike Calhoun,Male,Unknown,,,N/A,5/6/2022,N/A (they are N/A),,No,Yes,Nebraska,5/10/2022,Representative,3,"28,243",24%,Lost,N/A,N/A,N/A,No,N/A,N/A,N/A,N/A,N/A,N/A,N/A,N/A,
Michael Connely,Male,White,,,Yes,4/26/2022,Maya,"Says 2020 election was ""rife with massive fraud""",No,No,Nebraska,5/10/2022,Governor,N/A,"2,838",1%,Lost,N/A,N/A,N/A,No,N/A,N/A,N/A,N/A,N/A,N/A,N/A,N/A,
Brett Lindstrom,Male,White,,,No,2/28/2023,Nathaniel,"Acknowledges Biden as president, but has concerns about election integrity",No,No,Nebraska,5/10/2022,Governor,N/A,"70,554",26%,Lost,N/A,N/A,N/A,No,N/A,N/A,N/A,N/A,N/A,N/A,N/A,N/A,
Donna Nicole Carpenter,Female,White,,,N/A,4/26/2022,N/A (they are N/A),,No,No,Nebraska,5/10/2022,Governor,N/A,"1,536",1%,Lost,N/A,N/A,N/A,No,N/A,N/A,N/A,N/A,N/A,N/A,N/A,N/A,
Lela McNinch,Female,White,,,Declined to answer,3/3/2023,Kaleigh,"""Hello, Nebraska currently uses paper ballots. There may have been minimal deviations in 4 counties in Nebraska but I believe our integrity as Nebraskans reduces this type of deception. I can not speak for those in other States. Loyal to Nebraska. Lela McNinch""",No,No,Nebraska,5/10/2022,Governor,N/A,"1,192",0%,Lost,N/A,N/A,N/A,No,N/A,N/A,N/A,N/A,N/A,N/A,N/A,N/A,
Theresa Thibodeau,Female,White,,,No?,4/26/2022,Maya,"Doesn't know if voter fraud occurred in 2020, but acknowledges Biden as president",No,No,Nebraska,5/10/2022,Governor,N/A,"16,432",6%,Lost,N/A,N/A,N/A,No,N/A,N/A,N/A,N/A,N/A,N/A,N/A,N/A,
Jim Pillen,Male,White,,,No,12/1/2022,N/A (checked against interactive),"Had been a ""No?"" but he Acknowledges Biden as president and simply has raised election integrity as a concern",No,No,Nebraska,5/10/2022,Governor,N/A,"91,555",34%,Won,N/A,N/A,N/A,No,N/A,N/A,N/A,N/A,N/A,N/A,N/A,N/A,
Troy Wentz,Male,White,,,?,2/28/2023,Nathaniel,Believes elections are free but not fair or secure,No,No,Nebraska,5/10/2022,Governor,N/A,708,0%,Lost,N/A,N/A,N/A,No,N/A,N/A,N/A,N/A,N/A,N/A,N/A,N/A,
Charles W. Herbster,Male,White,,,No?,3/3/2023,Kaleigh,"Formerly said that 2020 election was illegitimate and attended Jan. 6 rally, but now says Biden is the duly elected president, has concerns about election integrity",No,No,Nebraska,5/10/2022,Governor,N/A,"80,771",30%,Lost,N/A,N/A,N/A,Yes,10/26/2021,N/A,N/A,N/A,N/A,N/A,N/A,N/A,
Breland Ridenour,Male,White,,,Yes,4/26/2022,Maya,Believes there was illegal computer tampering in 2020 election,No,No,Nebraska,5/10/2022,Governor,N/A,"4,685",2%,Lost,N/A,N/A,N/A,No,N/A,N/A,N/A,N/A,N/A,N/A,N/A,N/A,
Arnold Blankenship,Male,Unknown,,,N/A,5/2/2022,N/A (they are N/A),,No,Yes,Kentucky,5/17/2022,Senator,N/A,"10,092",3%,Lost,N/A,N/A,N/A,No,N/A,No,No,N/A,N/A,N/A,N/A,N/A,
"Valerie ""Dr Val"" Fredrick",Female,White,,,Yes,2/28/2023,Nathaniel,Believes in election fraud conspiracies,No,Yes,Kentucky,5/17/2022,Senator,N/A,"14,018",4%,Lost,N/A,N/A,N/A,No,N/A,No,No,N/A,N/A,N/A,N/A,N/A,
Paul V. Hamilton,Male,White,,,N/A,5/2/2022,N/A (they are N/A),,No,Yes,Kentucky,5/17/2022,Senator,N/A,"13,473",3%,Lost,N/A,N/A,N/A,No,N/A,No,No,N/A,N/A,N/A,N/A,N/A,
Rand Paul,Male,White,,,No?,12/1/2022,N/A (checked against interactive),"Voted to certify election, but has concerns about election integrity; previously said election was stolen",Yes,No,Kentucky,5/17/2022,Senator,N/A,"333,051",86%,Won,N/A,N/A,N/A,Yes,4/8/2021,Yes,Yes,N/A,N/A,N/A,N/A,N/A,
John Schiess,Male,White,,,Yes,3/3/2023,Kaleigh,Says there was no excuse for certifying the election,No,Yes,Kentucky,5/17/2022,Senator,N/A,"5,538",1%,Lost,N/A,N/A,N/A,No,N/A,No,No,N/A,N/A,N/A,N/A,N/A,
Tami L. Stainfield,Female,White,,,?,2/28/2023,Nathaniel,"""My fundamental belief after analysis is ALL elections are in crisis; most argue money which I agree so now what and I argue the orchestrated take over of the media for the purpose and reason to influence which candidates win is the bigger crisis. Going to send you two emails to highlight what the Mastermind saw and I also saw, the emails I send should be considered confidential and for sole purpose to understand my conclusions on elections. 

Voting machines did not cause the Trump loss; however, as these next two emails I will be forwarding to you will demonstrate ALL elections are now in jeopardy within the standard or framework of conducting Constitutional  'FAIR and EQUAL' or 'Free and Equal' elections.

My site also argues why declaring a NOT BORN corporation a citizen is bizarre if not the crisis. Scalia and Ruth Bader saw something very wrong in the Court and with these two Party's who now control the media; or the media's now controls of the Party. We have all seen since Clinton the movement of campaign mangers and government officials moving into strategic jobs in the media. https://www.tamistainfield.com/tami_and_constitution/corporations_are_people

So have a little fear you will do what most in the media have done for almost all believe in my view, elections are in crisis; however, the media then tags us as Trump radicals; when in reality how do you beat the media who is shaping, producing, and controlling public opinion. Recently shared with a group my view; I deeply hate and despise the modern Democrat Party, a point many in the media have loss; why this past election was filled with hate; the election anger was not framed in a love of the loser its the observation that the winner was so incompetent and he put a women who believes in 9 month abortions; she believes save people on death row; and she has never lived anywhere except California; and lastly her education about life in America comes from TWO FOREIGN Born parents. 

Even more of concern no Republicans ran commercials against this women - Harris; however when white Amy McGrath had extreme RADICAL views they the Republicans funded commercials.  One must remember the argument is how is she qualified; as how is appointing a foreign born head of Homeland Security and the head of USA energy also a foreign born logical in principles of skills and qualifications; it has become apparent that many in the media think we dumb and stupid; understand we have deep deep hate towards Biden's democrat Party and we have very little cult following or love of Trump. """,No,Yes,Kentucky,5/17/2022,Senator,N/A,"9,256",2%,Lost,N/A,N/A,N/A,No,N/A,No,No,N/A,N/A,N/A,N/A,N/A,
James R. Comer,Male,White,,,No?,12/1/2022,N/A (checked against interactive),"Voted to certify election, but called to investigate reports of ""outright fraud""",Yes,No,Kentucky,5/17/2022,Representative,1,1,100%,Won,N/A,N/A,N/A,Yes,5/10/2022,N/A,N/A,N/A,N/A,N/A,N/A,N/A,
Brent Feher,Male,White,,,N/A,5/2/2022,N/A (they are N/A),,No,Yes,Kentucky,5/17/2022,Representative,2,"2,681",4%,Lost,N/A,N/A,N/A,No,N/A,N/A,N/A,N/A,N/A,N/A,N/A,N/A,
S. Brett Guthrie,Male,White,,,No,12/1/2022,N/A (checked against interactive),Voted to certify election,Yes,No,Kentucky,5/17/2022,Representative,2,"52,265",78%,Won,N/A,N/A,N/A,Yes,5/10/2022,N/A,N/A,N/A,N/A,N/A,N/A,N/A,
E. Lee Watts,Male,White,,,Yes,3/3/2023,Kaleigh,Says Trump won,No,Yes,Kentucky,5/17/2022,Representative,2,"11,996",18%,Lost,N/A,N/A,N/A,No,N/A,N/A,N/A,N/A,N/A,N/A,N/A,N/A,
Daniel Cobble,Male,Black,,,Yes,5/2/2022,Maya,Says 2020 election was fraudulent,No,No,Kentucky,5/17/2022,Representative,3,"1,539",5%,Lost,N/A,N/A,N/A,N/A,N/A,N/A,N/A,N/A,N/A,N/A,N/A,N/A,
Mike Craven,Male,White,,,N/A,5/2/2022,N/A (they are N/A),,No,No,Kentucky,5/17/2022,Representative,3,"6,488",20%,Lost,N/A,N/A,N/A,N/A,N/A,N/A,N/A,N/A,N/A,N/A,N/A,N/A,
Justin Gregory,Male,White,,,N/A,5/2/2022,N/A (they are N/A),,No,No,Kentucky,5/17/2022,Representative,3,"1,293",4%,Lost,N/A,N/A,N/A,N/A,N/A,N/A,N/A,N/A,N/A,N/A,N/A,N/A,
Darien D. Barrios Moreno,Male,Latino (Cuban),,,N/A,5/2/2022,N/A (they are N/A),,No,No,Kentucky,5/17/2022,Representative,3,"1,212",4%,Lost,N/A,N/A,N/A,N/A,N/A,N/A,N/A,N/A,N/A,N/A,N/A,N/A,
Rhonda Palazzo,Female,White,,,N/A,5/2/2022,N/A (they are N/A),,No,No,Kentucky,5/17/2022,Representative,3,"9,645",29%,Lost,N/A,N/A,N/A,N/A,N/A,N/A,N/A,N/A,N/A,N/A,N/A,N/A,
Gregory P. Puccetti,Male,White,,,N/A,5/2/2022,N/A (they are N/A),,No,No,Kentucky,5/17/2022,Representative,3,"2,980",9%,Lost,N/A,N/A,N/A,N/A,N/A,N/A,N/A,N/A,N/A,N/A,N/A,N/A,
Stuart N. Ray,Male,White,,,No?,12/1/2022,N/A (checked against interactive),"""Does Mr. Ray think Trump won the 2020 election?
“I do not believe there was any level of tampering that impacted the outcome of the Trump/Biden election.”                               2.  Does Mr. Ray think the 2020 election was illegitimate?
“I believe election integrity is of the UTMOST important issue! It certainly appeared there may have been some inappropriate activities in 2020, however not to any degree that the election wasn’t legitimate.”
""",No,No,Kentucky,5/17/2022,Representative,3,"9,703",30%,Won,N/A,N/A,N/A,N/A,N/A,N/A,N/A,N/A,N/A,N/A,N/A,N/A,
Thomas Massie,Male,White,,,No?,12/1/2022,N/A (checked against interactive),"Opposes efforts to overturn election, but says there were ""significant abuses in our election system""",Yes,No,Kentucky,5/17/2022,Representative,4,"50,301",75%,Won,N/A,N/A,N/A,Yes,5/10/2022,N/A,N/A,N/A,N/A,N/A,N/A,N/A,
Alyssa Dara McDowell,Female,White,,,?,2/28/2023,Nathaniel,"Says there was ""rampant obvious mass voter fraud""",No,Yes,Kentucky,5/17/2022,Representative,4,"3,446",5%,Lost,N/A,N/A,N/A,No,N/A,N/A,N/A,N/A,N/A,N/A,N/A,N/A,
George Washington,Male,White,,,N/A,5/2/2022,N/A (they are N/A),,No,Yes,Kentucky,5/17/2022,Representative,4,"2,606",4%,Lost,N/A,N/A,N/A,No,N/A,N/A,N/A,N/A,N/A,N/A,N/A,N/A,
Claire Wirth,Female,White,,,Yes,3/3/2023,Kaleigh,Says election was stolen,No,Yes,Kentucky,5/17/2022,Representative,4,"10,521",16%,Lost,N/A,N/A,N/A,No,N/A,N/A,N/A,N/A,N/A,N/A,N/A,N/A,
Jeannette Andrews,Female,Latino (Chilean),,,Yes,5/2/2022,Maya,"""When Biden steals this Trump will be back in 2024!""",No,Yes,Kentucky,5/17/2022,Representative,5,"4,160",4%,Lost,N/A,N/A,N/A,No,N/A,N/A,N/A,N/A,N/A,N/A,N/A,N/A,
Brandon Russell Monhollen,Male,White,,,N/A,5/2/2022,N/A (they are N/A),,No,Yes,Kentucky,5/17/2022,Representative,5,"3,831",4%,Lost,N/A,N/A,N/A,No,N/A,N/A,N/A,N/A,N/A,N/A,N/A,N/A,
"Harold ""Hal"" Rogers",Male,White,,,Yes,12/1/2022,N/A (checked against interactive),Voted to overturn election,Yes,No,Kentucky,5/17/2022,Representative,5,"77,050",83%,Won,N/A,N/A,N/A,Yes,5/10/2022,N/A,N/A,N/A,N/A,N/A,N/A,N/A,
Gerardo Serrano,Male,Latino,,,No?,2/28/2023,Nathaniel,"Opposes Trump's efforts to overturn election, but supports voter fraud conspiracies

Emailed response: ""Does Mr. Serrano think Trump won the 2020 election? I can’t answer that for the rest of the country; I can tell you he won the elections in Kentucky.
Do I believe the 2020 elections are illegitimate? There seems to be illegal activity throughout my State.  Democrats who control some areas have cheated. In my District Pike County had Trump winning but the absentee voters gave Biden a win.  Yes, obviously that some illegal activity happened there but I also believe my opponent Hal Rogers is cheating where he owns every politician in that county.  Like my county in Jackson County does not allow any new election Judges they don’t feel they can control. How do I know? Several years ago when the county needed judges some who took the class to be a judge were turned down. They happened to be people the county knew were friends of mine.  I was also turned down.  I happen to know my opponent bought votes before and one person went to jail for it and refuse to plea deal to bring Hal Rogers and Mitch McConnell in as part of the deal.  His daughter told me what happened. Ashley Smith, her maiden name.  Said she lost her dad for 10 years because of it.  But those two paid her education including her law degree. 
You need to do some investigation work.  
""",No,Yes,Kentucky,5/17/2022,Representative,5,"5,460",6%,Lost,N/A,N/A,N/A,No,N/A,N/A,N/A,N/A,N/A,N/A,N/A,N/A,
Rich Van Dam,Male,White,,,N/A,5/2/2022,N/A (they are N/A),,No,Yes,Kentucky,5/17/2022,Representative,5,"2,784",3%,Lost,N/A,N/A,N/A,No,N/A,N/A,N/A,N/A,N/A,N/A,N/A,N/A,
Andy Barr,Male,White,,,No?,12/1/2022,N/A (checked against interactive),"Voted to certify election, but has concerns about 2020 election integrity",Yes,No,Kentucky,5/17/2022,Representative,6,"47,660",88%,Won,N/A,N/A,N/A,Yes,5/10/2022,N/A,N/A,N/A,N/A,N/A,N/A,N/A,
Derek Petteys,Male,White,,,Yes,3/3/2023,Kaleigh,"Criticized opponent for voting to certify election + is active on Facebook about ""election fraud""; Regularly criticizes his primary opponent for certifying election results + he talks about election fraud.",No,Yes,Kentucky,5/17/2022,Representative,6,"6,593",12%,Lost,N/A,N/A,N/A,No,N/A,N/A,N/A,N/A,N/A,N/A,N/A,N/A,
Jason Beebe,Male,White,,,Yes,5/9/2022,Maya,"""1. I believe Donald Trump won the election. 
2. There is so much proof of election fraud that it would be hard for me to believe the elections were legitimate. """,No,No,Oregon,5/17/2022,Senator,N/A,"39,456",11%,Lost,N/A,N/A,N/A,N/A,N/A,N/A,N/A,N/A,N/A,N/A,N/A,N/A,
Christopher C. Christensen,Male,White,,,N/A,5/3/2022,N/A (they are N/A),,No,No,Oregon,5/17/2022,Senator,N/A,"28,433",8%,Lost,N/A,N/A,N/A,N/A,N/A,N/A,N/A,N/A,N/A,N/A,N/A,N/A,
Robert M. Fleming,Male,Unknown,,,N/A,5/3/2022,N/A (they are N/A),,No,No,Oregon,5/17/2022,Senator,N/A,"6,821",2%,Lost,N/A,N/A,N/A,N/A,N/A,N/A,N/A,N/A,N/A,N/A,N/A,N/A,
Darin Harbick,Male,White,,,N/A,5/3/2022,N/A (they are N/A),,No,No,Oregon,5/17/2022,Senator,N/A,"107,506",31%,Lost,N/A,N/A,N/A,N/A,N/A,N/A,N/A,N/A,N/A,N/A,N/A,N/A,
Sam Palmer,Male,White,,,N/A,5/6/2022,N/A (they are N/A),,No,No,Oregon,5/17/2022,Senator,N/A,"42,703",12%,Lost,N/A,N/A,N/A,N/A,N/A,N/A,N/A,N/A,N/A,N/A,N/A,N/A,
Jo Rae Perkins,Female,White,,,Yes,12/1/2022,N/A (checked against interactive),Attended Jan. 6 rally,No,No,Oregon,5/17/2022,Senator,N/A,"115,701",33%,Won,N/A,N/A,N/A,N/A,N/A,N/A,N/A,N/A,N/A,N/A,N/A,N/A,
Ibra A. Taher,Male,Middle Eastern (Kuwaiti),,,?,2/28/2023,Nathaniel,Also shared conspiracy theory on Twitter,No,No,Oregon,5/17/2022,Senator,N/A,"6,659",2%,Lost,N/A,N/A,N/A,N/A,N/A,N/A,N/A,N/A,N/A,N/A,N/A,N/A,
Christopher A. Mann,Male,White,,,Yes,12/1/2022,N/A (checked against interactive),"""When states violated the constitution by changing the rules of an election without going through the proper legislation. With information showing thousands of fraudulent vote happening during ballot recounts, when 96% of senior citizens in retirement homes showing have voted, yet the greatest majority of them do not remember getting a ballot or voting.  The digital footprints that have been discovered and discussed in the movie 2000 mules. When voting centers kick out Republican representatives, and then continue counting once they leave the room, and the jurisdictions that stopped counting and then the numbers did a 180° reversal in the favor of Joe Biden. Adding to that the hundreds of people who have signed affidavits under the penalty of the law of treason, stating they were voter irregularities, leads Mr. Mann to believe the election was rampant with fraud.

Until all of the fraud has been uncovered and ruled upon there will always be doubt in Americans minds. That being said, it is most likely that President Trump won the election by the largest margin in history, as well as gaining more votes than any sitting president in history. """,No,No,Oregon,5/17/2022,Representative,1,"19,605",67%,Won,N/A,N/A,N/A,N/A,N/A,N/A,N/A,N/A,N/A,N/A,N/A,N/A,
"Armidia ""Army"" Murray",Male,Latino (Cuban),,,?,3/3/2023,Kaleigh,Past support of election fraud conspiracies,No,No,Oregon,5/17/2022,Representative,1,"9,047",31%,Lost,N/A,N/A,N/A,N/A,N/A,N/A,N/A,N/A,N/A,N/A,N/A,N/A,
Cliff S. Bentz,Male,White,,,No?,12/1/2022,N/A (checked against interactive),"Voted to overturn election in Pennsylvania, but doesn't think election fraud cost Trump the election (it was ""bought not stolen"" https://www.malheurenterprise.com/posts/9317/bentz-says-2020-presidential-election-was-bought-not-stolen)",Yes,No,Oregon,5/17/2022,Representative,2,"67,051",75%,Won,N/A,N/A,N/A,N/A,N/A,N/A,N/A,N/A,N/A,N/A,N/A,N/A,
Mark Cavener,Male,White,,,Yes,5/3/2022,Maya,"""Trump is still our President.""",No,Yes,Oregon,5/17/2022,Representative,2,"17,372",19%,Lost,N/A,N/A,N/A,N/A,N/A,N/A,N/A,N/A,N/A,N/A,N/A,N/A,
Katherine M. Gallant,Female,White,,,Yes,2/28/2023,Nathaniel,Called Arizona election fraudulent,No,Yes,Oregon,5/17/2022,Representative,2,"4,598",5%,Lost,N/A,N/A,N/A,N/A,N/A,N/A,N/A,N/A,N/A,N/A,N/A,N/A,
Joanna Harbour,Female,White,,,N/A,12/1/2022,N/A (checked against interactive),,No,No,Oregon,5/17/2022,Representative,3,"18,031",98%,Won,N/A,N/A,N/A,N/A,N/A,N/A,N/A,N/A,N/A,N/A,N/A,N/A,
Alek Skarlatos,Male,White,,,Declined to answer,12/1/2022,N/A (checked against interactive),"Local coverage linked from 2021: ""Asked who he thought won the 2020 election, Skarlatos said, “I have no comment.” and there is nothing newer since",No,No,Oregon,5/17/2022,Representative,4,"58,655",98%,Won,N/A,N/A,N/A,N/A,N/A,N/A,Yes,N/A,N/A,N/A,N/A,N/A,
Lori Chavez-DeRemer,Female,Latino,,,?,12/1/2022,N/A (checked against interactive),Has concerns about election integrity,No,No,Oregon,5/17/2022,Representative,5,"30,438",43%,Won,N/A,N/A,N/A,N/A,N/A,N/A,N/A,N/A,Yes,Yes,Yes,N/A,
Jimmy Crumpacker,Male,White,,,No,3/6/2023,Kaleigh,"Accepts Biden as legitimate president, but has some concerns",No,No,Oregon,5/17/2022,Representative,5,"20,631",29%,Lost,N/A,N/A,N/A,N/A,N/A,N/A,N/A,N/A,No,No,No,N/A,
John Di Paola,Male,White,,,N/A,5/3/2022,Maya,Supports investigating election results,No,No,Oregon,5/17/2022,Representative,5,"11,486",16%,Lost,N/A,N/A,N/A,N/A,N/A,N/A,N/A,N/A,No,No,No,N/A,
Madison Oatman,Female,White,,,N/A,5/3/2022,N/A (they are N/A),,No,No,Oregon,5/17/2022,Representative,5,"1,863",3%,Lost,N/A,N/A,N/A,N/A,N/A,N/A,N/A,N/A,No,No,No,N/A,
Laurel L. Roses,Female,White,,,No?,2/28/2023,Nathaniel,Acknowledges Biden but says election was fraudulent,No,No,Oregon,5/17/2022,Representative,5,"6,321",9%,Lost,N/A,N/A,N/A,N/A,N/A,N/A,N/A,N/A,No,No,No,N/A,
Jim Bunn,Male,White,,,N/A,5/3/2022,N/A (they are N/A),,No,No,Oregon,5/17/2022,Representative,6,"6,340",10%,Lost,N/A,N/A,N/A,N/A,N/A,N/A,N/A,N/A,N/A,N/A,N/A,N/A,
Mike Erickson,Male,White,,,No,12/1/2022,N/A (checked against interactive),,No,No,Oregon,5/17/2022,Representative,6,"21,675",35%,Won,N/A,N/A,N/A,N/A,N/A,N/A,N/A,N/A,N/A,N/A,N/A,N/A,
Ron Noble,Male,White,,,No,3/6/2023,Kaleigh,"Says Biden won 2020 election, but we need to take steps to minimize fraud in elections",No,No,Oregon,5/17/2022,Representative,6,"10,980",18%,Lost,N/A,N/A,N/A,N/A,N/A,N/A,N/A,N/A,N/A,N/A,N/A,N/A,
Angela Plowhead,Female,Black,White,,N/A,5/3/2022,N/A (they are N/A),,No,No,Oregon,5/17/2022,Representative,6,"8,271",13%,Lost,N/A,N/A,N/A,N/A,N/A,N/A,N/A,N/A,N/A,N/A,N/A,N/A,
David Russ,Male,White,,,Yes,5/3/2022,Maya,"""The (REAL) Big Lie is that Joe Biden won fair and square.""",No,No,Oregon,5/17/2022,Representative,6,"2,398",4%,Lost,N/A,N/A,N/A,N/A,N/A,N/A,N/A,N/A,N/A,N/A,N/A,N/A,
Amy L. Ryan Courser,Female,White,,,?,2/28/2023,Nathaniel,Made social media posts questioning outcome of own election in 2020,No,No,Oregon,5/17/2022,Representative,6,"10,176",16%,Lost,N/A,N/A,N/A,N/A,N/A,N/A,N/A,N/A,N/A,N/A,N/A,N/A,
Nathan A. Sandvig,Male,White,,,No,3/6/2023,Kaleigh,"Acknowledges Biden as president, but has concerns about election integrity",No,No,Oregon,5/17/2022,Representative,6,"2,222",4%,Lost,N/A,N/A,N/A,N/A,N/A,N/A,N/A,N/A,N/A,N/A,N/A,N/A,
Raymond Baldwin,Male,White,,,N/A,5/3/2022,N/A (they are N/A),,No,No,Oregon,5/17/2022,Governor,N/A,459,0%,Lost,N/A,N/A,N/A,N/A,N/A,N/A,N/A,N/A,N/A,N/A,N/A,N/A,
Bridget Barton,Female,White,,,Declined to answer,2/28/2023,Nathaniel,Did not respond to question,No,No,Oregon,5/17/2022,Governor,N/A,"40,886",11%,Lost,N/A,N/A,N/A,N/A,N/A,N/A,N/A,N/A,N/A,N/A,N/A,N/A,
Court Boice,Male,White,,,Yes,3/6/2023,Kaleigh,Does not believe Biden won 2020 election,No,No,Oregon,5/17/2022,Governor,N/A,"4,040",1%,Lost,N/A,N/A,N/A,N/A,N/A,N/A,N/A,N/A,N/A,N/A,N/A,N/A,
David A. Burch,Male,White,,,N/A,5/3/2022,N/A (they are N/A),,No,No,Oregon,5/17/2022,Governor,N/A,406,0%,Lost,N/A,N/A,N/A,N/A,N/A,N/A,N/A,N/A,N/A,N/A,N/A,N/A,
Reed Christensen,Male,White,,,Yes,5/3/2022,Maya,Participated in Capitol attack,No,No,Oregon,5/17/2022,Governor,N/A,"3,082",1%,Lost,N/A,N/A,N/A,N/A,N/A,N/A,N/A,N/A,N/A,N/A,N/A,N/A,Withdrew 4/14
Christine Drazan,Female,White,,,No,12/1/2022,N/A (checked against interactive),Acknowledges Biden won,No,No,Oregon,5/17/2022,Governor,N/A,"85,255",23%,Won,N/A,N/A,N/A,N/A,N/A,N/A,N/A,N/A,N/A,N/A,N/A,N/A,
Jessica Gomez,Female,Latino,,,No,2/28/2023,Nathaniel,Believes Biden won election,No,No,Oregon,5/17/2022,Governor,N/A,"9,970",3%,Lost,N/A,N/A,N/A,N/A,N/A,N/A,N/A,N/A,N/A,N/A,N/A,N/A,
Nick Hess,Male,White,,,No,3/6/2023,Kaleigh,Believes Biden won election,No,No,Oregon,5/17/2022,Governor,N/A,"4,287",1%,Lost,N/A,N/A,N/A,N/A,N/A,N/A,N/A,N/A,N/A,N/A,N/A,N/A,
Tim McCloud,Male,Black,,,No,5/3/2022,Maya,Believes Biden won election,No,No,Oregon,5/17/2022,Governor,N/A,"4,400",1%,Lost,N/A,N/A,N/A,N/A,N/A,N/A,N/A,N/A,N/A,N/A,N/A,N/A,
Kerry McQuisten,Female,White,,,N/A,5/3/2022,N/A (they are N/A),Made comments sympathetic to Jan. 6 attackers,No,No,Oregon,5/17/2022,Governor,N/A,"28,727",8%,Lost,N/A,N/A,N/A,N/A,N/A,N/A,N/A,N/A,N/A,N/A,N/A,N/A,
Brandon C. Merritt,Male,White,,,Declined to answer,2/28/2023,Nathaniel,"Declined to state when asked in an interview, but earlier reporting says he made private comments supportive of Jan. 6 attack",No,No,Oregon,5/17/2022,Governor,N/A,"3,615",1%,Lost,N/A,N/A,N/A,N/A,N/A,N/A,N/A,N/A,N/A,N/A,N/A,N/A,
Bud Pierce,Male,White,,,No,3/6/2023,Kaleigh,Accepts Biden as winner,No,No,Oregon,5/17/2022,Governor,N/A,"32,965",9%,Lost,N/A,N/A,N/A,N/A,N/A,N/A,N/A,N/A,N/A,N/A,N/A,N/A,
John G. Presco,Male,White,,,N/A,5/3/2022,N/A (they are N/A),,No,No,Oregon,5/17/2022,Governor,N/A,174,0%,Lost,N/A,N/A,N/A,N/A,N/A,N/A,N/A,N/A,N/A,N/A,N/A,N/A,
Stan Pulliam,Male,White,,,Yes,5/3/2022,Maya,"“I’m the only conservative candidate, especially on this stage, that is willing to say the truth,” he said loudly. “The 2020 election was fraudulent, completely fraudulent.""",No,No,Oregon,5/17/2022,Governor,N/A,"41,123",11%,Lost,N/A,N/A,N/A,N/A,N/A,N/A,N/A,N/A,N/A,N/A,N/A,N/A,
Amber R. Richardson,Female,White,,,Yes,2/28/2023,Nathaniel,Does not believe Biden won election,No,No,Oregon,5/17/2022,Governor,N/A,"1,924",1%,Lost,N/A,N/A,N/A,N/A,N/A,N/A,N/A,N/A,N/A,N/A,N/A,N/A,
Bill Sizemore,Male,White,,,Yes,3/6/2023,Kaleigh,"""This is Bill Sizemore. I do not believe Joe Biden won the election fair and square. Further investigation would be required to know the extent of the cheating, but it appears it was widespread enough to possibly and even probably have determined the outcome.""",No,No,Oregon,5/17/2022,Governor,N/A,"13,261",4%,Lost,N/A,N/A,N/A,N/A,N/A,N/A,N/A,N/A,N/A,N/A,N/A,N/A,
Stefan G. Strek,Male,White,,,Declined to answer,5/10/2022,Maya,"""No soliciting, thanks!
Have a great day ma'am!""",No,No,Oregon,5/17/2022,Governor,N/A,171,0%,Lost,N/A,N/A,N/A,N/A,N/A,N/A,N/A,N/A,N/A,N/A,N/A,N/A,
Marc Thielman,Male,White,,,Yes,2/28/2023,Nathaniel,"“When our courts wouldn’t hear it, when our Congress wouldn’t hear it, when our executive branch wouldn’t hear it, we the people did what our Constitution allows us to do. [Jan. 6] was a wonderful patriotic protest.”",No,No,Oregon,5/17/2022,Governor,N/A,"30,076",8%,Lost,N/A,N/A,N/A,N/A,N/A,N/A,N/A,N/A,N/A,N/A,N/A,N/A,
Bob Tiernan,Male,White,,,No,3/6/2023,Kaleigh,Believes Biden won the election,No,No,Oregon,5/17/2022,Governor,N/A,"66,089",17%,Lost,N/A,N/A,N/A,N/A,N/A,N/A,N/A,N/A,N/A,N/A,N/A,N/A,
Brenda Bourn,Female,White,,,N/A,5/3/2022,Maya,Made comments supportive of Jan. 6 attackers,No,Yes,Idaho,5/17/2022,Senator,N/A,"21,612",8%,Lost,N/A,N/A,N/A,No,N/A,N/A,No,N/A,N/A,N/A,N/A,N/A,
Mike Crapo,Male,White,,,No?,12/1/2022,N/A (checked against interactive),"Voted to certify election results, but expressed concerns about election integrity",Yes,No,Idaho,5/17/2022,Senator,N/A,"177,906",67%,Won,N/A,N/A,N/A,Yes,3/5/2021,N/A,Yes,N/A,N/A,N/A,N/A,N/A,
Natalie M. Fleming,Female,White,,,No?,2/28/2023,Nathaniel,"""1.  Joseph Biden won the 2020 election.
2. The election data supports that the 2020 election was legitimate. The Secretaries of states and State legislatures of every state certified the election, including Republican legislatures and officers. The judges and the Supreme Court, including those appointed by Republicans, upheld the election. However, I expressed my concerns about ballot harvesting in February 2019. Now that extensive ballot harvesting is shown in several states, increasing concern about voter confidence. To ensure voter confidence in upcoming elections we need to address ballot harvesting. 

I knocked over the monopoly board plenty of times as a child. There is no place in our Republic for adult politicians to behave this way.
It is important for leaders to have the ability to see that real data through the propaganda and know the difference.""",No,Yes,Idaho,5/17/2022,Senator,N/A,"16,902",6%,Lost,N/A,N/A,N/A,No,N/A,N/A,No,N/A,N/A,N/A,N/A,N/A,
Scott Trotter,Male,White,,,N/A,5/3/2022,N/A (they are N/A),Is skeptical of truth about Jan. 6 riot,No,Yes,Idaho,5/17/2022,Senator,N/A,"27,699",10%,Lost,N/A,N/A,N/A,No,N/A,N/A,No,N/A,N/A,N/A,N/A,N/A,
Ramont Turnbull,Male,White,,,N/A,5/3/2022,N/A (they are N/A),,No,Yes,Idaho,5/17/2022,Senator,N/A,"20,883",8%,Lost,N/A,N/A,N/A,No,N/A,N/A,No,N/A,N/A,N/A,N/A,N/A,
Russ Fulcher,Male,White,,,Yes,12/1/2022,N/A (checked against interactive),Voted to overthrow election,Yes,No,Idaho,5/17/2022,Representative,1,"126,528",100%,Won,N/A,N/A,N/A,Yes,5/14/2022,N/A,N/A,N/A,N/A,N/A,N/A,N/A,
Flint L. Christensen,Male,White,,,N/A,5/3/2022,N/A (they are N/A),,No,Yes,Idaho,5/17/2022,Representative,2,"7,113",6%,Lost,N/A,N/A,N/A,N/A,N/A,N/A,N/A,N/A,N/A,N/A,N/A,N/A,
Daniel Algiers Lucas Levy,Male,White,,,Yes,3/6/2023,Kaleigh,Tweeted that election was rigged,No,Yes,Idaho,5/17/2022,Representative,2,"2,185",2%,Lost,N/A,N/A,N/A,N/A,N/A,N/A,N/A,N/A,N/A,N/A,N/A,N/A,
Chris Porter,Male,Unknown,,,N/A,5/3/2022,N/A (they are N/A),,No,Yes,Idaho,5/17/2022,Representative,2,"6,357",5%,Lost,N/A,N/A,N/A,N/A,N/A,N/A,N/A,N/A,N/A,N/A,N/A,N/A,
Mike Simpson,Male,White,,,No?,12/1/2022,N/A (checked against interactive),"Voted to certify election, but has concerns about election integrity",Yes,No,Idaho,5/17/2022,Representative,2,"67,177",55%,Won,N/A,N/A,N/A,N/A,N/A,N/A,N/A,N/A,N/A,N/A,N/A,N/A,
Bryan Smith,Male,White,,,Yes,5/3/2022,Maya,Promoted election fraud conspiracies,No,Yes,Idaho,5/17/2022,Representative,2,"40,267",33%,Lost,N/A,N/A,N/A,N/A,N/A,N/A,N/A,N/A,N/A,N/A,N/A,N/A,
Steven R. Bradshaw,Male,White,,,N/A,5/3/2022,N/A (they are N/A),,No,Yes,Idaho,5/17/2022,Governor,N/A,"5,470",2%,Lost,N/A,N/A,N/A,No,N/A,N/A,No,N/A,N/A,N/A,N/A,N/A,
Ben Cannady,Male,White,,,N/A,5/3/2022,N/A (they are N/A),,No,Yes,Idaho,5/17/2022,Governor,N/A,804,0%,Lost,N/A,N/A,N/A,No,N/A,N/A,No,N/A,N/A,N/A,N/A,N/A,
Edward R. Humphreys,Male,White,,,Yes,2/28/2023,Nathaniel,"Says there's ""overwhelming evidence of malfeasance"" in the 2020 election and ""it must be rectified""",No,Yes,Idaho,5/17/2022,Governor,N/A,"30,878",11%,Lost,N/A,N/A,N/A,No,N/A,N/A,No,N/A,N/A,N/A,N/A,N/A,
Ashley Jackson,Female,White,,,N/A,5/3/2022,N/A (they are N/A),,No,Yes,Idaho,5/17/2022,Governor,N/A,"3,172",1%,Lost,N/A,N/A,N/A,No,N/A,N/A,No,N/A,N/A,N/A,N/A,N/A,
Brad Little,Male,White,,,Yes,12/1/2022,N/A (checked against interactive),Supported lawsuit to overturn election,Yes,No,Idaho,5/17/2022,Governor,N/A,"148,843",53%,Won,N/A,N/A,N/A,No,N/A,N/A,Yes,N/A,N/A,N/A,N/A,N/A,
Lisa Marie,Female,White,,,?,3/6/2023,Kaleigh,Promoted election fraud conspiracies,No,Yes,Idaho,5/17/2022,Governor,N/A,"1,120",0%,Lost,N/A,N/A,N/A,No,N/A,N/A,No,N/A,N/A,N/A,N/A,N/A,
Janice McGeachin,Female,White,,,Yes,2/28/2023,Nathaniel,Supported lawsuit to overturn election,No,Yes,Idaho,5/17/2022,Governor,N/A,"90,857",32%,Lost,N/A,N/A,N/A,Yes,11/9/2021,N/A,No,N/A,N/A,N/A,N/A,N/A,
Cody Usabel,Male,White,,,?,3/6/2023,Kaleigh,Appears to have promoted an election fraud conspiracy,No,Yes,Idaho,5/17/2022,Governor,N/A,680,0%,Lost,N/A,N/A,N/A,No,N/A,N/A,No,N/A,N/A,N/A,N/A,N/A,
Marjorie K. Eastman,Female,White,,,No,5/3/2022,Maya,Acknowledges Biden's victory,No,No,North Carolina,5/17/2022,Senator,N/A,"22,535",3%,Lost,N/A,N/A,N/A,No,N/A,No,N/A,N/A,N/A,Yes,N/A,N/A,
David Flaherty,Male,Unknown,,,Yes,2/28/2023,Nathaniel,"""1) No;
2) Yes. 
The 2020 election probably had more fraud than any other election that I know of. I mean, I know of NO election without fraud but, 2020 was the worst!""",No,No,North Carolina,5/17/2022,Senator,N/A,"7,265",1%,Lost,N/A,N/A,N/A,No,N/A,No,N/A,N/A,N/A,No,N/A,N/A,
Benjamin E. Griffiths,Male,White,,,N/A,3/6/2023,Kaleigh,Promises to fight for voter integrity,No,No,North Carolina,5/17/2022,Senator,N/A,"2,870",0%,Lost,N/A,N/A,N/A,No,N/A,No,N/A,N/A,N/A,No,N/A,N/A,
Kenneth Harper Jr.,Male,Black,,,Yes,5/3/2022,Maya,Does not believe Biden is the legitimate president,No,No,North Carolina,5/17/2022,Senator,N/A,"7,129",1%,Lost,N/A,N/A,N/A,No,N/A,No,N/A,N/A,N/A,No,N/A,N/A,
Pat McCrory,Male,White,,,No,2/28/2023,Nathaniel,Acknowledges Biden's victory,No,No,North Carolina,5/17/2022,Senator,N/A,"188,135",25%,Lost,N/A,N/A,N/A,No,N/A,No,N/A,N/A,N/A,No,N/A,N/A,
Charles Kenneth Moss,Male,Unknown,,,N/A,5/3/2022,N/A (they are N/A),,No,No,North Carolina,5/17/2022,Senator,N/A,"2,920",0%,Lost,N/A,N/A,N/A,No,N/A,No,N/A,N/A,N/A,No,N/A,N/A,
Lichia Sibhatu,Female,Black (Eritrean),,,N/A,5/3/2022,N/A (they are N/A),,No,No,North Carolina,5/17/2022,Senator,N/A,"2,191",0%,Lost,N/A,N/A,N/A,No,N/A,No,N/A,N/A,N/A,No,N/A,N/A,
Debora Tshiovo,Female,Black,,,N/A,5/3/2022,N/A (they are N/A),,No,No,North Carolina,5/17/2022,Senator,N/A,"2,741",0%,Lost,N/A,N/A,N/A,No,N/A,No,N/A,N/A,N/A,No,N/A,N/A,
Mark Walker,Male,White,,,No?,3/6/2023,Kaleigh,"""I don’t believe [the election] was stolen, but I don’t believe it was fair and square at the same time because of the discrepancies""",No,No,North Carolina,5/17/2022,Senator,N/A,"70,486",9%,Lost,N/A,N/A,N/A,No,N/A,No,N/A,N/A,N/A,No,N/A,N/A,
Jen Banwart,Female,White,,,No,5/10/2022,Maya,"""Does Ms. Banwart think Trump won the 2020 election?

No.  The margin of 74 electoral college votes makes it very clear that President Biden won the 2020 election.  Regarding lingering concerns about the popular vote, even after an additional year of analysis and resources spent, there still is no definitive evidence of large-scale corruption or election manipulation that would have tipped the scales.  


Does Ms. Banwart think the 2020 election was illegitimate?

No. Presidential elections are decided by electoral college vote (not popular vote), and then ultimately certified by Congress.  Outlined procedures were followed, votes were tallied, and the election was certified in 2020.  I accept the outcome.""",No,No,North Carolina,5/17/2022,Senator,N/A,"3,088",0%,Lost,N/A,N/A,N/A,No,N/A,No,N/A,N/A,N/A,No,N/A,N/A,
Lee A. Brian,Female,White,,,N/A,5/3/2022,N/A (they are N/A),,No,No,North Carolina,5/17/2022,Senator,N/A,"2,232",0%,Lost,N/A,N/A,N/A,No,N/A,No,N/A,N/A,N/A,No,N/A,N/A,
Leonard L. Bryant,Male,Black,,,?,2/28/2023,Nathaniel,Says the truth will come out about 2020 election,No,No,North Carolina,5/17/2022,Senator,N/A,"2,906",0%,Lost,N/A,N/A,N/A,No,N/A,No,N/A,N/A,N/A,No,N/A,N/A,
Ted Budd,Male,White,,,No?,12/1/2022,N/A (checked against interactive),Voted against certifying election; later said Biden was the legitimate president; continues to have concerns about 2020 election,No,No,North Carolina,5/17/2022,Senator,N/A,"448,128",59%,Won,N/A,N/A,N/A,Yes,6/5/2021,Yes,N/A,N/A,N/A,No,N/A,N/A,
Drew Bulecza,Male,White,,,Yes,3/6/2023,Kaleigh,Does not believe Biden was elected,No,No,North Carolina,5/17/2022,Senator,N/A,"2,022",0%,Lost,N/A,N/A,N/A,No,N/A,No,N/A,N/A,N/A,No,N/A,N/A,
Brad Murphy,Male,White,,,N/A,5/3/2022,N/A (they are N/A),"""This issue isn’t whether voter fraud occurs, it’s whether it occurs at a level high enough to change the outcome of elections.""",No,No,North Carolina,5/17/2022,Representative,1,"4,128",10%,Lost,N/A,N/A,N/A,N/A,N/A,N/A,N/A,N/A,N/A,N/A,N/A,N/A,
Ernest Reeves,Male,Black,,,?,5/3/2022,Maya,"Believes in ""irregularities"", but difficult to police voter fraud",No,No,North Carolina,5/17/2022,Representative,1,523,1%,Lost,N/A,N/A,N/A,N/A,N/A,N/A,N/A,N/A,N/A,N/A,N/A,N/A,
Brent Roberson,Male,White,,,No?,2/28/2023,Nathaniel,"""Although I don’t accept that the election was fair, I have to accept that Biden is our president.""",No,No,North Carolina,5/17/2022,Representative,1,"5,992",14%,Lost,N/A,N/A,N/A,N/A,N/A,N/A,N/A,N/A,N/A,N/A,N/A,N/A,
Sandy Roberson,Male,White,,,N/A,3/6/2023,Kaleigh,In favor of strengthening election integrity,No,No,North Carolina,5/17/2022,Representative,1,"11,603",27%,Lost,N/A,N/A,N/A,N/A,N/A,N/A,N/A,N/A,N/A,N/A,N/A,N/A,
Sandy Smith,Female,White,,,Yes,12/1/2022,N/A (checked against interactive),"Attended Jan. 6 rally, says she believes Trump won the election",No,No,North Carolina,5/17/2022,Representative,1,"13,621",31%,Won,N/A,N/A,N/A,N/A,N/A,N/A,N/A,N/A,N/A,N/A,N/A,N/A,
Billy Strickland,Male,White,,,N/A,5/3/2022,Maya,Has concerns about election integrity,No,No,North Carolina,5/17/2022,Representative,1,"6,050",14%,Lost,N/A,N/A,N/A,N/A,N/A,N/A,N/A,N/A,N/A,N/A,N/A,N/A,
Henry Williams II,Male,Unknown,,,N/A,5/3/2022,N/A (they are N/A),,No,No,North Carolina,5/17/2022,Representative,1,202,0%,Lost,N/A,N/A,N/A,N/A,N/A,N/A,N/A,N/A,N/A,N/A,N/A,N/A,
Will Aiken,Male,White,,,Declined to answer,2/28/2023,Nathaniel,Did not clearly answer question on massive voter fraud,No,No,North Carolina,5/17/2022,Representative,1,"1,285",3%,Lost,N/A,N/A,N/A,N/A,N/A,N/A,N/A,N/A,N/A,N/A,N/A,N/A,
"Mahesh ""Max"" Ganorkar",Male,Asian (Indian),,,?,5/3/2022,Kaleigh,Accuses Democrats of sabotaging elections,No,No,North Carolina,5/17/2022,Representative,2,"9,133",26%,Lost,N/A,N/A,N/A,N/A,N/A,N/A,N/A,N/A,N/A,N/A,N/A,N/A,
Adina Safta,Female,White,,,N/A,5/3/2022,N/A (they are N/A),,No,No,North Carolina,5/17/2022,Representative,2,"6,872",19%,Lost,N/A,N/A,N/A,N/A,N/A,N/A,N/A,N/A,N/A,N/A,N/A,N/A,
Christine E. Villaverde,Female,White,,,?,12/1/2022,N/A (checked against interactive),Says 2020 election had a ton of irregularities,No,No,North Carolina,5/17/2022,Representative,2,"19,650",55%,Won,N/A,N/A,N/A,N/A,N/A,N/A,N/A,N/A,N/A,N/A,N/A,N/A,
Tony Cowden,Male,White,,,?,5/3/2022,Maya,Says plenty of evidence of fraud in 2020,No,Yes,North Carolina,5/17/2022,Representative,3,"9,332",14%,Lost,N/A,N/A,N/A,No,N/A,N/A,N/A,N/A,N/A,N/A,N/A,N/A,
Eric Earhart,Male,White,,,?,2/28/2023,Nathaniel,"""Ongoing lawsuits in Pennsylvania, Wisconsin, Georgia and Arizona have found evidence of widespread fraud.""",No,Yes,North Carolina,5/17/2022,Representative,3,"3,274",5%,Lost,N/A,N/A,N/A,No,N/A,N/A,N/A,N/A,N/A,N/A,N/A,N/A,
Brian Michael Friend,Male,White,,,Yes,3/6/2023,Kaleigh,"""Absolutely there was election tampering""",No,Yes,North Carolina,5/17/2022,Representative,3,"1,698",3%,Lost,N/A,N/A,N/A,No,N/A,N/A,N/A,N/A,N/A,N/A,N/A,N/A,
Greg Murphy,Male,White,,,Yes,12/1/2022,N/A (checked against interactive),"Voted to overturn election, now says there were unquestionable irregularities in the 2020 election",Yes,No,North Carolina,5/17/2022,Representative,3,"50,123",76%,Won,N/A,N/A,N/A,Yes,4/6/2022,N/A,N/A,N/A,N/A,N/A,N/A,N/A,
George J. Papastrat,Male,White,,,No,2/28/2023,Nathaniel,"""Do I think Trump won the 2020 election? Clearly not, or he'd be in office right now. I think the entire 2020 election makes veterans like myself disgusted for serving our country because it should have never played out like it did, but not because of the quote-unquote voter fraud, but because of how everything played out. It was a legitimate election, yes, we have to go with that because it was an election and it happened and we have a new president because of it. So regardless of my opinion I have to agree it was a legitimate election.""",No,Yes,North Carolina,5/17/2022,Representative,3,"1,789",3%,Lost,N/A,N/A,N/A,No,N/A,N/A,N/A,N/A,N/A,N/A,N/A,N/A,
Courtney Geels,Female,White,,,?,12/1/2022,N/A (checked against interactive),,No,No,North Carolina,5/17/2022,Representative,4,"19,645",65%,Won,N/A,N/A,N/A,N/A,N/A,N/A,N/A,N/A,N/A,N/A,N/A,N/A,
Robert Thomas,Male,White,,,N/A,3/6/2023,Kaleigh,Has concerns about election integrity,No,No,North Carolina,5/17/2022,Representative,4,"10,793",35%,Lost,N/A,N/A,N/A,N/A,N/A,N/A,N/A,N/A,N/A,N/A,N/A,N/A,
Virginia Foxx,Female,White,,,Yes,12/1/2022,N/A (checked against interactive),Voted to overturn election,Yes,No,North Carolina,5/17/2022,Representative,5,"61,680",77%,Won,N/A,N/A,N/A,Yes,6/3/2021,N/A,N/A,N/A,N/A,Yes,Yes,N/A,
Michael Ackerman,Male,White,,,?,5/4/2022,Maya,"Believes there was fraud, but unsure whether it affected outcome of election",No,Yes,North Carolina,5/17/2022,Representative,5,"18,868",23%,Lost,N/A,N/A,N/A,No,N/A,N/A,N/A,N/A,N/A,No,No,N/A,
Christian Castelli,Male,White,,,N/A,12/1/2022,N/A (checked against interactive),Has concerns about election integrity,No,No,North Carolina,5/17/2022,Representative,6,"15,450",36%,Won,N/A,N/A,N/A,N/A,N/A,N/A,N/A,N/A,N/A,N/A,N/A,N/A,
Mary Ann Contogiannis,Female,White,,,N/A,5/4/2022,N/A (they are N/A),,No,No,North Carolina,5/17/2022,Representative,6,"5,211",12%,Lost,N/A,N/A,N/A,N/A,N/A,N/A,N/A,N/A,N/A,N/A,N/A,N/A,
Lee Haywood,Male,White,,,N/A,5/4/2022,N/A (they are N/A),,No,No,North Carolina,5/17/2022,Representative,6,"14,390",34%,Lost,N/A,N/A,N/A,N/A,N/A,N/A,N/A,N/A,N/A,N/A,N/A,N/A,
Laura Pichardo,Female,Latino,,,N/A,5/4/2022,N/A (they are N/A),,No,No,North Carolina,5/17/2022,Representative,6,"1,889",4%,Lost,N/A,N/A,N/A,N/A,N/A,N/A,N/A,N/A,N/A,N/A,N/A,N/A,
"William ""Bill"" Schuch",Male,White,,,N/A,5/4/2022,N/A (they are N/A),,No,No,North Carolina,5/17/2022,Representative,6,"1,452",3%,Lost,N/A,N/A,N/A,N/A,N/A,N/A,N/A,N/A,N/A,N/A,N/A,N/A,
Gerry Austin,Male,White,,,?,2/28/2023,Nathaniel,Promoted election fraud conspiracies,No,No,North Carolina,5/17/2022,Representative,6,"2,568",6%,Lost,N/A,N/A,N/A,N/A,N/A,N/A,N/A,N/A,N/A,N/A,N/A,N/A,
Marvin Boguslawski,Male,Asian (Japanese),White,,N/A,3/6/2023,Kaleigh,Has concerns about election integrity,No,No,North Carolina,5/17/2022,Representative,6,"1,716",4%,Lost,N/A,N/A,N/A,N/A,N/A,N/A,N/A,N/A,N/A,N/A,N/A,N/A,
David Rouzer,Male,White,,,Yes,12/1/2022,N/A (checked against interactive),Voted to overturn election,Yes,No,North Carolina,5/17/2022,Representative,7,"39,203",79%,Won,N/A,N/A,N/A,Yes,5/14/2022,N/A,N/A,N/A,N/A,N/A,N/A,N/A,
Max Southworth-Beckwith,Male,White,,,Yes,5/11/2022,Maya,"""First let me say that we now have conclusive evidence that democrats (and probably establishment RINOs considering nothing is being done about it) broke the law and rigged the 2020 election. This has been proven in the 2000 Mules documentary that just came out. It shows us that 5 key states that Biden “won” had enough voter fraud due to ballot harvesting that Trump actually won.

So to answer your questions:

1) Yes

2) Yes

Everyone involved should be prosecuted, we need a national 1 day voting holiday, stop all early voting, stop absentee ballots with very few exceptions, require national voter ID laws, clean voter rolls annually, go back to paper ballots and no more electronic voting machines, and Joe Biden and Harris should be required to have a special recall election this November do to their Presidency and Vice Presidency are illegitimate.
""",No,Yes,North Carolina,5/17/2022,Representative,7,"10,300",21%,Lost,N/A,N/A,N/A,No,N/A,N/A,N/A,N/A,N/A,N/A,N/A,N/A,
Dan Bishop,Male,White,,,Yes,12/1/2022,N/A (checked against interactive),Voted to overturn election,Yes,No,North Carolina,5/17/2022,Representative,8,1,100%,Won,N/A,N/A,N/A,Yes,5/14/2022,Yes,N/A,No,N/A,N/A,N/A,N/A,primary canceled/running unopposed
Richard Hudson,Male,White,,,Yes,12/1/2022,N/A (checked against interactive),Voted to overturn election,Yes,No,North Carolina,5/17/2022,Representative,9,"38,117",79%,Won,N/A,N/A,N/A,Yes,5/14/2022,N/A,N/A,N/A,N/A,N/A,N/A,N/A,
Francisco Rios,Male,Latino (Puerto Rican),,,N/A,5/4/2022,N/A (they are N/A),,No,Yes,North Carolina,5/17/2022,Representative,9,"1,891",4%,Lost,N/A,N/A,N/A,No,N/A,N/A,N/A,N/A,N/A,N/A,N/A,N/A,
Mike Andriani,Male,White,,,N/A,5/4/2022,N/A (they are N/A),,No,Yes,North Carolina,5/17/2022,Representative,9,"3,950",8%,Lost,N/A,N/A,N/A,No,N/A,N/A,N/A,N/A,N/A,N/A,N/A,N/A,
Jen Bucardo,Female,White,,,N/A,2/28/2023,Nathaniel,,No,Yes,North Carolina,5/17/2022,Representative,9,"4,175",9%,Lost,N/A,N/A,N/A,No,N/A,N/A,N/A,N/A,N/A,N/A,N/A,N/A,
Jeff Gregory,Male,White,,,N/A,3/6/2023,Kaleigh,Supports voting restrictions,No,Yes,North Carolina,5/17/2022,Representative,10,"3,649",5%,Lost,N/A,N/A,N/A,No,N/A,N/A,N/A,N/A,N/A,N/A,N/A,N/A,
Michael Magnotta,Male,White,,,Yes,5/4/2022,Maya,Says Congress should have overturned election,No,Yes,North Carolina,5/17/2022,Representative,10,"4,703",6%,Lost,N/A,N/A,N/A,No,N/A,N/A,N/A,N/A,N/A,N/A,N/A,N/A,
Patrick McHenry,Male,White,,,No,12/1/2022,N/A (checked against interactive),Voted to certify election,Yes,No,North Carolina,5/17/2022,Representative,10,"49,973",68%,Won,N/A,N/A,N/A,Yes,5/14/2022,N/A,N/A,N/A,N/A,N/A,N/A,N/A,
Gary Robinson,Male,White,,,N/A,5/4/2022,N/A (they are N/A),,No,Yes,North Carolina,5/17/2022,Representative,10,"11,671",16%,Lost,N/A,N/A,N/A,No,N/A,N/A,N/A,N/A,N/A,N/A,N/A,N/A,
Richard Speer,Male,White,,,N/A,5/4/2022,N/A (they are N/A),,No,Yes,North Carolina,5/17/2022,Representative,10,"3,381",5%,Lost,N/A,N/A,N/A,No,N/A,N/A,N/A,N/A,N/A,N/A,N/A,N/A,
Madison Cawthorn,Male,White,,,Yes,2/28/2023,Nathaniel,Stands by objections to electoral college vote,Yes,No,North Carolina,5/17/2022,Representative,11,"28,112",32%,Lost,N/A,N/A,N/A,Yes,3/23/2021,N/A,N/A,No,N/A,N/A,N/A,N/A,
Chuck Edwards,Male,White,,,Declined to answer,12/1/2022,N/A (checked against interactive),"Made claims about fraud related to mail-in voting in the afternath of 2020; from linked coverage: ""N.C. Sen. Chuck Edwards took to Twitter Friday as well. “The General Assembly takes election and voter fraud seriously. Over the past two years we’ve passed laws increasing protections for absentee ballots and more penalties for fraud,"" Edwards wrote. ""If you know of any fraud that has occurred, please contact your DA and county Board of Elections now,"" Edwards added.""",No,Yes,North Carolina,5/17/2022,Representative,11,"29,496",33%,Won,N/A,N/A,N/A,No,N/A,N/A,N/A,N/A,N/A,N/A,N/A,N/A,
Rod Honeycutt,Male,White,,,No,3/6/2023,Kaleigh,"""Absolutely"" believes Biden was legitimately elected",No,Yes,North Carolina,5/17/2022,Representative,11,"5,775",7%,Lost,N/A,N/A,N/A,No,N/A,N/A,N/A,N/A,N/A,N/A,N/A,N/A,
Wendy Marie-Limbaugh Nevarez,Female,White,,,No,5/4/2022,Maya,"Says the election was not stolen, but election integrity is essential",No,Yes,North Carolina,5/17/2022,Representative,11,"4,525",5%,Lost,N/A,N/A,N/A,No,N/A,N/A,N/A,N/A,N/A,N/A,N/A,N/A,
Bruce O'Connell,Male,White,,,No?,2/28/2023,Nathaniel,"""Thank you for reaching out to me. I always appreciate the time and interest shown to my campaign. 

These two questions have come up frequently. I’m at a point where I’d really like to talk about issues that concern the daily lives of people in my district. 

People have concerns that are keeping them up at night and my focus is on helping them sleep better. Among these is improving children’s education, securing social security, providing affordable health care, and ensuring that businesses stay open.  

As far as Trump and his election are concerned, it’s time move on. Biden is the president, like it or not. We can only work to make sure the next election has the kind of integrity that people can trust. 
""",No,Yes,North Carolina,5/17/2022,Representative,11,"6,037",7%,Lost,N/A,N/A,N/A,No,N/A,N/A,N/A,N/A,N/A,N/A,N/A,N/A,
Kristie Sluder,Female,White,,,Yes,3/6/2023,Kaleigh,Says Trump should have won 2020 election,No,Yes,North Carolina,5/17/2022,Representative,11,"1,304",1%,Lost,N/A,N/A,N/A,No,N/A,N/A,N/A,N/A,N/A,N/A,N/A,N/A,
Michele V. Woodhouse,Female,White,,,Yes,5/4/2022,Maya,Says Trump should have won 2020 election,No,Yes,North Carolina,5/17/2022,Representative,11,"4,668",5%,Lost,N/A,N/A,N/A,No,N/A,N/A,N/A,N/A,N/A,N/A,N/A,N/A,
Matthew Burril,Male,White,,,Yes,2/28/2023,Nathaniel,Says Trump should have won 2020 election,No,Yes,North Carolina,5/17/2022,Representative,11,"8,341",9%,Lost,N/A,N/A,N/A,No,N/A,N/A,N/A,N/A,N/A,N/A,N/A,N/A,
Andrew Huffman,Male,White,,,N/A,5/4/2022,N/A (they are N/A),,No,No,North Carolina,5/17/2022,Representative,12,"8,311",34%,Lost,N/A,N/A,N/A,N/A,N/A,N/A,N/A,N/A,N/A,N/A,N/A,N/A,
Nalini Joseph,Female,Asian (Indian),,,?,3/6/2023,Kaleigh,"Calls 2020 election a ""debacle"" that ""must never be repeated""",No,No,North Carolina,5/17/2022,Representative,12,"5,543",23%,Lost,N/A,N/A,N/A,N/A,N/A,N/A,N/A,N/A,N/A,N/A,N/A,N/A,
Tyler Lee,Male,White,,,?,12/1/2022,N/A (checked against interactive),"Has concerns about election integrity, wants audit of disputed states",No,No,North Carolina,5/17/2022,Representative,12,"10,388",43%,Won,N/A,N/A,N/A,N/A,N/A,N/A,N/A,N/A,N/A,N/A,N/A,N/A,
Kelly Kathleen Daughtry,Female,White,,,N/A,5/4/2022,N/A (they are N/A),,No,No,North Carolina,5/17/2022,Representative,13,"9,300",17%,Lost,N/A,N/A,N/A,No,N/A,No,N/A,N/A,N/A,Yes,N/A,Yes,
Renee Ellmers,Female,White,,,N/A,5/4/2022,Maya,Has concerns about election integrity,No,No,North Carolina,5/17/2022,Representative,13,"5,176",9%,Lost,N/A,N/A,N/A,No,N/A,No,N/A,N/A,N/A,No,N/A,No,
Bo Hines,Male,White,,,Yes,12/1/2022,N/A (checked against interactive),Believes that 2020 election was stolen,No,No,North Carolina,5/17/2022,Representative,13,"17,602",32%,Won,N/A,N/A,N/A,Yes,3/14/2022,Yes,N/A,N/A,N/A,No,N/A,No,
Kent Keirsey,Male,White,,,N/A,5/4/2022,N/A (they are N/A),,No,No,North Carolina,5/17/2022,Representative,13,"6,223",11%,Lost,N/A,N/A,N/A,No,N/A,No,N/A,N/A,N/A,No,N/A,No,
Jessica Morel,Female,White,,,N/A,5/4/2022,N/A (they are N/A),,No,No,North Carolina,5/17/2022,Representative,13,738,1%,Lost,N/A,N/A,N/A,No,N/A,No,N/A,N/A,N/A,No,N/A,No,
Chad Slotta,Male,White,,,?,2/28/2023,Nathaniel,"Has concerns about election integrity, promoted a conspiracy theory claiming that Zuckerberg interfered in the 2020 elections",No,No,North Carolina,5/17/2022,Representative,13,"3,074",6%,Lost,N/A,N/A,N/A,No,N/A,No,N/A,N/A,N/A,No,N/A,No,
Kevin Alan Wolff,Male,White,,,N/A,5/4/2022,N/A (they are N/A),,No,No,North Carolina,5/17/2022,Representative,13,344,1%,Lost,N/A,N/A,N/A,No,N/A,No,N/A,N/A,N/A,No,N/A,No,
DeVan Barbour,Male,White,,,N/A,5/4/2022,N/A (they are N/A),,No,No,North Carolina,5/17/2022,Representative,13,"12,426",23%,Lost,N/A,N/A,N/A,No,N/A,No,N/A,N/A,N/A,No,N/A,No,
Pat Harrigan,Male,White,,,No?,12/1/2022,N/A (checked against interactive),"Doesn't explicitly say whether 2020 election was legitimate, but opposes efforts to overturn the election; has election integrity as an issue",No,No,North Carolina,5/17/2022,Representative,14,"27,638",76%,Won,N/A,N/A,N/A,N/A,N/A,N/A,N/A,N/A,N/A,N/A,N/A,N/A,
Jonathan Simpson,Male,White,,,N/A,5/4/2022,N/A (they are N/A),,No,No,North Carolina,5/17/2022,Representative,14,"8,909",24%,Lost,N/A,N/A,N/A,N/A,N/A,N/A,N/A,N/A,N/A,N/A,N/A,N/A,
Kathy Barnette,Female,Black,,,Yes,3/6/2023,Kaleigh,"Participated in efforts to overturn election and attended Jan. 6 rally, now says she accepts election results and doesn't think elections are rigged",No,No,Pennsylvania,5/17/2022,Senator,N/A,"331,903",25%,Lost,N/A,N/A,N/A,No,N/A,Yes,N/A,N/A,N/A,N/A,N/A,N/A,
Mehmet Oz,Male,Middle Eastern (Turkish),,,?,12/1/2022,N/A (checked against interactive),"Said most recently that ""we cannot move on"" from 2020 election, previously said he would have voted to certify election results but that 2020 election needs to be investigated",No,No,Pennsylvania,5/17/2022,Senator,N/A,"420,168",31%,Won,N/A,N/A,N/A,Yes,4/9/2022,No,N/A,N/A,N/A,N/A,N/A,N/A,
George Bochetto,Male,White,,,No?,2/28/2023,Nathaniel,"Acknowledges Biden as president, but said Trump lost because Democrats exploited voting by mail",No,No,Pennsylvania,5/17/2022,Senator,N/A,"14,492",1%,Lost,N/A,N/A,N/A,No,N/A,No,N/A,N/A,N/A,N/A,N/A,N/A,
Jeff Bartos,Male,White,,,No,3/6/2023,Kaleigh,Says he would have voted to certify election,No,No,Pennsylvania,5/17/2022,Senator,N/A,"66,684",5%,Lost,N/A,N/A,N/A,No,N/A,No,N/A,N/A,N/A,N/A,N/A,N/A,
Dave McCormick,Male,White,,,Declined to answer,5/4/2022,Maya,Did not give his own position when asked by a reporter 4x; has concerns about election integrity,No,No,Pennsylvania,5/17/2022,Senator,N/A,"419,218",31%,Lost,N/A,N/A,N/A,No,N/A,No,N/A,N/A,N/A,N/A,N/A,N/A,
Sean Gale,Male,White,,,Yes,2/28/2023,Nathaniel,Says he would not have voted to certify election,No,No,Pennsylvania,5/17/2022,Senator,N/A,"20,266",2%,Lost,N/A,N/A,N/A,No,N/A,No,N/A,N/A,N/A,N/A,N/A,N/A,
Carla Sands,Female,White,,,Yes,3/6/2023,Kaleigh,"Promoted a Big Lie documentary, says the party should not move on from 2020 election",No,No,Pennsylvania,5/17/2022,Senator,N/A,"73,360",5%,Lost,N/A,N/A,N/A,No,N/A,No,N/A,N/A,N/A,N/A,N/A,N/A,
Alex Entin,Male,White,,,?,5/4/2022,Maya,"Has concerns about election integrity, wants to investigate 2020 election",No,Yes,Pennsylvania,5/17/2022,Representative,1,"31,772",34%,Lost,N/A,N/A,N/A,N/A,N/A,N/A,N/A,N/A,N/A,N/A,N/A,N/A,
Brian Fitzpatrick,Male,White,,,No?,12/1/2022,N/A (checked against interactive),"Voted to certify election, but has concerns about election integrity",Yes,No,Pennsylvania,5/17/2022,Representative,1,"60,502",66%,Won,N/A,N/A,N/A,N/A,N/A,N/A,N/A,N/A,N/A,N/A,N/A,N/A,
Aaron Bashir,Male,Asian (Pakistani),,,Yes,12/1/2022,N/A (checked against interactive),"Called 2020 election ""one of the most rigged elections in our U.S. history""",No,No,Pennsylvania,5/17/2022,Representative,2,"11,796",100%,Won,N/A,N/A,N/A,N/A,N/A,N/A,N/A,N/A,N/A,N/A,N/A,N/A,
Christian Nascimento,Male,White,,,N/A,12/1/2022,N/A (checked against interactive),,No,No,Pennsylvania,5/17/2022,Representative,4,"47,192",69%,Won,N/A,N/A,N/A,N/A,N/A,N/A,N/A,N/A,N/A,N/A,N/A,N/A,
Daniel Burton Jr.,Male,White,,,N/A,5/4/2022,N/A (they are N/A),,No,No,Pennsylvania,5/17/2022,Representative,4,"21,378",31%,Lost,N/A,N/A,N/A,N/A,N/A,N/A,N/A,N/A,N/A,N/A,N/A,N/A,
David Galluch,Male,White,,,N/A,12/1/2022,N/A (checked against interactive),,No,No,Pennsylvania,5/17/2022,Representative,5,"55,770",100%,Won,N/A,N/A,N/A,N/A,N/A,N/A,N/A,N/A,N/A,N/A,N/A,N/A,
Regina Mauro,Female,Latino (Cuban),,,Yes,2/28/2023,Nathaniel,Supported efforts by congressional Republicans to overturn election results,No,No,Pennsylvania,5/17/2022,Representative,6,"10,565",15%,Lost,N/A,N/A,N/A,N/A,N/A,N/A,N/A,N/A,N/A,N/A,N/A,N/A,
Ron Vogel,Male,White,,,Declined to answer,3/6/2023,Kaleigh,"""sidestepped questions as to whether President Joe Biden won the 2020 election though fraud or cheating""",No,No,Pennsylvania,5/17/2022,Representative,6,"15,628",22%,Lost,N/A,N/A,N/A,N/A,N/A,N/A,N/A,N/A,N/A,N/A,N/A,N/A,
Steve Fanelli,Male,White,,,N/A,5/4/2022,N/A (they are N/A),,No,No,Pennsylvania,5/17/2022,Representative,6,"21,146",30%,Lost,N/A,N/A,N/A,N/A,N/A,N/A,N/A,N/A,N/A,N/A,N/A,N/A,
Guy Ciarrocchi,Male,White,,,?,12/1/2022,N/A (checked against interactive),"Calls election system broken and in need of reform/improvement; wants PA laws to be ""followed as laws""",No,No,Pennsylvania,5/17/2022,Representative,6,"23,369",33%,Won,N/A,N/A,N/A,N/A,N/A,N/A,N/A,N/A,N/A,N/A,N/A,N/A,
Kevin Dellicker,Male,White,,,N/A,5/4/2022,Maya,Has concerns about election integrity,No,No,Pennsylvania,5/17/2022,Representative,7,"32,713",49%,Lost,N/A,N/A,N/A,N/A,N/A,N/A,No,N/A,No,No,No,No,
Lisa Scheller,Female,White,,,N/A,12/1/2022,N/A (checked against interactive),"Had been ""?"" based on a vague election integrity mention on her website, but there's nothing solider than that",No,No,Pennsylvania,5/17/2022,Representative,7,"34,504",51%,Won,N/A,N/A,N/A,N/A,N/A,N/A,Yes,N/A,Yes,Yes,Yes,Yes,
Jim Bognet,Male,White,,,Yes,12/1/2022,N/A (checked against interactive),Supports Trump's fight for a just result in the 2020 election,No,No,Pennsylvania,5/17/2022,Representative,8,"47,097",69%,Won,N/A,N/A,N/A,Yes,5/3/2022,N/A,Yes,N/A,N/A,N/A,N/A,N/A,
Mike Marsicano,Male,White,,,N/A,2/28/2023,Nathaniel,,No,No,Pennsylvania,5/17/2022,Representative,8,"21,436",31%,Lost,N/A,N/A,N/A,No,5/3/2022,N/A,No,N/A,N/A,N/A,N/A,N/A,
Dan Meuser,Male,White,,,Yes,12/1/2022,N/A (checked against interactive),Voted to overturn election,Yes,No,Pennsylvania,5/17/2022,Representative,9,"102,180",100%,Won,N/A,N/A,N/A,N/A,N/A,N/A,N/A,N/A,N/A,N/A,N/A,N/A,
Scott Perry,Male,White,,,Yes,12/1/2022,N/A (checked against interactive),"Voted to overturn election, coordinated with Trump's team after the election to strategize how to keep the presidency",Yes,No,Pennsylvania,5/17/2022,Representative,10,"84,646",100%,Won,N/A,N/A,N/A,Yes,5/10/2022,N/A,N/A,No,N/A,N/A,N/A,N/A,
Lloyd K. Smucker,Male,White,,,Yes,12/1/2022,N/A (checked against interactive),Voted to overturn election,Yes,No,Pennsylvania,5/17/2022,Representative,11,"96,886",100%,Won,N/A,N/A,N/A,Yes,5/10/2022,N/A,N/A,N/A,N/A,N/A,N/A,N/A,
Mike Doyle,Male,White,,,N/A,12/1/2022,N/A (checked against interactive),,No,No,Pennsylvania,5/17/2022,Representative,12,"39,531",100%,Won,N/A,N/A,N/A,N/A,N/A,N/A,N/A,N/A,N/A,N/A,N/A,N/A,
John Joyce,Male,White,,,Yes,12/1/2022,N/A (checked against interactive),Voted to overturn election,Yes,No,Pennsylvania,5/17/2022,Representative,13,"114,160",100%,Won,N/A,N/A,N/A,Yes,3/18/22,N/A,N/A,N/A,N/A,N/A,N/A,N/A,
Guy Reschenthaler,Male,White,,,Yes,12/1/2022,N/A (checked against interactive),"Voted to overturn election, believes election had numerous issues",Yes,No,Pennsylvania,5/17/2022,Representative,14,"81,243",100%,Won,N/A,N/A,N/A,Yes,5/10/2022,N/A,N/A,N/A,N/A,N/A,N/A,N/A,
"Glenn ""GT"" Thompson",Male,White,,,Yes,12/1/2022,N/A (checked against interactive),"Voted to overturn election results, was a co-defendant with Trump in a lawsuit to overturn PA election results, says there was election ""abuse"" but fraud is difficult to prove",Yes,No,Pennsylvania,5/17/2022,Representative,15,"99,270",100%,Won,N/A,N/A,N/A,N/A,N/A,N/A,N/A,N/A,N/A,N/A,N/A,N/A,
Mike Kelly,Male,White,,,Yes,12/1/2022,N/A (checked against interactive),Voted to overturn election,Yes,No,Pennsylvania,5/17/2022,Representative,16,"87,028",100%,Won,N/A,N/A,N/A,Yes,5/10/2022,N/A,N/A,N/A,N/A,N/A,N/A,N/A,
Jeremy Shaffer,Male,White,,,N/A,12/1/2022,N/A (checked against interactive),"Had been ""?"" based on a vague election integrity mention on her website, but there's nothing solider than that",No,No,Pennsylvania,5/17/2022,Representative,17,"40,965",59%,Won,N/A,N/A,N/A,N/A,N/A,N/A,N/A,N/A,N/A,N/A,N/A,N/A,
Jason Killmeyer,Male,White,,,?,3/6/2023,Kaleigh,"Accuses Democrats of a ""Big Lie"", believes that both parties think election results are illegitimate, opposes federal efforts to overturn election",No,No,Pennsylvania,5/17/2022,Representative,17,"16,801",24%,Lost,N/A,N/A,N/A,N/A,N/A,N/A,N/A,N/A,N/A,N/A,N/A,N/A,
Kathy Coder,Female,White,,,N/A,5/4/2022,Maya,Has concerns about election integrity,No,No,Pennsylvania,5/17/2022,Representative,17,"12,079",17%,Lost,N/A,N/A,N/A,N/A,N/A,N/A,N/A,N/A,N/A,N/A,N/A,N/A,
Lou Barletta,Male,White,,,Yes,2/28/2023,Nathaniel,Agreed to be one of the fake alternate electors for Trump in PA,No,No,Pennsylvania,5/17/2022,Governor,N/A,"273,252",20%,Lost,N/A,N/A,N/A,No,N/A,N/A,N/A,N/A,N/A,N/A,N/A,N/A,
Douglas V. Mastriano,Male,White,,,Yes,12/1/2022,N/A (checked against interactive),"""Mastriano has been a leading denier of the results of the 2020 election""",No,No,Pennsylvania,5/17/2022,Governor,N/A,"591,240",44%,Won,N/A,N/A,N/A,Yes,5/14/2022,N/A,N/A,N/A,N/A,N/A,N/A,N/A,
Nche Zama,Male,Black,,,Declined to answer,3/6/2023,Kaleigh,"""My way of thinking, I don’t like to get stuck on the past""",No,No,Pennsylvania,5/17/2022,Governor,N/A,"16,238",1%,Lost,N/A,N/A,N/A,No,N/A,N/A,N/A,N/A,N/A,N/A,N/A,N/A,
Dave White,Male,White,,,?,5/4/2022,Maya,"Has concerns about election integrity, wants audits of all elections",No,No,Pennsylvania,5/17/2022,Governor,N/A,"129,058",10%,Lost,N/A,N/A,N/A,No,N/A,N/A,N/A,N/A,N/A,N/A,N/A,N/A,
Melissa Hart,Female,White,,,Declined to answer,2/28/2023,Nathaniel,"""Hart declined to address whether she believes widespread fraud took place in 2020""",No,No,Pennsylvania,5/17/2022,Governor,N/A,"54,752",4%,Lost,N/A,N/A,N/A,No,N/A,N/A,N/A,N/A,N/A,N/A,N/A,N/A,
Bill McSwain,Male,White,,,No?,3/6/2023,Kaleigh,"When asked if Biden won PA, replied by saying Biden is our president (8:42); says we need election integrity (6:16)",No,No,Pennsylvania,5/17/2022,Governor,N/A,"212,886",16%,Lost,N/A,N/A,N/A,No,N/A,N/A,N/A,N/A,N/A,N/A,N/A,N/A,
Charlie Gerow,Male,Latino (Brazilian),,,Yes,5/4/2022,Maya,Was a fake alternate elector for Trump in 2020,No,No,Pennsylvania,5/17/2022,Governor,N/A,"17,922",1%,Lost,N/A,N/A,N/A,No,N/A,N/A,N/A,N/A,N/A,N/A,N/A,N/A,
Joe Gale,Male,White,,,Yes,2/28/2023,Nathaniel,Opposed certifying election results,No,No,Pennsylvania,5/17/2022,Governor,N/A,"27,920",2%,Lost,N/A,N/A,N/A,No,N/A,N/A,N/A,N/A,N/A,N/A,N/A,N/A,
Jake Corman,Male,White,,,No?,3/6/2023,Kaleigh,"Accepts Biden's win, but wants to continue investigating election results",No,No,Pennsylvania,5/17/2022,Governor,N/A,"26,091",2%,Lost,N/A,N/A,N/A,No,N/A,N/A,N/A,N/A,N/A,N/A,N/A,N/A,
Bob Good,Male,White,,,Yes,12/1/2022,N/A (checked against interactive),Objected to certification,Yes,No,Virginia,5/21/2022,Representative,5,N/A,N/A,Won,N/A,N/A,N/A,Yes,2/26/2022,N/A,N/A,No,N/A,N/A,N/A,N/A,Nominated at convention
Dan Moy,Male,White,,,No?,2/28/2023,Nathaniel,"Says he would have voted to certify but called concerns about elections ""legitimate""",No,Yes,Virginia,5/21/2022,Representative,5,N/A,N/A,Lost,N/A,N/A,N/A,No,N/A,N/A,N/A,N/A,N/A,N/A,N/A,N/A,Nominated at convention
Monica Carpio,Female,White,,,N/A,5/20/2022,N/A (they are N/A),,No,No,Virginia,5/21/2022,Representative,8,N/A,N/A,Lost,N/A,N/A,N/A,N/A,N/A,N/A,N/A,N/A,N/A,N/A,N/A,N/A,Nominated at convention
Jeff Jordan,Male,White,,,N/A,5/20/2022,N/A (they are N/A),,No,No,Virginia,5/21/2022,Representative,8,N/A,N/A,Lost,N/A,N/A,N/A,N/A,N/A,N/A,N/A,N/A,N/A,N/A,N/A,N/A,Nominated at convention
Heerak Kim,Male,Asian (Korean),,,Yes,3/6/2023,Kaleigh,Multiple references to Democrats cheating on his Twitter,No,No,Virginia,5/21/2022,Representative,8,N/A,N/A,Lost,N/A,N/A,N/A,N/A,N/A,N/A,N/A,N/A,N/A,N/A,N/A,N/A,Nominated at convention
Karina Lipsman,Female,White,,,N/A,12/1/2022,N/A (checked against interactive),,No,No,Virginia,5/21/2022,Representative,8,N/A,N/A,Won,N/A,N/A,N/A,N/A,N/A,N/A,N/A,N/A,N/A,N/A,N/A,N/A,Nominated at convention
Kezia Tunnell,Female,White,,,N/A,5/20/2022,N/A (they are N/A),,No,No,Virginia,5/21/2022,Representative,8,N/A,N/A,Lost,N/A,N/A,N/A,N/A,N/A,N/A,N/A,N/A,N/A,N/A,N/A,N/A,Nominated at convention
John Beatty,Male,White,,,N/A,5/20/2022,N/A (they are N/A),,No,No,Virginia,5/21/2022,Representative,10,232,2%,Lost,N/A,N/A,N/A,N/A,N/A,N/A,N/A,N/A,No,No,N/A,N/A,Firehouse primary
Dave Beckwith,Male,White,,,N/A,5/20/2022,N/A (they are N/A),,No,No,Virginia,5/21/2022,Representative,10,308,2%,Lost,N/A,N/A,N/A,N/A,N/A,N/A,N/A,N/A,No,No,N/A,N/A,Firehouse primary
Hung Cao,Male,Asian (Vietnamese),,,?,12/1/2022,N/A (checked against interactive),"Said on May 15 at the Westfields Marriott, ""If you haven't seen 2000 Mules, you need to, because it's pretty disturbing.""",No,No,Virginia,5/21/2022,Representative,10,"6,363",42%,Made runoff,"7,729",52%,Won,N/A,N/A,N/A,N/A,N/A,No,No,N/A,N/A,Firehouse primary
Mike Clancy,Male,White,,,N/A,5/20/2022,N/A (they are N/A),,No,No,Virginia,5/21/2022,Representative,10,719,5%,Lost,N/A,N/A,N/A,N/A,N/A,N/A,N/A,N/A,No,No,N/A,N/A,Firehouse primary
Theresa Coates Ellis,Female,White,,,N/A,5/20/2022,N/A (they are N/A),,No,No,Virginia,5/21/2022,Representative,10,259,2%,Lost,N/A,N/A,N/A,N/A,N/A,N/A,N/A,N/A,No,No,N/A,N/A,Firehouse primary
John Henley,Male,White,,,N/A,5/20/2022,N/A (they are N/A),"Has generic ""election integrity' section on site; proposals/ points are fairly generic Republican talking points",No,No,Virginia,5/21/2022,Representative,10,612,4%,Lost,N/A,N/A,N/A,N/A,N/A,N/A,N/A,N/A,No,No,N/A,N/A,Firehouse primary
Jeanine Lawson,Female,White,,,?,5/20/2022,Maya,"Website: ""In recent years, there has been a growing concern of rampant voter fraud.""",No,No,Virginia,5/21/2022,Representative,10,"4,373",29%,Made runoff,"5,000",34%,Lost,N/A,N/A,N/A,N/A,N/A,Yes,Yes,N/A,N/A,Firehouse primary
Caleb Max,Male,White,,,N/A,5/20/2022,N/A (they are N/A),,No,No,Virginia,5/21/2022,Representative,10,621,4%,Lost,N/A,N/A,N/A,N/A,N/A,N/A,N/A,N/A,No,No,N/A,N/A,Firehouse primary
Jeff Mayhugh,Male,White,,,No,2/28/2023,Nathaniel,Multiple tweets criticizing Trump re: 2020 election and Jan. 6,No,No,Virginia,5/21/2022,Representative,10,64,0%,Lost,N/A,N/A,N/A,N/A,N/A,N/A,N/A,N/A,No,No,N/A,N/A,Firehouse primary
Brandon Michon,Male,White,,,N/A,5/20/2022,N/A (they are N/A),,No,No,Virginia,5/21/2022,Representative,10,"1,538",10%,Made runoff,"2,052",14%,Lost,N/A,N/A,N/A,N/A,N/A,No,No,N/A,N/A,Firehouse primary
Brooke Taylor,Female,White,,,N/A,5/20/2022,N/A (they are N/A),,No,No,Virginia,5/21/2022,Representative,10,56,0%,Lost,N/A,N/A,N/A,N/A,N/A,N/A,N/A,N/A,No,No,N/A,N/A,Firehouse primary
Lillie Boddie,Female,Unknown,,,N/A,5/6/2022,N/A (they are N/A),,No,No,Alabama,5/24/2022,Senator,N/A,"4,849",1%,Lost,N/A,N/A,N/A,N/A,N/A,No,N/A,N/A,N/A,No,No,No,
Katie Britt,Female,White,,,Yes,12/1/2022,N/A (checked against interactive),"Says there was fraud and calls for an audit, but stops short of calling election stolen; later declined to state. Later told an NBC reporter she would have objected to the 2020 results had she been a senator at the time",No,No,Alabama,5/24/2022,Senator,N/A,"289,425",45%,Made runoff,253251,63%,Won,Yes (runoff only),6/10/2022,No,N/A,N/A,N/A,Yes,Yes,Yes,
Mo Brooks,Male,White,,,Yes,3/6/2023,Kaleigh,"""Mo Brooks, in a sworn affidavit, said he still believes the 2020 presidential election was stolen from Donald Trump.""",No,No,Alabama,5/24/2022,Senator,N/A,"188,539",29%,Made runoff,148636,37%,Lost,No,3/23/2022,Yes,N/A,N/A,N/A,No,No,No,
Karla M. DuPriest,Female,Black,,,N/A,5/6/2022,N/A (they are N/A),,No,No,Alabama,5/24/2022,Senator,N/A,"5,739",1%,Lost,N/A,N/A,N/A,N/A,N/A,No,N/A,N/A,N/A,No,No,No,
Mike Durant,Male,White,,,Yes,5/6/2022,Maya,"""I believe that Joe Biden was not rightfully elected and the American people were robbed of four more years under President Trump because of unconstitutional changes to the process.""",No,No,Alabama,5/24/2022,Senator,N/A,"150,817",23%,Lost,N/A,N/A,N/A,N/A,N/A,No,N/A,N/A,N/A,No,No,No,
Jake Schafer,Male,White,,,?,2/28/2023,Nathaniel,"Says 2020 election had ""shenanigans"", wants audits (starts 1:50)",No,No,Alabama,5/24/2022,Senator,N/A,"7,371",1%,Lost,N/A,N/A,N/A,N/A,N/A,No,N/A,N/A,N/A,No,No,No,
Jerry Carl,Male,White,,,Yes,12/1/2022,N/A (checked against interactive),Voted to overturn election,Yes,No,Alabama,5/24/2022,Representative,1,1,100%,Won,N/A,N/A,N/A,Yes,5/21/2022,N/A,N/A,N/A,N/A,N/A,N/A,N/A,
Barry Moore,Male,White,,,Yes,12/1/2022,N/A (checked against interactive),Voted to overturn election,Yes,No,Alabama,5/24/2022,Representative,2,1,100%,Won,N/A,N/A,N/A,Yes,5/21/2022,Yes,N/A,N/A,N/A,N/A,N/A,N/A,
Michael T. Joiner,Male,White,,,N/A,5/6/2022,N/A (they are N/A),,No,Yes,Alabama,5/24/2022,Representative,3,"15,618",18%,Lost,N/A,N/A,N/A,No,N/A,N/A,N/A,N/A,N/A,N/A,N/A,N/A,
Mike Rogers,Male,White,,,Yes,12/1/2022,N/A (checked against interactive),Voted to overturn election,Yes,No,Alabama,5/24/2022,Representative,3,"70,843",82%,Won,N/A,N/A,N/A,Yes,5/21/2022,N/A,N/A,N/A,N/A,N/A,N/A,N/A,
Robert Aderholt,Male,White,,,Yes,12/1/2022,N/A (checked against interactive),Voted to overturn election,Yes,No,Alabama,5/24/2022,Representative,4,1,100%,Won,N/A,N/A,N/A,Yes,5/21/2022,N/A,N/A,N/A,N/A,N/A,N/A,N/A,
Andy Blalock,Male,Unknown,,,?,3/6/2023,Kaleigh,"Says ""Voter fraud happened! There is proof!""",No,No,Alabama,5/24/2022,Representative,5,"5,608",6%,Lost,N/A,N/A,N/A,N/A,N/A,N/A,N/A,N/A,N/A,N/A,N/A,N/A,
John Roberts,Male,White,,,N/A,5/6/2022,Maya,Has concerns about election integrity,No,No,Alabama,5/24/2022,Representative,5,"13,979",14%,Lost,N/A,N/A,N/A,N/A,N/A,N/A,N/A,N/A,N/A,N/A,N/A,N/A,
Paul Sanford,Male,White,,,N/A,5/6/2022,N/A (they are N/A),,No,No,Alabama,5/24/2022,Representative,5,"11,573",11%,Lost,N/A,N/A,N/A,N/A,N/A,N/A,N/A,N/A,N/A,N/A,N/A,N/A,
Dale Strong,Male,White,,,Yes,12/1/2022,N/A (checked against interactive),"""#TRUMPWON""",No,No,Alabama,5/24/2022,Representative,5,"45,319",45%,Made runoff,48138,63%,Won,N/A,N/A,N/A,N/A,N/A,N/A,N/A,N/A,N/A,
Casey Wardynski,Male,White,,,Yes,2/28/2023,Nathaniel,"""In 2020, the leftists attacked the ballot box and stole an election,"" he said in his opening remarks. Has concerns about election integrity",No,No,Alabama,5/24/2022,Representative,5,"23,340",23%,Made runoff,27794,37%,Lost,N/A,N/A,N/A,N/A,N/A,N/A,N/A,N/A,N/A,
Harrison Wright,Male,White,,,Yes,3/6/2023,Kaleigh,"Attended ""Stop the Steal"" rally in Dec. 2020",No,No,Alabama,5/24/2022,Representative,5,"1,509",1%,Lost,N/A,N/A,N/A,N/A,N/A,N/A,N/A,N/A,N/A,N/A,N/A,N/A,
Gary Palmer,Male,White,,,Yes,12/1/2022,N/A (checked against interactive),Voted to overturn election,Yes,No,Alabama,5/24/2022,Representative,6,1,100%,Won,N/A,N/A,N/A,Yes,1/18/2022,N/A,N/A,N/A,N/A,N/A,N/A,N/A,
Beatrice Nichols,Female,White,,,N/A,12/1/2022,N/A (checked against interactive),,No,No,Alabama,5/24/2022,Representative,7,1,100%,Won,N/A,N/A,N/A,N/A,N/A,N/A,N/A,N/A,N/A,N/A,N/A,N/A,
Lindy Blanchard,Female,White,,,Yes,5/6/2022,Maya,Says election was stolen from Trump,No,Yes,Alabama,5/24/2022,Governor,N/A,"126,202",19%,Lost,N/A,N/A,N/A,N/A,N/A,N/A,No,N/A,N/A,N/A,N/A,N/A,
Lew Burdette,Male,White,,,N/A,5/6/2022,N/A (they are N/A),,No,Yes,Alabama,5/24/2022,Governor,N/A,"42,924",7%,Lost,N/A,N/A,N/A,N/A,N/A,N/A,No,N/A,N/A,N/A,N/A,N/A,
Stacy Lee George,Male,White,,,Yes,2/28/2023,Nathaniel,"""No I do not believe the 2020 election was conducted fairly. The Democrat elite party leaders broke many laws in many states in heavy Democrat run areas. - Stacy Lee George (Alabama Candidate for Governor and author of the book “Let Stacy Lee George Do It”)""",No,Yes,Alabama,5/24/2022,Governor,N/A,"2,546",0%,Lost,N/A,N/A,N/A,N/A,N/A,N/A,No,N/A,N/A,N/A,N/A,N/A,
Kay Ivey,Female,White,,,Yes,12/1/2022,N/A (checked against interactive),Says election was stolen from Trump,Yes,No,Alabama,5/24/2022,Governor,N/A,"357,069",54%,Won,N/A,N/A,N/A,N/A,N/A,N/A,Yes,N/A,N/A,N/A,N/A,N/A,
Tim James,Male,White,,,N/A,5/9/2022,N/A (they are N/A),,No,Yes,Alabama,5/24/2022,Governor,N/A,"106,181",16%,Lost,N/A,N/A,N/A,N/A,N/A,N/A,No,N/A,N/A,N/A,N/A,N/A,
Donald Trent Jones,Male,White,,,N/A,5/9/2022,N/A (they are N/A),,No,Yes,Alabama,5/24/2022,Governor,N/A,"3,821",1%,Lost,N/A,N/A,N/A,N/A,N/A,N/A,No,N/A,N/A,N/A,N/A,N/A,
Dean Odle,Male,White,,,Yes,3/6/2023,Kaleigh,"""I KNOW there was massive voter fraud in 2020"" and ""The 2020 election has been the most criminal election in US history""",No,Yes,Alabama,5/24/2022,Governor,N/A,"11,767",2%,Lost,N/A,N/A,N/A,N/A,N/A,N/A,No,N/A,N/A,N/A,N/A,N/A,
Dave Thomas,Male,White,,,?,5/18/2022,Maya,"""The irregularities of the 2020 election cast doubts on the legitimacy of the outcome, period. We must do better to remove any doubt."" ",No,Yes,Alabama,5/24/2022,Governor,N/A,"2,886",0%,Lost,N/A,N/A,N/A,N/A,N/A,N/A,No,N/A,N/A,N/A,N/A,N/A,
Dean Young,Male,White,,,Yes,2/28/2023,Nathaniel,Supports Trump's efforts to contest the election,No,Yes,Alabama,5/24/2022,Governor,N/A,"2,356",0%,Lost,N/A,N/A,N/A,N/A,N/A,N/A,No,N/A,N/A,N/A,N/A,N/A,
Jan Morgan,Female,White,,,Yes,3/6/2023,Kaleigh,Calls 2020 election result fraudulent,No,Yes,Arkansas,5/24/2022,Senator,N/A,"65,958",19%,Lost,N/A,N/A,N/A,No,N/A,N/A,No,N/A,N/A,N/A,N/A,N/A,
John Boozman,Male,White,,,No,12/1/2022,N/A (checked against interactive),"Voted to certify election; later got caught unambiguously opposing Trump's fraud claims. (Was previously ""No?"" based on a generic pro-election-integrity tweet)",Yes,No,Arkansas,5/24/2022,Senator,N/A,"201,677",58%,Won,N/A,N/A,N/A,Yes,3/8/2021,N/A,Yes,N/A,N/A,N/A,N/A,N/A,
Heath Loftis,Male,White,,,Yes,5/9/2022,Maya,Says election was stolen,No,Yes,Arkansas,5/24/2022,Senator,N/A,"8,112",2%,Lost,N/A,N/A,N/A,No,N/A,N/A,No,N/A,N/A,N/A,N/A,N/A,
Jake Bequette,Male,White,,,Yes,2/28/2023,Nathaniel,"""The 2020 presidential race was an absolute dumpster fire, it was illegitimate, and it was stolen from President Trump. There is no question that, unlike my RINO opponent John Boozman, I would have never voted to certify the 2020 presidential election. Instead, I would have proudly stood with President Trump. As we saw in my race just this last week, election fraud is real and I've proven that I will fearlessly stand up for the integrity of our elections.""",No,Yes,Arkansas,5/24/2022,Senator,N/A,"71,809",21%,Lost,N/A,N/A,N/A,No,N/A,N/A,No,N/A,N/A,N/A,N/A,N/A,
Rick Crawford,Male,White,,,Yes,12/1/2022,N/A (checked against interactive),Voted to overturn election,Yes,No,Arkansas,5/24/2022,Representative,1,"64,102",75%,Won,N/A,N/A,N/A,Yes,10/7/2021,N/A,N/A,N/A,N/A,N/A,N/A,N/A,
Jody Shackelford,Male,White,,,N/A,5/9/2022,N/A (they are N/A),,No,Yes,Arkansas,5/24/2022,Representative,1,"9,837",11%,Lost,N/A,N/A,N/A,No,N/A,N/A,N/A,N/A,N/A,N/A,N/A,N/A,
Brandt Smith,Male,White,,,Yes,3/6/2023,Kaleigh,Signed onto a letter claiming 2020 election was fraudulent,No,Yes,Arkansas,5/24/2022,Representative,1,"11,981",14%,Lost,N/A,N/A,N/A,No,N/A,N/A,N/A,N/A,N/A,N/A,N/A,N/A,
Conrad Reynolds,Male,White,,,Yes,2/28/2023,Nathaniel,Says election was stolen,No,Yes,Arkansas,5/24/2022,Representative,2,"35,078",41%,Lost,N/A,N/A,N/A,N/A,N/A,N/A,N/A,N/A,N/A,N/A,N/A,N/A,
French Hill,Male,White,,,No,12/1/2022,N/A (checked against interactive),Voted to certify election,Yes,No,Arkansas,5/24/2022,Representative,2,"49,488",59%,Won,N/A,N/A,N/A,N/A,N/A,N/A,N/A,N/A,N/A,N/A,N/A,N/A,
Steve Womack,Male,White,,,No,12/1/2022,N/A (checked against interactive),Voted to certify election,Yes,No,Arkansas,5/24/2022,Representative,3,"60,814",79%,Won,N/A,N/A,N/A,N/A,N/A,N/A,N/A,N/A,N/A,N/A,N/A,N/A,
Neil Robinson Kumar,Male,White,Asian,,Yes,3/6/2023,Kaleigh,"Believes 2020 election was a ""coup""",No,Yes,Arkansas,5/24/2022,Representative,3,"16,414",21%,Lost,N/A,N/A,N/A,N/A,N/A,N/A,N/A,N/A,N/A,N/A,N/A,N/A,
Bruce Westerman,Male,White,,,No?,12/1/2022,N/A (checked against interactive),"Supports investigating election fraud allegations, but voted to certify election",Yes,No,Arkansas,5/24/2022,Representative,4,1,100%,Won,N/A,N/A,N/A,Yes,5/21/2022,N/A,N/A,N/A,N/A,N/A,N/A,N/A,
"Francis ""Doc"" Washburn",Male,White,,,Yes,5/9/2022,Maya,"""Washburn said there is no question that the 2020 presidential election was stolen from Trump.""",No,No,Arkansas,5/24/2022,Governor,N/A,"58,638",17%,Lost,N/A,N/A,N/A,No,N/A,N/A,N/A,N/A,N/A,N/A,No,N/A,
Sarah Huckabee Sanders,Female,White,,,?,12/1/2022,N/A (checked against interactive),"Unsure how much fraud was in 2020 election, supports improving election integrity",No,No,Arkansas,5/24/2022,Governor,N/A,"289,249",83%,Won,N/A,N/A,N/A,Yes,1/25/2021,N/A,N/A,N/A,N/A,N/A,Yes,N/A,
Gary W. Black,Male,White,,,?,2/28/2023,Nathaniel,Says he doesn't know if 2020 election was fair but that Georgia was a mess (begins 41:40),No,No,Georgia,5/24/2022,Senator,N/A,"157,370",13%,Lost,N/A,N/A,N/A,No,N/A,N/A,N/A,N/A,N/A,N/A,N/A,N/A,
Josh Clark,Male,White,,,Yes,3/6/2023,Kaleigh,Says 2020 election was stolen in Georgia,No,No,Georgia,5/24/2022,Senator,N/A,"46,693",4%,Lost,N/A,N/A,N/A,No,N/A,N/A,N/A,N/A,N/A,N/A,N/A,N/A,
Kelvin King,Male,Black,,,Declined to answer,5/9/2022,Maya,"""I don't know what happened in terms of improprieties""",No,No,Georgia,5/24/2022,Senator,N/A,"37,930",3%,Lost,N/A,N/A,N/A,No,N/A,N/A,N/A,N/A,N/A,N/A,N/A,N/A,
"Jonathan ""Jon"" McColumn",Male,Black,,,N/A,5/9/2022,N/A (they are N/A),,No,No,Georgia,5/24/2022,Senator,N/A,"28,601",2%,Lost,N/A,N/A,N/A,No,N/A,N/A,N/A,N/A,N/A,N/A,N/A,N/A,
Latham Saddler,Male,White,,,?,2/28/2023,Nathaniel,Raised questions about 2020 election results,No,No,Georgia,5/24/2022,Senator,N/A,"104,471",9%,Lost,N/A,N/A,N/A,No,N/A,N/A,N/A,N/A,N/A,N/A,N/A,N/A,
Herschel Junior Walker,Male,Black,,,?,12/1/2022,N/A (checked against interactive),"Said election was stolen immediately after 2020; moderated as a candidate. Said in April he didn't know (which led to Jean's original classification of ""Declined to answer""). Last comment was in May, just before primary: ""everyone knows that something happened in the election. ... I think something happened. I don't know what it was.""",No,No,Georgia,5/24/2022,Senator,N/A,"803,560",68%,Won,N/A,N/A,N/A,Yes,9/2/2021,N/A,N/A,N/A,N/A,N/A,N/A,N/A,
"Earl L. ""Buddy"" Carter",Male,White,,,No?,12/1/2022,N/A (checked against interactive),"Now acknowledges Biden as victor and doesn't believe there was voter fraud, previously voted to overturn election",Yes,No,Georgia,5/24/2022,Representative,1,1,100%,Won,N/A,N/A,N/A,Yes,5/21/2022,N/A,N/A,N/A,N/A,N/A,N/A,N/A,
Vivian L. Childs,Male,Black,,,N/A,5/9/2022,N/A (they are N/A),,No,No,Georgia,5/24/2022,Representative,2,"3,986",6%,Lost,N/A,N/A,N/A,N/A,N/A,N/A,N/A,N/A,N/A,N/A,Yes,N/A,
Jeremy Hunt,Male,Black,,,N/A,6/9/2022,N/A (they are N/A),,No,No,Georgia,5/24/2022,Representative,2,"22,923",37%,Made runoff,13875,49%,Lost,N/A,N/A,N/A,N/A,N/A,N/A,N/A,No,N/A,
Wayne Johnson,Male,White,,,Yes,3/6/2023,Kaleigh,Believes Trump won Georgia in 2020 (starts 47:05),No,No,Georgia,5/24/2022,Representative,2,"11,574",19%,Lost,N/A,N/A,N/A,N/A,N/A,N/A,N/A,N/A,N/A,N/A,No,N/A,
Rich Robertson,Male,White,,,N/A,5/12/2022,Maya,Has concerns about election integrity,No,No,Georgia,5/24/2022,Representative,2,"2,832",5%,Lost,N/A,N/A,N/A,N/A,N/A,N/A,N/A,N/A,N/A,N/A,No,N/A,
Chris West,Male,White,,,?,12/1/2022,N/A (checked against interactive),"""The election fraud was real (on a local level) in 2020 in certain areas.""",No,No,Georgia,5/24/2022,Representative,2,"18,658",30%,Made runoff,14622,51%,Won,N/A,N/A,N/A,N/A,N/A,N/A,N/A,No,N/A,
Paul Whitehead,Male,White,,,N/A,5/12/2022,N/A (they are N/A),,No,No,Georgia,5/24/2022,Representative,2,"2,037",3%,Lost,N/A,N/A,N/A,N/A,N/A,N/A,N/A,N/A,N/A,N/A,No,N/A,
Jared Craig,Male,White,,,Yes,2/28/2023,Nathaniel,"""TRUMP WON 2020!""",No,Yes,Georgia,5/24/2022,Representative,3,"20,175",17%,Lost,N/A,N/A,N/A,N/A,N/A,N/A,N/A,N/A,N/A,N/A,N/A,N/A,
Drew Ferguson,Male,White,,,No?,12/1/2022,N/A (checked against interactive),"Voted to certify election, but supported Texas lawsuit overturning election (was previously ""?"" on that same basis)",Yes,No,Georgia,5/24/2022,Representative,3,"96,314",83%,Won,N/A,N/A,N/A,N/A,N/A,N/A,N/A,N/A,N/A,N/A,N/A,N/A,
Jonathan Chavez,Male,White,,,N/A,12/1/2022,N/A (checked against interactive),"Had been ""?"" based on Jan. 6 sympathies, but I don't think he actually says anything about fraud here.",No,No,Georgia,5/24/2022,Representative,4,"21,924",78%,Won,N/A,N/A,N/A,N/A,N/A,N/A,N/A,N/A,N/A,N/A,N/A,N/A,
Surrea Ivy,Female,Black,,,N/A,5/12/2022,N/A (they are N/A),,No,No,Georgia,5/24/2022,Representative,4,"6,078",22%,Lost,N/A,N/A,N/A,N/A,N/A,N/A,N/A,N/A,N/A,N/A,N/A,N/A,
Christian Zimm,Male,White,,,N/A,12/1/2022,N/A (checked against interactive),,No,No,Georgia,5/24/2022,Representative,5,1,100%,Won,N/A,N/A,N/A,N/A,N/A,N/A,N/A,N/A,N/A,N/A,N/A,N/A,
Jake Evans,Male,White,,,?,3/8/2023,Kaleigh,"Said 2020 election had widespread election fraud and we'll never know true election outcome, repeated claim about widespread election fraud in recent interview (starts 44:28)",No,No,Georgia,5/24/2022,Representative,6,"26,160",23%,Made runoff,13808,33%,Lost,Yes,5/5/2022,No,N/A,N/A,N/A,N/A,No,N/A,
Byron Gatewood,Male,White,,,Declined to answer,5/12/2022,Maya,"""We're never gonna know what happened on election night"" (starts 43:30)",No,No,Georgia,5/24/2022,Representative,6,"3,358",3%,Lost,N/A,N/A,N/A,No,N/A,No,N/A,N/A,N/A,N/A,No,N/A,
Meagan Hanson,Female,White,,,?,3/2/2023,Nathaniel,"Has not personally seen evidence of enough fraud to conclude entire election was stolen, but has seen evidence that gives her concerns about election integrity (starts 42:18)",No,No,Georgia,5/24/2022,Representative,6,"9,539",8%,Lost,N/A,N/A,N/A,No,N/A,No,N/A,N/A,N/A,N/A,No,N/A,
Blake Harbin,Male,White,,,?,3/8/2023,Kaleigh,Said he witnessed fraud in 2020 election (starts 41:09),No,No,Georgia,5/24/2022,Representative,6,"4,171",4%,Lost,N/A,N/A,N/A,No,N/A,No,N/A,N/A,N/A,N/A,No,N/A,
Rich McCormick,Male,White,,,Yes,12/1/2022,N/A (checked against interactive),"Blames voter fraud for own loss in 2020, still has not conceded (starts 40:09)",No,No,Georgia,5/24/2022,Representative,6,"48,967",43%,Made runoff,27455,67%,Won,No,N/A,Yes,N/A,N/A,N/A,N/A,No,N/A,
Paulette Smith,Female,Black,,,Yes,5/12/2022,Maya,"""Yes, I believe a hundred percent that the race was stolen"" (starts 38:53)",No,No,Georgia,5/24/2022,Representative,6,"1,123",1%,Lost,N/A,N/A,N/A,No,N/A,No,N/A,N/A,N/A,N/A,No,N/A,
Mallory Staples,Female,White,,,Yes,3/2/2023,Nathaniel,"""Yes, I do believe the 2020 election was stolen"" (starts 37:52)",No,No,Georgia,5/24/2022,Representative,6,"10,178",9%,Lost,N/A,N/A,N/A,No,N/A,No,N/A,N/A,N/A,N/A,No,N/A,
Suzi Voyles,Female,White,,,?,3/8/2023,Kaleigh,Believes there was significant fraud in 2020 election (starts 36:52),No,No,Georgia,5/24/2022,Representative,6,"2,646",2%,Lost,N/A,N/A,N/A,No,N/A,No,N/A,N/A,N/A,N/A,Yes,N/A,
Eugene Yu,Male,Asian (Korean),,,Yes,5/12/2022,Maya,"""Absolutely the 2020 election was stolen"" (starts 36:00)",No,No,Georgia,5/24/2022,Representative,6,"7,411",7%,Lost,N/A,N/A,N/A,No,N/A,No,N/A,N/A,N/A,N/A,No,N/A,
Michael Corbin,Male,White,,,N/A,6/9/2022,N/A (they are N/A),,No,No,Georgia,5/24/2022,Representative,7,"18,637",41%,Made runoff,3666,30%,Lost,N/A,N/A,N/A,N/A,N/A,N/A,N/A,N/A,N/A,
Mark Gonsalves,Male,White,,,Yes,12/1/2022,N/A (checked against interactive),Calls election stolen,No,No,Georgia,5/24/2022,Representative,7,"12,477",27%,Made runoff,8591,70%,Won,N/A,N/A,N/A,N/A,N/A,N/A,N/A,N/A,N/A,
Lisa McCoy,Female,White,,,N/A,5/12/2022,N/A (they are N/A),,No,No,Georgia,5/24/2022,Representative,7,"6,380",14%,Lost,N/A,N/A,N/A,N/A,N/A,N/A,N/A,N/A,N/A,N/A,N/A,N/A,
Y.G. Nyghtstorm,Male,Black,,,Yes,3/2/2023,Nathaniel,Attended rally calling for decertification of election results,No,No,Georgia,5/24/2022,Representative,7,"3,510",8%,Lost,N/A,N/A,N/A,N/A,N/A,N/A,N/A,N/A,N/A,N/A,N/A,N/A,
Mary West,Female,White,,,N/A,5/12/2022,N/A (they are N/A),,No,No,Georgia,5/24/2022,Representative,7,"4,370",10%,Lost,N/A,N/A,N/A,N/A,N/A,N/A,N/A,N/A,N/A,N/A,N/A,N/A,
Austin Scott,Male,White,,,No?,12/1/2022,N/A (checked against interactive),"Voted to certify election, but supported Texas lawsuit to overturn election

Nathaniel note, 8/16: To me this is a ""No?"" because the certification vote happened after the amicus brief, overriding it (but not completely)",Yes,No,Georgia,5/24/2022,Representative,8,1,100%,Won,N/A,N/A,N/A,N/A,N/A,N/A,N/A,N/A,N/A,N/A,N/A,N/A,
Michael Boggus,Male,White,,,N/A,5/12/2022,N/A (they are N/A),,No,Yes,Georgia,5/24/2022,Representative,9,"4,230",4%,Lost,N/A,N/A,N/A,No,N/A,N/A,N/A,N/A,N/A,N/A,N/A,N/A,
Andrew Clyde,Male,White,,,Yes,12/1/2022,N/A (checked against interactive),Voted to overturn election,Yes,No,Georgia,5/24/2022,Representative,9,"90,535",76%,Won,N/A,N/A,N/A,Yes,12/20/2021,N/A,N/A,N/A,N/A,N/A,N/A,N/A,
J. Gregory Howard,Male,White,,,N/A,5/12/2022,N/A (they are N/A),,No,Yes,Georgia,5/24/2022,Representative,9,"3,463",3%,Lost,N/A,N/A,N/A,No,N/A,N/A,N/A,N/A,N/A,N/A,N/A,N/A,
John London,Male,White,,,N/A,5/12/2022,N/A (they are N/A),,No,Yes,Georgia,5/24/2022,Representative,9,"2,359",2%,Lost,N/A,N/A,N/A,No,N/A,N/A,N/A,N/A,N/A,N/A,N/A,N/A,
Ben Souther,Male,White,,,N/A,3/8/2023,Kaleigh,Has concerns about election integrity,No,Yes,Georgia,5/24/2022,Representative,9,"17,922",15%,Lost,N/A,N/A,N/A,No,N/A,N/A,N/A,N/A,N/A,N/A,N/A,N/A,
Timothy Barr,Male,White,,,Yes,3/2/2023,Nathaniel,Supported voting to overturn election results,No,No,Georgia,5/24/2022,Representative,10,"16,007",14%,Lost,N/A,N/A,N/A,No,N/A,N/A,N/A,N/A,N/A,N/A,N/A,N/A,
Paul Broun,Male,White,,,Yes,3/8/2023,Kaleigh,"Advanced voter fraud conspiracies, did not oppose host saying he did consider 2020 election to be fraudulent (starts 41:20)",No,No,Georgia,5/24/2022,Representative,10,"14,901",13%,Lost,N/A,N/A,N/A,No,N/A,N/A,N/A,N/A,N/A,N/A,N/A,N/A,
Mike Collins,Male,White,,,Yes,12/1/2022,N/A (checked against interactive),"""you count the legal votes in the state of Georgia, Donald Trump won"" (starts 21:15)",No,No,Georgia,5/24/2022,Representative,10,"28,741",26%,Made runoff,30536,74%,Won,No,N/A,N/A,N/A,N/A,N/A,N/A,N/A,N/A,
David Curry,Male,White,,,?,5/12/2022,Maya,"Says ""The fact is, we don't know what happened"" but supports conspiracy that the number of missing ballots exceeded Biden's vote margin (starts 5:29); website states 2020 election could've. had significant fraud.  Says he trusts the upcoming election.",No,No,Georgia,5/24/2022,Representative,10,"10,557",9%,Lost,N/A,N/A,N/A,No,N/A,N/A,N/A,N/A,N/A,N/A,N/A,N/A,
Vernon J. Jones,Male,Black,,,Yes,3/2/2023,Nathaniel,"""the election was stolen from Trump""",No,No,Georgia,5/24/2022,Representative,10,"24,165",22%,Made runoff,10469,26%,Lost,Yes,5/3/2022,N/A,N/A,N/A,N/A,N/A,N/A,N/A,
Marc McMain,Male,White,,,Yes,3/8/2023,Kaleigh,"Says it's ""very likely"" election was stolen in Georgia, but ""we have no clue what's taken place"" (starts 7:05)",No,No,Georgia,5/24/2022,Representative,10,"5,222",5%,Lost,N/A,N/A,N/A,No,N/A,N/A,N/A,N/A,N/A,N/A,N/A,N/A,
Alan Sims,Male,White,,,N/A,5/12/2022,N/A (they are N/A),"No clear position on 2020 election, but website mentions election integrity",No,No,Georgia,5/24/2022,Representative,10,"7,388",7%,Lost,N/A,N/A,N/A,No,N/A,N/A,N/A,N/A,N/A,N/A,N/A,N/A,
Mitchell Swan,Male,White,,,Declined to answer,5/12/2022,Maya,"""what happened, we don’t know"" (starts 6:34)",No,No,Georgia,5/24/2022,Representative,10,"5,184",5%,Lost,N/A,N/A,N/A,No,N/A,N/A,N/A,N/A,N/A,N/A,N/A,N/A,
Barry Loudermilk,Male,White,,,Yes,12/1/2022,N/A (checked against interactive),Voted to overturn election,Yes,No,Georgia,5/24/2022,Representative,11,1,100%,Won,N/A,N/A,N/A,Yes,5/21/2022,N/A,N/A,N/A,N/A,N/A,N/A,N/A,
Rick W. Allen,Male,White,,,Yes,12/1/2022,N/A (checked against interactive),Voted to overturn election,Yes,No,Georgia,5/24/2022,Representative,12,1,100%,Won,N/A,N/A,N/A,Yes,5/21/2022,N/A,N/A,N/A,N/A,N/A,N/A,N/A,
Caesar Gonzales,Male,Latino,,,Yes,12/1/2022,N/A (checked against interactive),"Called election ""stolen""",No,No,Georgia,5/24/2022,Representative,13,"12,659",57%,Won,N/A,N/A,N/A,N/A,N/A,N/A,N/A,N/A,N/A,N/A,N/A,N/A,
Dominika Hawkins,Female,Black,,,N/A,3/2/2023,Nathaniel,Has concerns about election integrity,No,No,Georgia,5/24/2022,Representative,13,"4,450",20%,Lost,N/A,N/A,N/A,N/A,N/A,N/A,N/A,N/A,N/A,N/A,N/A,N/A,
Calina Plotky,Female,White,Latino (Brazilian),,N/A,5/12/2022,N/A (they are N/A),,No,No,Georgia,5/24/2022,Representative,13,"5,022",23%,Lost,N/A,N/A,N/A,N/A,N/A,N/A,N/A,N/A,N/A,N/A,N/A,N/A,
Eric Cunningham,Male,White,,,Yes,3/8/2023,Kaleigh,Says he would have voted against certifying election results,No,Yes,Georgia,5/24/2022,Representative,14,"6,390",6%,Lost,N/A,N/A,N/A,No,N/A,N/A,N/A,N/A,N/A,No,N/A,N/A,
Marjorie Taylor Greene,Female,White,,,Yes,12/1/2022,N/A (checked against interactive),Believes Biden lost the election; previously made contradictory statements,Yes,No,Georgia,5/24/2022,Representative,14,"72,215",70%,Won,N/A,N/A,N/A,Yes,4/6/2022,N/A,N/A,No,N/A,No,N/A,N/A,
James Haygood,Male,White,,,No?,5/12/2022,Maya,"Said Biden's election has been certified, but ""There are many questions I’d look into""",No,Yes,Georgia,5/24/2022,Representative,14,"3,790",4%,Lost,N/A,N/A,N/A,No,N/A,N/A,N/A,N/A,N/A,No,N/A,N/A,
Charles Lutin,Male,White,,,No,3/2/2023,Nathaniel,Says it's clear Biden won by a significant margin,No,Yes,Georgia,5/24/2022,Representative,14,"2,304",2%,Lost,N/A,N/A,N/A,No,N/A,N/A,N/A,N/A,N/A,No,N/A,N/A,
Jennifer Strahan,Female,White,,,No,3/8/2023,Kaleigh,"Says ""Biden is our president"" but has concerns about election integrity",No,Yes,Georgia,5/24/2022,Representative,14,"17,595",17%,Lost,N/A,N/A,N/A,No,N/A,N/A,N/A,N/A,N/A,Yes,N/A,N/A,
Seth Synstelien,Male,White,,,No,5/12/2022,Maya,Says there's no evidence that voter fraud influenced outcome of election,No,Yes,Georgia,5/24/2022,Representative,14,"1,547",1%,Lost,N/A,N/A,N/A,No,N/A,N/A,N/A,N/A,N/A,No,N/A,N/A,
Catherine Davis,Female,Black,,,Yes,3/2/2023,Nathaniel,Calls 2020 election stolen,No,Yes,Georgia,5/24/2022,Governor,N/A,"9,788",1%,Lost,N/A,N/A,N/A,No,N/A,N/A,No,N/A,N/A,N/A,N/A,N/A,
Brian Kemp,Male,White,,,No?,12/1/2022,N/A (checked against interactive),"Signed off on certifying Georgia's election results but says there were inconsistencies, called for audit",Yes,No,Georgia,5/24/2022,Governor,N/A,"888,078",74%,Won,N/A,N/A,N/A,No,N/A,N/A,Yes,N/A,N/A,N/A,N/A,N/A,
David A. Perdue,Male,White,,,Yes,3/8/2023,Kaleigh,"""the election in 2020 was rigged and stolen""",No,Yes,Georgia,5/24/2022,Governor,N/A,"262,389",22%,Lost,N/A,N/A,N/A,Yes,12/20/2021,N/A,No,N/A,N/A,N/A,N/A,N/A,
Kandiss Taylor,Female,White,,,Yes,5/12/2022,Maya,Calls 2020 election illegal,No,Yes,Georgia,5/24/2022,Governor,N/A,"41,232",3%,Lost,N/A,N/A,N/A,No,N/A,N/A,No,N/A,N/A,N/A,N/A,N/A,
Tom Williams,Male,White,,,N/A,5/12/2022,N/A (they are N/A),,No,Yes,Georgia,5/24/2022,Governor,N/A,"3,255",0%,Lost,N/A,N/A,N/A,No,N/A,N/A,No,N/A,N/A,N/A,N/A,N/A,
Louie Sanchez,Male,Latino,,,N/A,5/23/2022,N/A (they are N/A),,No,No,New Mexico,6/7/2022,Representative,1,"18,171",41%,Lost,N/A,N/A,N/A,N/A,N/A,N/A,N/A,N/A,N/A,N/A,N/A,N/A,
Michelle Garcia Holmes,Female,White,,,?,12/1/2022,N/A (checked against interactive),"Sued to impound 2020 ballots; wrote ""People feel their vote wasn't counted in the 2020 election.  I support more transparency, automatic audits, voter ID & consequences for fraud""",No,No,New Mexico,6/7/2022,Representative,1,"25,822",59%,Won,N/A,N/A,N/A,N/A,N/A,N/A,N/A,N/A,N/A,N/A,N/A,N/A,
Yvette Herrell,Female,White,Native American (Cherokee),,Yes,12/1/2022,N/A (checked against interactive),Voted not to certify,Yes,No,New Mexico,6/7/2022,Representative,2,1,100%,Won,N/A,N/A,N/A,N/A,N/A,N/A,N/A,N/A,N/A,Yes,Yes,N/A,
Alexis Martinez Johnson,Female,Latino,,,N/A,12/1/2022,N/A (checked against interactive),,No,No,New Mexico,6/7/2022,Representative,3,1,100%,Won,N/A,N/A,N/A,N/A,N/A,N/A,N/A,N/A,N/A,N/A,N/A,N/A,
Jay C. Block,Male,White,,,?,3/2/2023,Nathaniel,Supports audit of 2020,No,No,New Mexico,6/7/2022,Governor,N/A,"12,469",11%,Lost,N/A,N/A,N/A,N/A,N/A,N/A,N/A,N/A,N/A,N/A,N/A,N/A,
Rebecca L. Dow,Female,White,,,Yes,3/8/2023,Kaleigh,"""Without that election fraud, Donald Trump would be the president""",No,No,New Mexico,6/7/2022,Governor,N/A,"18,185",15%,Lost,N/A,N/A,N/A,N/A,N/A,N/A,N/A,N/A,N/A,N/A,N/A,N/A,
Gregory Joseph Zanetti,Male,White,,,?,5/23/2022,Maya,Said in debate there was a lot of smoke/questions about 2020,No,No,New Mexico,6/7/2022,Governor,N/A,"16,394",14%,Lost,N/A,N/A,N/A,N/A,N/A,N/A,N/A,N/A,N/A,N/A,N/A,N/A,
Ethel R. Maharg,Female,White,,,Yes,3/2/2023,Nathaniel,"""She also said she believed Joe Biden was not legitimately elected president, echoing voter fraud claims made by Trump that have not been substantiated on a broad scale.""",No,No,New Mexico,6/7/2022,Governor,N/A,"1,845",2%,Lost,N/A,N/A,N/A,N/A,N/A,N/A,N/A,N/A,N/A,N/A,N/A,N/A,
Mark V. Ronchetti,Male,White,,,Declined to answer,12/1/2022,N/A (checked against interactive),"""Election integrity"" on website not enough for ?, he has ""dodged"" the question",No,No,New Mexico,6/7/2022,Governor,N/A,"68,658",58%,Won,N/A,N/A,N/A,N/A,N/A,N/A,N/A,N/A,N/A,N/A,N/A,N/A,
Trent Kelly,Male,White,,,Yes,12/1/2022,N/A (checked against interactive),Voted not to certify the election; justified Jan. 6,Yes,No,Mississippi,6/7/2022,Representative,1,"27,447",90%,Won,N/A,N/A,N/A,Yes,6/5/2022,N/A,N/A,N/A,N/A,N/A,N/A,N/A,
Mark D. Strauss,Male,White,,,Yes,3/8/2023,Kaleigh,"""firmly believes the 2020 U.S. presidential election was stolen""; has whole section on his site about it",No,Yes,Mississippi,6/7/2022,Representative,1,"3,109",10%,Lost,N/A,N/A,N/A,No,N/A,N/A,N/A,N/A,N/A,N/A,N/A,N/A,
Michael Carson,Male,White,,,Yes,3/2/2023,Nathaniel,"""I believe Trump won. Election was stolen""",No,No,Mississippi,6/7/2022,Representative,2,"2,966",21%,Lost,N/A,N/A,N/A,N/A,N/A,N/A,N/A,N/A,N/A,N/A,N/A,N/A,
Ronald Eller,Male,White,,,N/A,3/8/2023,Kaleigh,raised issues of election integrity,No,No,Mississippi,6/7/2022,Representative,2,"4,564",32%,Made runoff,4418,42%,Lost,N/A,N/A,N/A,N/A,N/A,N/A,N/A,N/A,N/A,
Brian Flowers,Male,White,,,Yes,12/1/2022,N/A (checked against interactive),"attended Stop the Steal rally; identifies as ""MAGA warrior""",No,No,Mississippi,6/7/2022,Representative,2,"6,087",43%,Made runoff,6224,58%,Won,N/A,N/A,N/A,N/A,N/A,N/A,N/A,N/A,N/A,
Stanford Johnson,Male,Black,,,N/A,5/20/2022,N/A (they are N/A),,No,No,Mississippi,6/7/2022,Representative,2,487,3%,Lost,N/A,N/A,N/A,N/A,N/A,N/A,N/A,N/A,N/A,N/A,N/A,N/A,
Michael Cassidy,Male,White,,,?,5/20/2022,Maya,raised issues of election integrity,No,Yes,Mississippi,6/7/2022,Representative,3,"23,407",47%,Made runoff,22713,33%,Lost,N/A,N/A,N/A,N/A,N/A,N/A,N/A,N/A,N/A,
Thomas Griffin,Male,White,,,N/A,5/20/2022,N/A (they are N/A),,No,Yes,Mississippi,6/7/2022,Representative,3,"2,785",6%,Lost,N/A,N/A,N/A,N/A,N/A,N/A,N/A,N/A,N/A,N/A,N/A,N/A,
Michael Guest,Male,White,,,No?,12/1/2022,N/A (checked against interactive),"voted not to certify the election on legal grounds (states overstepping authority) and said there was fraud, but that there wasn't enough to change the results",Yes,No,Mississippi,6/7/2022,Representative,3,"23,675",47%,Made runoff,47007,67%,Won,N/A,N/A,N/A,N/A,N/A,N/A,N/A,N/A,N/A,
Carl Boyanton,Male,White,,,Yes,3/2/2023,Nathaniel,"answered ""yes"" when asked if he believed the election was stolen",No,Yes,Mississippi,6/7/2022,Representative,4,"3,224",6%,Lost,N/A,N/A,N/A,N/A,N/A,N/A,N/A,N/A,N/A,N/A,N/A,N/A,
Raymond N. Brooks,Male,Black,,,Yes,3/8/2023,Kaleigh,"has talked about election integrity and fraud, supported J6 defendant; believes election wasn't stolen but some votes were. BUT then told ABC ""After much thought and seeing the evidence presented by all sides of MSM and political parties involved, I believe that Donald Trump was the true winner of the 2020 election.

Due to the overwhelming evidence I have personally seen, I can only conclude that there were too many anomalies and valid evidence to to come to any other conclusion.""",No,Yes,Mississippi,6/7/2022,Representative,4,"2,405",5%,Lost,N/A,N/A,N/A,N/A,N/A,N/A,N/A,N/A,N/A,N/A,N/A,N/A,
Mike Ezell,Male,White,,,N/A,12/1/2022,N/A (checked against interactive),,No,Yes,Mississippi,6/7/2022,Representative,4,"13,020",25%,Made runoff,31225,54%,Won,N/A,N/A,N/A,N/A,N/A,N/A,N/A,N/A,N/A,
Steven Palazzo,Male,White,,,Yes,5/20/2022,Maya,voted not to certify and supported a lawsuit to overturn results,Yes,No,Mississippi,6/7/2022,Representative,4,"16,387",31%,Made runoff,26849,46%,Lost,N/A,N/A,N/A,N/A,N/A,N/A,N/A,N/A,N/A,
Kidron Peterson,Male,White,,,Yes,3/2/2023,Nathaniel,"“Everyone can do their own research and come to their own conclusions, you can get out there and find evidence that UFOs exist if you want. … From my own research, I do not believe it was a fair election,”",No,Yes,Mississippi,6/7/2022,Representative,4,449,1%,Lost,N/A,N/A,N/A,N/A,N/A,N/A,N/A,N/A,N/A,N/A,N/A,N/A,
Clay Wagner,Male,White,,,N/A,5/20/2022,N/A (they are N/A),,No,Yes,Mississippi,6/7/2022,Representative,4,"11,698",22%,Lost,N/A,N/A,N/A,N/A,N/A,N/A,N/A,N/A,N/A,N/A,N/A,N/A,
Brice Wiggins,Male,White,,,No,3/8/2023,Kaleigh,brought up election integrity but tweeted favorably about report finding no fraud in 2020 election,No,Yes,Mississippi,6/7/2022,Representative,4,"4,859",9%,Lost,N/A,N/A,N/A,N/A,N/A,N/A,N/A,N/A,N/A,N/A,N/A,N/A,
Mitch Heuer,Male,White,,,No?,5/20/2022,Maya,"“My thing on election security is that I’m going to have to remain optimistic that the system we have in place is accurate,” he said. “I just don’t have good information either way. I just have to have faith that it’s a good system.”",No,No,Montana,6/7/2022,Representative,1,"1,953",2%,Lost,N/A,N/A,N/A,No,N/A,N/A,No,N/A,N/A,N/A,N/A,N/A,
Matt Jette,Male,White,,,No,3/2/2023,Nathaniel,"""The longer we spend on fraudulent elections, the more we spend on conspiracy theories of vaccines, the less time we have to find common ground, to work across the aisle and find solutions.”",No,No,Montana,6/7/2022,Representative,1,"4,973",6%,Lost,N/A,N/A,N/A,No,N/A,N/A,No,N/A,N/A,N/A,N/A,N/A,
"Al ""Doc"" Olszewski",Male,White,,,?,3/8/2023,Kaleigh,questioned changes made to voting rules in some states,No,No,Montana,6/7/2022,Representative,1,"33,927",40%,Lost,N/A,N/A,N/A,No,N/A,N/A,No,N/A,N/A,N/A,N/A,N/A,
Mary Todd,Female,White,,,Yes,5/20/2022,Maya,"“Do I think the election was stolen? Absolutely, I think we have the proof,” Todd told the crowd. “… Yes I think this election was stolen and who in their right mind would allow a baby to be stolen and not try to get it back.”",No,No,Montana,6/7/2022,Representative,1,"8,915",10%,Lost,N/A,N/A,N/A,No,N/A,N/A,No,N/A,N/A,N/A,N/A,N/A,
Ryan K. Zinke,Male,White,,,?,12/1/2022,N/A (checked against interactive),Raised questions ,No,No,Montana,6/7/2022,Representative,1,"35,601",42%,Won,N/A,N/A,N/A,Yes,7/8/2021,N/A,Yes,N/A,N/A,N/A,N/A,N/A,
Kyle Austin,Male,White,,,N/A,5/25/2022,N/A (they are N/A),,No,Yes,Montana,6/7/2022,Representative,2,"11,930",12%,Lost,N/A,N/A,N/A,No,N/A,N/A,N/A,N/A,N/A,N/A,N/A,N/A,
James Boyette,Male,White,,,N/A,5/25/2022,N/A (they are N/A),"Has election integrity on platform and raised conspiracy theories about Biden trying to ""push through the ability to allow Non-U.S. citizens (primarily illegal immigrants) the ability to vote""",No,Yes,Montana,6/7/2022,Representative,2,"5,712",6%,Lost,N/A,N/A,N/A,No,N/A,N/A,N/A,N/A,N/A,N/A,N/A,N/A,
Matt Rosendale,Male,White,,,Yes,12/1/2022,N/A (checked against interactive),"Voted not to certify. Said there were ""“widespread, credible allegations of fraud and irregularities in many states.”",Yes,No,Montana,6/7/2022,Representative,2,"73,453",76%,Won,N/A,N/A,N/A,Yes,11/15/2021,N/A,N/A,N/A,N/A,N/A,N/A,N/A,
Charles A. Walking Child,Male,Native American,,,N/A,5/25/2022,N/A (they are N/A),,No,Yes,Montana,6/7/2022,Representative,2,"5,909",6%,Lost,N/A,N/A,N/A,No,N/A,N/A,N/A,N/A,N/A,N/A,N/A,N/A,
Jim Carlin,Male,White,,,Yes,3/2/2023,Nathaniel,"Said most Iowan GOP senators believe election was stolen, chose to run against Grassley because he didn't investigate fraud, repeated claims of dead people voting",No,Yes,Iowa,6/7/2022,Senator,N/A,"51,891",26%,Lost,N/A,N/A,N/A,No,N/A,N/A,No,N/A,N/A,N/A,N/A,N/A,
Chuck Grassley,Male,White,,,No,12/1/2022,N/A (checked against interactive),"Voted to certify, said Biden is president",Yes,No,Iowa,6/7/2022,Senator,N/A,"143,634",72%,Won,N/A,N/A,N/A,Yes,10/9/2021,N/A,Yes,N/A,N/A,N/A,N/A,N/A,
Mariannette Miller-Meeks,Female,White,,,No?,12/1/2022,N/A (checked against interactive),"Said she had ""serious concerns"" but voted to certify, supported a J6 panel",Yes,No,Iowa,6/7/2022,Representative,1,1,100%,Won,N/A,N/A,N/A,N/A,N/A,N/A,N/A,N/A,N/A,Yes,Yes,Yes,
Ashley Hinson,Female,White,,,No,12/1/2022,N/A (checked against interactive),Said Iowa elections were secure and voted to certify.,Yes,No,Iowa,6/7/2022,Representative,2,1,100%,Won,N/A,N/A,N/A,Yes,6/5/2022,N/A,N/A,N/A,N/A,Yes,Yes,Yes,
Nicole Hasso,Female,Black,,,N/A,5/25/2022,N/A (they are N/A),,No,No,Iowa,6/7/2022,Representative,3,"8,991",19%,Lost,N/A,N/A,N/A,N/A,N/A,N/A,N/A,N/A,N/A,N/A,N/A,N/A,
Gary Leffler,Male,White,,,Yes,3/8/2023,Kaleigh,Attended the Jan 6 rally and marched up steps of Capitol,No,No,Iowa,6/7/2022,Representative,3,"6,800",15%,Lost,N/A,N/A,N/A,N/A,N/A,N/A,N/A,N/A,N/A,N/A,N/A,N/A,
Zach Nunn,Male,White,,,N/A,12/1/2022,N/A (checked against interactive),Nothing about 2020 or Biden legitimacy: ,No,No,Iowa,6/7/2022,Representative,3,"30,502",66%,Won,N/A,N/A,N/A,N/A,N/A,N/A,N/A,N/A,N/A,N/A,N/A,N/A,
Randy Feenstra,Male,White,,,No?,12/1/2022,N/A (checked against interactive),voted to certify the elections but called for hearings into election integrity,Yes,No,Iowa,6/7/2022,Representative,4,1,0%,Won,N/A,N/A,N/A,Yes,6/5/2022,N/A,N/A,N/A,N/A,N/A,N/A,N/A,
Kim Reynolds,Female,White,,,No?,12/1/2022,N/A (checked against interactive),"voted to certify but said there were ""a lot of questions"" about election",Yes,No,Iowa,6/7/2022,Governor,N/A,1,100%,Won,N/A,N/A,N/A,Yes,6/5/2022,N/A,Yes,N/A,N/A,N/A,Yes,N/A,
John R. Thune,Male,White,,,No,12/1/2022,N/A (checked against interactive),"Has said Republicans need to ""move on"" from 2020; said there was no fraud in 2020 and praised efforts to go against Trump's investigative efforts",Yes,No,South Dakota,6/7/2022,Senator,N/A,"85,613",72%,Won,N/A,N/A,N/A,N/A,N/A,N/A,Yes,N/A,N/A,N/A,N/A,N/A,
Bruce Whalen,Male,Native American,,,Yes,5/25/2022,Maya,Has been speaking at Big Lie events and allegedly said election was stolen,No,Yes,South Dakota,6/7/2022,Senator,N/A,"24,071",20%,Lost,N/A,N/A,N/A,N/A,N/A,N/A,No,N/A,N/A,N/A,N/A,N/A,
Mark Mowry,Male,White,,,Yes,3/2/2023,Nathaniel,Attended the Jan 6 rally and said he is running because of Thune's unwillingness to question the 2020 election,No,Yes,South Dakota,6/7/2022,Senator,N/A,"8,827",7%,Lost,N/A,N/A,N/A,N/A,N/A,N/A,No,N/A,N/A,N/A,N/A,N/A,
Dusty Johnson,Male,White,,,No?,12/1/2022,N/A (checked against interactive),"Says it wasn't stolen but also says there were ""inconsistencies""",Yes,No,South Dakota,6/7/2022,Representative,At-Large,"70,728",59%,Won,N/A,N/A,N/A,N/A,N/A,N/A,N/A,N/A,N/A,N/A,N/A,N/A,
Taffy Howard,Female,White,,,Yes,3/8/2023,Kaleigh,"signed Wendy Rogers' ""audit all 50 states"" letter. She's criticized Dusty Johnson for not objection to 2020 results."" And though claims that voter fraud led to Biden's victory have been widely discredited, Howard still insists there was widespread voter fraud in the 2020 election. She has made ""election integrity"" a tenet of her campaign."" Plus she proposed the state's voter integrity bill and was pushing to audit all 50 states in that, too: https://apnews.com/article/elections-voting-presidential-elections-south-dakota-sd-state-wire-b9b3be4705dbfcee0e81fb6f8dbc6be3",No,Yes,South Dakota,6/7/2022,Representative,At-Large,"48,645",41%,Lost,N/A,N/A,N/A,N/A,N/A,N/A,N/A,N/A,N/A,N/A,N/A,N/A,
Steven Haugaard,Male,White,,,?,5/25/2022,Maya,Seems to have suggested there was fraud,No,Yes,South Dakota,6/7/2022,Governor,N/A,"28,315",24%,Lost,N/A,N/A,N/A,No,N/A,N/A,No,N/A,N/A,N/A,N/A,N/A,
Kristi Noem,Female,White,,,?,12/1/2022,N/A (checked against interactive),"She called election systems ""rigged"" and has dodged direct questions since",Yes,No,South Dakota,6/7/2022,Governor,N/A,"91,661",76%,Won,N/A,N/A,N/A,Yes,2/8/2022,N/A,Yes,N/A,N/A,N/A,N/A,N/A,
Damon M. Galdo,Male,White,,,N/A,5/24/2022,N/A (they are N/A),,No,No,New Jersey,6/7/2022,Representative,1,"6,034",31%,Lost,N/A,N/A,N/A,N/A,N/A,N/A,N/A,N/A,N/A,N/A,N/A,N/A,
Claire Gustafson,Female,White,,,N/A,12/1/2022,N/A (checked against interactive),"Just not much here, and not about 2020 in particular",No,No,New Jersey,6/7/2022,Representative,1,"13,411",69%,Won,N/A,N/A,N/A,N/A,N/A,N/A,N/A,N/A,N/A,N/A,N/A,N/A,
Jeff Van Drew,Male,White,,,No?,12/1/2022,N/A (checked against interactive),Voted not to certify but then acknowledged Biden,Yes,No,New Jersey,6/7/2022,Representative,2,"35,843",86%,Won,N/A,N/A,N/A,N/A,N/A,N/A,N/A,N/A,N/A,N/A,N/A,N/A,
John Barker,Male,White,,,N/A,5/24/2022,N/A (they are N/A),,No,Yes,New Jersey,6/7/2022,Representative,2,"3,217",8%,Lost,N/A,N/A,N/A,N/A,N/A,N/A,N/A,N/A,N/A,N/A,N/A,N/A,
Sean Pignatelli,Male,White,,,N/A,5/24/2022,N/A (they are N/A),,No,Yes,New Jersey,6/7/2022,Representative,2,"2,601",6%,Lost,N/A,N/A,N/A,N/A,N/A,N/A,N/A,N/A,N/A,N/A,N/A,N/A,
Nicholas J. Ferrara,Male,White,,,N/A,5/24/2022,N/A (they are N/A),,No,No,New Jersey,6/7/2022,Representative,3,"2,956",9%,Lost,N/A,N/A,N/A,N/A,N/A,N/A,N/A,N/A,N/A,N/A,N/A,N/A,
Bob Healey,Male,White,,,N/A,12/1/2022,N/A (checked against interactive),,No,No,New Jersey,6/7/2022,Representative,3,"17,560",53%,Won,N/A,N/A,N/A,N/A,N/A,N/A,N/A,N/A,N/A,N/A,N/A,N/A,
Ian A. Smith,Male,White,,,Yes,3/2/2023,Nathaniel,"""Gym owner Ian Smith urged Donald Trump supporters to march on Washington to protest what he called a stolen election.""",No,No,New Jersey,6/7/2022,Representative,3,"12,709",38%,Lost,N/A,N/A,N/A,N/A,N/A,N/A,N/A,N/A,N/A,N/A,N/A,N/A,
Christopher H. Smith,Male,White,,,No?,12/1/2022,N/A (checked against interactive),Voted for certification but made noise about voter fraud,Yes,No,New Jersey,6/7/2022,Representative,4,"33,136",58%,Won,N/A,N/A,N/A,N/A,N/A,N/A,N/A,N/A,N/A,N/A,N/A,N/A,
Mike Blasi,Male,White,,,N/A,5/24/2022,N/A (they are N/A),,No,Yes,New Jersey,6/7/2022,Representative,4,751,1%,Lost,N/A,N/A,N/A,N/A,N/A,N/A,N/A,N/A,N/A,N/A,N/A,N/A,
Mike Crispi,Male,White,,,Yes,3/8/2023,Kaleigh,"""The 2020 election was the greatest crime in the history of our country.""",No,Yes,New Jersey,6/7/2022,Representative,4,"21,115",37%,Lost,N/A,N/A,N/A,N/A,N/A,N/A,N/A,N/A,N/A,N/A,N/A,N/A,
Steve Gray,Male,White,,,Yes,3/2/2023,Nathaniel,"Tweeted, ""If you think rising gas prices are Putin’s fault, then you probably think Biden won the election.""",No,Yes,New Jersey,6/7/2022,Representative,4,"2,305",4%,Lost,N/A,N/A,N/A,N/A,N/A,N/A,N/A,N/A,N/A,N/A,N/A,N/A,
Nick De Gregorio,Male,White,,,No,3/8/2023,Kaleigh,“Joe Biden is unequivocally the president of the United States.”,No,No,New Jersey,6/7/2022,Representative,5,"14,560",46%,Lost,N/A,N/A,N/A,N/A,N/A,N/A,N/A,N/A,N/A,N/A,N/A,N/A,
Frank T. Pallotta,Male,White,,,N/A,12/1/2022,N/A (checked against interactive),,No,No,New Jersey,6/7/2022,Representative,5,"16,021",50%,Won,N/A,N/A,N/A,N/A,N/A,N/A,N/A,N/A,N/A,N/A,N/A,N/A,
Fred Schneiderman,Male,White,,,N/A,5/24/2022,N/A (they are N/A),,No,No,New Jersey,6/7/2022,Representative,5,629,2%,Lost,N/A,N/A,N/A,N/A,N/A,N/A,N/A,N/A,N/A,N/A,N/A,N/A,
Sab Skenderi,Male,White,,,N/A,5/24/2022,N/A (they are N/A),,No,No,New Jersey,6/7/2022,Representative,5,712,2%,Lost,N/A,N/A,N/A,N/A,N/A,N/A,N/A,N/A,N/A,N/A,N/A,N/A,
Susan M. Kiley,Female,White,,,N/A,12/1/2022,N/A (checked against interactive),,No,No,New Jersey,6/7/2022,Representative,6,"10,076",57%,Won,N/A,N/A,N/A,N/A,N/A,N/A,N/A,N/A,N/A,N/A,N/A,N/A,
Rik Mehta,Male,Asian,,,N/A,5/24/2022,N/A (they are N/A),,No,No,New Jersey,6/7/2022,Representative,6,"4,735",27%,Lost,N/A,N/A,N/A,N/A,N/A,N/A,N/A,N/A,N/A,N/A,N/A,N/A,
Thomas Toomey,Male,White,,,N/A,5/24/2022,N/A (they are N/A),,No,No,New Jersey,6/7/2022,Representative,6,"2,913",16%,Lost,N/A,N/A,N/A,N/A,N/A,N/A,N/A,N/A,N/A,N/A,N/A,N/A,
Kevin B. Dorlon,Male,White,,,N/A,5/24/2022,N/A (they are N/A),,No,No,New Jersey,6/7/2022,Representative,7,"2,237",4%,Lost,N/A,N/A,N/A,N/A,N/A,N/A,No,N/A,N/A,N/A,N/A,N/A,
John Flora,Male,White,,,N/A,5/24/2022,N/A (they are N/A),,No,No,New Jersey,6/7/2022,Representative,7,"3,051",6%,Lost,N/A,N/A,N/A,N/A,N/A,N/A,No,N/A,N/A,N/A,N/A,N/A,
John Henry Isemann,Male,White,,,N/A,5/24/2022,N/A (they are N/A),,No,No,New Jersey,6/7/2022,Representative,7,"2,732",5%,Lost,N/A,N/A,N/A,N/A,N/A,N/A,No,N/A,N/A,N/A,N/A,N/A,
Thomas H. Kean Jr.,Male,White,,,N/A,12/1/2022,N/A (checked against interactive),,No,No,New Jersey,6/7/2022,Representative,7,"25,111",46%,Won,N/A,N/A,N/A,N/A,N/A,N/A,Yes,N/A,N/A,N/A,N/A,N/A,
Erik Peterson,Male,White,,,N/A,5/24/2022,N/A (they are N/A),,No,No,New Jersey,6/7/2022,Representative,7,"8,493",15%,Lost,N/A,N/A,N/A,N/A,N/A,N/A,No,N/A,N/A,N/A,N/A,N/A,
Philip Rizzo,Male,White,,,N/A,5/24/2022,Maya,"""You should be able to trust the results of an election. Sadly, that trust has been broken.""",No,No,New Jersey,6/7/2022,Representative,7,"12,988",24%,Lost,N/A,N/A,N/A,N/A,N/A,N/A,No,N/A,N/A,N/A,N/A,N/A,
Sterling I. Schwab,Male,White,,,N/A,5/24/2022,N/A (they are N/A),,No,No,New Jersey,6/7/2022,Representative,7,429,1%,Lost,N/A,N/A,N/A,N/A,N/A,N/A,No,N/A,N/A,N/A,N/A,N/A,
Marcos Arroyo,Male,Latino,,,N/A,12/1/2022,N/A (checked against interactive),,No,No,New Jersey,6/7/2022,Representative,8,"3,127",100%,Won,N/A,N/A,N/A,N/A,N/A,N/A,N/A,N/A,N/A,N/A,N/A,N/A,
Billy Prempeh,Male,Black,,,?,12/1/2022,N/A (checked against interactive),"Also tweeted in summer 2020, ""Are you really going to sit there and pretend we don't have voter fraud?""",No,No,New Jersey,6/7/2022,Representative,9,"10,724",100%,Won,N/A,N/A,N/A,N/A,N/A,N/A,N/A,N/A,N/A,N/A,N/A,N/A,
David H. Pinckney,Male,Unknown,,,N/A,12/1/2022,N/A (checked against interactive),,No,No,New Jersey,6/7/2022,Representative,10,"3,581",82%,Won,N/A,N/A,N/A,N/A,N/A,N/A,N/A,N/A,N/A,N/A,N/A,N/A,
Garth Stewart,Male,White,,,N/A,5/25/2022,N/A (they are N/A),,No,No,New Jersey,6/7/2022,Representative,10,760,18%,Lost,N/A,N/A,N/A,N/A,N/A,N/A,N/A,N/A,N/A,N/A,N/A,N/A,
Toby Anderson,Male,White,,,N/A,5/25/2022,N/A (they are N/A),,No,No,New Jersey,6/7/2022,Representative,11,"6,385",6%,Lost,N/A,N/A,N/A,N/A,N/A,N/A,N/A,N/A,N/A,N/A,N/A,N/A,
Paul DeGroot,Male,White,,,?,12/1/2022,N/A (checked against interactive),"Shared article called ""In 2020, Vote Fraud Claims Were Not 'Baseless'""",No,No,New Jersey,6/7/2022,Representative,11,"12,644",12%,Won,N/A,N/A,N/A,N/A,N/A,N/A,N/A,N/A,N/A,N/A,N/A,N/A,
Alexander R. Halter,Male,White,,,?,3/2/2023,Nathaniel,Several tweets strongly imply he is a believer,No,No,New Jersey,6/7/2022,Representative,11,"70,109",69%,Lost,N/A,N/A,N/A,N/A,N/A,N/A,N/A,N/A,N/A,N/A,N/A,N/A,
Ruth McAndrew,Female,White,,,N/A,5/25/2022,N/A (they are N/A),,No,No,New Jersey,6/7/2022,Representative,11,"1,325",1%,Lost,N/A,N/A,N/A,N/A,N/A,N/A,N/A,N/A,N/A,N/A,N/A,N/A,
Tayfun Selen,Male,Middle Eastern (Turkish),,,N/A,5/25/2022,N/A (they are N/A),,No,No,New Jersey,6/7/2022,Representative,11,"11,364",11%,Lost,N/A,N/A,N/A,N/A,N/A,N/A,N/A,N/A,N/A,N/A,N/A,N/A,
Darius Mayfield,Male,Black,,,Yes,12/1/2022,N/A (checked against interactive),"Mayfield was among a group of GOP activists who argued that that the election was stolen from Trump, an allegation that has not been corroborated with evidence.

“Biden won the FEWEST amount of counties of ANY President EVER but received the MOST votes ever. Rolling on the floor laughing Yea ok! They “steal” Thinking face won’t clarify which counties he ACTUALLY won,” Mayfield wrote on Twitter.",No,No,New Jersey,6/7/2022,Representative,12,"13,514",100%,Won,N/A,N/A,N/A,N/A,N/A,N/A,N/A,N/A,N/A,N/A,N/A,N/A,
James P. Bradley,Male,White,,,Yes,3/8/2023,Kaleigh,Sued to overturn 2020 election; has maintained there's national fraud for years,No,No,California,6/7/2022,Senator,N/A,"235,788",9%,Lost,N/A,N/A,N/A,N/A,N/A,N/A,N/A,N/A,N/A,N/A,N/A,N/A,
Jon Elist,Male,Middle Eastern (Iranian),,,N/A,5/23/2022,Maya,"Mentions ""election integrity"" as an issue on his website, but does not discuss the 2020 race or Biden's legitimacy",No,No,California,6/7/2022,Senator,N/A,"289,716",11%,Lost,N/A,N/A,N/A,N/A,N/A,N/A,N/A,N/A,N/A,N/A,N/A,N/A,
Myron L. Hall,Male,Black,,,N/A,5/23/2022,N/A (they are N/A),,No,No,California,6/7/2022,Senator,N/A,"66,161",3%,Lost,N/A,N/A,N/A,N/A,N/A,N/A,N/A,N/A,N/A,N/A,N/A,N/A,
Sarah Sun Liew,Female,Asian,,,?,3/2/2023,Nathaniel,"On FB page said ""I don’t think we need to relitigate the 2020 election but we certainly will NOT fall for the Democrats’ trick a second time of changing voting norms and letting everybody get a ballot in the mail and vote at home or vote in the car or vote on the bus, or wherever, because it just makes it TOO EASY TO CHEAT. And we will NOT allow that to happen again. That’s all I’ll say.""",No,No,California,6/7/2022,Senator,N/A,"76,994",3%,Lost,N/A,N/A,N/A,N/A,N/A,N/A,N/A,N/A,N/A,N/A,N/A,N/A,
Robert George Lucero Jr.,Male,Latino,,,No?,3/8/2023,Kaleigh,"""I don’t think we totally know but I accept the results. I do believe Hillary Clinton and the DNC should apologize to voters for promoting the Russian involvement fraud in 2016.""",No,No,California,6/7/2022,Senator,N/A,"53,398",2%,Lost,N/A,N/A,N/A,N/A,N/A,N/A,N/A,N/A,N/A,N/A,N/A,N/A,
Mark P. Meuser,Male,White,,,N/A,12/1/2022,N/A (checked against interactive),"Has crusaded for ""election integrity"" and against fraud for years. Said there was no significant fraud in California affecting elections in 2020 or 2018. (starting 16:40)",No,No,California,6/7/2022,Senator,N/A,"1,028,374",40%,Won,N/A,N/A,N/A,N/A,N/A,N/A,N/A,N/A,N/A,N/A,N/A,N/A,
Enrique Petris,Male,Latino,,,N/A,5/24/2022,N/A (they are N/A),,No,No,California,6/7/2022,Senator,N/A,"31,883",1%,Lost,N/A,N/A,N/A,N/A,N/A,N/A,N/A,N/A,N/A,N/A,N/A,N/A,
Chuck Smith,Male,White,,,Yes,Late May,Maya,"""Yes, I believe it was illegitimate. There are investigations that have been released recently, ""2000 Mules"" and "" Rigged"", that support the 2020 election as illegitimate.""",No,No,California,6/7/2022,Senator,N/A,"266,766",10%,Lost,N/A,N/A,N/A,N/A,N/A,N/A,N/A,N/A,N/A,N/A,N/A,N/A,
Carlos Guillermo Tapia,Male,Latino (Mexican),,,N/A,5/24/2022,N/A (they are N/A),,No,No,California,6/7/2022,Senator,N/A,"33,870",1%,Lost,N/A,N/A,N/A,N/A,N/A,N/A,N/A,N/A,N/A,N/A,N/A,N/A,
Cordie Williams,Male,White,,,Yes,3/2/2023,Nathaniel,"Posted on Insta, ""ELECTION FRAUD IS REAL! 2020 was stolen from us!"" There's also this tweet.",No,No,California,6/7/2022,Senator,N/A,"474,321",19%,Lost,N/A,N/A,N/A,N/A,N/A,N/A,N/A,N/A,N/A,N/A,N/A,N/A,
James P. Bradley,Male,White,,,Yes,3/8/2023,Kaleigh,Sued to overturn 2020 election,No,No,California,6/7/2022,Senator (unexpired term),N/A,"472,052",19%,Lost,N/A,N/A,N/A,N/A,N/A,N/A,N/A,N/A,N/A,N/A,N/A,N/A,
Jon Elist,Male,Middle Eastern (Iranian),,,N/A,5/23/2022,Maya,"Mentions ""election integrity"" as an issue on his website, but does not discuss the 2020 race or Biden's legitimacy",No,No,California,6/7/2022,Senator (unexpired term),N/A,"403,722",16%,Lost,N/A,N/A,N/A,N/A,N/A,N/A,N/A,N/A,N/A,N/A,N/A,N/A,
Myron L. Hall,Male,Black,,,N/A,5/23/2022,N/A (they are N/A),,No,No,California,6/7/2022,Senator (unexpired term),N/A,"143,038",6%,Lost,N/A,N/A,N/A,N/A,N/A,N/A,N/A,N/A,N/A,N/A,N/A,N/A,
Mark P. Meuser,Male,White,,,N/A,12/1/2022,N/A (checked against interactive),"Has crusaded for ""election integrity"" and against fraud for years",No,No,California,6/7/2022,Senator (unexpired term),N/A,"1,503,480",60%,Won,N/A,N/A,N/A,N/A,N/A,N/A,N/A,N/A,N/A,N/A,N/A,N/A,
Tim Geist,Male,White,,,N/A,5/23/2022,N/A (they are N/A),,No,Yes,California,6/7/2022,Representative,1,"11,408",11%,Lost,N/A,N/A,N/A,No,N/A,N/A,N/A,N/A,N/A,N/A,N/A,N/A,
Doug LaMalfa,Male,White,,,Yes,12/1/2022,N/A (checked against interactive),"voted to overturn, but not seeing any statements about the election elsewhere",Yes,No,California,6/7/2022,Representative,1,"96,858",89%,Won,N/A,N/A,N/A,Yes,6/5/2022,N/A,N/A,N/A,N/A,N/A,N/A,N/A,
Douglas Brower,Male,White,,,N/A,12/1/2022,N/A (checked against interactive),,No,No,California,6/7/2022,Representative,2,"18,102",35%,Won,N/A,N/A,N/A,N/A,N/A,N/A,N/A,N/A,N/A,N/A,N/A,N/A,
Chris Coulombe,Male,White,,,N/A,5/23/2022,N/A (they are N/A),,No,No,California,6/7/2022,Representative,2,"17,498",34%,Lost,N/A,N/A,N/A,N/A,N/A,N/A,N/A,N/A,N/A,N/A,N/A,N/A,
Darian J. Elizondo,Male,Latino (Mexican),,,Declined to answer,3/2/2023,Nathaniel,"""Good Afternoon, Oh, election seasons can be challenging, I imagine equally so for a journalist! Now the 2020 election is quite the powder keg, isn’t it? The truth of the matter is, that it’s over, and regardless of any argument of its validity it's now moot, we simply have to focus on the future. I'm much more concerned with the outcome of the 2022 midterms! But one thing I will say is the most American thing to do is to ask questions of our government, and those questions that people might have about the 2020 election deserved to be at the very least asked, even if not answered. I cannot say I’m comfortable with any debate being buried, it is the prerogative of the people to question the validity of anything that impacts their daily lives. We appreciate being included in this dialogue and should there be any other questions you might have, my team and I are always more than happy to answer! And of course, if you have any more questions about our campaign itself, you can always visit www.elizondoforcongress2022.com and I’ve included an attachment of our platform and proposed strategies if you feel so inclined. Cheers,  - Darian J. Elizondo""",No,No,California,6/7/2022,Representative,2,"4,012",8%,Lost,N/A,N/A,N/A,N/A,N/A,N/A,N/A,N/A,N/A,N/A,N/A,N/A,
Archimedes Ramirez,Male,Asian (Filipino),,,N/A,5/23/2022,N/A (they are N/A),,No,No,California,6/7/2022,Representative,2,"12,202",24%,Lost,N/A,N/A,N/A,N/A,N/A,N/A,N/A,N/A,N/A,N/A,N/A,N/A,
Scott Jones,Male,White,,,N/A,5/23/2022,N/A (they are N/A),,No,No,California,6/7/2022,Representative,3,"38,288",29%,Lost,N/A,N/A,N/A,No,N/A,N/A,N/A,N/A,N/A,N/A,N/A,N/A,
Kevin Kiley,Male,White,,,?,12/1/2022,N/A (checked against interactive),"“Well, it depends what you mean by legitimate,” Kiley, a Rocklin assemblyman, said at the debate hosted by KCRA3 and CapRadio. “There’s a political answer but there’s my honest answer and my honest answer is I don’t know. It depends who you watch, which newscast you watch,” said Jones, the Sacramento County sheriff.",No,No,California,6/7/2022,Representative,3,"93,552",71%,Won,N/A,N/A,N/A,Yes,5/14/2022,N/A,N/A,N/A,N/A,N/A,N/A,N/A,
Matt Brock,Male,White,,,N/A,12/1/2022,N/A (checked against interactive),,No,No,California,6/7/2022,Representative,4,"28,260",59%,Won,N/A,N/A,N/A,N/A,N/A,N/A,N/A,N/A,N/A,N/A,N/A,N/A,
Scott Giblin,Male,White,,,N/A,5/23/2022,N/A (they are N/A),,No,No,California,6/7/2022,Representative,4,"16,914",36%,Lost,N/A,N/A,N/A,N/A,N/A,N/A,N/A,N/A,N/A,N/A,N/A,N/A,
Jimih L. Jones,Male,Black,,,N/A,5/23/2022,N/A (they are N/A),,No,No,California,6/7/2022,Representative,4,"2,363",5%,Lost,N/A,N/A,N/A,N/A,N/A,N/A,N/A,N/A,N/A,N/A,N/A,N/A,
Nathan F. Magsig,Male,White,,,N/A,5/23/2022,N/A (they are N/A),,No,Yes,California,6/7/2022,Representative,5,"25,299",21%,Lost,N/A,N/A,N/A,No,N/A,N/A,N/A,N/A,N/A,N/A,N/A,N/A,
David Main,Male,White,,,N/A,5/23/2022,N/A (they are N/A),,No,Yes,California,6/7/2022,Representative,5,"5,927",5%,Lost,N/A,N/A,N/A,No,N/A,N/A,N/A,N/A,N/A,N/A,N/A,N/A,
Tom McClintock,Male,White,,,No?,12/1/2022,N/A (checked against interactive),voted to certify election but has since expressed concerns about election fraud,Yes,No,California,6/7/2022,Representative,5,"87,010",72%,Won,N/A,N/A,N/A,Yes,6/5/2022,N/A,N/A,N/A,N/A,N/A,N/A,N/A,
Kelsten Charles Obert,Male,White,,,N/A,5/23/2022,N/A (they are N/A),,No,Yes,California,6/7/2022,Representative,5,"2,864",2%,Lost,N/A,N/A,N/A,No,N/A,N/A,N/A,N/A,N/A,N/A,N/A,N/A,
Chris (Christine) Bish,Female,White,,,N/A,5/23/2022,N/A (they are N/A),,No,No,California,6/7/2022,Representative,6,"11,421",19%,Lost,N/A,N/A,N/A,N/A,N/A,N/A,N/A,N/A,N/A,N/A,No,N/A,
Karla Black,Female,White,Black,,N/A,5/23/2022,N/A (they are N/A),,No,No,California,6/7/2022,Representative,6,"3,553",6%,Lost,N/A,N/A,N/A,N/A,N/A,N/A,N/A,N/A,N/A,N/A,No,N/A,
Bret Daniels,Male,White,,,N/A,5/23/2022,N/A (they are N/A),,No,No,California,6/7/2022,Representative,6,"16,612",27%,Lost,N/A,N/A,N/A,N/A,N/A,N/A,N/A,N/A,N/A,N/A,No,N/A,
Tamika Hamilton,Female,Black,,,N/A,12/1/2022,N/A (checked against interactive),,No,No,California,6/7/2022,Representative,6,"27,339",45%,Won,N/A,N/A,N/A,N/A,N/A,N/A,N/A,N/A,N/A,N/A,Yes,N/A,
D. Keith Langford Jr.,Male,White,,,N/A,5/23/2022,N/A (they are N/A),,No,No,California,6/7/2022,Representative,6,"2,272",4%,Lost,N/A,N/A,N/A,N/A,N/A,N/A,N/A,N/A,N/A,N/A,No,N/A,
Max Semenenko,Male,White,,,No,12/1/2022,N/A (checked against interactive),"""Do you believe Joe Biden was fairly elected? MS: Yes, I didn’t see any evidence over the last year.""",No,No,California,6/7/2022,Representative,7,"42,728",100%,Won,N/A,N/A,N/A,N/A,N/A,N/A,N/A,N/A,N/A,N/A,N/A,N/A,
Rudy Recile,Male,Asian (Filipino),,,N/A,12/1/2022,N/A (checked against interactive),website lists election integrity as an issue,No,No,California,6/7/2022,Representative,8,"23,518",100%,Won,N/A,N/A,N/A,N/A,N/A,N/A,N/A,N/A,N/A,N/A,N/A,N/A,
Jonathan Madison,Male,Black,,,N/A,5/24/2022,N/A (they are N/A),,No,No,California,6/7/2022,Representative,9,"5,992",11%,Lost,N/A,N/A,N/A,N/A,N/A,N/A,N/A,N/A,N/A,N/A,N/A,N/A,
Tom Patti,Male,White,,,N/A,12/1/2022,N/A (checked against interactive),,No,No,California,6/7/2022,Representative,9,"30,843",59%,Won,N/A,N/A,N/A,N/A,N/A,N/A,N/A,N/A,N/A,N/A,N/A,N/A,
Jim Shoemaker,Male,White,,,?,3/8/2023,Kaleigh,facebook post promoting an event about 2020 election integrity,No,No,California,6/7/2022,Representative,9,"15,443",30%,Lost,N/A,N/A,N/A,N/A,N/A,N/A,N/A,N/A,N/A,N/A,N/A,N/A,
Eve Del Castello,Female,Unknown,,,N/A,5/24/2022,N/A (they are N/A),,No,No,California,6/7/2022,Representative,11,"7,319",27%,Lost,N/A,N/A,N/A,N/A,N/A,N/A,N/A,N/A,N/A,N/A,N/A,N/A,
John Dennis,Male,White,,,Yes,12/1/2022,N/A (checked against interactive),"in a facebook video talks about Democrats cheating in elections, but not the 2020 election",No,No,California,6/7/2022,Representative,11,"20,054",73%,Won,N/A,N/A,N/A,N/A,N/A,N/A,N/A,N/A,N/A,N/A,N/A,N/A,
Ned Nuerge,Male,White,,,N/A,5/24/2022,N/A (they are N/A),,No,No,California,6/7/2022,Representative,12,"1,902",19%,Lost,N/A,N/A,N/A,N/A,N/A,N/A,N/A,N/A,N/A,N/A,N/A,N/A,
Stephen Slauson,Male,White,,,N/A,12/1/2022,N/A (checked against interactive),no website or social media accounts,No,No,California,6/7/2022,Representative,12,"8,274",81%,Won,N/A,N/A,N/A,N/A,N/A,N/A,N/A,N/A,N/A,N/A,N/A,N/A,
John Duarte,Male,White,,,N/A,12/1/2022,N/A (checked against interactive),,No,No,California,6/7/2022,Representative,13,"26,163",66%,Won,N/A,N/A,N/A,N/A,N/A,N/A,Yes,N/A,N/A,N/A,N/A,N/A,
David A. Giglio,Male,White,,,N/A,5/24/2022,N/A (they are N/A),"mentions election integrity on his campaign website, but not the 2020 race",No,No,California,6/7/2022,Representative,13,"11,320",29%,Lost,N/A,N/A,N/A,N/A,N/A,N/A,No,N/A,N/A,N/A,N/A,N/A,
Diego Javier Martinez,Male,Latino (Uruguayan),,,?,5/24/2022,Maya,"he shared a tweet from Larry Elder saying Biden won the 2020 race, and called him 2-faced. ",No,No,California,6/7/2022,Representative,13,"2,026",5%,Lost,N/A,N/A,N/A,N/A,N/A,N/A,No,N/A,N/A,N/A,N/A,N/A,
Alison Hayden,Female,White,,,Yes,12/1/2022,N/A (checked against interactive),,No,No,California,6/7/2022,Representative,14,"12,503",36%,Won,N/A,N/A,N/A,N/A,N/A,N/A,N/A,N/A,N/A,N/A,N/A,N/A,
"Sri ""Steve"" Iyer",Male,Asian (Indian),,,N/A,5/24/2022,N/A (they are N/A),,No,No,California,6/7/2022,Representative,14,"10,829",31%,Lost,N/A,N/A,N/A,N/A,N/A,N/A,N/A,N/A,N/A,N/A,N/A,N/A,
Tom Wong,Male,Asian,,,N/A,5/24/2022,N/A (they are N/A),,No,No,California,6/7/2022,Representative,14,"11,406",33%,Lost,N/A,N/A,N/A,N/A,N/A,N/A,N/A,N/A,N/A,N/A,N/A,N/A,
Gus Mattammal,Male,Asian,White,,N/A,5/24/2022,N/A (they are N/A),,No,No,California,6/7/2022,Representative,15,"23,625",100%,Lost,N/A,N/A,N/A,N/A,N/A,N/A,N/A,N/A,N/A,N/A,N/A,N/A,
Richard B. Fox,Male,White,,,N/A,5/24/2022,N/A (they are N/A),,No,No,California,6/7/2022,Representative,16,"13,187",35%,Lost,N/A,N/A,N/A,N/A,N/A,N/A,N/A,N/A,N/A,N/A,N/A,N/A,
Peter Ohtaki,Male,Asian,,,N/A,5/24/2022,N/A (they are N/A),,No,No,California,6/7/2022,Representative,16,"21,354",57%,Lost,N/A,N/A,N/A,N/A,N/A,N/A,N/A,N/A,N/A,N/A,N/A,N/A,
Benjamin Thomas Solomon,Male,Asian (Malaysian),,,N/A,5/24/2022,N/A (they are N/A),,No,No,California,6/7/2022,Representative,16,"2,659",7%,Lost,N/A,N/A,N/A,N/A,N/A,N/A,N/A,N/A,N/A,N/A,N/A,N/A,
Ritesh Tandon,Male,Asian (Indian),,,?,12/1/2022,N/A (checked against interactive),"mentions election integrity in CA on Facebook page, seems to believe Trump's 2020 allegations of fraud",No,No,California,6/7/2022,Representative,17,"28,730",100%,Won,N/A,N/A,N/A,N/A,N/A,N/A,N/A,N/A,N/A,N/A,N/A,N/A,
Peter Hernandez,Male,Latino (Mexican),,,N/A,12/1/2022,N/A (checked against interactive),,No,No,California,6/7/2022,Representative,18,"27,935",100%,Won,N/A,N/A,N/A,N/A,N/A,N/A,N/A,N/A,N/A,N/A,N/A,N/A,
Dalila Epperson,Female,White,,,?,3/2/2023,Nathaniel,"support audits, but doesn't explicitly mention 2020; retweeted something favorable about the 2000 Mules movie",No,No,California,6/7/2022,Representative,19,"12,082",21%,Lost,N/A,N/A,N/A,N/A,N/A,N/A,N/A,N/A,N/A,N/A,N/A,N/A,
Jeff Gorman,Male,White,,,N/A,12/1/2022,N/A (checked against interactive),,No,No,California,6/7/2022,Representative,19,"44,181",79%,Won,N/A,N/A,N/A,N/A,N/A,N/A,N/A,N/A,N/A,N/A,N/A,N/A,
James Davis,Male,White,,,N/A,5/24/2022,N/A (they are N/A),no website or social media,No,Yes,California,6/7/2022,Representative,20,"6,382",7%,Lost,N/A,N/A,N/A,No,N/A,N/A,N/A,N/A,N/A,N/A,N/A,N/A,
James Macauley,Male,White,,,N/A,5/24/2022,N/A (they are N/A),,No,Yes,California,6/7/2022,Representative,20,"5,488",6%,Lost,N/A,N/A,N/A,No,N/A,N/A,N/A,N/A,N/A,N/A,N/A,N/A,
Kevin McCarthy,Male,White,,,Yes,12/1/2022,N/A (checked against interactive),voted to overturn,Yes,No,California,6/7/2022,Representative,20,"85,748",88%,Won,N/A,N/A,N/A,Yes,6/5/2022,N/A,N/A,No,N/A,N/A,N/A,N/A,
Michael Maher,Male,White,,,N/A,12/1/2022,N/A (checked against interactive),,No,No,California,6/7/2022,Representative,21,"19,040",61%,Won,N/A,N/A,N/A,N/A,N/A,N/A,N/A,N/A,N/A,N/A,N/A,N/A,
Matt Stoll,Male,White,,,N/A,5/24/2022,N/A (they are N/A),,No,No,California,6/7/2022,Representative,21,"11,931",39%,Lost,N/A,N/A,N/A,N/A,N/A,N/A,N/A,N/A,N/A,N/A,N/A,N/A,
Chris Mathys,Male,White,,,Yes,3/8/2023,Kaleigh,"He said he believes Trump would have won the election if the votes had been ""properly counted,"" although numerous investigations by secretaries of state and independent groups have found no widespread fraud during the 2020 presidential election.",No,Yes,California,6/7/2022,Representative,22,"13,111",43%,Lost,N/A,N/A,N/A,N/A,N/A,N/A,N/A,N/A,N/A,N/A,N/A,N/A,
Adam Medeiros,Male,White,,,N/A,5/24/2022,N/A (they are N/A),,No,Yes,California,6/7/2022,Representative,22,"3,250",11%,Lost,N/A,N/A,N/A,N/A,N/A,N/A,N/A,N/A,N/A,N/A,N/A,N/A,
David G. Valadao,Male,White,,,No,12/1/2022,N/A (checked against interactive),voted to certify election,Yes,No,California,6/7/2022,Representative,22,"14,331",47%,Won,N/A,N/A,N/A,N/A,N/A,N/A,N/A,N/A,N/A,N/A,N/A,N/A,
Jay Obernolte,Male,White,,,No?,12/1/2022,N/A (checked against interactive),"voted to overturn, but then said Biden was president",Yes,No,California,6/7/2022,Representative,23,"57,988",100%,Won,N/A,N/A,N/A,Yes,6/5/2022,N/A,N/A,N/A,N/A,N/A,N/A,N/A,
Brad Allen,Male,White,,,N/A,12/1/2022,N/A (checked against interactive),,No,No,California,6/7/2022,Representative,24,"57,532",100%,Won,N/A,N/A,N/A,N/A,N/A,N/A,N/A,N/A,N/A,N/A,N/A,N/A,
James Francis Gibson,Male,White,,,N/A,5/24/2022,N/A (they are N/A),,No,No,California,6/7/2022,Representative,25,"6,059",14%,Lost,N/A,N/A,N/A,N/A,N/A,N/A,N/A,N/A,N/A,N/A,N/A,N/A,
Brian E. Hawkins,Male,Black,,,N/A,12/1/2022,N/A (checked against interactive),,No,No,California,6/7/2022,Representative,25,"16,085",38%,Won,N/A,N/A,N/A,N/A,N/A,N/A,N/A,N/A,N/A,N/A,N/A,N/A,
Jonathan Reiss,Male,White,,,N/A,5/24/2022,N/A (they are N/A),,No,No,California,6/7/2022,Representative,25,"1,609",4%,Lost,N/A,N/A,N/A,N/A,N/A,N/A,N/A,N/A,N/A,N/A,N/A,N/A,
Burt Thakur,Male,Asian (Indian),,,N/A,5/24/2022,N/A (they are N/A),,No,No,California,6/7/2022,Representative,25,"2,982",7%,Lost,N/A,N/A,N/A,N/A,N/A,N/A,N/A,N/A,N/A,N/A,N/A,N/A,
Ceci Truman,Female,White,,,N/A,5/24/2022,N/A (they are N/A),,No,No,California,6/7/2022,Representative,25,"1,850",4%,Lost,N/A,N/A,N/A,N/A,N/A,N/A,N/A,N/A,N/A,N/A,N/A,N/A,
Brian M Tyson,Male,White,,,N/A,5/24/2022,N/A (they are N/A),,No,No,California,6/7/2022,Representative,25,"14,186",33%,Lost,N/A,N/A,N/A,N/A,N/A,N/A,N/A,N/A,N/A,N/A,N/A,N/A,
Matt Jacobs,Male,White,,,N/A,12/1/2022,N/A (checked against interactive),,No,No,California,6/7/2022,Representative,26,"64,835",89%,Won,N/A,N/A,N/A,N/A,N/A,N/A,N/A,N/A,N/A,N/A,N/A,N/A,
Fadde Mikhail,Male,Middle Eastern (Egyptian),,,Yes,6/1/2022,Maya,"""Hi Libby,  Thank you for reaching out.  I believe that President Trump did win the election for the reasons listed below:  1. Barack Obama is the most popular person in the world and received over 62 million votes during the 2012 election.  Joe Biden, who did not campaign anywhere outside of his basement, did not have any public rallies (aside from the events that had 8 circles, 6 feet apart), and had less impressions via social media compared to Trump, got more votes than not only Trump, but also Obama by a landslide.  2. The fact that the 2020 election had several states where they had 3 am ballot dumps that were all 90/10 in Biden's favor is mathematically impossible.  3. I can personally say with 100% certainty that I know several deceased people that received ballots.  Why did that happen?  The deceased did not receive ballots for the 2012 election or 2016 election.  Why did they receive ballots for the 2020 Election?  4. There is also clear evidence of people that voted in multiple states.  How does this happen?   Obviously Joe Biden is in office, not Donald Trump, and it was certified by Congress.  The 2020 election was certified based on the numbers that they were presented with; however, I do not believe it was legitimate.  I leave you with these questions to ponder.. Why are you and/or your colleagues at ABC not asking questions about the voter rolls filled with people who have not been purged when they move out of state or die? Why does ABC think it is racist to require voter ID?  Every man or woman, regardless of race, has to present valid ID to open a bank account, to buy alcohol, purchase a house, rent an apartment, apply for food stamps, etc.  Why do we still have mail-in ballots after clearly seeing the recklessness of the system?  I would greatly love a response.  I work in sports and entertainment and I deal with the media on a daily basis and respect the work of the media very much.  I am very open to having a discussion with you anytime.  This isn't about whether you vote democrat or republican, or if you support Biden or Trump.  We are all Americans.  We live in the greatest country in the world.  Why can't we have safe elections?  We must work together to ensure that our country has a bright future and the first step is to have fair elections because without that, aren't we Venezuela? My cell number is 310.740.2115.  I would love to schedule a follow up call with you to introduce myself when you have any free time.  Thank you, Fadde Mikhail """,No,No,California,6/7/2022,Representative,26,"2,775",4%,Lost,N/A,N/A,N/A,N/A,N/A,N/A,N/A,N/A,N/A,N/A,N/A,N/A,
Paul Nathan Taylor,Male,White,,,?,3/2/2023,Nathaniel,"""Hi Libby, Hope all is well and thank you for your time and reaching out.  IN response to your questions: There are various forms of voter fraud that have occurred in the US. The 2020 election took place against a backdrop of uncertainty.  Because of the pandemic it created a huge influx of mail-in absentee ballots. I believe fraud involving absentee ballots is a real thing. Mail-in ballots could be addressed to people no longer living at the address and this could easily allow for voter fraud. In 2020 there were issues with postal delays and lost mail. Election authorities and the postal service were put under immense strain processing millions of extra ballots.  More print errors occurred and a loss of ballots because of mis-addresses. So in conclusion I do believe the coronavirus pandemic greatly disrupted the 2020 U.S. election. Including unusually slow result reporting which posed a serious threat to the election’s legitimacy. All the best, Paul N. Taylor For Congress""",No,No,California,6/7/2022,Representative,26,"5,612",8%,Lost,N/A,N/A,N/A,N/A,N/A,N/A,N/A,N/A,N/A,N/A,N/A,N/A,
Mike Garcia,Male,Latino (Mexican),,,Yes,12/1/2022,N/A (checked against interactive),"Voted to overturn election, wants audit",Yes,No,California,6/7/2022,Representative,27,"57,469",93%,Won,N/A,N/A,N/A,N/A,N/A,N/A,N/A,N/A,N/A,N/A,N/A,N/A,
Mark Pierce,Male,White,,,N/A,5/17/2022,N/A (they are N/A),,No,Yes,California,6/7/2022,Representative,27,"1,352",2%,Lost,N/A,N/A,N/A,N/A,N/A,N/A,N/A,N/A,N/A,N/A,N/A,N/A,
David Rudnick,Male,White,,,Yes,3/8/2023,Kaleigh,"""This is David. To answer your questions and fairly, I do believe that the power elite stole the Presidency from Trump the same exact way they robbed Al Gore of the Presidency. This is nothing new. Nixon knew that JFK stole the election from him. The Compromise of 1877 is very well documented and is considered by no respectable historian as """"conspiratorial."""" These are facts. Thus, the 2020 election was totally illegitimate. Thank you for your time. - F. David Rudnick""",No,Yes,California,6/7/2022,Representative,27,"2,648",4%,Lost,N/A,N/A,N/A,N/A,N/A,N/A,N/A,N/A,N/A,N/A,N/A,N/A,
Wes Hallman,Male,White,,,N/A,12/1/2022,N/A (checked against interactive),,No,No,California,6/7/2022,Representative,28,"41,955",100%,Won,N/A,N/A,N/A,N/A,N/A,N/A,N/A,N/A,N/A,N/A,N/A,N/A,
Margarita Maria Carranza,Female,Latino (Mexican),,,N/A,5/20/2022,N/A (they are N/A),,No,No,California,6/7/2022,Representative,29,"7,079",41%,Lost,N/A,N/A,N/A,N/A,N/A,N/A,N/A,N/A,N/A,N/A,N/A,N/A,
Rudy Melendez,Male,White,,,N/A,5/20/2022,N/A (they are N/A),,No,No,California,6/7/2022,Representative,29,"5,057",29%,Lost,N/A,N/A,N/A,N/A,N/A,N/A,N/A,N/A,N/A,N/A,N/A,N/A,
Andy Miranda,Male,Latino (Cuban),,,N/A,5/20/2022,N/A (they are N/A),,No,No,California,6/7/2022,Representative,29,"5,167",30%,Lost,N/A,N/A,N/A,N/A,N/A,N/A,N/A,N/A,N/A,N/A,N/A,N/A,
Patrick Lee Gipson,Male,White,,,Yes,3/2/2023,Nathaniel,"""Hello Libby, Thank you so much for the inquiry. Here is Patrick’s answer: From everything we have seen regarding the Dominion and Smart Matic voting machines and the mountains of evidence regarding voter fraud, yes, it was stolen from President Trump. We currently have an illegitimate President in the White House and will continue to have him there until justice is served! “""",No,No,California,6/7/2022,Representative,30,"10,529",30%,Lost,N/A,N/A,N/A,N/A,N/A,N/A,N/A,N/A,N/A,N/A,N/A,N/A,
Ronda Kennedy,Female,Black,,,Yes,3/8/2023,Kaleigh,"""The enemies of freedom exploited a manufactured COVID pandemic in 2020 to rig the election with an unprecedented mail-in-ballot election for the express purpose of electing Democrats.""",No,No,California,6/7/2022,Representative,30,"13,953",40%,Lost,N/A,N/A,N/A,N/A,N/A,N/A,N/A,N/A,N/A,N/A,N/A,N/A,
Johnny J. Nalbandian,Male,White,,,Yes,5/24/2022,Maya,"Called 2020 election illegitimate, called for decertifying election results",No,No,California,6/7/2022,Representative,30,"7,693",22%,Lost,N/A,N/A,N/A,N/A,N/A,N/A,N/A,N/A,N/A,N/A,N/A,N/A,
Paloma Zuniga,Female,Latino,,,N/A,5/24/2022,N/A (they are N/A),,No,No,California,6/7/2022,Representative,30,"2,614",8%,Lost,N/A,N/A,N/A,N/A,N/A,N/A,N/A,N/A,N/A,N/A,N/A,N/A,
Daniel Bocic Martinez,Male,White,,,N/A,12/1/2022,N/A (checked against interactive),,No,No,California,6/7/2022,Representative,31,"32,721",100%,Won,N/A,N/A,N/A,N/A,N/A,N/A,N/A,N/A,N/A,N/A,N/A,N/A,
Lucie Lapointe Volotzky,Female,White,,,N/A,12/1/2022,N/A (checked against interactive),,No,No,California,6/7/2022,Representative,32,"32,342",70%,Won,N/A,N/A,N/A,N/A,N/A,N/A,N/A,N/A,N/A,N/A,N/A,N/A,
Melissa Toomim,Female,White,,,N/A,5/25/2022,N/A (they are N/A),,No,No,California,6/7/2022,Representative,32,"13,926",30%,Lost,N/A,N/A,N/A,N/A,N/A,N/A,N/A,N/A,N/A,N/A,N/A,N/A,
Rex Gutierrez,Male,Latino,,,N/A,5/25/2022,N/A (they are N/A),,No,No,California,6/7/2022,Representative,33,"10,587",38%,Lost,N/A,N/A,N/A,N/A,N/A,N/A,N/A,N/A,N/A,N/A,N/A,N/A,
John Mark Porter,Male,White,,,N/A,12/1/2022,N/A (checked against interactive),,No,No,California,6/7/2022,Representative,33,"12,096",44%,Won,N/A,N/A,N/A,N/A,N/A,N/A,N/A,N/A,N/A,N/A,N/A,N/A,
Ernest H. Richter,Male,Unknown,,,N/A,5/25/2022,N/A (they are N/A),,No,No,California,6/7/2022,Representative,33,"4,878",18%,Lost,N/A,N/A,N/A,N/A,N/A,N/A,N/A,N/A,N/A,N/A,N/A,N/A,
Clifton Rio Torrado VonBuck,Male,Unknown,,,N/A,5/25/2022,N/A (they are N/A),,No,No,California,6/7/2022,Representative,34,"9,150",100%,Lost,N/A,N/A,N/A,N/A,N/A,N/A,N/A,N/A,N/A,N/A,N/A,N/A,
Rafael Carcamo,Male,Latino (Nicaraguan),,,N/A,5/25/2022,N/A (they are N/A),,No,No,California,6/7/2022,Representative,35,"7,619",27%,Lost,N/A,N/A,N/A,N/A,N/A,N/A,N/A,N/A,N/A,N/A,N/A,N/A,
Mike Cargile,Male,White,,,Yes,12/1/2022,N/A (checked against interactive),"Calls system fraudulent, participated in lawsuit that said election fraud happened in 2020",No,No,California,6/7/2022,Representative,35,"17,431",61%,Won,N/A,N/A,N/A,N/A,N/A,N/A,N/A,N/A,N/A,N/A,N/A,N/A,
Bob Erbst,Male,White,,,N/A,5/25/2022,N/A (they are N/A),,No,No,California,6/7/2022,Representative,35,"3,480",12%,Lost,N/A,N/A,N/A,N/A,N/A,N/A,N/A,N/A,N/A,N/A,N/A,N/A,
Joe E. Collins III,Male,Black,,,Yes,12/1/2022,N/A (checked against interactive),Challenged own election loss in 2020,No,No,California,6/7/2022,Representative,36,"24,553",47%,Won,N/A,N/A,N/A,N/A,N/A,N/A,N/A,N/A,N/A,N/A,N/A,N/A,
Derrick R. Gates,Male,White,,,?,3/2/2023,Nathaniel,"""Q: Was the 2020 election rigged. A: I think you would have to be blind to think that no cheating took place.""",No,No,California,6/7/2022,Representative,36,"10,263",20%,Lost,N/A,N/A,N/A,N/A,N/A,N/A,N/A,N/A,N/A,N/A,N/A,N/A,
Ariana Hakami,Female,Middle Eastern (Afghani),,,N/A,5/25/2022,N/A (they are N/A),,No,No,California,6/7/2022,Representative,36,"9,760",19%,Lost,N/A,N/A,N/A,N/A,N/A,N/A,N/A,N/A,N/A,N/A,N/A,N/A,
Claire Ragge,Female,White,,,N/A,5/25/2022,N/A (they are N/A),,No,No,California,6/7/2022,Representative,36,"7,351",14%,Lost,N/A,N/A,N/A,N/A,N/A,N/A,N/A,N/A,N/A,N/A,N/A,N/A,
Chris Champion,Male,Unknown,,,N/A,5/25/2022,N/A (they are N/A),,No,No,California,6/7/2022,Representative,37,"5,469",61%,Lost,N/A,N/A,N/A,N/A,N/A,N/A,N/A,N/A,N/A,N/A,N/A,N/A,
"Baltazar ""Bong"" Fedalizo",Male,Native American,Asian (Filipino),,N/A,5/25/2022,N/A (they are N/A),,No,No,California,6/7/2022,Representative,37,"3,520",39%,Lost,N/A,N/A,N/A,N/A,N/A,N/A,N/A,N/A,N/A,N/A,N/A,N/A,
Eric J. Ching,Male,Asian,,,Yes,12/1/2022,N/A (checked against interactive),"""And as for whether Biden was the true winner of the 2020 election, Sánchez said yes and Ching said no.""",No,No,California,6/7/2022,Representative,38,"30,436",74%,Won,N/A,N/A,N/A,N/A,N/A,N/A,N/A,N/A,N/A,N/A,N/A,N/A,
John Sarega,Male,White,,,Declined to answer,3/8/2023,Kaleigh,"Did not respond to OC Register interview question about key issues, including 2020 election",No,No,California,6/7/2022,Representative,38,"10,768",26%,Lost,N/A,N/A,N/A,N/A,N/A,N/A,N/A,N/A,N/A,N/A,N/A,N/A,
John Lordsal Minnella,Male,Latino (Mexican),,,N/A,5/25/2022,N/A (they are N/A),,No,No,California,6/7/2022,Representative,39,"3,662",11%,Lost,N/A,N/A,N/A,N/A,N/A,N/A,N/A,N/A,N/A,N/A,N/A,N/A,
Tony Moreno,Male,White,,,N/A,5/25/2022,Maya,"Has concerns about election integrity. ""Election fraud must be cleaned up. Dominion voting machines should be banned and Soros funded organizations audited and tracked for fraudulent activities.""",No,No,California,6/7/2022,Representative,39,"5,527",17%,Lost,N/A,N/A,N/A,N/A,N/A,N/A,N/A,N/A,N/A,N/A,N/A,N/A,
Art Peterson,Male,White,,,N/A,5/25/2022,N/A (they are N/A),,No,No,California,6/7/2022,Representative,39,"5,081",15%,Lost,N/A,N/A,N/A,N/A,N/A,N/A,N/A,N/A,N/A,N/A,N/A,N/A,
Aja Smith,Female,Black,,,Yes,12/1/2022,N/A (checked against interactive),Joined in lawsuit to overturn 2020 election,No,No,California,6/7/2022,Representative,39,"9,751",30%,Won,N/A,N/A,N/A,N/A,N/A,N/A,N/A,N/A,N/A,N/A,N/A,N/A,
Bill Spinney,Male,White,,,?,3/2/2023,Nathaniel,Wants to address concerns over 2020 election,No,No,California,6/7/2022,Representative,39,"7,421",22%,Lost,N/A,N/A,N/A,N/A,N/A,N/A,N/A,N/A,N/A,N/A,N/A,N/A,
Emmanuel L. Suarez,Male,White,,,N/A,5/25/2022,N/A (they are N/A),,No,No,California,6/7/2022,Representative,39,"1,600",5%,Lost,N/A,N/A,N/A,N/A,N/A,N/A,N/A,N/A,N/A,N/A,N/A,N/A,
Young Kim,Female,Asian (Korean),,,No,12/1/2022,N/A (checked against interactive),Opposed efforts to overturn electoral college vote,Yes,No,California,6/7/2022,Representative,40,"63,346",59%,Won,N/A,N/A,N/A,N/A,N/A,N/A,N/A,N/A,N/A,Yes,Yes,Yes,
Greg Raths,Male,White,,,Yes,3/8/2023,Kaleigh,Joined in lawsuit to overturn 2020 election,No,Yes,California,6/7/2022,Representative,40,"42,404",39%,Lost,N/A,N/A,N/A,N/A,N/A,N/A,N/A,N/A,N/A,No,No,N/A,
Nick Taurus,Male,White,,,Yes,5/25/2022,Maya,"""Taurus has repeatedly praised and supported the Jan. 6 attack on the U.S. Capitol by supporters of former President Donald Trump.""; ""The theft of the 2020 election and the criminals who have been installed as our “leaders” is the greatest crime in American history.
""",No,Yes,California,6/7/2022,Representative,40,"2,193",2%,Lost,N/A,N/A,N/A,N/A,N/A,N/A,N/A,N/A,N/A,No,No,N/A,
Ken Calvert,Male,White,,,Yes,12/1/2022,N/A (checked against interactive),Voted to overturn 2020 election,Yes,No,California,6/7/2022,Representative,41,"72,700",91%,Won,N/A,N/A,N/A,Yes,3/30/2022,N/A,N/A,N/A,N/A,N/A,N/A,N/A,
John Michael Lucio,Male,Latino (Mexican),,,N/A,5/25/2022,N/A (they are N/A),,No,Yes,California,6/7/2022,Representative,41,"6,880",9%,Lost,N/A,N/A,N/A,No,N/A,N/A,N/A,N/A,N/A,N/A,N/A,N/A,
John Briscoe,Male,White,,,Yes,12/1/2022,N/A (checked against interactive),"Called 2020 election stolen in Georgia, advanced voter fraud conspiracies",No,No,California,6/7/2022,Representative,42,"24,319",100%,Won,N/A,N/A,N/A,N/A,N/A,N/A,N/A,N/A,N/A,N/A,N/A,N/A,
Omar Navarro,Male,Latino (Cuban / Mexican),,,Yes,12/1/2022,N/A (checked against interactive),"""The election is not over. Just because the media says it. It does not make it true."" Also ""RT if you think election was stolen""",No,No,California,6/7/2022,Representative,43,"8,927",62%,Won,N/A,N/A,N/A,N/A,N/A,N/A,N/A,N/A,N/A,N/A,N/A,N/A,
Allison Pratt,Female,Black,,,N/A,5/25/2022,N/A (they are N/A),,No,No,California,6/7/2022,Representative,43,"5,489",38%,Lost,N/A,N/A,N/A,N/A,N/A,N/A,N/A,N/A,N/A,N/A,N/A,N/A,
Paul Jones,Male,White,,,N/A,12/1/2022,N/A (checked against interactive),,No,No,California,6/7/2022,Representative,44,"20,569",100%,Won,N/A,N/A,N/A,N/A,N/A,N/A,N/A,N/A,N/A,N/A,N/A,N/A,
Long K. Pham,Male,Asian,,,Yes,3/2/2023,Nathaniel,"""On January 6th, 2021, do NOT count electoral votes from those states with unresolved allegations of voter theft: Arizona, Georgia, Michigan, Nevada, Pennsylvania and Wisconsin.""",No,Yes,California,6/7/2022,Representative,45,"11,732",15%,Lost,N/A,N/A,N/A,N/A,N/A,N/A,N/A,N/A,N/A,No,No,N/A,
Michelle Steel,Female,Asian (Korean),,,N/A,12/1/2022,N/A (checked against interactive),"Did not vote on electoral college vote, made no other public statements",Yes,No,California,6/7/2022,Representative,45,"65,641",85%,Won,N/A,N/A,N/A,N/A,N/A,N/A,N/A,N/A,N/A,Yes,Yes,Yes,
Christopher J. Gonzales,Male,Latino,,,N/A,12/1/2022,N/A (checked against interactive),,No,No,California,6/7/2022,Representative,46,"11,823",42%,Won,N/A,N/A,N/A,N/A,N/A,N/A,N/A,N/A,N/A,N/A,N/A,N/A,
Mike Nguyen,Male,Asian (Vietnamese),,,N/A,5/25/2022,N/A (they are N/A),,No,No,California,6/7/2022,Representative,46,"9,162",33%,Lost,N/A,N/A,N/A,N/A,N/A,N/A,N/A,N/A,N/A,N/A,N/A,N/A,
Felix Rocha Jr.,Male,White,,,N/A,5/25/2022,N/A (they are N/A),,No,No,California,6/7/2022,Representative,46,"7,084",25%,Lost,N/A,N/A,N/A,N/A,N/A,N/A,N/A,N/A,N/A,N/A,N/A,N/A,
Scott Baugh,Male,White,,,Declined to answer,12/1/2022,N/A (checked against interactive),"""Webber, Burley and Baugh all declined to answer a yes/no question on whether they acknowledge Joe Biden as the winner of the 2020 election""",No,No,California,6/7/2022,Representative,47,"51,776",64%,Won,N/A,N/A,N/A,N/A,N/A,Yes,Yes,N/A,N/A,N/A,N/A,N/A,
Brian Burley,Male,White,,,Declined to answer,3/8/2023,Kaleigh,"""Webber, Burley and Baugh all declined to answer a yes/no question on whether they acknowledge Joe Biden as the winner of the 2020 election""",No,No,California,6/7/2022,Representative,47,"11,952",15%,Lost,N/A,N/A,N/A,N/A,N/A,No,No,N/A,N/A,N/A,N/A,N/A,
Amy Phan West,Female,Asian (Vietnamese),,,No?,5/25/2022,Maya,"Challenged election results in Nov. 2020, but now acknowledges Biden as the winner",No,No,California,6/7/2022,Representative,47,"13,949",17%,Lost,N/A,N/A,N/A,N/A,N/A,No,No,N/A,N/A,N/A,N/A,N/A,
Errol Webber,Male,Black,,,Declined to answer,3/2/2023,Nathaniel,"""Webber, Burley and Baugh all declined to answer a yes/no question on whether they acknowledge Joe Biden as the winner of the 2020 election""",No,No,California,6/7/2022,Representative,47,"3,342",4%,Lost,N/A,N/A,N/A,N/A,N/A,No,No,N/A,N/A,N/A,N/A,N/A,
Darrell Issa,Male,White,,,Yes,12/1/2022,N/A (checked against interactive),Voted to overturn 2020 election,Yes,No,California,6/7/2022,Representative,48,"101,280",100%,Won,N/A,N/A,N/A,Yes,6/5/2022,N/A,N/A,N/A,N/A,N/A,N/A,N/A,
Lisa A. Bartlett,Female,Asian,,,N/A,5/25/2022,N/A (they are N/A),,No,No,California,6/7/2022,Representative,49,"20,163",22%,Lost,N/A,N/A,N/A,N/A,N/A,N/A,N/A,N/A,N/A,N/A,N/A,N/A,
Brian Maryott,Male,White,,,N/A,12/1/2022,N/A (checked against interactive),,No,No,California,6/7/2022,Representative,49,"35,805",39%,Won,N/A,N/A,N/A,N/A,N/A,N/A,N/A,N/A,N/A,N/A,N/A,N/A,
Josiah O'Neil,Male,White,,,N/A,5/25/2022,N/A (they are N/A),,No,No,California,6/7/2022,Representative,49,"14,746",16%,Lost,N/A,N/A,N/A,N/A,N/A,N/A,N/A,N/A,N/A,N/A,N/A,N/A,
Christopher Rodriguez,Male,White,,,N/A,3/8/2023,Kaleigh,"""Millions of Americans believe their vote didn’t count in the 2020 election. We must make it easier to vote and harder to cheat.""",No,No,California,6/7/2022,Representative,49,"18,248",20%,Lost,N/A,N/A,N/A,N/A,N/A,N/A,N/A,N/A,N/A,N/A,N/A,N/A,
Renee Taylor,Female,White,,,N/A,5/25/2022,N/A (they are N/A),Had concerns about election integrity,No,No,California,6/7/2022,Representative,49,"2,597",3%,Lost,N/A,N/A,N/A,N/A,N/A,N/A,N/A,N/A,N/A,N/A,N/A,N/A,
David Chiddick,Male,White,,,Yes,5/25/2022,Maya,Attended Capitol rally on Jan. 6,No,No,California,6/7/2022,Representative,50,"9,333",15%,Lost,N/A,N/A,N/A,N/A,N/A,N/A,N/A,N/A,N/A,N/A,N/A,N/A,
Corey Gustafson,Male,White,,,N/A,12/1/2022,N/A (checked against interactive),,No,No,California,6/7/2022,Representative,50,"51,312",85%,Won,N/A,N/A,N/A,N/A,N/A,N/A,N/A,N/A,N/A,N/A,N/A,N/A,
Stan Caplan,Male,White,,,N/A,12/1/2022,N/A (checked against interactive),,No,No,California,6/7/2022,Representative,51,"56,183",100%,Won,N/A,N/A,N/A,N/A,N/A,N/A,N/A,N/A,N/A,N/A,N/A,N/A,
Tyler Geffeney,Male,White,,,N/A,12/1/2022,N/A (checked against interactive),"Has concerns about election integrity, supports restrictions",No,No,California,6/7/2022,Representative,52,"29,348",100%,Won,N/A,N/A,N/A,N/A,N/A,N/A,N/A,N/A,N/A,N/A,N/A,N/A,
Ronald A. Anderson,Male,White,,,N/A,5/25/2022,N/A (they are N/A),,No,No,California,6/7/2022,Governor,N/A,"53,554",2%,Lost,N/A,N/A,N/A,N/A,N/A,N/A,N/A,N/A,N/A,N/A,N/A,N/A,
Shawn Collins,Male,Black,,,N/A,5/25/2022,N/A (they are N/A),,No,No,California,6/7/2022,Governor,N/A,"173,083",7%,Lost,N/A,N/A,N/A,N/A,N/A,N/A,N/A,N/A,N/A,N/A,N/A,N/A,
Brian Dahle,Male,White,,,No,12/1/2022,N/A (checked against interactive),Biden is “our president.”,No,No,California,6/7/2022,Governor,N/A,"1,252,800",52%,Won,N/A,N/A,N/A,N/A,N/A,N/A,N/A,N/A,N/A,N/A,N/A,N/A,
Ron Jones,Male,White,,,N/A,5/25/2022,N/A (they are N/A),,No,No,California,6/7/2022,Governor,N/A,"38,337",2%,Lost,N/A,N/A,N/A,N/A,N/A,N/A,N/A,N/A,N/A,N/A,N/A,N/A,
Jenny Rae Le Roux,Female,White,,,N/A,5/25/2022,N/A (they are N/A),,No,No,California,6/7/2022,Governor,N/A,"246,665",10%,Lost,N/A,N/A,N/A,N/A,N/A,N/A,N/A,N/A,N/A,N/A,N/A,N/A,
David Lozano,Male,White,,,N/A,5/25/2022,N/A (they are N/A),,No,No,California,6/7/2022,Governor,N/A,"66,542",3%,Lost,N/A,N/A,N/A,N/A,N/A,N/A,N/A,N/A,N/A,N/A,N/A,N/A,
Daniel R. Mercuri,Male,White,,,?,3/2/2023,Nathaniel,shared some big lie conspiracies on campaign site,No,No,California,6/7/2022,Governor,N/A,"36,396",1%,Lost,N/A,N/A,N/A,N/A,N/A,N/A,N/A,N/A,N/A,N/A,N/A,N/A,
Cristian Raul Morales,Male,Latino (Guatemalan),,,?,3/8/2023,Kaleigh,"""obviously irregularities in the voter logs"" ",No,No,California,6/7/2022,Governor,N/A,"22,304",1%,Lost,N/A,N/A,N/A,N/A,N/A,N/A,N/A,N/A,N/A,N/A,N/A,N/A,
Robert C. Newman II,Male,White,,,Yes,5/25/2022,Maya,said he does not believe Biden was lawfully elected,No,No,California,6/7/2022,Governor,N/A,"82,849",3%,Lost,N/A,N/A,N/A,N/A,N/A,N/A,N/A,N/A,N/A,N/A,N/A,N/A,
Lonnie Sortor,Male,White,,,N/A,5/25/2022,N/A (they are N/A),,No,No,California,6/7/2022,Governor,N/A,"21,044",1%,Lost,N/A,N/A,N/A,N/A,N/A,N/A,N/A,N/A,N/A,N/A,N/A,N/A,
Anthony Trimino,Male,Latino (Cuban),,,N/A,5/25/2022,N/A (they are N/A),,No,No,California,6/7/2022,Governor,N/A,"246,322",10%,Lost,N/A,N/A,N/A,N/A,N/A,N/A,N/A,N/A,N/A,N/A,N/A,N/A,
Major Williams,Male,Black,,,N/A,5/25/2022,N/A (they are N/A),,No,No,California,6/7/2022,Governor,N/A,"92,580",4%,Lost,N/A,N/A,N/A,N/A,N/A,N/A,N/A,N/A,N/A,N/A,N/A,N/A,
Leo S. Zacky,Male,White,,,Yes,3/2/2023,Nathaniel,Told LA Times he does not think Biden was lawfully elected,No,No,California,6/7/2022,Governor,N/A,"94,521",4%,Lost,N/A,N/A,N/A,N/A,N/A,N/A,N/A,N/A,N/A,N/A,N/A,N/A,
Edwin Thelander,Male,White,,,?,12/1/2022,N/A (checked against interactive),refers generally to people questioning integrity (and specifically mentions Republicans in 2020),No,No,Maine,6/14/2022,Representative,1,"22,346",82%,Won,N/A,N/A,N/A,N/A,N/A,N/A,N/A,N/A,N/A,N/A,N/A,N/A,
Elizabeth M. Caruso,Female,White,,,No?,3/8/2023,Kaleigh,"said that Biden won in a flawed electoral process, allegations of fraud need to be investigated",No,No,Maine,6/14/2022,Representative,2,"14,699",38%,Lost,N/A,N/A,N/A,N/A,N/A,N/A,No,N/A,N/A,N/A,N/A,N/A,
Bruce Poliquin,Male,White,,,Declined to answer,12/1/2022,N/A (checked against interactive),"evaded the question when asked directly but has said before that ""unfortunately, Joe Biden is now the president"". He did have concerns about rank choice voting in 2018",No,No,Maine,6/14/2022,Representative,2,"22,149",58%,Won,N/A,N/A,N/A,N/A,N/A,N/A,Yes,N/A,N/A,N/A,N/A,N/A,
Paul LePage,Male,White,,,?,12/1/2022,N/A (checked against interactive),"claimed there were fraudulent votes in Maine 2020 and earlier, has support of ""Big Lie"" purveyors but couldn't find any clear statements of support",No,No,Maine,6/14/2022,Governor,N/A,"59,713",91%,Won,N/A,N/A,N/A,N/A,N/A,N/A,N/A,N/A,N/A,N/A,N/A,N/A,
Sam Brown,Male,White,,,No?,3/2/2023,Nathaniel,"Claimed Laxalt did not do enough to support Trump in 2020 regarding election integrity. Said there were ""noncitizen votes"" Laxalt failed to challenge. However, the day before the primary, he acknowledged that Biden had won and said it was time to move on.",No,No,Nevada,6/14/2022,Senator,N/A,"78,206",34%,Lost,N/A,N/A,N/A,No,N/A,No,N/A,N/A,N/A,N/A,N/A,N/A,
"William ""Bill"" Conrad",Male,White,,,N/A,3/8/2023,Kaleigh,"in a podcast interview (40:06 in backup), he discussed ways that voting could be improved but did not suggest fraud. Did not mention fraud on his website

ABC response: ""1. Possibly, but per congress, he is not the lawful President. The President is Joe Biden. 

2. Yes, All mail-in ballots open up too many possibilities for fraud.""",No,No,Nevada,6/14/2022,Senator,N/A,"3,440",2%,Lost,N/A,N/A,N/A,No,N/A,No,N/A,N/A,N/A,N/A,N/A,N/A,
"William ""Bill"" Hockstedler",Male,White,,,No,5/31/2022,Maya,"said that Biden is duly elected president, election was not stolen",No,No,Nevada,6/14/2022,Senator,N/A,"2,836",1%,Lost,N/A,N/A,N/A,No,N/A,No,N/A,N/A,N/A,N/A,N/A,N/A,
Adam Paul Laxalt,Male,White,,,Yes,12/1/2022,N/A (checked against interactive),filed lawsuit,No,No,Nevada,6/14/2022,Senator,N/A,"127,757",56%,Won,N/A,N/A,N/A,Yes,8/20/2021,Yes,N/A,N/A,N/A,N/A,N/A,N/A,
Sharelle Mendenhall,Female,White,,,Yes,3/2/2023,Nathaniel,said 2020 election was not free and fair and that there was widespread fraud,No,No,Nevada,6/14/2022,Senator,N/A,"6,946",3%,Lost,N/A,N/A,N/A,No,N/A,No,N/A,N/A,N/A,N/A,N/A,N/A,
Tyler T. Perkins,Male,White,,,N/A,5/31/2022,N/A (they are N/A),no website or social media,No,No,Nevada,6/14/2022,Senator,N/A,850,0%,Lost,N/A,N/A,N/A,No,N/A,No,N/A,N/A,N/A,N/A,N/A,N/A,
Carlo Poliak,Male,White,,,N/A,5/31/2022,N/A (they are N/A),no website or social media,No,No,Nevada,6/14/2022,Senator,N/A,332,0%,Lost,N/A,N/A,N/A,No,N/A,No,N/A,N/A,N/A,N/A,N/A,N/A,
Paul Rodriguez,Male,Asian (Filipino),,,N/A,5/31/2022,N/A (they are N/A),no website or social media,No,No,Nevada,6/14/2022,Senator,N/A,"1,844",1%,Lost,N/A,N/A,N/A,No,N/A,No,N/A,N/A,N/A,N/A,N/A,N/A,
Jane Adams,Female,Black,White,,No?,3/8/2023,Kaleigh,"""A couple of candidates, while they all say the elections are insecure, still recognize that Biden is the president. ... Adams also acknowledged that he’s the president.""",No,No,Nevada,6/14/2022,Representative,1,"2,081",5%,Lost,N/A,N/A,N/A,N/A,N/A,N/A,N/A,N/A,No,N/A,N/A,N/A,
David Brog,Male,White,,,N/A,6/1/2022,N/A (they are N/A),Entered race in late Feb.,No,No,Nevada,6/14/2022,Representative,1,"7,226",18%,Lost,N/A,N/A,N/A,N/A,N/A,N/A,N/A,N/A,No,N/A,N/A,N/A,
Cresent Hardy,Male,White,,,No,6/10/2022,Maya,"""A couple of candidates, while they all say the elections are insecure, still recognize that Biden is the president. Hardy, for instance, acknowledged that Biden is president but doesn’t agree with his policies.""",No,No,Nevada,6/14/2022,Representative,1,"4,790",12%,Lost,N/A,N/A,N/A,N/A,N/A,N/A,N/A,N/A,No,N/A,N/A,N/A,
Mark Robertson,Male,White,,,No?,12/1/2022,N/A (checked against interactive),"said that there was likely some fraud in 2020 but did not see enough evidence to overturn, lists ""election security"" on his campaign site",No,No,Nevada,6/14/2022,Representative,1,"12,375",30%,Won,N/A,N/A,N/A,N/A,N/A,N/A,N/A,N/A,No,N/A,N/A,N/A,
Carolina Andrea Serrano,Female,Latino (Colombian),,,?,3/2/2023,Nathaniel,"campaign issue includes election integrity, tweeted about Democrats interfering in election. There's a poor quality video where she (if it's her) calls for reelecting Trump to a third term",No,No,Nevada,6/14/2022,Representative,1,"7,050",17%,Lost,N/A,N/A,N/A,N/A,N/A,N/A,N/A,N/A,Yes,N/A,N/A,N/A,
Morgun Sholty,Male,White,,,?,3/8/2023,Kaleigh,"""Sholty does not think Trump won in Nevada, but he does think some races were stolen, pointing to Stavros Anthony’s defeat by eight votes for a seat on the Clark County Commission against Ross Miller.""",No,No,Nevada,6/14/2022,Representative,1,"1,998",5%,Lost,N/A,N/A,N/A,N/A,N/A,N/A,N/A,N/A,No,N/A,N/A,N/A,
Cynthia Dianne Steel,Female,White,,,N/A,6/10/2022,Maya,"Told the LV Sun that she has “not seen anything that’s provable"" but listed ""election security"" as a top issue in this campaign",No,No,Nevada,6/14/2022,Representative,1,"4,782",12%,Lost,N/A,N/A,N/A,N/A,N/A,N/A,N/A,N/A,No,N/A,N/A,N/A,
Jessie Turner,Male,Black,,,N/A,6/1/2022,N/A (they are N/A),"wrote an ""op-ed"" about Title 42 and rigged elections generally (""Title 42 And You"") at an unknown date but does not refer to 2020",No,No,Nevada,6/14/2022,Representative,1,845,2%,Lost,N/A,N/A,N/A,N/A,N/A,N/A,N/A,N/A,No,N/A,N/A,N/A,
Mark E. Amodei,Male,White,,,No?,12/1/2022,N/A (checked against interactive),"Voted to certify 2020 but local coverage reports: """""" ""Am I confident that the election was fair? No, I’m not,” Tarkanian said. “But do we have any proof that there was massive election fraud here in Nevada, at least? I have not seen any.” Amodei agrees."""""" ",Yes,No,Nevada,6/14/2022,Representative,2,"49,779",55%,Won,N/A,N/A,N/A,N/A,N/A,N/A,N/A,N/A,N/A,N/A,N/A,N/A,
Joel Beck,Male,White,,,?,3/2/2023,Nathaniel,tweets about election fraud occurred in 2020 but before the election; also came out against opponent for not supporting Trump enough,No,Yes,Nevada,6/14/2022,Representative,2,"6,744",7%,Lost,N/A,N/A,N/A,N/A,N/A,N/A,N/A,N/A,N/A,N/A,N/A,N/A,
Brian Nadell,Male,White,,,N/A,6/1/2022,N/A (they are N/A),,No,Yes,Nevada,6/14/2022,Representative,2,"1,614",2%,Lost,N/A,N/A,N/A,N/A,N/A,N/A,N/A,N/A,N/A,N/A,N/A,N/A,
Catherine Marie Sampson,Female,White,,,?,3/8/2023,Kaleigh,"campaign page says, ""I used to believe in our Federal Elections"" and mentions paper ballots",No,Yes,Nevada,6/14/2022,Representative,2,"3,010",3%,Lost,N/A,N/A,N/A,N/A,N/A,N/A,N/A,N/A,N/A,N/A,N/A,N/A,
Danny Tarkanian,Male,White,,,No?,6/1/2022,Maya,"on video, 5:35 ""Joe Biden was the duly elected President"" (but uncertain of whether election was free and fair). 5:52 redo of same answer with his desired phrasing; tweeted about election fraud in 2020 back in Nov. 2020",No,Yes,Nevada,6/14/2022,Representative,2,"29,563",33%,Lost,N/A,N/A,N/A,N/A,N/A,N/A,N/A,N/A,N/A,N/A,N/A,N/A,
April Becker,Female,White,,,Yes,12/1/2022,N/A (checked against interactive),"filed lawsuit in 2020, mentions ""election integrity"" on campaign site",No,No,Nevada,6/14/2022,Representative,3,"28,260",65%,Won,N/A,N/A,N/A,N/A,N/A,N/A,Yes,N/A,Yes,Yes,Yes,Yes,
Clark Bossert,Male,White,,,?,3/2/2023,Nathaniel,campaign page goes in detail of 2020 election fraud,No,No,Nevada,6/14/2022,Representative,3,"4,553",10%,Lost,N/A,N/A,N/A,N/A,N/A,N/A,No,N/A,No,No,No,No,
Albert M. Goldberg,Male,White,,,N/A,6/1/2022,N/A (they are N/A),no website or social media,No,No,Nevada,6/14/2022,Representative,3,"1,920",4%,Lost,N/A,N/A,N/A,N/A,N/A,N/A,No,N/A,No,No,No,No,
John Kovacs,Male,White,,,No,3/8/2023,Kaleigh,"acknowledged Biden won, lists ""election integrity"" on campaign site",No,No,Nevada,6/14/2022,Representative,3,"4,857",11%,Lost,N/A,N/A,N/A,N/A,N/A,N/A,No,N/A,No,No,No,No,
Noah V. Malgeri,Male,White,,,Yes,6/1/2022,Maya,"""massive election steal of 2020""",No,No,Nevada,6/14/2022,Representative,3,"3,981",9%,Lost,N/A,N/A,N/A,N/A,N/A,N/A,No,N/A,No,No,No,No,
"Ann ""Annie"" Black",Female,White,,,Yes,3/2/2023,Nathaniel,"attended Jan. 6 rally, says she did not enter the Capitol, called for audit in Clark County",No,No,Nevada,6/14/2022,Representative,4,"18,249",42%,Lost,N/A,N/A,N/A,N/A,N/A,N/A,N/A,N/A,Yes,N/A,N/A,N/A,
Chance Bonaventura,Male,White,,,?,3/8/2023,Kaleigh,"""Thank you for reaching out and inquiring about the 2020 election. In reference to your request, I can only discuss the 2020 elections here in the State of Nevada, as I do not have enough information or data to accurately determine the extensiveness of fraud or anomalies in other states. What I can speak to is first-hand knowledge of voter fraud in the State of Nevada

After the 2020 elections, I personally gathered a walk team (including myself) to investigate voter fraud and anomalies here in Clark County. We door knocked for about a week, under the philosophy of proving that there was no voter fraud; however, instead, we ended up with over 60 affidavits and 30 recordings of individual cases of voter anomalies and fraud across Clark County (zip codes: 89149, 89129, 89166, 89107, 89108,89143, 89115, 89131, 89130, 89081, 89084, 89132, 89031, 89138, 89145, 89161, 89144, 89030, 89106, 89107, 89101, 89110, 89108, 89148, 89103, 89178, 89183) .

Data was gathered from the following universe: all voters who received a ballot in the primary, which were returned as (return to sender, not at this address, etc.); but who voted in the general election from that address. It was roughly a universe of around 2,800 individuals across Clark County. We managed to knock on roughly 800 doors over the course of a week with an answer rate of a little over 13 percent.

What we did find was that well over 70 percent of these addresses had individuals who stated that the individual who voted did not live at the address; in most cases, it was well over 2,3,4,5,6 years since that individual had lived at that address. Many instances did not appear to be willfully malicious and included examples such as this: i.e. making contact with a voter at the door and asking for “Jane Doe”, the resident then stating that, “this individual is their sister, but they haven’t lived at the current address for over 2 years, instead, they live in Henderson”.

We did not have the resources to pursue whether such individuals moved out of state or still retained residency within Nevada; therefore, with our limited sample, cannot assume that there was enough voter fraud to alter the statewide or national races. However, this fraud (covered under NRS 293), malicious or not, definitely played a substantial role in altering local races. This includes City, County, State Assembly, and State Senate races; which routinely are decided by less than 100 votes. For example:

Stavros Anthony (Candidate for Commission District C- 2020)- 15 vote margin, with Joe Gloria (registrar of voters) stating there were 139 irreconcilable discrepancies and errors.

Under such circumstances, we can make the following determination.  A voter can remain registered within the State of Nevada; yet, if they move to another City Council Ward, State assembly District, Senate District, County Commission District, etc.; a tiny margin of error or fraud would alter fair election results. For example, in Stavros Anthony’s race, a .000097 margin of error would have changed the results of the election. 

As such, an unsolicited mailing to all registered voters unacceptably raises the margin of error, fraud, and anomalies enough to inevitably raise concerns and questions on all races whose outcomes are vulnerable to be changed by such low margins of error.

Unsolicited mail-in ballots should be removed and solicited (absentee ballot) requests should be reinstituted.
Voter I.D. should be implemented (proof of residency)- with the option of issuing free id cards for those who do not have such forms of identification.
Voting machines should go through a certification process similar to airline safety regulations FCC (redundancy for “SEE” Single Electronic Events, appropriate defense against cyber-attacks and hacking, ledger/chain of custody of vote from issuance to statement of vote, barring of sending election data overseas until certified, etc.)
Regardless of whether there was enough fraud to alter the 2020 national elections and statewide races, bipartisan support should be pursued constantly to improve voter security, reduce error, and retain the public trust in our elections. If we cannot ensure trust in our chosen representatives, the stability of our republic wanes, and the entropy of nature prevails.

If you have any further questions or concerns, please do not hesitate to contact me on my cell: 702-465-0942""",No,No,Nevada,6/14/2022,Representative,4,"4,748",11%,Lost,N/A,N/A,N/A,N/A,N/A,N/A,N/A,N/A,No,N/A,N/A,N/A,
Sam Peters,Male,White,,,Yes,12/1/2022,N/A (checked against interactive),"said “I would not have voted to certify Jan. 6, not without more questions,” He said he was not sure that Mr. Biden had legitimately won Nevada, even though the president did so by more than 33,000 votes.",No,No,Nevada,6/14/2022,Representative,4,"20,956",48%,Won,N/A,N/A,N/A,N/A,N/A,N/A,N/A,N/A,No,N/A,N/A,N/A,
Seven Achilles Evans,Male,Unknown,,,N/A,6/2/2022,N/A (they are N/A),,No,No,Nevada,6/14/2022,Governor,N/A,475,0%,Lost,N/A,N/A,N/A,No,N/A,N/A,N/A,N/A,N/A,N/A,N/A,N/A,
"Gary ""Radar"" Evertsen",Male,White,,,N/A,6/2/2022,N/A (they are N/A),,No,No,Nevada,6/14/2022,Governor,N/A,558,0%,Lost,N/A,N/A,N/A,No,N/A,N/A,N/A,N/A,N/A,N/A,N/A,N/A,
Joey Gilbert,Male,White,,,Yes,6/2/2022,Maya,“I share Seth's conviction that the 2020 election was corrupted and that Trump was the rightful winner.”,No,No,Nevada,6/14/2022,Governor,N/A,"61,738",27%,Lost,N/A,N/A,N/A,No,N/A,N/A,N/A,N/A,N/A,N/A,N/A,N/A,
"Eddie ""Mr. Fix It Now"" Hamilton",Male,Unknown,,,?,3/2/2023,Nathaniel,"""If elected, Hamilton said he will become a “militia governor” and described a martial law-like proposal where he would set up a grand jury to investigate debunked claims of voter fraud in the 2020 election.""",No,No,Nevada,6/14/2022,Governor,N/A,"1,293",1%,Lost,N/A,N/A,N/A,No,N/A,N/A,N/A,N/A,N/A,N/A,N/A,N/A,
Tom Heck,Male,White,,,Yes,3/8/2023,Kaleigh,"Campaign ad says ""Trump won. Biden lost. Democrats and RINOs stole the 2020 election""",No,No,Nevada,6/14/2022,Governor,N/A,"4,315",2%,Lost,N/A,N/A,N/A,No,N/A,N/A,N/A,N/A,N/A,N/A,N/A,N/A,
Dean Heller,Male,White,,,Yes,3/2/2023,Nathaniel,"Said Biden is an ""illegitimate"" president; statement from his campaign here",No,No,Nevada,6/14/2022,Governor,N/A,"32,087",14%,Lost,N/A,N/A,N/A,No,N/A,N/A,N/A,N/A,N/A,N/A,N/A,N/A,
John J. Lee,Male,White,,,N/A,6/3/2022,N/A (they are N/A),,No,No,Nevada,6/14/2022,Governor,N/A,"17,846",8%,Lost,N/A,N/A,N/A,No,N/A,N/A,N/A,N/A,N/A,N/A,N/A,N/A,
Joe Lombardo,Male,White,,,?,12/1/2022,N/A (checked against interactive),"Lombardo said he didn’t know whether the 2020 presidential results were accurate. “I don’t have the information to make an informed decision,” he told the Gazette-Journal, adding that ‘I don’t know the evidence associated with the investigation. I personally believe there was probably fraud on both sides. We had an environment where it was easy to commit fraud.”",No,No,Nevada,6/14/2022,Governor,N/A,"87,761",38%,Won,N/A,N/A,N/A,Yes,4/27/2022,N/A,N/A,N/A,N/A,N/A,N/A,N/A,
Stanleigh Harold Lusak,Male,White,,,N/A,6/3/2022,N/A (they are N/A),,No,No,Nevada,6/14/2022,Governor,N/A,229,0%,Lost,N/A,N/A,N/A,No,N/A,N/A,N/A,N/A,N/A,N/A,N/A,N/A,
Guy Nohra,Male,Middle Eastern (Lebanese),,,?,3/8/2023,Kaleigh,"Guy Nohra explicitly called out election fraud — though he did not specifically reference 2020 — in his campaign’s announcement video. Nohra said it was “time to expose the election fraud we all know is there,” with the words “restore election integrity” superimposed in the background of the video.",No,No,Nevada,6/14/2022,Governor,N/A,"8,348",4%,Lost,N/A,N/A,N/A,No,N/A,N/A,N/A,N/A,N/A,N/A,N/A,N/A,
Edward E. O'Brien,Male,White,,,N/A,6/3/2022,N/A (they are N/A),,No,No,Nevada,6/14/2022,Governor,N/A,422,0%,Lost,N/A,N/A,N/A,No,N/A,N/A,N/A,N/A,N/A,N/A,N/A,N/A,
Fred Simon,Male,White,,,Yes,6/3/2022,Maya,"Tweeted a Biden meme and said ""election fraud has consequences."" said there was massive voter fraud conducted in Clark County in the November 2020 election.",No,No,Nevada,6/14/2022,Governor,N/A,"6,856",3%,Lost,N/A,N/A,N/A,No,N/A,N/A,N/A,N/A,N/A,N/A,N/A,N/A,
"William ""Dock"" Walls",Male,Black,,,N/A,6/3/2022,N/A (they are N/A),,No,No,Nevada,6/14/2022,Governor,N/A,833,0%,Lost,N/A,N/A,N/A,No,N/A,N/A,N/A,N/A,N/A,N/A,N/A,N/A,
Amber Whitley,Female,White,,,Declined to answer,3/2/2023,Nathaniel,"""Good morning Alisa, I have frequently been asked about the past election and I must say that weather one thinks or knows the election was fraud or not will not change what has happened in the past. We need to move forward and fix things that we actually can. We can not keep trying to go backwards and look at the future of our country. If you have any further questions please feel free to reach out anytime,  I am here. Thank you for taking time to look me up and see who I am. """,No,No,Nevada,6/14/2022,Governor,N/A,"1,238",1%,Lost,N/A,N/A,N/A,No,N/A,N/A,N/A,N/A,N/A,N/A,N/A,N/A,
Barak Zilberberg,Male,White,,,N/A,6/3/2022,N/A (they are N/A),,No,No,Nevada,6/14/2022,Governor,N/A,352,0%,Lost,N/A,N/A,N/A,No,N/A,N/A,N/A,N/A,N/A,N/A,N/A,N/A,
Tim Scott,Male,Black,,,No?,12/1/2022,N/A (checked against interactive),"Voted to certify but at the same time expressed concerns about fraud, establishing an ""Election Integrity Commission""",Yes,No,South Carolina,6/14/2022,Senator,N/A,1,100%,Won,N/A,N/A,N/A,Yes,3/2/2021,N/A,Yes,N/A,N/A,N/A,N/A,N/A,
Katie Arrington,Female,White,,,Yes,3/8/2023,Kaleigh,reported here; has said before that Trump won 2020,No,Yes,South Carolina,6/14/2022,Representative,1,"33,589",45%,Lost,N/A,N/A,N/A,Yes,2/9/2022,N/A,N/A,N/A,N/A,No,N/A,No,
Nancy Mace,Female,White,,,No,12/1/2022,N/A (checked against interactive),voted to certify,Yes,No,South Carolina,6/14/2022,Representative,1,"39,470",53%,Won,N/A,N/A,N/A,No,N/A,N/A,N/A,N/A,N/A,Yes,N/A,Yes,
Lynz Piper-Loomis,Female,White,,,Yes,6/4/2022,Maya,"reported here; thinks 4,100 dead people voted in SC",No,Yes,South Carolina,6/14/2022,Representative,1,"1,221",2%,Lost,N/A,N/A,N/A,No,N/A,N/A,N/A,N/A,N/A,No,N/A,No,She dropped out and endorsed Arrington at a debate
Joe Wilson,Male,White,,,Yes,12/1/2022,N/A (checked against interactive),"voted to overturn, says there was fraud",Yes,No,South Carolina,6/14/2022,Representative,2,1,100%,Won,N/A,N/A,N/A,Yes,6/12/2022,N/A,N/A,N/A,N/A,N/A,N/A,N/A,
Jeff Duncan,Male,White,,,Yes,12/1/2022,N/A (checked against interactive),supported overturning the election w/ vote & Texas brief,Yes,No,South Carolina,6/14/2022,Representative,3,1,100%,Won,N/A,N/A,N/A,Yes,6/12/2022,N/A,N/A,N/A,N/A,N/A,N/A,N/A,
George Abuzeid,Male,Asian,,,N/A,6/4/2022,N/A (they are N/A),didn't find anything ,No,Yes,South Carolina,6/14/2022,Representative,4,"3,024",6%,Lost,N/A,N/A,N/A,No,N/A,N/A,N/A,N/A,N/A,N/A,N/A,N/A,
Mark Burns,Male,Black,,,Yes,3/2/2023,Nathaniel,"Said that the only people who believe Biden actually won in 2020 ""are crack-smoking, demon-possessed leftists""",No,Yes,South Carolina,6/14/2022,Representative,4,"11,214",24%,Lost,N/A,N/A,N/A,No,N/A,N/A,N/A,N/A,N/A,N/A,N/A,N/A,
Michael Mike LaPierre,Male,White,,,?,3/10/2023,Kaleigh,"in Facebook posts says there was fraud in 2020, has election integrity as a top issue (because of 2020) on his campaign site: ",No,Yes,South Carolina,6/14/2022,Representative,4,"8,029",17%,Lost,N/A,N/A,N/A,No,N/A,N/A,N/A,N/A,N/A,N/A,N/A,N/A,
William Timmons,Male,White,,,Yes,12/1/2022,N/A (checked against interactive),didn't certify the 2020 election,Yes,No,South Carolina,6/14/2022,Representative,4,"24,800",53%,Won,N/A,N/A,N/A,Yes,4/18/2022,N/A,N/A,N/A,N/A,N/A,N/A,N/A,
Ralph Norman,Male,White,,,Yes,12/1/2022,N/A (checked against interactive),didn't certify the 2020 election,Yes,No,South Carolina,6/14/2022,Representative,5,1,100%,Won,N/A,N/A,N/A,Yes,4/18/2022,N/A,N/A,N/A,N/A,N/A,N/A,N/A,
Duke Buckner,Male,Black,,,N/A,12/1/2022,N/A (checked against interactive),can't find anything either direction,No,No,South Carolina,6/14/2022,Representative,6,"15,638",74%,Won,N/A,N/A,N/A,N/A,N/A,N/A,N/A,N/A,N/A,N/A,N/A,N/A,
A. Sonia Morris,Female,Black,,,Yes,6/4/2022,Maya,She retweeted this tweet about 2000 mules; also very into the audit in AZ (see tweet under Yes),No,No,South Carolina,6/14/2022,Representative,6,"5,374",26%,Lost,N/A,N/A,N/A,N/A,N/A,N/A,N/A,N/A,N/A,N/A,N/A,N/A,
Barbara Arthur,Female,White,,,Yes,3/2/2023,Nathaniel,"“We voted for who we wanted. I believe the election was stolen,” said Christian speaker and insurance agent Barbara Arthur.",No,Yes,South Carolina,6/14/2022,Representative,7,"10,481",12%,Lost,N/A,N/A,N/A,No,N/A,N/A,N/A,No,N/A,N/A,N/A,N/A,
Garrett Barton,Male,White,,,Yes,3/10/2023,Kaleigh,"called Biden ""illegitimate""",No,Yes,South Carolina,6/14/2022,Representative,7,"2,154",3%,Lost,N/A,N/A,N/A,No,N/A,N/A,N/A,No,N/A,N/A,N/A,N/A,
Russell Fry,Male,White,,,Yes,12/1/2022,N/A (checked against interactive),Says the election was rigged,No,Yes,South Carolina,6/14/2022,Representative,7,"43,509",51%,Won,N/A,N/A,N/A,Yes,2/1/2022,N/A,N/A,No,N/A,N/A,N/A,N/A,
Mark McBride,Male,White,,,Yes,6/4/2022,Maya,"says ""we have to get to the bottom of 2020"" on his campagn website",No,Yes,South Carolina,6/14/2022,Representative,7,"1,676",2%,Lost,N/A,N/A,N/A,No,N/A,N/A,N/A,No,N/A,N/A,N/A,N/A,
Tom Rice,Male,White,,,No?,3/2/2023,Nathaniel,"objected the 2020 election certification, but voted to impeach trump for Jan 6 insurrection, and says he regrets he voted to overturn. ",Yes,No,South Carolina,6/14/2022,Representative,7,"20,927",25%,Lost,N/A,N/A,N/A,No,N/A,N/A,N/A,Yes,N/A,N/A,N/A,N/A,
Ken Richardson,Male,White,,,Yes,3/10/2023,Kaleigh,"""I fully believe the election was stolen from Donald J. Trump""",No,Yes,South Carolina,6/14/2022,Representative,7,"6,021",7%,Lost,N/A,N/A,N/A,No,N/A,N/A,N/A,No,N/A,N/A,N/A,N/A,
Spencer A. Morris,Male,Unknown,,,N/A,9/15/2022,N/A (they are N/A),,No,Yes,South Carolina,6/14/2022,Representative,7,444,1%,Lost,N/A,N/A,N/A,No,N/A,N/A,N/A,No,N/A,N/A,N/A,N/A,
Henry McMaster,Male,White,,,?,12/1/2022,N/A (checked against interactive),"tweeted about 2020 election disaster, about signing election integrity bill",Yes,No,South Carolina,6/14/2022,Governor,N/A,"306,543",83%,Won,N/A,N/A,N/A,Yes,3/5/2021,N/A,Yes,N/A,N/A,N/A,N/A,N/A,
Harrison Musselwhite,Male,White,,,N/A,6/4/2022,N/A (they are N/A),"we should email. facebook posts from Mike Lindell, and other conspiracists, but I can't find anything expicit",No,Yes,South Carolina,6/14/2022,Governor,N/A,"61,462",17%,Lost,N/A,N/A,N/A,No,N/A,N/A,No,N/A,N/A,N/A,N/A,N/A,
John Hoeven,Male,White,,,No,12/1/2022,N/A (checked against interactive),certified the election,Yes,No,North Dakota,6/14/2022,Senator,N/A,"59,529",78%,Won,N/A,N/A,N/A,Yes,3/18/2022,N/A,Yes,N/A,N/A,N/A,N/A,N/A,
Riley Kuntz,Male,White,,,N/A,6/4/2022,N/A (they are N/A),,No,Yes,North Dakota,6/14/2022,Senator,N/A,"16,400",21%,Lost,N/A,N/A,N/A,No,N/A,N/A,No,N/A,N/A,N/A,N/A,N/A,
Kelly Armstrong,Male,White,,,No,12/1/2022,N/A (checked against interactive),Certified the election ,Yes,No,North Dakota,6/14/2022,Representative,At-Large,"70,424",99%,Won,N/A,N/A,N/A,Yes,6/12/2022,N/A,N/A,N/A,N/A,N/A,N/A,N/A,
Rob J. Wittman,Male,White,,,No?,12/1/2022,N/A (checked against interactive),"He didn't vote to certify in PA, but he tweeted on 1/6 about the peaceful transfer of power, and its importance (link to tweet in Big Lie column. ",Yes,No,Virginia,6/21/2022,Representative,1,1,100%,Won,N/A,N/A,N/A,Yes,6/20/2022,N/A,N/A,N/A,N/A,N/A,N/A,N/A,
"Andrew G. ""Andy"" Baan",Male,White,,,?,6/9/2022,Maya,"promoting a film called ""Rigged""",No,No,Virginia,6/21/2022,Representative,2,"1,237",3%,Lost,N/A,N/A,N/A,N/A,N/A,N/A,No,N/A,No,No,No,No,
Jarome Bell,Male,Black,,,Yes,3/2/2023,Nathaniel,called the 2020 election stolen on Facebook,No,No,Virginia,6/21/2022,Representative,2,"11,330",27%,Lost,N/A,N/A,N/A,N/A,N/A,N/A,No,N/A,No,No,No,No,
Jen A. Kiggans,Female,White,,,?,12/1/2022,N/A (checked against interactive),Supported a forensic audit of results in state Senate.,No,No,Virginia,6/21/2022,Representative,2,"23,300",56%,Won,N/A,N/A,N/A,N/A,N/A,N/A,Yes,N/A,Yes,Yes,Yes,Yes,
L. Tommy Altman III,Male,White,,,N/A,3/10/2023,Kaleigh,"Pretty Trumpy candidate, but I couldn't find an endorsement that he thinks 2020 was stolen; does mention election security/integrity on website",No,No,Virginia,6/21/2022,Representative,2,"5,972",14%,Lost,N/A,N/A,N/A,N/A,N/A,N/A,No,N/A,No,No,No,No,
Ted W. Engquist,Male,White,,,Yes,6/9/2022,Maya,has a tweet saying biden should be impeached bc of 2020 election fraud,No,No,Virginia,6/21/2022,Representative,3,"4,116",40%,Lost,N/A,N/A,N/A,N/A,N/A,N/A,N/A,N/A,N/A,N/A,N/A,N/A,
Terry T. Namkung,Male,Black,Asian,,N/A,12/1/2022,N/A (checked against interactive),,No,No,Virginia,6/21/2022,Representative,3,"6,293",60%,Won,N/A,N/A,N/A,N/A,N/A,N/A,N/A,N/A,N/A,N/A,N/A,N/A,
Leon Benjamin Sr.,Male,Black,,,Yes,12/1/2022,N/A (checked against interactive),has FB post about 2000 mules; photos with Michael Flynn,No,No,Virginia,6/21/2022,Representative,4,1,100%,Won,N/A,N/A,N/A,N/A,N/A,N/A,N/A,N/A,N/A,N/A,N/A,N/A,
Ben L. Cline,Male,White,,,Yes,12/1/2022,N/A (checked against interactive),didn't certify 2020 election; also supported lawsuit to overturn results,Yes,No,Virginia,6/21/2022,Representative,6,"19,620",82%,Won,N/A,N/A,N/A,Yes,5/21/2022,N/A,N/A,N/A,N/A,N/A,N/A,N/A,
Merritt D. Hale,Male,White,,,No,3/2/2023,Nathaniel,"""I’m Paige Hansen, Merritt’s campaign manager, and I would be happy to answer your questions about Merritt! To date there is no evidence successfully proving that President Trump won 2020 or that the 2020 election was illegitimate or stolen. Merritt is interested in winning in 2022 and 2024, not relitigating another candidate’s 2020 allegations without any evidence.
 
Based on my previous interactions with the Cline campaign, I’d say it’s safe to assume that the Congressman will not definitively answer your question on whether the election was stolen. Here a video of him that makes his stance clear: https://www.youtube.com/watch?v=M_7Ka7uHJQY.
 
Thank you for reaching out! We’re looking forward to seeing which primary candidates on Tuesday have cast doubt on the 2020 election results.
 """,No,Yes,Virginia,6/21/2022,Representative,6,"4,264",18%,Lost,N/A,N/A,N/A,No,N/A,N/A,N/A,N/A,N/A,N/A,N/A,N/A,
Bryce E. Reeves,Male,White,,,?,3/10/2023,Kaleigh,"Called 2020 election a ""disaster,"" voted to conduct audit. Article says ""Reeves said he did not believe voter fraud was a problem in Virginia affecting the 2020 presidenetial election but said he could not say for sure at the federal level because he did not know.""",No,No,Virginia,6/21/2022,Representative,7,"7,580",20%,Lost,N/A,N/A,N/A,N/A,N/A,N/A,N/A,N/A,N/A,No,N/A,N/A,
Crystal L. Vanuch,Female,White,,,N/A,6/8/2022,N/A (they are N/A),,No,No,Virginia,6/21/2022,Representative,7,"6,400",17%,Lost,N/A,N/A,N/A,N/A,N/A,N/A,N/A,N/A,N/A,No,N/A,N/A,
David L. Ross,Male,White,,,Yes,3/2/2023,Nathaniel,"Called a VA GOP convention ""yet another stolen election""",No,No,Virginia,6/21/2022,Representative,7,"2,284",6%,Lost,N/A,N/A,N/A,N/A,N/A,N/A,N/A,N/A,N/A,No,N/A,N/A,
Derrick M. Anderson,Male,White,,,N/A,6/8/2022,N/A (they are N/A),,No,No,Virginia,6/21/2022,Representative,7,"8,966",24%,Lost,N/A,N/A,N/A,N/A,N/A,N/A,N/A,N/A,N/A,No,N/A,N/A,
Gina R. Ciarcia,Female,White,,,N/A,3/10/2023,Kaleigh,"Promoted ""election integrity"" info sessions that seem to tie in to Big Lie ideas",No,No,Virginia,6/21/2022,Representative,7,"1,565",4%,Lost,N/A,N/A,N/A,N/A,N/A,N/A,N/A,N/A,N/A,No,N/A,N/A,
Yesli I. Vega,Female,Latino (Salvadoran),,,No?,12/1/2022,N/A (checked against interactive),"""Yesli Vega, an auxiliary deputy in the Prince William County Sheriff’s Office, said “there's evidence that continues to come out that indicates that the election of 2020 was interfered with.” Asked to give a yes or no answer on whether she believed the election was stolen, however, Vega said “no.”""
",No,No,Virginia,6/21/2022,Representative,7,"10,913",29%,Won,N/A,N/A,N/A,N/A,N/A,N/A,N/A,N/A,N/A,Yes,N/A,N/A,
H. Morgan Griffith,Male,White,,,No?,12/1/2022,N/A (checked against interactive),"Voted not to certify but says it was for arcane legal reason, now says Biden is president and it's time to move on",Yes,No,Virginia,6/21/2022,Representative,9,1,100%,Won,N/A,N/A,N/A,Yes,2/9/2022,N/A,N/A,N/A,N/A,N/A,N/A,N/A,
Ron Hanks,Male,White,,,Yes,6/20/2022,Maya,Big Lie has been central to his campaign. He went to January 6 rally,No,No,Colorado,6/28/2022,Senator,N/A,"288,477",46%,Lost,N/A,N/A,N/A,N/A,N/A,N/A,N/A,N/A,N/A,N/A,N/A,N/A,
Joe O'Dea,Male,White,,,No,12/1/2022,N/A (checked against interactive),"“I don’t believe the election was stolen,” he said ",No,No,Colorado,6/28/2022,Senator,N/A,"345,040",54%,Won,N/A,N/A,N/A,N/A,N/A,N/A,N/A,N/A,N/A,N/A,N/A,N/A,
Jennifer Qualteri,Female,Unknown,,,Yes,12/1/2022,N/A (checked against interactive),"Also has a post on her campaign website promoting ""2,000 Mules"" and other conspiracy theories",No,No,Colorado,6/28/2022,Representative,1,1,100%,Won,N/A,N/A,N/A,N/A,N/A,N/A,N/A,N/A,N/A,N/A,N/A,N/A,
Marshall Dawson,Male,Unknown,,,N/A,12/1/2022,N/A (checked against interactive),e-mailed,No,No,Colorado,6/28/2022,Representative,2,1,100%,Won,N/A,N/A,N/A,N/A,N/A,N/A,N/A,N/A,N/A,N/A,N/A,N/A,
Lauren Boebert,Female,White,,,Yes,12/1/2022,N/A (checked against interactive),"voted not to certify election, said as recently as March that she was proud of that vote. said “There is no way that anyone can call the 2020 presidential election fair."" suggests democrats will ""steal"" her primary election",Yes,No,Colorado,6/28/2022,Representative,3,"86,322",66%,Won,N/A,N/A,N/A,Yes,12/15/2021,N/A,N/A,No,N/A,N/A,N/A,N/A,
Don Coram,Male,White,,,No,3/2/2023,Nathaniel,"“There’s no evidence that has come forward that Joe Biden is not the duly elected president,” Coram said.",No,Yes,Colorado,6/28/2022,Representative,3,"44,486",34%,Lost,N/A,N/A,N/A,No,N/A,N/A,N/A,N/A,N/A,N/A,N/A,N/A,
Robert Lewis,Male,White,,,N/A,3/10/2023,Kaleigh,Mentioned election integrity on campaign website,No,Yes,Colorado,6/28/2022,Representative,4,"31,585",26%,Lost,N/A,N/A,N/A,N/A,N/A,N/A,N/A,N/A,N/A,N/A,N/A,N/A,
Ken Buck,Male,White,,,No?,12/1/2022,N/A (checked against interactive),"Signed onto Texas lawsuit, then voted to certify. Wrote in WaPo op-ed, ""I share the concerns of many voters across the country about irregularities in the presidential election"" but condemned those who voted to overturn (had been ?, for unclear reasons)",Yes,No,Colorado,6/28/2022,Representative,4,"90,070",74%,Won,N/A,N/A,N/A,N/A,N/A,N/A,N/A,N/A,N/A,N/A,N/A,N/A,
Dave Williams,Male,Latino,,,?,6/20/2022,Maya,"Said Biden is not legitimate, has softened stance since then but still questions results",No,Yes,Colorado,6/28/2022,Representative,5,"32,669",33%,Lost,N/A,N/A,N/A,N/A,N/A,N/A,N/A,N/A,N/A,N/A,N/A,N/A,
Rebecca Keltie,Female,White,,,?,3/2/2023,Nathaniel,Has shared election fraud conspiracy theories on Facebook,No,Yes,Colorado,6/28/2022,Representative,5,"12,631",13%,Lost,N/A,N/A,N/A,N/A,N/A,N/A,N/A,N/A,N/A,N/A,N/A,N/A,
Doug Lamborn,Male,White,,,Yes,12/1/2022,N/A (checked against interactive),"Voted not to certify, but hasn't said much since then",Yes,No,Colorado,6/28/2022,Representative,5,"46,178",47%,Won,N/A,N/A,N/A,N/A,N/A,N/A,N/A,N/A,N/A,N/A,N/A,N/A,
Andrew Heaton,Male,White,,,N/A,6/20/2022,N/A (they are N/A),e-mailed,No,Yes,Colorado,6/28/2022,Representative,5,"6,121",6%,Lost,N/A,N/A,N/A,N/A,N/A,N/A,N/A,N/A,N/A,N/A,N/A,N/A,
Steven Monahan,Male,White,,,N/A,12/1/2022,N/A (checked against interactive),e-mailed,No,No,Colorado,6/28/2022,Representative,6,1,100%,Won,N/A,N/A,N/A,N/A,N/A,N/A,N/A,N/A,N/A,N/A,N/A,N/A,
Erik Aadland,Male,White,,,?,12/1/2022,N/A (checked against interactive),"Said in 2021, “The 2020 election, it was rigged. Absolutely rigged.” But then in April 2022, he “has a sense” that fraud in the 2020 election influenced the outcome. “Can I say definitively? No."" (Had been ""Yes"" based just on the first link.)",No,No,Colorado,6/28/2022,Representative,7,"43,469",48%,Won,N/A,N/A,N/A,N/A,N/A,N/A,N/A,N/A,N/A,N/A,N/A,N/A,
Laurel Imer,Female,White,,,Yes,3/10/2023,Kaleigh,"Was one of Trump's ""alternate electors"" for Colorado. said she believes election stolen",No,No,Colorado,6/28/2022,Representative,7,"14,665",16%,Lost,N/A,N/A,N/A,N/A,N/A,N/A,N/A,N/A,N/A,N/A,N/A,N/A,
Tim Reichert,Male,White,,,N/A,6/20/2022,N/A (they are N/A),e-mailed,No,No,Colorado,6/28/2022,Representative,7,"32,583",36%,Lost,N/A,N/A,N/A,N/A,N/A,N/A,N/A,N/A,N/A,N/A,N/A,N/A,
Lori A. Saine,Female,White,,,?,6/20/2022,Maya,held a hearing to investigate fraud despite no evidence and has repeated election conspiracy theories in public (dead people voting),No,No,Colorado,6/28/2022,Representative,8,"12,357",21%,Lost,N/A,N/A,N/A,N/A,N/A,N/A,N/A,N/A,N/A,No,N/A,N/A,
Jan Kulmann,Female,White,,,No?,3/2/2023,Nathaniel,Has said Biden is the president but didn't say if election was legitimate,No,No,Colorado,6/28/2022,Representative,8,"13,398",23%,Lost,N/A,N/A,N/A,N/A,N/A,N/A,N/A,N/A,N/A,Yes,N/A,N/A,
Barbara Kirkmeyer,Female,White,,,No,12/1/2022,N/A (checked against interactive),"""Joe Biden won the election""",No,No,Colorado,6/28/2022,Representative,8,"22,724",39%,Won,N/A,N/A,N/A,N/A,N/A,N/A,N/A,N/A,N/A,No,N/A,N/A,
Tyler Allcorn,Male,White,,,No,3/10/2023,Kaleigh,"""but the election in 2020 wasn’t stolen and unfortunately Joe Biden is the President of the United States,""",No,No,Colorado,6/28/2022,Representative,8,"9,743",17%,Lost,N/A,N/A,N/A,N/A,N/A,N/A,N/A,N/A,N/A,No,N/A,N/A,
Greg Lopez,Male,Latino,,,Yes,6/20/2022,Maya,said he would pardon Tina Peters; that the 2020 election was stolen; and that Dominion machines undercut the legitimacy of elections,No,No,Colorado,6/28/2022,Governor,N/A,"292,171",46%,Lost,N/A,N/A,N/A,N/A,N/A,N/A,N/A,N/A,N/A,N/A,N/A,N/A,
Heidi Ganahl,Female,White,,,No,12/1/2022,N/A (checked against interactive),"Dodged question for a long time, then finally acknowledged Biden's legitimacy. However, also said US Election Integrity Plan was ""doing great things.""",No,No,Colorado,6/28/2022,Governor,N/A,"341,145",54%,Won,N/A,N/A,N/A,N/A,N/A,N/A,N/A,N/A,N/A,N/A,N/A,N/A,
Peggy Hubbard,Female,Black,,,Yes,3/2/2023,Nathaniel,Attended Jan. 6,No,No,Illinois,6/28/2022,Senator,N/A,"177,180",25%,Lost,N/A,N/A,N/A,N/A,N/A,N/A,N/A,N/A,N/A,N/A,N/A,N/A,
Casey Chlebek,Male,White,,,Declined to answer,3/10/2023,Kaleigh,"Daily Herald: ""Chlebek said the focus shouldn't be on what happened in 2020, but on the integrity of future elections to 'concentrate on improving the election process so it never happens.'""",No,No,Illinois,6/28/2022,Senator,N/A,"76,213",11%,Lost,N/A,N/A,N/A,N/A,N/A,N/A,N/A,N/A,N/A,N/A,N/A,N/A,
"Robert ""Bobby"" Piton",Male,White,,,Yes,8/23/2022,Maya,aided Trump legal team pushing baseless claims in Arizona ,No,No,Illinois,6/28/2022,Senator,N/A,"65,461",9%,Lost,N/A,N/A,N/A,N/A,N/A,N/A,N/A,N/A,N/A,N/A,N/A,N/A,
Jimmy Lee Tillman II,Male,Black,,,Yes,3/2/2023,Nathaniel,"says the election was stolen in Daily Herald forum, also said ""Nope"" when asked if Biden won the 2020 election",No,No,Illinois,6/28/2022,Senator,N/A,"36,342",5%,Lost,N/A,N/A,N/A,N/A,N/A,N/A,N/A,N/A,N/A,N/A,N/A,N/A,
Anthony W. Williams,Male,Black,,,No,3/10/2023,Kaleigh,"Chicago Tribune: ""only candidate at the Daily Herald forum who explicitly said Biden was legitimately elected""",No,No,Illinois,6/28/2022,Senator,N/A,"52,890",7%,Lost,N/A,N/A,N/A,N/A,N/A,N/A,N/A,N/A,N/A,N/A,N/A,N/A,
Kathy Salvi,Female,White,,,No?,12/1/2022,N/A (checked against interactive),"says Biden is president but made a lot of noise about preventing fraud; belongs to something called ""Voter Integrity Project""",No,No,Illinois,6/28/2022,Senator,N/A,"216,007",30%,Won,N/A,N/A,N/A,N/A,N/A,N/A,N/A,N/A,N/A,N/A,N/A,N/A,
"Matthew ""Matt"" Dubiel",Male,White,,,N/A,8/23/2022,Maya,"made general comments about supporting more ID verification protocol (had been ""?""; I watched the full video and he also says stuff about the importance of poll watching and opposing early voting, but nothing that rose to ""?"" IMO)",No,No,Illinois,6/28/2022,Senator,N/A,"90,538",13%,Lost,N/A,N/A,N/A,N/A,N/A,N/A,N/A,N/A,N/A,N/A,N/A,N/A,
Eric Carlson,Male,White,,,?,12/1/2022,N/A (checked against interactive),"There were serious questions and concerns regarding the 2020 election that have not been addressed, and despite media claims of these being “debunked”, there has been no actual true investigations. We know that due to covid, several states illegally changed their election laws such as in Pennsylvania. Until these issues are addressed and election reforms are made to give the American people confidence in the system we will continue to be divided on this issue.
 
I have several videos about this issue on my YouTube channel – Eric Carlson for Congress -  which will give you more information.
 
Thanks for reaching out!
 
Eric Carlson",No,No,Illinois,6/28/2022,Representative,1,"10,755",40%,Won,N/A,N/A,N/A,N/A,N/A,N/A,N/A,N/A,N/A,N/A,N/A,N/A,
Philanise White,Female,Black,,,Declined to answer,3/2/2023,Nathaniel,"Kaleigh, thank you for reaching out to Philanise for Congress.  The candidate is currently working with another candidate calling for a Federal investigate into nursing home and guardianship abuse. If you are interested in covering that topic, we can have her available to speak with you; otherwise, we must decline.
",No,No,Illinois,6/28/2022,Representative,1,"1,598",6%,Lost,N/A,N/A,N/A,N/A,N/A,N/A,N/A,N/A,N/A,N/A,N/A,N/A,
Jeffery T. Regnier,Male,White,,,N/A,6/16/2022,N/A (they are N/A),815-230-1874,No,No,Illinois,6/28/2022,Representative,1,"10,375",39%,Lost,N/A,N/A,N/A,N/A,N/A,N/A,N/A,N/A,N/A,N/A,N/A,N/A,
Geno Young,Male,Black,,,?,3/10/2023,Kaleigh,"website says ""What happened to our 2020 election was a travesty. We all saw it. If we don’t have secure elections, we have no republic.""",No,No,Illinois,6/28/2022,Representative,1,"3,853",14%,Lost,N/A,N/A,N/A,N/A,N/A,N/A,N/A,N/A,N/A,N/A,N/A,N/A,
Ashley Ramos,Female,Latino,,,Yes,3/2/2023,Nathaniel,"on facebook, shared a video of Tucker Carlson saying the election was stolen. She's also on GTTR, although I wasn't able to search (will link to image of facebook post)",No,No,Illinois,6/28/2022,Representative,2,"7,524",27%,Lost,N/A,N/A,N/A,N/A,N/A,N/A,N/A,N/A,N/A,N/A,N/A,N/A,
Shane Cultra,Male,White,,,N/A,6/16/2022,N/A (they are N/A),shanecultra@cultraforcongress.com,No,No,Illinois,6/28/2022,Representative,2,"9,869",36%,Lost,N/A,N/A,N/A,N/A,N/A,N/A,N/A,N/A,N/A,N/A,N/A,N/A,
Thomas Lynch,Male,White,,,N/A,12/1/2022,N/A (checked against interactive),thomaslynch4congress@gmail.com,No,No,Illinois,6/28/2022,Representative,2,"10,289",37%,Won,N/A,N/A,N/A,N/A,N/A,N/A,N/A,N/A,N/A,N/A,N/A,N/A,
Justin Burau,Male,White,,,No?,12/1/2022,N/A (checked against interactive),Tweet in 2021 said Biden won,No,No,Illinois,6/28/2022,Representative,3,1,100%,Won,N/A,N/A,N/A,N/A,N/A,N/A,N/A,N/A,N/A,N/A,N/A,N/A,
James Falakos,Male,White,,,N/A,12/1/2022,N/A (checked against interactive),No campaign presence online,No,No,Illinois,6/28/2022,Representative,4,1,100%,Won,N/A,N/A,N/A,N/A,N/A,N/A,N/A,N/A,N/A,N/A,N/A,N/A,
Tommy Hanson,Male,White,,,No?,12/1/2022,N/A (checked against interactive),"Hanson said the question alone indicates Biden's win ""was not fair and just."" ... Still, Hanson acknowledged Biden is the president, ""regardless of whether it was fair or not.""",No,No,Illinois,6/28/2022,Representative,5,"14,806",55%,Won,N/A,N/A,N/A,N/A,N/A,N/A,N/A,N/A,N/A,N/A,N/A,N/A,
Malgorzata McGonigal,Female,White,,,N/A,6/16/2022,N/A (they are N/A),info@mcgonigalforcongress.com,No,No,Illinois,6/28/2022,Representative,5,"11,916",45%,Lost,N/A,N/A,N/A,N/A,N/A,N/A,N/A,N/A,N/A,N/A,N/A,N/A,
Keith Pekau,Male,White,,,No,12/1/2022,N/A (checked against interactive),Pekau recognized Biden as president and expressed no doubts about the results.,No,No,Illinois,6/28/2022,Representative,6,"20,178",39%,Won,N/A,N/A,N/A,N/A,N/A,N/A,N/A,N/A,N/A,N/A,N/A,N/A,
Niki Conforti,Female,White,,,?,3/10/2023,Kaleigh,When asked by Daily Herald she said she didn't know if Biden won. ,No,No,Illinois,6/28/2022,Representative,6,"5,947",11%,Lost,N/A,N/A,N/A,N/A,N/A,N/A,N/A,N/A,N/A,N/A,N/A,N/A,
Scott R. Kaspar,Male,White,,,?,6/16/2022,Maya,"""wouldn't say the election was legitimate.""",No,No,Illinois,6/28/2022,Representative,6,"3,573",7%,Lost,N/A,N/A,N/A,N/A,N/A,N/A,N/A,N/A,N/A,N/A,N/A,N/A,
Gary Grasso,Male,White,,,No,3/2/2023,Nathaniel,Grasso said he believes Biden legitimately won.,No,No,Illinois,6/28/2022,Representative,6,"14,150",27%,Lost,N/A,N/A,N/A,N/A,N/A,N/A,N/A,N/A,N/A,N/A,N/A,N/A,
Catherine A. O'Shea,Female,White,,,No,3/10/2023,Kaleigh,"""He is the legitimate president,""",No,No,Illinois,6/28/2022,Representative,6,"5,243",10%,Lost,N/A,N/A,N/A,N/A,N/A,N/A,N/A,N/A,N/A,N/A,N/A,N/A,
"Robert ""Rob"" Cruz",Male,White,,,?,6/16/2022,Maya,"""declined to say if he thought Biden had been legitimately elected. In a follow-up interview, he said he didn't know -- but he acknowledged Biden is president.""",No,No,Illinois,6/28/2022,Representative,6,"3,003",6%,Lost,N/A,N/A,N/A,N/A,N/A,N/A,N/A,N/A,N/A,N/A,N/A,N/A,
Peter Kopsaftis,Male,White,,,N/A,6/17/2022,N/A (they are N/A),Peter@PeterKforCongress.com,No,No,Illinois,6/28/2022,Representative,8,"6,101",18%,Lost,N/A,N/A,N/A,N/A,N/A,N/A,N/A,N/A,N/A,N/A,N/A,N/A,
Chad Koppie,Male,White,,,Yes,3/2/2023,Nathaniel,"I asked those questions to Chad.  Here are his answers:  ""Yes, Trump won the election.  No, the election results weren't legitimate.""",No,No,Illinois,6/28/2022,Representative,8,"4,886",14%,Lost,N/A,N/A,N/A,N/A,N/A,N/A,N/A,N/A,N/A,N/A,N/A,N/A,
Phillip Owen Wood,Male,White,,,N/A,6/17/2022,N/A (they are N/A),office@philwoodforcongress.com,No,No,Illinois,6/28/2022,Representative,8,"6,529",19%,Lost,N/A,N/A,N/A,N/A,N/A,N/A,N/A,N/A,N/A,N/A,N/A,N/A,
Karen Kolodziej,Female,White,,,N/A,6/17/2022,N/A (they are N/A),No campaign presence online,No,No,Illinois,6/28/2022,Representative,8,"6,017",17%,Lost,N/A,N/A,N/A,N/A,N/A,N/A,N/A,N/A,N/A,N/A,N/A,N/A,
Chris Dargis,Male,White,,,No,12/1/2022,N/A (checked against interactive),"""Did Joe Biden win the 2020 election? Yes. Would you have voted to ratify his presidency? Yes.""",No,No,Illinois,6/28/2022,Representative,8,"11,055",32%,Won,N/A,N/A,N/A,N/A,N/A,N/A,N/A,N/A,N/A,N/A,N/A,N/A,
"Maxwell ""Max"" Rice",Male,White,,,N/A,12/1/2022,N/A (checked against interactive),can't find contact info,No,No,Illinois,6/28/2022,Representative,9,1,100%,Won,N/A,N/A,N/A,N/A,N/A,N/A,N/A,N/A,N/A,N/A,N/A,N/A,
Joseph Severino,Male,White,,,N/A,12/1/2022,N/A (checked against interactive),info@severinoforcongress.com,No,No,Illinois,6/28/2022,Representative,10,1,100%,Won,N/A,N/A,N/A,N/A,N/A,N/A,N/A,N/A,N/A,N/A,N/A,N/A,
Jerry Evans,Male,White,,,No?,3/10/2023,Kaleigh,"""Joe Biden has been sworn in as the winner of the 2020 Presidential Election. """,No,No,Illinois,6/28/2022,Representative,11,"11,158",23%,Lost,N/A,N/A,N/A,N/A,N/A,No,N/A,N/A,No,N/A,N/A,N/A,
Andrea Heeg,Female,White,,,N/A,6/17/2022,N/A (they are N/A),andreaheeg@andreaheeg4congress.com,No,No,Illinois,6/28/2022,Representative,11,"3,334",7%,Lost,N/A,N/A,N/A,N/A,N/A,No,N/A,N/A,No,N/A,N/A,N/A,
Catalina Lauf,Female,Latino (Guatemalan),,,No?,12/1/2022,N/A (checked against interactive),"""Congress certified Joe Biden as President of the United States in January -- however -- in order for our political system to even work, as a free people, Americans MUST have faith in our Republic and we must believe that our electoral system is being handled safe and securely. As a member of Congress you need to listen to your people. The American people have the right to ask questions, and there are a lot of questions surrounding the 2020 election that deserved to have been asked and answered, that have not been answered.""",No,No,Illinois,6/28/2022,Representative,11,"15,360",31%,Won,N/A,N/A,N/A,N/A,N/A,Yes,N/A,N/A,Yes,N/A,N/A,N/A,
Susan L. Hathaway-Altman,Female,White,,,?,6/17/2022,Maya,"""It's worth noting that Hathaway-Altman said she can't determine whether Biden won the election""",No,No,Illinois,6/28/2022,Representative,11,"6,017",12%,Lost,N/A,N/A,N/A,N/A,N/A,No,N/A,N/A,No,N/A,N/A,N/A,
Mark Joseph Carroll,Male,White,,,?,3/2/2023,Nathaniel,"Didn't say explicitly rigged in this interview, but seems ? or maybe ""yes""?",No,No,Illinois,6/28/2022,Representative,11,"9,955",20%,Lost,N/A,N/A,N/A,N/A,N/A,No,N/A,N/A,No,N/A,N/A,N/A,
Cassandra Tanner Miller,Female,White,,,No,3/10/2023,Kaleigh,"""Joe Biden is our current president, he was elected""",No,No,Illinois,6/28/2022,Representative,11,"3,730",8%,Lost,N/A,N/A,N/A,N/A,N/A,No,N/A,N/A,No,N/A,N/A,N/A,
Mike Bost,Male,White,,,Yes,12/1/2022,N/A (checked against interactive),Didn't certify; also signed onto TX lawsuit,Yes,No,Illinois,6/28/2022,Representative,12,1,100%,Won,N/A,N/A,N/A,Yes,6/27/2022,N/A,N/A,N/A,N/A,N/A,N/A,N/A,
Jesse Reising,Male,White,,,Declined to answer,6/18/2022,Maya,"""Reising did not directly answer, though he did use the opportunity to criticize Biden.""",No,No,Illinois,6/28/2022,Representative,13,"14,184",33%,Lost,N/A,N/A,N/A,N/A,N/A,N/A,N/A,N/A,N/A,No,No,N/A,
Matt Hausman,Male,White,,,No,3/2/2023,Nathaniel,"""Yes, Joe Biden won,"" said Hausman on June 2. ""And yes, it was free and fair, as was said by Trump's own election security official."" ",No,No,Illinois,6/28/2022,Representative,13,"10,289",24%,Lost,N/A,N/A,N/A,N/A,N/A,N/A,N/A,N/A,N/A,No,No,N/A,
Regan Deering,Female,White,,,No?,12/1/2022,N/A (checked against interactive),"Cast doubt repeatedly, but finally said in a debate in June, ""We have Joe Biden sitting as our current president""",No,No,Illinois,6/28/2022,Representative,13,"14,885",35%,Won,N/A,N/A,N/A,N/A,N/A,N/A,N/A,N/A,N/A,Yes,Yes,N/A,
Terry Martin,Male,White,,,?,3/10/2023,Kaleigh,"""I don't want to say who won the election,"" said Martin. ""Joe Biden is the president, for better or worse. I would say for worse.""",No,No,Illinois,6/28/2022,Representative,13,"3,694",9%,Lost,N/A,N/A,N/A,N/A,N/A,N/A,N/A,N/A,N/A,No,No,N/A,
"James T. ""Jim"" Marter",Male,White,,,Yes,6/18/2022,Maya,Tweeted about fraud fairly regularly,No,No,Illinois,6/28/2022,Representative,14,"10,950",24%,Lost,N/A,N/A,N/A,N/A,N/A,N/A,N/A,N/A,N/A,N/A,N/A,N/A,
Scott R. Gryder,Male,White,,,No,12/1/2022,N/A (checked against interactive),"But Gryder also does not believe Trump’s Big Lie that the 2020 presidential election was stolen. “Joe Biden is in the White House,” Gryder said. “We have to accept that and move on.” (Had been N/A, no info)",No,No,Illinois,6/28/2022,Representative,14,"13,998",31%,Won,N/A,N/A,N/A,N/A,N/A,N/A,N/A,N/A,N/A,N/A,N/A,N/A,
Mike Koolidge,Male,White,,,Declined to answer,3/2/2023,Nathaniel,"If you have access to this local article, they ask him in their questionnaire and he refused to answer",No,No,Illinois,6/28/2022,Representative,14,"9,378",21%,Lost,N/A,N/A,N/A,N/A,N/A,N/A,N/A,N/A,N/A,N/A,N/A,N/A,
Jaime Milton,Female,White,,,Yes,3/10/2023,Kaleigh,"""There is evidence coming forward continually that points to the fact that elections were tampered with. We would need to evaluate all of the audits to determine if Joe Biden won the 2020 election.""",No,No,Illinois,6/28/2022,Representative,14,"4,612",10%,Lost,N/A,N/A,N/A,N/A,N/A,N/A,N/A,N/A,N/A,N/A,N/A,N/A,
Jack Lombardi II,Male,White,,,Yes,6/18/2022,Maya,tweeted that the AZ audit would reveal the truth https://twitter.com/JackLombardi/status/1440069673714786307,No,No,Illinois,6/28/2022,Representative,14,"6,372",14%,Lost,N/A,N/A,N/A,N/A,N/A,N/A,N/A,N/A,N/A,N/A,N/A,N/A,
Rodney Davis,Male,White,,,No,3/2/2023,Nathaniel,"Defended vote to certify, called voter-fraud claims ""unsubstantiated""",Yes,Yes,Illinois,6/28/2022,Representative,15,"47,852",43%,Lost,N/A,N/A,N/A,No,N/A,No,N/A,N/A,N/A,N/A,No,N/A,
Mary Miller,Female,White,,,Yes,12/1/2022,N/A (checked against interactive),Voted not to certify,Yes,Yes,Illinois,6/28/2022,Representative,15,"64,549",57%,Won,N/A,N/A,N/A,Yes,1/1/2022,Yes,N/A,N/A,N/A,N/A,Yes,N/A,
Darin LaHood,Male,White,,,No?,12/1/2022,N/A (checked against interactive),"Said there was no evidence of fraud, but then supported the Texas lawsuit, but THEN voted to certify",Yes,No,Illinois,6/28/2022,Representative,16,"56,582",66%,Won,N/A,N/A,N/A,Yes,6/27/2022,N/A,N/A,N/A,N/A,N/A,N/A,N/A,
Walt Peters,Male,White,,,N/A,6/21/2022,N/A (they are N/A),,No,Yes,Illinois,6/28/2022,Representative,16,"11,278",13%,Lost,N/A,N/A,N/A,No,N/A,N/A,N/A,N/A,N/A,N/A,N/A,N/A,
JoAnne Guillemette,Female,Black,,,N/A,6/21/2022,N/A (they are N/A),,No,Yes,Illinois,6/28/2022,Representative,16,"10,476",12%,Lost,N/A,N/A,N/A,No,N/A,N/A,N/A,N/A,N/A,N/A,N/A,N/A,
Michael Rebresh,Male,White,,,Yes,3/10/2023,Kaleigh,"Asked if Joe Biden won the 2020 election fairly, 16th Congressional District candidate Michael Rebresh answered ""he did not""",No,Yes,Illinois,6/28/2022,Representative,16,"6,911",8%,Lost,N/A,N/A,N/A,No,N/A,N/A,N/A,N/A,N/A,N/A,N/A,N/A,
"Charles ""Charlie"" William Helmick Jr.",Male,White,,,N/A,6/21/2022,N/A (they are N/A),,No,No,Illinois,6/28/2022,Representative,17,"14,274",31%,Lost,N/A,N/A,N/A,N/A,N/A,N/A,No,N/A,No,No,No,No,
Esther Joy King,Female,White,,,N/A,12/1/2022,N/A (checked against interactive),,No,No,Illinois,6/28/2022,Representative,17,"31,065",69%,Won,N/A,N/A,N/A,N/A,N/A,N/A,Yes,N/A,Yes,Yes,Yes,Yes,
Richard C. Irvin,Male,Black,,,No,3/2/2023,Nathaniel,"""Listen, Joe Biden is the President of the United States.""",No,No,Illinois,6/28/2022,Governor,N/A,"119,592",15%,Lost,N/A,N/A,N/A,No,N/A,N/A,N/A,N/A,N/A,N/A,N/A,N/A,
Gary Rabine,Male,White,,,?,3/10/2023,Kaleigh,"""I’m not smart enough to understand what was the end result, whether it was stolen or not, and I would never say that.”",No,No,Illinois,6/28/2022,Governor,N/A,"52,194",7%,Lost,N/A,N/A,N/A,No,N/A,N/A,N/A,N/A,N/A,N/A,N/A,N/A,
Darren Bailey,Male,White,,,?,12/1/2022,N/A (checked against interactive),"Made noise about election integrity, said there was ""fraudulent activity"" in 2020",No,No,Illinois,6/28/2022,Governor,N/A,"458,102",57%,Won,N/A,N/A,N/A,Yes,6/25/2022,N/A,N/A,N/A,N/A,N/A,N/A,N/A,
Paul Schimpf,Male,White,,,No,6/21/2022,Maya,Thinks Biden won,No,No,Illinois,6/28/2022,Governor,N/A,"34,676",4%,Lost,N/A,N/A,N/A,No,N/A,N/A,N/A,N/A,N/A,N/A,N/A,N/A,
Jesse Sullivan,Male,White,,,No,3/2/2023,Nathaniel,"“Joe Biden won the race. Joe Biden is the president of the United States and Donald Trump had his day in court,”",No,No,Illinois,6/28/2022,Governor,N/A,"125,094",16%,Lost,N/A,N/A,N/A,No,N/A,N/A,N/A,N/A,N/A,N/A,N/A,N/A,
Max Solomon,Male,Black,,,N/A,6/21/2022,N/A (they are N/A),,No,No,Illinois,6/28/2022,Governor,N/A,"7,371",1%,Lost,N/A,N/A,N/A,No,N/A,N/A,N/A,N/A,N/A,N/A,N/A,N/A,
Joe Pinion,Male,Black,,,No,12/1/2022,N/A (checked against interactive),"Joe Pinion here.  Thank you for the inquiry.  Apologize for the delay.  

Specifically to your questions.

1) The election was legitimate and certified.

2) Joe Biden is the 46th President of the United States of America.  Full stop

Beyond that, we would welcome the opportunity to discuss the myriad issues plaguing our nation (many of which emanate from New York.)

-> Unchecked child poverty

-> A literacy / reading proficiency crisis in our schools tantamount to child abuse that is holding our future hostage.

-> Unchecked inflation that is accelerating the extinction of the American middle class.

-> etc

If there is one race in the country that provides us with an opportunity to facilitate a national conversation on these often neglected issues, it is our campaign against a 24 year incumbent and the Senate Majority Leader for the nation.  

Thank you for reaching out and look forward to speaking in the future. 
",No,No,New York,6/28/2022,Senator,N/A,1,100%,Won,N/A,N/A,N/A,N/A,N/A,N/A,N/A,N/A,N/A,N/A,N/A,N/A,
Andrew Giuliani,Male,White,,,Yes,3/10/2023,Kaleigh,"“I believe that Donald Trump on was November 3, 2020, was re-elected,” Giuliani said",No,No,New York,6/28/2022,Governor,N/A,"103,267",23%,Lost,N/A,N/A,N/A,N/A,N/A,N/A,N/A,N/A,N/A,N/A,N/A,N/A,
Harry Wilson,Male,White,,,No,6/20/2022,Maya,"“I believe Joe Biden was the duly elected president of the United States,” Wilson said. “I believe that we Republicans need to move on and focus on addressing problems that really hurt working families today.”",No,No,New York,6/28/2022,Governor,N/A,"66,736",15%,Lost,N/A,N/A,N/A,N/A,N/A,N/A,N/A,N/A,N/A,N/A,N/A,N/A,
Rob Astorino,Male,White,,,N/A,6/20/2022,N/A (they are N/A),"has dodged the question, e-mailed",No,No,New York,6/28/2022,Governor,N/A,"84,464",19%,Lost,N/A,N/A,N/A,N/A,N/A,N/A,N/A,N/A,N/A,N/A,N/A,N/A,
Lee Zeldin,Male,White,,,No?,12/1/2022,N/A (checked against interactive),"Voted not to certify but has been wishy-washy on election. I (Nathaniel) changed him from ""?"" to ""No?"" on the basis of the Politico article: ""Lizza clarified, saying he was asking if Biden won the presidency. 'You’re asking me now for a third time, and I’ve said yes twice'""",No,No,New York,6/28/2022,Governor,N/A,"196,874",43%,Won,N/A,N/A,N/A,N/A,N/A,N/A,N/A,N/A,N/A,N/A,N/A,N/A,
James Lankford,Male,White,,,No?,12/1/2022,N/A (checked against interactive),"called for election commission to review 2020 election, said voter fraud concerns are justified; said in 2020 that he would vote against certification (then later apologized for it: https://www.mcclatchydc.com/news/nation-world/national/article248530080.html), and he wound up voting in favor (gave a pretty powerful speech on Jan. 6 actually), and fought for Biden as president-elect to get security briefings (https://nypost.com/2020/11/17/sen-lankford-did-step-in-over-biden-getting-intel-briefings/)",Yes,No,Oklahoma,6/28/2022,Senator,N/A,"243,132",68%,Won,N/A,N/A,N/A,N/A,N/A,N/A,Yes,N/A,N/A,N/A,N/A,N/A,
Jackson Lahmeyer,Male,White,,,Yes,3/2/2023,Nathaniel,"""election integrity"" is listed as top campaign issue, refers specifically to fraud in 2020",No,Yes,Oklahoma,6/28/2022,Senator,N/A,"94,572",26%,Lost,N/A,N/A,N/A,N/A,N/A,N/A,No,N/A,N/A,N/A,N/A,N/A,
Joan Farr,Female,White,,,Yes,3/10/2023,Kaleigh,multiple tweets and Twitter bio regarding election fraud in 2020 election,No,Yes,Oklahoma,6/28/2022,Senator,N/A,"20,761",6%,Lost,N/A,N/A,N/A,N/A,N/A,N/A,No,N/A,N/A,N/A,N/A,N/A,
Markwayne Mullin,Male,White,Native American (Cherokee),,Yes,12/1/2022,N/A (checked against interactive),voted to oppose Biden's certification; reiterated his position in a runoff debate,No,No,Oklahoma,6/28/2022,Senator (unexpired term),N/A,"156,087",44%,Made runoff,183118,65%,Won,Yes (runoff only),7/9/2022,N/A,N/A,N/A,N/A,N/A,N/A,N/A,
T.W. Shannon,Male,Black,Native American (Chickasaw),,Yes,6/14/2022,Maya,"defended insurrections for Jan. 6 because of 2020 rigged election, US gov failed on election integrity. Numerous tweets about election fraud dating back to at least 2016 (this is one of the more recent ones). Reiterated his position in a runoff debate.",No,No,Oklahoma,6/28/2022,Senator (unexpired term),N/A,"62,746",18%,Made runoff,98246,35%,Lost,No (runoff only),N/A,N/A,N/A,N/A,N/A,N/A,N/A,N/A,
Alex Gray,Male,White,,,N/A,6/14/2022,N/A (they are N/A),not mentioned on campaign site. This is the only tweet that might be questionable. Couldn't find an email to contact the campaign,No,No,Oklahoma,6/28/2022,Senator (unexpired term),N/A,"3,063",1%,Lost,N/A,N/A,N/A,N/A,N/A,N/A,N/A,N/A,N/A,N/A,N/A,N/A,
Nathan Dahm,Male,White,,,?,3/2/2023,Nathaniel,"Filed bill to audit election. “There are serious doubts about the integrity of the 2020 election,” Dahm said.",No,No,Oklahoma,6/28/2022,Senator (unexpired term),N/A,"42,673",12%,Lost,N/A,N/A,N/A,N/A,N/A,N/A,N/A,N/A,N/A,N/A,N/A,N/A,
Luke Holland,Male,White,,,?,3/10/2023,Kaleigh,said that Biden should be sworn in but that this is different from whether he was properly elected,No,No,Oklahoma,6/28/2022,Senator (unexpired term),N/A,"40,353",11%,Lost,N/A,N/A,N/A,N/A,N/A,N/A,N/A,N/A,N/A,N/A,N/A,N/A,
Adam Holley,Male,White,,,Yes,6/14/2022,Maya,calls for the 2020 election to be fixed with extensive auditing,No,No,Oklahoma,6/28/2022,Senator (unexpired term),N/A,"1,873",1%,Lost,N/A,N/A,N/A,N/A,N/A,N/A,N/A,N/A,N/A,N/A,N/A,N/A,
Jessica Jean Garrison,Female,White,,,N/A,6/14/2022,N/A (they are N/A),no campaign website but has a campaign FB page,No,No,Oklahoma,6/28/2022,Senator (unexpired term),N/A,"6,114",2%,Lost,N/A,N/A,N/A,N/A,N/A,N/A,N/A,N/A,N/A,N/A,N/A,N/A,
Laura Moreno,Female,White,,,N/A,6/14/2022,N/A (they are N/A),"unclear if contact email found on campaign FB is appropriate for contacting, no email on campaign website",No,No,Oklahoma,6/28/2022,Senator (unexpired term),N/A,"6,597",2%,Lost,N/A,N/A,N/A,N/A,N/A,N/A,N/A,N/A,N/A,N/A,N/A,N/A,
Michael Coibion,Male,White,,,N/A,6/14/2022,N/A (they are N/A),no website or social media,No,No,Oklahoma,6/28/2022,Senator (unexpired term),N/A,"1,261",0%,Lost,N/A,N/A,N/A,N/A,N/A,N/A,N/A,N/A,N/A,N/A,N/A,N/A,
Scott Pruitt,Male,White,,,Yes,3/2/2023,Nathaniel,repeated claims of election fraud preventing Trump from reelection,No,No,Oklahoma,6/28/2022,Senator (unexpired term),N/A,"18,052",5%,Lost,N/A,N/A,N/A,N/A,N/A,N/A,N/A,N/A,N/A,N/A,N/A,N/A,
Paul Royse,Male,White,,,N/A,6/14/2022,N/A (they are N/A),no info on campaign website regarding election,No,No,Oklahoma,6/28/2022,Senator (unexpired term),N/A,900,0%,Lost,N/A,N/A,N/A,N/A,N/A,N/A,N/A,N/A,N/A,N/A,N/A,N/A,
John F. Tompkins,Male,Unknown,,,N/A,6/14/2022,N/A (they are N/A),no website or social media,No,No,Oklahoma,6/28/2022,Senator (unexpired term),N/A,"2,332",1%,Lost,N/A,N/A,N/A,N/A,N/A,N/A,N/A,N/A,N/A,N/A,N/A,N/A,
Randy J. Grellner,Male,White,,,N/A,6/14/2022,N/A (they are N/A),"campaign website says that he wants ""free and fair elections"" but no detail otherwise",No,No,Oklahoma,6/28/2022,Senator (unexpired term),N/A,"15,794",4%,Lost,N/A,N/A,N/A,N/A,N/A,N/A,N/A,N/A,N/A,N/A,N/A,N/A,
Kevin Hern,Male,White,,,Yes,12/1/2022,N/A (checked against interactive),"voted against certifying election results, highlighted concerns of election fraud, supported TX lawsuit",Yes,No,Oklahoma,6/28/2022,Representative,1,1,100%,Won,N/A,N/A,N/A,Yes,6/27/2022,N/A,N/A,N/A,N/A,N/A,N/A,N/A,
John Bennett,Male,White,,,Yes,3/10/2023,Kaleigh,"supported Jan 6 insurrectionists, endorsed Lahmeyer for US Senate because Sen Lankford did not delay certification of 2020 election votes",No,No,Oklahoma,6/28/2022,Representative,2,"8,713",11%,Lost,N/A,N/A,N/A,N/A,N/A,N/A,N/A,N/A,N/A,N/A,N/A,N/A,
Dustin Roberts,Male,White,,,Yes,6/15/2022,Maya,"signed a letter as state rep. encouraging AZ House of Representatives to check for election fraud in 2020, supported TX lawsuit over 2020 election",No,No,Oklahoma,6/28/2022,Representative,2,"3,746",5%,Lost,N/A,N/A,N/A,N/A,N/A,N/A,N/A,N/A,N/A,N/A,N/A,N/A,
Guy Barker,Male,White,,,N/A,6/15/2022,N/A (they are N/A),couldn't load campaign website to check for issues,No,No,Oklahoma,6/28/2022,Representative,2,"8,444",11%,Lost,N/A,N/A,N/A,N/A,N/A,N/A,N/A,N/A,N/A,N/A,N/A,N/A,
Clint Johnson,Male,White,,,N/A,6/15/2022,N/A (they are N/A),contacted email found on campaign FB,No,No,Oklahoma,6/28/2022,Representative,2,"1,128",1%,Lost,N/A,N/A,N/A,N/A,N/A,N/A,N/A,N/A,N/A,N/A,N/A,N/A,
Chris Schiller,Male,White,,,N/A,6/15/2022,N/A (they are N/A),,No,No,Oklahoma,6/28/2022,Representative,2,"4,108",5%,Lost,N/A,N/A,N/A,N/A,N/A,N/A,N/A,N/A,N/A,N/A,N/A,N/A,
Marty Quinn,Male,White,,,N/A,6/15/2022,N/A (they are N/A),,No,No,Oklahoma,6/28/2022,Representative,2,"5,612",7%,Lost,N/A,N/A,N/A,N/A,N/A,N/A,N/A,N/A,N/A,N/A,N/A,N/A,
Johnny Teehee,Male,White,,,?,3/2/2023,Nathaniel,said that there was definitely voter fraud in the 2020 election but unsure the extent,No,No,Oklahoma,6/28/2022,Representative,2,"9,963",13%,Lost,N/A,N/A,N/A,N/A,N/A,N/A,N/A,N/A,N/A,N/A,N/A,N/A,
"signed a letter encouraging AZ House of Representatives to check for election fraud in 2020; just before the runoff, also tweeted, ""The irregularities of the 2020 election were outrageous; I will never be convinced that Biden received more votes than any other president in history. Stand up for Trump or get out of the way.""",Male,White,,,Yes,3/10/2023,Kaleigh,"signed a letter encouraging AZ House of Representatives to check for election fraud in 2020; just before the runoff, also tweeted, ""The irregularities of the 2020 election were outrageous; I will never be convinced that Biden received more votes than any other president in history. Stand up for Trump or get out of the way.""",No,No,Oklahoma,6/28/2022,Representative,2,"11,336",15%,Made runoff,30686,48%,Lost,N/A,N/A,N/A,N/A,N/A,N/A,N/A,N/A,N/A,
Rhonda Hopkins,Female,White,Asian,,N/A,6/15/2022,N/A (they are N/A),no campaign website or campaign social media,No,No,Oklahoma,6/28/2022,Representative,2,"1,281",2%,Lost,N/A,N/A,N/A,N/A,N/A,N/A,N/A,N/A,N/A,N/A,N/A,N/A,
David Derby,Male,White,,,Yes,6/15/2022,Maya,"said that Biden (""a knucklehead"") stole the 2020 election",No,No,Oklahoma,6/28/2022,Representative,2,"4,204",5%,Lost,N/A,N/A,N/A,N/A,N/A,N/A,N/A,N/A,N/A,N/A,N/A,N/A,
Pamela Gordon,Female,White,,,Yes,3/2/2023,Nathaniel,1. Yes 2. Yes,No,No,Oklahoma,6/28/2022,Representative,2,"2,344",3%,Lost,N/A,N/A,N/A,N/A,N/A,N/A,N/A,N/A,N/A,N/A,N/A,N/A,
Wes Nofire,Male,White,,,Yes,3/10/2023,Kaleigh,1. Does Wes Nofire think Trump won the 2020 election? yes 2. Does Wes Nofire think the 2020 election was illegitimate? No Wes Nofire Cherokee Nation Tribal Council D-3 Sent from my iPhone,No,No,Oklahoma,6/28/2022,Representative,2,"4,859",6%,Lost,N/A,N/A,N/A,N/A,N/A,N/A,N/A,N/A,N/A,N/A,N/A,N/A,
Erick P. Wyatt,Male,White,,,N/A,6/15/2022,N/A (they are N/A),no up-to-date campaign website (changed to a different race),No,No,Oklahoma,6/28/2022,Representative,2,615,1%,Lost,N/A,N/A,N/A,N/A,N/A,N/A,N/A,N/A,N/A,N/A,N/A,N/A,
Josh Brecheen,Male,White,,,N/A,12/1/2022,N/A (checked against interactive),,No,No,Oklahoma,6/28/2022,Representative,2,"10,579",14%,Made runoff,33517,52%,Won,N/A,N/A,N/A,N/A,N/A,N/A,N/A,N/A,N/A,
Frank D. Lucas,Male,White,,,Yes,12/1/2022,N/A (checked against interactive),voted to reject certification of AZ Electoral College votes,Yes,No,Oklahoma,6/28/2022,Representative,3,"44,442",61%,Won,N/A,N/A,N/A,Yes,4/11/2022,N/A,N/A,N/A,N/A,N/A,N/A,N/A,
Wade Burleson,Male,White,,,?,3/2/2023,Nathaniel,"lists ""election integrity and transparency"" on campaign page, tweeted about election integrity and 2000 Mules",No,Yes,Oklahoma,6/28/2022,Representative,3,"22,258",31%,Lost,N/A,N/A,N/A,No,N/A,N/A,N/A,N/A,N/A,N/A,N/A,N/A,
Stephen Butler,Male,Unknown,,,N/A,6/15/2022,N/A (they are N/A),no campaign website or social media,No,Yes,Oklahoma,6/28/2022,Representative,3,"5,997",8%,Lost,N/A,N/A,N/A,No,N/A,N/A,N/A,N/A,N/A,N/A,N/A,N/A,
Tom Cole,Male,White,Native American (Chickasaw),,Yes,12/1/2022,N/A (checked against interactive),voted to overturn election results,Yes,No,Oklahoma,6/28/2022,Representative,4,"43,894",70%,Won,N/A,N/A,N/A,Yes,6/27/2022,N/A,N/A,N/A,N/A,N/A,N/A,N/A,
James Taylor,Male,Black,,,Yes,3/10/2023,Kaleigh,"said that there was widespread fraud that cost Trump the 2020 election, includes ""election integrity"" in extensive detail on campaign site",No,Yes,Oklahoma,6/28/2022,Representative,4,"16,980",27%,Lost,N/A,N/A,N/A,No,N/A,N/A,N/A,N/A,N/A,N/A,N/A,N/A,
Frank W. Blacke,Male,Unknown,,,N/A,6/15/2022,N/A (they are N/A),no campaign website or social media,No,Yes,Oklahoma,6/28/2022,Representative,4,"2,038",3%,Lost,N/A,N/A,N/A,No,N/A,N/A,N/A,N/A,N/A,N/A,N/A,N/A,
Stephanie Bice,Female,White,Middle Eastern (Iranian),,Yes,12/1/2022,N/A (checked against interactive),voted to overturn election results,Yes,No,Oklahoma,6/28/2022,Representative,5,"51,612",68%,Won,N/A,N/A,N/A,N/A,N/A,N/A,N/A,N/A,N/A,Yes,Yes,Yes,
Subrina Banks,Female,White,,,N/A,6/15/2022,N/A (they are N/A),"campaign website lists ""election integrity"" and various methods of reform",No,Yes,Oklahoma,6/28/2022,Representative,5,"23,891",32%,Lost,N/A,N/A,N/A,N/A,N/A,N/A,N/A,N/A,N/A,No,No,No,
Kevin Stitt,Male,White,,,No,12/1/2022,N/A (checked against interactive),acknowledged Biden as president,Yes,No,Oklahoma,6/28/2022,Governor,N/A,"248,525",69%,Won,N/A,N/A,N/A,Yes,3/14/2022,N/A,Yes,N/A,N/A,N/A,N/A,N/A,
Mark Sherwood,Male,White,,,Yes,6/15/2022,Maya,"calls for ""election integrity"" and said that the 2020 election was stolen",No,Yes,Oklahoma,6/28/2022,Governor,N/A,"47,713",13%,Lost,N/A,N/A,N/A,No,N/A,N/A,No,N/A,N/A,N/A,N/A,N/A,
Joel Kintsel,Male,White,,,N/A,6/15/2022,N/A (they are N/A),,No,Yes,Oklahoma,6/28/2022,Governor,N/A,"51,587",14%,Lost,N/A,N/A,N/A,No,N/A,N/A,No,N/A,N/A,N/A,N/A,N/A,
Moira McCabe,Female,White,,,N/A,6/15/2022,N/A (they are N/A),,No,Yes,Oklahoma,6/28/2022,Governor,N/A,"12,046",3%,Lost,N/A,N/A,N/A,No,N/A,N/A,No,N/A,N/A,N/A,N/A,N/A,
Becky Edwards,Female,White,,,No,3/2/2023,Nathaniel,said election was valid nationwide and has criticized Big Lie,No,Yes,Utah,6/28/2022,Senator,N/A,"123,617",30%,Lost,N/A,N/A,N/A,No,N/A,No,No,N/A,N/A,N/A,N/A,N/A,
Ally Isom,Female,White,,,No,3/10/2023,Kaleigh,"""I am satisfied that since every state certified the 2020 outcome, no state legislature recalled their electors or submitted an alternate slate of electors, and not one of the 63 lawsuits filed was successful, it is time to stop looking back and start looking forward to 2024.""",No,Yes,Utah,6/28/2022,Senator,N/A,"34,997",8%,Lost,N/A,N/A,N/A,No,N/A,No,No,N/A,N/A,N/A,N/A,N/A,
Mike Lee,Male,White,,,No?,12/1/2022,N/A (checked against interactive),"Dabbled in Trump's efforts to overturn but ultimately voted to certify. In June 2020, said Biden was duly elected but also that 2000 Mules raised questions. (was previously ""No"" based on him saying Biden was fairly elected)",Yes,No,Utah,6/28/2022,Senator,N/A,"258,089",62%,Won,N/A,N/A,N/A,Yes,4/1/2022,Yes,Yes,N/A,N/A,N/A,N/A,N/A,
Blake D. Moore,Male,White,,,No?,12/1/2022,N/A (checked against interactive),"Voted to certify and to create Jan 6 commission, but also tweeted about ""serious concerns"" with election",Yes,No,Utah,6/28/2022,Representative,1,"58,408",58%,Won,N/A,N/A,N/A,N/A,N/A,N/A,N/A,N/A,N/A,N/A,N/A,N/A,
Tina Cannon,Female,White,,,N/A,6/20/2022,N/A (they are N/A),e-mailed,No,Yes,Utah,6/28/2022,Representative,1,"14,577",14%,Lost,N/A,N/A,N/A,N/A,N/A,N/A,N/A,N/A,N/A,N/A,N/A,N/A,
Andrew Badger,Male,White,,,N/A,6/20/2022,N/A (they are N/A),e-mailed,No,Yes,Utah,6/28/2022,Representative,1,"28,437",28%,Lost,N/A,N/A,N/A,N/A,N/A,N/A,N/A,N/A,N/A,N/A,N/A,N/A,
Erin Rider,Female,White,,,No,6/20/2022,Maya,"Yes. While there were many lessons to be learned from 2020, including the importance of continuing to improve our election integrity and security, Joe Biden won the election, and it is time for us, as Republicans, to turn our sights to the future instead of dwelling on the past.",No,Yes,Utah,6/28/2022,Representative,2,"28,480",27%,Lost,N/A,N/A,N/A,No,N/A,N/A,N/A,N/A,N/A,N/A,N/A,N/A,
Chris Stewart,Male,White,,,Yes,12/1/2022,N/A (checked against interactive),voted not to certify election and stood by that vote after J6 attack,Yes,No,Utah,6/28/2022,Representative,2,"75,586",73%,Won,N/A,N/A,N/A,Yes,6/27/2022,N/A,N/A,N/A,N/A,N/A,N/A,N/A,
Christopher Niles Herrod,Male,White,,,N/A,6/20/2022,N/A (they are N/A),e-mailed,No,Yes,Utah,6/28/2022,Representative,3,"34,204",30%,Lost,N/A,N/A,N/A,N/A,N/A,N/A,N/A,N/A,N/A,N/A,N/A,N/A,
John Curtis,Male,White,,,No,12/1/2022,N/A (checked against interactive),"Acknowledged Biden as president-elect in November 2020; voted to certify (had been N/A, for unclear reasons)",Yes,No,Utah,6/28/2022,Representative,3,"78,341",70%,Won,N/A,N/A,N/A,N/A,N/A,N/A,N/A,N/A,N/A,N/A,N/A,N/A,
Burgess Owens,Male,Black,,,Yes,12/1/2022,N/A (checked against interactive),"voted not to certify, said Trump won",Yes,No,Utah,6/28/2022,Representative,4,"56,397",62%,Won,N/A,N/A,N/A,Yes,6/27/2022,N/A,N/A,No,N/A,N/A,N/A,N/A,
Jake Hunsaker,Male,White,,,No,3/2/2023,Nathaniel,"Called election fraud allegations a ""proven lie""",No,Yes,Utah,6/28/2022,Representative,4,"34,728",38%,Lost,N/A,N/A,N/A,No,N/A,N/A,N/A,N/A,N/A,N/A,N/A,N/A,
Chris Chaffee,Male,White,,,Yes,12/1/2022,N/A (checked against interactive),his personal FB is ripe with tons of posts on this - a few examples attached,No,No,Maryland,7/19/2022,Senator,N/A,"50,514",21%,Won,N/A,N/A,N/A,N/A,N/A,N/A,N/A,N/A,N/A,N/A,N/A,N/A,
George Davis,Male,White,,,No,3/10/2023,Kaleigh,"need help on how or whether it's possible to check the veracity of this linked substack blog - seems to be a conservative blogger-run site that asks the big-lie question straight up to people being interviewed... i stumbled upon the substack via another website that was consolidating MD candidate socials (the rest of which are more straightforward twitter/fb accounts). candidates featured on this substack are self-promoting/sharing their respective ""interview"" on this site, so that makes it feel possibly okay, but definitely want to confirm. anyway, he was very clear in answering: ""Was Joe Biden legitimately elected President of the United States in the November 2020 Election?"" ""Yes""",No,No,Maryland,7/19/2022,Senator,N/A,"21,095",9%,Lost,N/A,N/A,N/A,N/A,N/A,N/A,N/A,N/A,N/A,N/A,N/A,N/A,
Nnabu Eze,Male,Black (Nigerian),,,Yes,7/5/2022,Maya,"retweeted Giuliani tweet about recounts/""defending"" constitution in Nov 2020 + his website details a lot of voting fraud/reform stuff",No,No,Maryland,7/19/2022,Senator,N/A,"9,917",4%,Lost,N/A,N/A,N/A,N/A,N/A,N/A,N/A,N/A,N/A,N/A,N/A,N/A,
Lorie R. Friend,Female,White,,,?,3/2/2023,Nathaniel,very minimal digital footprint but found this copy of a poster of her personal FB page,No,No,Maryland,7/19/2022,Senator,N/A,"35,714",15%,Lost,N/A,N/A,N/A,N/A,N/A,N/A,N/A,N/A,N/A,N/A,N/A,N/A,
Reba A. Hawkins,Female,Black,,,N/A,7/5/2022,N/A (they are N/A),"*emailed: she has historically been very aligned with extreme right politics, especially leading up to her 2020 election and, according to screenshots from Media Matters reporters, posted (now deleted/nonexistent) tweets in support of qanon. that said, she's been slightly quiter (or quicker to scrub her digital footprint) this cycle",No,No,Maryland,7/19/2022,Senator,N/A,"18,057",7%,Lost,N/A,N/A,N/A,N/A,N/A,N/A,N/A,N/A,N/A,N/A,N/A,N/A,
Jon McGreevey,Male,White,,,Yes,3/10/2023,Kaleigh,"aside from being named as a QAnon theorist by bloomberg, he has over 100 tweet threads (many of which have been taken down on/by twitter) on his personal website, with a lot of references to voter fraud, election integrity, crowdsourcing help for trump, etc. i attached one for reference, but there are dozens to choose from...",No,No,Maryland,7/19/2022,Senator,N/A,"14,128",6%,Lost,N/A,N/A,N/A,N/A,N/A,N/A,N/A,N/A,N/A,N/A,N/A,N/A,
Joseph Perez,Male,Asian (Filipino),,,N/A,7/5/2022,N/A (they are N/A),lots of sweeping talk about election integrity reforms on his website. no socials to be found and nothing else came up with google searches ,No,No,Maryland,7/19/2022,Senator,N/A,"26,359",11%,Lost,N/A,N/A,N/A,N/A,N/A,N/A,N/A,N/A,N/A,N/A,N/A,N/A,
Todd A. Puglisi,Male,White,,,No,7/5/2022,Maya,"he shared the linked post on his personal FB page (from which he often references and reshares content on his campaign FB page) by Mitt Romney in Feb 2021 condemning Trump's actions re Jan 6. (lots of other posts, too, even ahead of nov 2020 including Puglisi calling trump's lawyers/team liars in 2020 + he also seems to have voted for biden in 2020). Also this: https://www.baltimoresun.com/politics/elections/voter-guide/bs-2022-candidate-us-senate-puglisitod-20220518-icwc3n3mkbch5ondusip2kfxom-story.html",No,No,Maryland,7/19/2022,Senator,N/A,"13,550",6%,Lost,N/A,N/A,N/A,N/A,N/A,N/A,N/A,N/A,N/A,N/A,N/A,N/A,
James Tarantin,Male,Middle Eastern (Israeli),,,N/A,7/5/2022,N/A (they are N/A),*we should email,No,No,Maryland,7/19/2022,Senator,N/A,"20,514",8%,Lost,N/A,N/A,N/A,N/A,N/A,N/A,N/A,N/A,N/A,N/A,N/A,N/A,
John Thormann,Male,White,,,Yes,3/2/2023,Nathaniel,posted accordingly on his personal FB page following november 2020 ,No,No,Maryland,7/19/2022,Senator,N/A,"33,290",14%,Lost,N/A,N/A,N/A,N/A,N/A,N/A,N/A,N/A,N/A,N/A,N/A,N/A,
Andy Harris,Male,White,,,Yes,12/1/2022,N/A (checked against interactive),WaPo: objected to certifying PA and AZ electoral votes in 2020,Yes,No,Maryland,7/19/2022,Representative,1,"67,933",100%,Won,N/A,N/A,N/A,N/A,N/A,N/A,N/A,N/A,N/A,N/A,N/A,N/A,
Nicolee Ambrose,Female,White,,,?,12/1/2022,N/A (checked against interactive),spewed election fraud theories following nov 2020 in MD RNC email newsletters (found an archive with PDFs via links she tweeted back then) ,No,No,Maryland,7/19/2022,Representative,2,"12,201",32%,Won,N/A,N/A,N/A,N/A,N/A,N/A,N/A,N/A,N/A,N/A,Yes,N/A,
Berney Flowers,Male,Black,,,?,3/10/2023,Kaleigh,in Baltimore Sun: says 2020 election caused mass uncertainty and went on to list reforms to mitigate 2020 2.0,No,No,Maryland,7/19/2022,Representative,2,"4,983",13%,Lost,N/A,N/A,N/A,N/A,N/A,N/A,N/A,N/A,N/A,N/A,No,N/A,
Michael A. Geppi,Male,White,,,Declined to answer,7/5/2022,Maya,"in Baltimore Sun: gave a non responses about ECA ""We must ensure that our elections are fair, accessible, and completely accurate.""",No,No,Maryland,7/19/2022,Representative,2,"5,595",15%,Lost,N/A,N/A,N/A,N/A,N/A,N/A,N/A,N/A,N/A,N/A,No,N/A,
Lance Griffin,Male,White,,,N/A,7/5/2022,N/A (they are N/A),*we should email,No,No,Maryland,7/19/2022,Representative,2,"3,192",8%,Lost,N/A,N/A,N/A,N/A,N/A,N/A,N/A,N/A,N/A,N/A,No,N/A,
"Ellen ""EJ"" McNulty",Female,White,,,N/A,3/2/2023,Nathaniel,"identifies as an anti-Trump Republican and hasn't indulged in any talking points about election integrity, so going to say no",No,No,Maryland,7/19/2022,Representative,2,"4,204",11%,Lost,N/A,N/A,N/A,N/A,N/A,N/A,N/A,N/A,N/A,N/A,No,N/A,
Dave Wallace,Male,White,,,Yes,3/10/2023,Kaleigh,"included in a tweet from 6/11/2022: ""...Besides, there is preliminary evidence to point to massive fraud in the Presidential election.""",No,No,Maryland,7/19/2022,Representative,2,"7,643",20%,Lost,N/A,N/A,N/A,N/A,N/A,N/A,N/A,N/A,N/A,N/A,No,N/A,
"Thomas E. ""Pinkston"" Harris",Male,Black,,,N/A,7/5/2022,N/A (they are N/A),"zero traceable digital footprint, not even an email",No,No,Maryland,7/19/2022,Representative,3,"4,966",13%,Lost,N/A,N/A,N/A,N/A,N/A,N/A,N/A,N/A,N/A,N/A,No,N/A,
Joe Kelley,Male,White,,,Declined to answer,7/6/2022,Maya,"""Static questions such as these are nothing more than hyped up talking points that will continue to distract everyone from what is important. As an Intern I understand you are simply doing your job. I ask that you pause and reflect on your future. Do not allow corporate entities to sway you and your bias. If you are serious about politics and making a true difference I can assure you such a change will not come from any media company. Regardless of their faux image of Left, Right or Center.""",No,No,Maryland,7/19/2022,Representative,3,"8,924",23%,Lost,N/A,N/A,N/A,N/A,N/A,N/A,N/A,N/A,N/A,N/A,No,N/A,
Yuripzy Morgan,Female,Latino (Salvadoran / Mexican),,,N/A,12/1/2022,N/A (checked against interactive),"she has not spoken out a ton on the issue but she did tweet a WSJ article in Jan 2021 saying in regards to Trump: ""Um, Mr. President suddenly finding 11k votes out of nowhere and changing the results of a certified election looks like election fraud...""",No,No,Maryland,7/19/2022,Representative,3,"13,198",34%,Won,N/A,N/A,N/A,N/A,N/A,N/A,N/A,N/A,N/A,N/A,Yes,N/A,
Antonio Patrizio Pitocco,Male,White,,,?,3/10/2023,Nathaniel,"unsure about this one - he's posted/tweeted a lot about fraud in 2020. hasn't said biden is illegitimate but has heavily suggested otherwise and he also took a very ""Decled to answer"" approach to the Electoral Count Act question in the Baltimore Sun. still, he did suggest a lot of Jan 6 was people airing their legitimate grievances... ",No,No,Maryland,7/19/2022,Representative,3,"8,041",20%,Lost,N/A,N/A,N/A,N/A,N/A,N/A,N/A,N/A,N/A,N/A,No,N/A,
Amal Torres,Female,Black (Somali),,,N/A,7/5/2022,N/A (they are N/A),"one incredibly brief aside on her campaign site about election integrity: DEFEND OUR ELECTIONS. No cheating! We must protect and preserve the sacred right to vote in the United States. One person, one vote. Voter ID is critical and American elections must be reserved for American citizens only. I will pursue innovative technology to enhance the security of our elections at all levels.",No,No,Maryland,7/19/2022,Representative,3,"4,171",11%,Lost,N/A,N/A,N/A,N/A,N/A,N/A,N/A,N/A,N/A,N/A,No,N/A,
Eric Loeb,Male,White,,,No,3/10/2023,Kaleigh,in Baltimore Sun: commended Pence for doing his job and certifying the electors ahead of Jan 6 - proceeded to also say he'd vote for Biden in 2024 over anyone except Romney (he clearly states on his website he is neither actually Dem or Rep) ,No,No,Maryland,7/19/2022,Representative,4,607,15%,Lost,N/A,N/A,N/A,N/A,N/A,N/A,N/A,N/A,N/A,N/A,N/A,N/A,
George McDermott,Male,White,,,No,3/10/2023,Nathaniel,"he runs a conspiracy theory-ish blog/vlog ... video attached includes of him calling DJT ""a treasonous ex-president"" around 1:25",No,No,Maryland,7/19/2022,Representative,4,"1,091",27%,Lost,N/A,N/A,N/A,N/A,N/A,N/A,N/A,N/A,N/A,N/A,N/A,N/A,
Jeff Warner,Male,White,,,N/A,12/1/2022,N/A (checked against interactive),*we should email,No,No,Maryland,7/19/2022,Representative,4,"2,414",59%,Won,N/A,N/A,N/A,N/A,N/A,N/A,N/A,N/A,N/A,N/A,N/A,N/A,
DuVal Cubero,Male,Unknown,,,Declined to answer,3/10/2023,Kaleigh,"in Baltimore Sun: did not answer question re thoughts on ECA and certifications (claimed he didn't know what that was? would this be N/A then?)... but categorized it like that as he responded to a relatively relevant question about Jan 6 in a textbook ""Declined to answer"" way",No,No,Maryland,7/19/2022,Representative,5,"1,024",3%,Lost,N/A,N/A,N/A,N/A,N/A,N/A,N/A,N/A,N/A,N/A,N/A,N/A,
Vanessa Marie Hoffman,Female,White,,,Yes,7/5/2022,Maya,"same substack site as with Davis (Senate), so need to check out authenticity...but: ""Was Joe Biden legitimately elected President of the United States in the November 2020 Election?"" ""No""; also verified on her website: https://www.vanessahoffman4mds5thdistrict.com/for-and-against ""FOR -Supreme Court hear investigation/evidence of 2020 election fraud AGAINST -Supreme court suppression of election fraud evidence/trial""",No,No,Maryland,7/19/2022,Representative,5,"3,538",10%,Lost,N/A,N/A,N/A,N/A,N/A,N/A,N/A,N/A,N/A,N/A,N/A,N/A,
Toni Jarboe-Duley,Female,White,,,N/A,7/5/2022,N/A (they are N/A),"zero traceable digital footprint, not even an email",No,No,Maryland,7/19/2022,Representative,5,"1,578",4%,Lost,N/A,N/A,N/A,N/A,N/A,N/A,N/A,N/A,N/A,N/A,N/A,N/A,
Michael S. Lemon,Male,White,,,N/A,7/5/2022,N/A (they are N/A),"zero traceable digital footprint, not even an email",No,No,Maryland,7/19/2022,Representative,5,"1,818",5%,Lost,N/A,N/A,N/A,N/A,N/A,N/A,N/A,N/A,N/A,N/A,N/A,N/A,
Chris Palombi,Male,White,,,?,12/1/2022,N/A (checked against interactive),Recommended 2000 mules,No,No,Maryland,7/19/2022,Representative,5,"24,423",68%,Won,N/A,N/A,N/A,N/A,N/A,N/A,N/A,N/A,N/A,N/A,N/A,N/A,
Patrick Lucky Stevens,Male,Unknown,,,No,3/10/2023,Nathaniel,"""Dear Friend and fellow news person; Mason Leib
 
I am writing through the email or electronic messaging to assist you in your survey. Also, I wanted to put forth an explanation to help in your overall examination.
 
To the questions; 
Do I think Trump won the election?  NO
Do I think the election was illegitimate? NO
 
I have served here in the state of Maryland for Anne Arundel County a former poll worker, election judge, and chief judge of a polling station. I can only draw conclusions from my own experiences of working in the election process itself and in the campaign field. 
 
The state of Maryland put us through very good training and all who participated were very dedicated persons to getting the votes submitted properly. I do know that the persons involved in and around an election can be very petty; however, to the workers the job was done right. 
 
The result of an election really does come down to the candidate: What is inside the candidate. From the start of the process for the Democratic Nomination for President of the United States; former Vice President Biden expressed his inner convictions of his late son. This is known as “Fire in the Belly” and is a very tough thing for others to overcome. Even a sitting President; President Biden won the election in his convictions and skill. The election was legitimate. 
 
Any success I may have in the election process here in the state of Maryland for this primary election under the current political and election climate pretty much I assessed a chance. Any success afterwards is in being a realist. 
 
""",No,No,Maryland,7/19/2022,Representative,5,"1,344",4%,Lost,N/A,N/A,N/A,N/A,N/A,N/A,N/A,N/A,N/A,N/A,N/A,N/A,
Tannis Villanova,Female,Black,,,No,3/10/2023,Kaleigh,"""Tannis believes Joe Biden won the election and it was a legitimate election. We have the most secure elections in the world.""",No,No,Maryland,7/19/2022,Representative,5,"2,445",7%,Lost,N/A,N/A,N/A,N/A,N/A,N/A,N/A,N/A,N/A,N/A,N/A,N/A,
Colt M. Black,Male,White,,,No,7/5/2022,Maya,"same substack site as others above, so need to check out authenticity...but: ""Was Joe Biden legitimately elected President of the United States in the November 2020 Election?"" ""Yes""",No,No,Maryland,7/19/2022,Representative,6,"3,789",7%,Lost,N/A,N/A,N/A,N/A,N/A,N/A,N/A,N/A,N/A,N/A,N/A,N/A,
Matthew Foldi,Male,White,,,N/A,7/6/2022,N/A (they are N/A),*emailed: has been tweeted at many times about this question; he is very aligned with some close trump allies,No,No,Maryland,7/19/2022,Representative,6,"7,497",15%,Lost,N/A,N/A,N/A,N/A,N/A,N/A,N/A,N/A,N/A,N/A,N/A,N/A,
Jonathan Jenkins,Male,White,,,?,3/10/2023,Nathaniel,"from his website: ""We know massive voter fraud was committed in the 2020 U.S. presidential election and will be committed again if precautions are not made.""",No,No,Maryland,7/19/2022,Representative,6,"3,406",7%,Lost,N/A,N/A,N/A,N/A,N/A,N/A,N/A,N/A,N/A,N/A,N/A,N/A,
Neil C. Parrott,Male,White,,,No,12/1/2022,N/A (checked against interactive),"Mr. Parrott passes the litmus test for earning our endorsement, which is that he acknowledges Joe Biden is the legitimate president and condemns the violence on Jan. 6, 2021.",No,No,Maryland,7/19/2022,Representative,6,"31,665",63%,Won,N/A,N/A,N/A,N/A,N/A,N/A,N/A,N/A,N/A,N/A,N/A,N/A,
Robert Poissonnier,Male,White,,,Yes,3/10/2023,Kaleigh,"screenshot of attached post on his FB account, and this twitter account appears to be him too",No,No,Maryland,7/19/2022,Representative,6,400,1%,Lost,N/A,N/A,N/A,N/A,N/A,N/A,N/A,N/A,N/A,N/A,N/A,N/A,
Mariela Roca,Female,Latino (Puerto Rican),,,N/A,7/5/2022,Maya,"lots of allusions on her social media pages, but this is the most direct/fleshed out version, re general voter fraud concerns",No,No,Maryland,7/19/2022,Representative,6,"3,858",8%,Lost,N/A,N/A,N/A,N/A,N/A,N/A,N/A,N/A,N/A,N/A,N/A,N/A,
Ray Bly,Male,White,,,N/A,7/5/2022,N/A (they are N/A),"this guy is super out there - is still officially using his website from 2016, but there are no changes. he does have long ramblings on YT/FB and i've listened to a few, but it's nothing super logical, let alone relevant here... ",No,No,Maryland,7/19/2022,Representative,7,"1,271",15%,Lost,N/A,N/A,N/A,N/A,N/A,N/A,N/A,N/A,N/A,N/A,N/A,N/A,
Scott M. Collier,Male,White,,,Yes,12/1/2022,N/A (checked against interactive),his personal FB cover photo says it all,No,No,Maryland,7/19/2022,Representative,7,"2,873",35%,Won,N/A,N/A,N/A,N/A,N/A,N/A,N/A,N/A,N/A,N/A,N/A,N/A,
Michael Pearson,Male,Unknown,,,N/A,7/5/2022,N/A (they are N/A),"zero traceable digital footprint, not even an email",No,No,Maryland,7/19/2022,Representative,7,"1,906",23%,Lost,N/A,N/A,N/A,N/A,N/A,N/A,N/A,N/A,N/A,N/A,N/A,N/A,
Lorrie A. Sigley,Female,Unknown,,,Yes,3/10/2023,Nathaniel,"again, same substack site as with Davis (Senate) and Hoffman (MD-05), so need to check out authenticity...but: ""Was Joe Biden legitimately elected President of the United States in the November 2020 Election?"" ""No""",No,No,Maryland,7/19/2022,Representative,7,"2,245",27%,Lost,N/A,N/A,N/A,N/A,N/A,N/A,N/A,N/A,N/A,N/A,N/A,N/A,
Gregory Thomas Coll,Male,White,,,N/A,12/1/2022,N/A (checked against interactive),"when asked by Baltimore Sun about Electoral Count Act, he said ""refer to gregorycoll.com,"" except gregorycoll.com has zero mentions of anything related to election integrity (even in the broadest of ways)",No,No,Maryland,7/19/2022,Representative,8,"11,445",84%,Won,N/A,N/A,N/A,N/A,N/A,N/A,N/A,N/A,N/A,N/A,N/A,N/A,
Michael Mihirate Yadeta,Male,Black (Ethiopian),,,Declined to answer,3/10/2023,Kaleigh,gave a non answer about ECA to the Baltimore Sun and there was nothing else to be found,No,No,Maryland,7/19/2022,Representative,8,"2,245",16%,Lost,N/A,N/A,N/A,N/A,N/A,N/A,N/A,N/A,N/A,N/A,N/A,N/A,
Dan Cox,Male,White,,,Yes,12/1/2022,N/A (checked against interactive),"helped organize buses to Jan 6 rally to ""#StoptheSteal"" ",No,No,Maryland,7/19/2022,Governor,N/A,"153,423",52%,Won,N/A,N/A,N/A,Yes,11/22/2021,N/A,N/A,N/A,N/A,N/A,N/A,N/A,
Robin Ficker,Male,White,,,N/A,7/6/2022,N/A (they are N/A),*we should email,No,No,Maryland,7/19/2022,Governor,N/A,"8,268",3%,Lost,N/A,N/A,N/A,No,N/A,N/A,N/A,N/A,N/A,N/A,N/A,N/A,
Kelly Schulz,Female,White,,,N/A,7/6/2022,Maya,"*we should email: not sure about this one. all the coverage posits her as the moderate, reasonable antidote to 2020-theorist-loving Cox, but i haven't found any evidence of her speaking out explicitly against voter fraud claims - only has repeated that Cox's theories and stances as a whole are dangerous. she also pulled out of a debate, although the reason isn't clear...",No,No,Maryland,7/19/2022,Governor,N/A,"128,302",43%,Lost,N/A,N/A,N/A,No,N/A,N/A,N/A,N/A,N/A,N/A,N/A,N/A,
Joe Werner,Male,White,,,N/A,7/6/2022,N/A (they are N/A),*we should email,No,No,Maryland,7/19/2022,Governor,N/A,"5,075",2%,Lost,N/A,N/A,N/A,No,N/A,N/A,N/A,N/A,N/A,N/A,N/A,N/A,
Mark Brnovich,Male,White (Serbian),,,?,3/10/2023,Nathaniel,continues to pedal concerns about election fraud in AZ as state AG despite investigations turning up nothing,No,No,Arizona,8/2/2022,Senator,N/A,"144,092",18%,Lost,N/A,N/A,N/A,No,N/A,No,N/A,N/A,N/A,N/A,N/A,N/A,
Jim Lamon,Male,White,,,Yes,3/10/2023,Kaleigh,"pushed for recounting in Arizona, falsely claimed to be an Arizon elector officials saying he would able to cast an electoral vote for DJT; tweeted about ballot stuffing in Maricopa and Yuma counties",No,No,Arizona,8/2/2022,Senator,N/A,"228,467",28%,Lost,N/A,N/A,N/A,No,N/A,No,N/A,N/A,N/A,N/A,N/A,N/A,
Blake Masters,Male,White,,,Yes,12/1/2022,N/A (checked against interactive),"LATimes: coverage of Masters beliefs, including Trump's endorsement lauding Masters for believing in the ""Crime of the Century""",No,No,Arizona,8/2/2022,Senator,N/A,"327,198",40%,Won,N/A,N/A,N/A,Yes,6/2/2022,Yes,N/A,N/A,N/A,N/A,N/A,N/A,
"Michael ""Mick"" McGuire",Male,White,,,No,7/19/2022,Maya,reiterated his belief in AZ's safe voting system,No,No,Arizona,8/2/2022,Senator,N/A,"71,100",9%,Lost,N/A,N/A,N/A,No,N/A,No,N/A,N/A,N/A,N/A,N/A,N/A,
Justin Olson,Male,White,,,Declined to answer,3/10/2023,Nathaniel,"gave a long non-answer, as referenced in an editiorial published in AZ Central",No,No,Arizona,8/2/2022,Senator,N/A,"41,985",5%,Lost,N/A,N/A,N/A,No,N/A,No,N/A,N/A,N/A,N/A,N/A,N/A,
Josh Barnett,Male,White,,,Yes,3/10/2023,Kaleigh,"continung to tweet very clear stances: example 1, example 2, example 3  (he really has an issue with Wisconsin)",No,Yes,Arizona,8/2/2022,Representative,1,"27,999",23%,Lost,N/A,N/A,N/A,N/A,N/A,N/A,N/A,N/A,N/A,N/A,N/A,N/A,
Elijah Norton,Male,White,,,?,7/19/2022,Maya,"facebook post: ""As American people, we should have confidence in our elections always being secure and fair. That is why we must continue the fight against election fraud and restore election integrity. In Congress, I will work to make it easier to vote and harder to cheat."" + similar rambling claims on his camapign site, though without a statement that Trump won (at least from what I could find)",No,Yes,Arizona,8/2/2022,Representative,1,"39,435",33%,Lost,N/A,N/A,N/A,N/A,N/A,N/A,N/A,N/A,N/A,N/A,N/A,N/A,
David Schweikert,Male,White,,,Yes,12/1/2022,N/A (checked against interactive),voted against certifying Biden electoral win,Yes,No,Arizona,8/2/2022,Representative,1,"52,067",44%,Won,N/A,N/A,N/A,N/A,N/A,N/A,N/A,N/A,N/A,N/A,N/A,N/A,
"Walter ""Walt"" Blackman",Male,Black,,,Yes,3/10/2023,Nathaniel,"Has tweeted 2020 election was stolen. local paper the Cooper Courier: ""Blackman signed on to a letter to Congress asking them to accept 11 “alternate” electoral votes for Trump or to have all of the state’s Had electoral votes “nullified completely until a full forensic audit can be conducted."""" & ""Following the 2020 election, Blackman sent an email to constituents suggesting that the Arizona Legislature might step in to change the state’s 11 Electoral College votes to then-President Donald Trump despite Joe Biden’s win.""",No,No,Arizona,8/2/2022,Representative,2,"26,399",24%,Lost,N/A,N/A,N/A,No,N/A,N/A,N/A,N/A,N/A,N/A,N/A,N/A,
Eli Crane,Male,White,,,Yes,12/1/2022,N/A (checked against interactive),"been tweeting a lot, (from personal accocunt, not official campaign one) as covered by WaPo: ""Now, of the 32 candidates identified so far by the “Young Guns” program as having promise in the 2022 cycle, at least 12 have embraced the new Republican orthodoxy that fraud tainted the 2020 election. One of them, former Navy SEAL Eli Crane of Arizona, used Twitter to call on his state legislature to decertify the election and demand a criminal investigation.""",No,No,Arizona,8/2/2022,Representative,2,"38,681",36%,Won,N/A,N/A,N/A,Yes,7/22/2022,N/A,N/A,N/A,N/A,N/A,N/A,N/A,
Mark DeLuzio,Male,White (Italian),,,?,3/10/2023,Kaleigh,"hasn't explicitly said Biden or Trump is the true winner but his campaign website says: ""Sloppy, irregular, and unlawful procedures led to crisis and conflict after the 2020 elections.""",No,No,Arizona,8/2/2022,Representative,2,"18,515",17%,Lost,N/A,N/A,N/A,No,N/A,N/A,N/A,N/A,N/A,N/A,N/A,N/A,
Steven Krystofiak,Male,White,,,Declined to answer,3/10/2023,Nathaniel,"""I can have a frank and candid off the record conversation with you next week starting august 3rd. It might help with background that you’ll need for your coverage for the general election.""",No,No,Arizona,8/2/2022,Representative,2,"5,905",5%,Lost,N/A,N/A,N/A,No,N/A,N/A,N/A,N/A,N/A,N/A,N/A,N/A,
John Moore,Male,White,,,N/A,3/10/2023,Kaleigh,nothing explicit about who won but a very long proposal about election integrity and voting reform on his campaign website; wants independent commissions in every state,No,No,Arizona,8/2/2022,Representative,2,"7,327",7%,Lost,N/A,N/A,N/A,No,N/A,N/A,N/A,N/A,N/A,N/A,N/A,N/A,
Ron Watkins,Male,Asian (Korean),White,,Yes,7/15/2022,Maya,via VICE: he was a huge player in spreading QAnon election conspiracy theories,No,No,Arizona,8/2/2022,Representative,2,"3,810",4%,Lost,N/A,N/A,N/A,No,N/A,N/A,N/A,N/A,N/A,N/A,N/A,N/A,
Andy Yates,Male,White,,,No,3/10/2023,Nathaniel,local coverage reporting he said the election was not stolen + there are other reports saying he's the only candidate in his race not pedalling any claims,No,No,Arizona,8/2/2022,Representative,2,"7,467",7%,Lost,N/A,N/A,N/A,No,N/A,N/A,N/A,N/A,N/A,N/A,N/A,N/A,
Jeff Zink,Male,White,,,Yes,12/1/2022,N/A (checked against interactive),"he pedalled theories but most importantly, he participated in Jan 6; tweeted about stolen election",No,No,Arizona,8/2/2022,Representative,3,"13,894",100%,Won,N/A,N/A,N/A,N/A,N/A,N/A,N/A,N/A,N/A,N/A,N/A,N/A,
Kelly Cooper,Male,White,,,?,12/1/2022,N/A (checked against interactive),"nothing explicit about who won but a very long proposal about election integrity and voting reform on his campaign website, including specific mentions of the problems in Arizona in 2020",No,No,Arizona,8/2/2022,Representative,4,"20,281",28%,Won,N/A,N/A,N/A,N/A,N/A,N/A,N/A,N/A,No,No,No,No,
Jerone Davison,Male,Black,,,Yes,3/10/2023,Kaleigh,his campaign website inclues a long walk through of why we should believe fraud existed in 2020 - more than just the usual calls for integrity or pedalling of claims,No,No,Arizona,8/2/2022,Representative,4,"9,502",13%,Lost,N/A,N/A,N/A,N/A,N/A,N/A,N/A,N/A,No,No,No,No,
Dave Giles,Male,White,,,Yes,7/19/2022,Maya,"a lot of tweets about fraud, support recounts/audits, etc. ",No,No,Arizona,8/2/2022,Representative,4,"13,348",19%,Lost,N/A,N/A,N/A,N/A,N/A,N/A,N/A,N/A,No,No,No,No,
Rene Lopez,Male,Latino,,,N/A,7/19/2022,N/A (they are N/A),nothing to be found re his views on the issue,No,No,Arizona,8/2/2022,Representative,4,"10,149",14%,Lost,N/A,N/A,N/A,N/A,N/A,N/A,N/A,N/A,No,No,No,No,
Tanya Contreras Wheeless,Female,Latino,,,N/A,7/19/2022,N/A (they are N/A),"nothing beside a very broad statement in passing on her website: ""She is a fierce supporter of federalism and will vigorously oppose the federal takeover of our elections.""",No,No,Arizona,8/2/2022,Representative,4,"18,166",25%,Lost,N/A,N/A,N/A,N/A,N/A,N/A,N/A,N/A,Yes,Yes,Yes,Yes,
Andy Biggs,Male,White,,,Yes,12/1/2022,N/A (checked against interactive),voted against certifying Biden electoral win,Yes,No,Arizona,8/2/2022,Representative,5,"98,114",100%,Won,N/A,N/A,N/A,N/A,N/A,N/A,N/A,No,N/A,N/A,N/A,N/A,
Juan Ciscomani,Male,Latino,,,N/A,12/1/2022,N/A (checked against interactive),"USC Annenberg includes him in a list of ""some of the many Republican voices hinting at a rigged election"" but not explaining further: ""These candidates have all cast doubt on the legitimacy of 2020 elections at some stage in their campaigns, either overtly or indirectly. But when an Annenberg Media reporter attempted to learn more and ask specific questions about their positions, none agreed to explain why.""  All we could find was references to election integrity, though.",No,No,Arizona,8/2/2022,Representative,6,"49,559",47%,Won,N/A,N/A,N/A,N/A,N/A,N/A,Yes,N/A,N/A,N/A,N/A,N/A,
Lucretia Free,Female,Black,,,N/A,7/19/2022,N/A (they are N/A),nothing to be found re her views on the issue,No,No,Arizona,8/2/2022,Representative,6,"5,029",5%,Lost,N/A,N/A,N/A,N/A,N/A,N/A,No,N/A,N/A,N/A,N/A,N/A,
Brandon Martin,Male,White,,,Yes,3/10/2023,Nathaniel,statement from Dec 2020 calling for an audit and discussing a steal,No,No,Arizona,8/2/2022,Representative,6,"21,987",21%,Lost,N/A,N/A,N/A,N/A,N/A,N/A,No,N/A,N/A,N/A,N/A,N/A,
Young Mayberry,Male,White,,,N/A,7/19/2022,N/A (they are N/A),"from his personal FB page, saying a PA recount won't change the outcome but should be investigated for fraud anyway: ""Although PA may not be necessary for a 269 to 269 Electoral vote tie which will cause the election to be sent to the House, it is imperative that the crooks in PA still be brought to justice to avoid the same crimes being committed in a future election.  Hold EVERYBODY accountable NOW!""",No,No,Arizona,8/2/2022,Representative,6,"8,942",9%,Lost,N/A,N/A,N/A,N/A,N/A,N/A,No,N/A,N/A,N/A,N/A,N/A,
Kathleen Winn,Female,White,,,?,3/10/2023,Kaleigh,"profiled in NPR as saying, ""I think we are still one of the few countries that - it was founded on fair elections and freedom. And I hope that that continues through this presidency and that Joe Biden and Kamala Harris have a successful presidency because, ultimately, that'll be success for our country."" Lists ""election integrity"" on her campaign page, tweeted about election integrity and 2000 Mules",No,No,Arizona,8/2/2022,Representative,6,"19,635",19%,Lost,N/A,N/A,N/A,N/A,N/A,N/A,No,N/A,N/A,N/A,N/A,N/A,
"Nina ""La Nina"" Becker",Female,Unknown,,,N/A,7/19/2022,N/A (they are N/A),"no stance on the issue - if anything, she's being investigated for fraud herself with regards to her own campaign ",No,No,Arizona,8/2/2022,Representative,7,"9,064",31%,Lost,N/A,N/A,N/A,N/A,N/A,N/A,N/A,N/A,N/A,N/A,N/A,N/A,
Luis Pozzolo,Male,Latino (Uruguayan),,,?,12/1/2022,N/A (checked against interactive),"posting/resharing a lot of tweets decrying election fraud + praising recount efforts, but nothing explicitly saying election was stolen",No,No,Arizona,8/2/2022,Representative,7,"20,413",69%,Won,N/A,N/A,N/A,N/A,N/A,N/A,N/A,N/A,N/A,N/A,N/A,N/A,
Debbie Lesko,Female,White,,,Yes,12/1/2022,N/A (checked against interactive),voted against certifying Biden electoral win,Yes,No,Arizona,8/2/2022,Representative,8,"100,629",100%,Won,N/A,N/A,N/A,Yes,3/15/2022,N/A,N/A,N/A,N/A,Yes,Yes,N/A,
Sandra E. Dowling,Female,White,,,N/A,7/19/2022,N/A (they are N/A),"no real stance on the issue - her campaign website mentions securitng election integrity but mainly from the stance of not ""federalizing"" elections",No,Yes,Arizona,8/2/2022,Representative,9,"8,851",9%,Lost,N/A,N/A,N/A,No,N/A,N/A,N/A,N/A,N/A,N/A,N/A,N/A,
Paul Gosar,Male,White,,,Yes,12/1/2022,N/A (checked against interactive),"CNN: discussing ""Arizona Republican Rep. Paul Gosar's continued efforts to push conspiracy theories that the 2020 presidential election was stolen from Trump even after an audit confirmed Biden's victory in his state.""",Yes,No,Arizona,8/2/2022,Representative,9,"67,340",66%,Won,N/A,N/A,N/A,Yes,11/18/2021,N/A,N/A,No,N/A,N/A,N/A,N/A,
Randy Kutz,Male,White,,,?,7/19/2022,Maya,he has a whole video on his FB page about this (i'm not sure re the best practice of downloading embedded FB videos but it is linked here),No,Yes,Arizona,8/2/2022,Representative,9,"13,387",13%,Lost,N/A,N/A,N/A,No,N/A,N/A,N/A,N/A,N/A,N/A,N/A,N/A,
Adam Morgan,Male,White,,,No,3/10/2023,Nathaniel,"I don't see a clear cut answer but the siblings of his opponent (Gosar) has endorsed Morgan after citing their brother's ""extremist views and his involvement in the Jan. 6 insurrection, which have been discussed in the congressional hearings""...so this appears to at least leaning toward a ""no?"" I think. COnfirmed via NYT -- he said he's seen no evidencce the election was stolen",No,Yes,Arizona,8/2/2022,Representative,9,"12,508",12%,Lost,N/A,N/A,N/A,No,N/A,N/A,N/A,N/A,N/A,N/A,N/A,N/A,
Kari Lake,Female,White,,,Yes,12/1/2022,N/A (checked against interactive),"Politico: she ""has echoed Trump’s ongoing lie that the election was stolen and made it the centerpiece of her campaign""; already tweeting about stolen 2022 elections",No,No,Arizona,8/2/2022,Governor,N/A,"398,860",48%,Won,N/A,N/A,N/A,Yes,9/28/2021,N/A,N/A,N/A,N/A,N/A,N/A,N/A,
Scott Neely,Male,White,,,Yes,3/10/2023,Kaleigh,"AZ Central: ""Neely said he believed the 2020 election was stolen based on watching the widely debunked film ""2000 Mules,"" the outcome of the Arizona Senate ballot review and another false theory that more people voted nationally in 2020 than are registered to vote.""",No,No,Arizona,8/2/2022,Governor,N/A,"25,876",3%,Lost,N/A,N/A,N/A,No,N/A,N/A,N/A,N/A,N/A,N/A,N/A,N/A,
Matt Salmon,Male,White,,,Yes,7/19/2022,Maya,"(note: he has since suspended his campaign, but) lots of tweets about Maricopa Country and fraud; supports AZ state audit and echoes many of Trump's specific allegations about issues in the state",No,No,Arizona,8/2/2022,Governor,N/A,"30,704",4%,Lost,N/A,N/A,N/A,No,N/A,N/A,N/A,N/A,N/A,N/A,N/A,N/A,Dropped out 6/28/22
Karrin Taylor Robson,Female,White,,,Yes,3/10/2023,Nathaniel,,No,No,Arizona,8/2/2022,Governor,N/A,"358,682",43%,Lost,N/A,N/A,N/A,No,N/A,N/A,N/A,N/A,N/A,N/A,N/A,N/A,
"Paola ""Z."" Tulliani-Zen",Female,White (Italian),,,?,3/10/2023,Kaleigh,"has a whole litany of election integrity reforms on her campaign website but AZ Central wrote: ""Tulliani-Zen said she believes Donald Trump won based on the attendance at his events but notes she hasn't seen concrete evidence of his victory. Dozens of lawsuits have not found widespread fraud, and the state Senate's ballot review has confirmed Joe Biden's win.""

Responded to ABC with: ""From what we can see here, we believe it was mismanaged. And there hasn’t been a leader that has resolved this efficiently so we can move past it, because this is dividing our country. When I am Governor, we will move on. But I will make sure it has been fully resolved so that all voters can have confidence in our election process.""",No,No,Arizona,8/2/2022,Governor,N/A,"17,281",2%,Lost,N/A,N/A,N/A,No,N/A,N/A,N/A,N/A,N/A,N/A,N/A,N/A,
Joan Farr,Female,White,,,Yes,7/15/2022,Maya,eleborating on election recount fraud claims in great detail like discussing how to get Trump back into office even before 2024; twitter bio said election fraud inspired her to run in 2022; also tweeted favorably about Trump's claims fraud,No,Yes,Kansas,8/2/2022,Senator,N/A,"93,016",20%,Lost,N/A,N/A,N/A,No,N/A,N/A,No,N/A,N/A,N/A,N/A,N/A,
Jerry Moran,Male,White,,,No,12/1/2022,N/A (checked against interactive),"in WaPo: ""“Every indication that I know of is that Joe Biden is the president-elect,” Moran said on Nov. 24. He has also called on the country to acknowledge Biden’s legitimacy. “We cannot afford to spend the next four years divided over who won the election or denying the legitimacy of the president as was the case for President Trump throughout his presidency,” he said. “Sen. Moran stated that President Trump has the right to request recounts and utilize the courts to determine the integrity of the election,” a spokesman told The Post""",Yes,No,Kansas,8/2/2022,Senator,N/A,"383,332",80%,Won,N/A,N/A,N/A,Yes,2/25/2021,N/A,Yes,N/A,N/A,N/A,N/A,N/A,
Tracey Mann,Male,White,,,Yes,12/1/2022,N/A (checked against interactive),voted against certifying Biden electoral win,Yes,No,Kansas,8/2/2022,Representative,1,"117,899",100%,Won,N/A,N/A,N/A,Yes,6/16/2022,N/A,N/A,N/A,N/A,N/A,N/A,N/A,
Jake LaTurner,Male,White,,,Yes,12/1/2022,N/A (checked against interactive),voted against certifying Biden electoral win,Yes,No,Kansas,8/2/2022,Representative,2,"94,578",100%,Won,N/A,N/A,N/A,N/A,N/A,N/A,N/A,N/A,N/A,N/A,N/A,N/A,
Amanda L. Adkins,Female,White,,,Declined to answer,12/1/2022,N/A (checked against interactive),USC Annenberg named her as someone floating theories but her campaign requested a correction and then refused to give a stance,No,No,Kansas,8/2/2022,Representative,3,"96,896",77%,Won,N/A,N/A,N/A,N/A,N/A,N/A,Yes,N/A,Yes,Yes,Yes,Yes,
John A. McCaughrean,Male,White,,,?,3/15/2023,Nathaniel,he hasn't mentioned it a lot but he did tweet about the state of the nation and hastagging #2000Mules,No,No,Kansas,8/2/2022,Representative,3,"28,573",23%,Lost,N/A,N/A,N/A,N/A,N/A,N/A,No,N/A,No,No,No,No,
Ron Estes,Male,White,,,Yes,12/1/2022,N/A (checked against interactive),voted against certifying Biden electoral win,Yes,No,Kansas,8/2/2022,Representative,4,"102,915",100%,Won,N/A,N/A,N/A,N/A,N/A,N/A,N/A,N/A,N/A,N/A,N/A,N/A,
Arlyn Briggs,Male,White,,,No?,3/10/2023,Kaleigh,"little digital presence but he his campaign facebook account has reshared posts from his personal account, on which there are a lot of posts pedalling general conspiracy theories about fraud, although he did say in Nov 2020 that Biden won",No,No,Kansas,8/2/2022,Governor,N/A,"89,898",19%,Lost,N/A,N/A,N/A,No,N/A,N/A,N/A,N/A,N/A,N/A,N/A,N/A,
Derek Schmidt,Male,White,,,?,12/1/2022,N/A (checked against interactive),in 2020 and again recently has said that Kansas elections are fair and secure but supported suits in PA and TX for recounts - not 100% about this one // From Maya: I think this is fair based on signing onto the Dec. 2020 Paxton suit seeking to nullify results,No,No,Kansas,8/2/2022,Governor,N/A,"373,524",81%,Won,N/A,N/A,N/A,Yes,1/3/2022,N/A,N/A,N/A,N/A,N/A,N/A,N/A,
Jack Bergman,Male,White,,,Yes,12/1/2022,N/A (checked against interactive),voted against certifying Biden electoral win,Yes,No,Michigan,8/2/2022,Representative,1,"111,911",100%,Won,N/A,N/A,N/A,N/A,N/A,N/A,N/A,N/A,N/A,N/A,N/A,N/A,
John Moolenaar,Male,White,,,No?,12/1/2022,N/A (checked against interactive),voted to certify Biden but also signed onto TX lawsuit to delay electoral college votes and has since pedalled some election integrity doubt,Yes,No,Michigan,8/2/2022,Representative,2,"77,394",65%,Won,N/A,N/A,N/A,Yes,2/9/2022,N/A,N/A,N/A,N/A,N/A,N/A,N/A,
Thomas J. Norton,Male,White,,,Yes,7/19/2022,Maya,many tweets about election fraud (although also those saying he has believe there has been election fraud pre-2020 too),No,Yes,Michigan,8/2/2022,Representative,2,"41,273",35%,Lost,N/A,N/A,N/A,No,N/A,N/A,N/A,N/A,N/A,N/A,N/A,N/A,
John Gibbs,Male,Black,,,?,12/1/2022,N/A (checked against interactive),"CNN: ""Republican Michigan congressional candidate John Gibbs is falsely claiming that the 2020 election results could not possibly be correct -- and citing irrelevant statistical tidbits as his supposed evidence."" He doesn't say it was stolen, but he is raising questions. Seems like a solid ? to me",No,Yes,Michigan,8/2/2022,Representative,3,"54,136",52%,Won,N/A,N/A,N/A,Yes,11/15/2021,N/A,N/A,No,N/A,N/A,N/A,N/A,
Peter Meijer,Male,White,,,No,3/15/2023,Nathaniel,"voted to impeach Trump after Jan 6 and has disagreed with opponent Gibbs' claims of 2020 fraud. Said there was no evidence to support claims of election fraud, acknowledged Biden as president-elect in an opinion",Yes,No,Michigan,8/2/2022,Representative,3,"50,440",48%,Lost,N/A,N/A,N/A,No,N/A,N/A,N/A,Yes,N/A,N/A,N/A,N/A,
Bill Huizenga,Male,White,,,No?,12/1/2022,N/A (checked against interactive),voted to certify Biden but also signed onto TX lawsuit to delay electoral college votes,Yes,No,Michigan,8/2/2022,Representative,4,"88,851",100%,Won,N/A,N/A,N/A,Yes,3/11/2022,N/A,N/A,N/A,N/A,N/A,N/A,N/A,
Sherry O'Donnell,Female,White,,,Yes,3/10/2023,Kaleigh,reiterated her stance on her campaign fb page and suggested people watch 2000 Mules to understand her take,No,Yes,Michigan,8/2/2022,Representative,5,"32,886",33%,Lost,N/A,N/A,N/A,No,N/A,N/A,N/A,N/A,N/A,N/A,N/A,N/A,
Tim Walberg,Male,White,,,Yes,12/1/2022,N/A (checked against interactive),voted against certifying Biden electoral win,Yes,No,Michigan,8/2/2022,Representative,5,"67,582",67%,Won,N/A,N/A,N/A,Yes,7/19/2022,N/A,N/A,N/A,N/A,N/A,N/A,N/A,
Hima Kolanagireddy,Female,Asian (Indian),,,Yes,3/15/2023,Nathaniel,"WaPo: she spoke as a witness, called on by Giuliani, to allege voter fraud in Michigan during a hearing in Lansing. Testimony viewable here. ",No,No,Michigan,8/2/2022,Representative,6,"26,371",46%,Lost,N/A,N/A,N/A,N/A,N/A,N/A,N/A,N/A,N/A,N/A,N/A,N/A,
Whittney Williams,Female,Asian (Taiwanese),,,N/A,12/1/2022,N/A (checked against interactive),found no record of her stance on the issue - she's run a more lowkey campaign compared to her opponents,No,No,Michigan,8/2/2022,Representative,6,"30,564",54%,Won,N/A,N/A,N/A,N/A,N/A,N/A,N/A,N/A,N/A,N/A,N/A,N/A,
Tom Barrett,Male,White,,,?,12/1/2022,N/A (checked against interactive),"local MLive coverage: ""State Sen. Tom Barrett, R-Charlotte, is one of the Michigan senators who signed a letter sent to Congress to investigate election fraud claims.""",No,No,Michigan,8/2/2022,Representative,7,"75,491",96%,Won,N/A,N/A,N/A,N/A,N/A,N/A,Yes,N/A,N/A,N/A,N/A,N/A,
Paul Junge,Male,White,,,N/A,12/1/2022,N/A (checked against interactive),nothing to be found re his stance on this issue,No,No,Michigan,8/2/2022,Representative,8,"42,363",54%,Won,N/A,N/A,N/A,N/A,N/A,N/A,Yes,N/A,N/A,N/A,N/A,N/A,
Candice Miller,Female,White,,,N/A,7/19/2022,N/A (they are N/A),nothing to be found - it's also really hard to google her because she has a limited digital footprint but the exact same name as a previous MI Rep,No,No,Michigan,8/2/2022,Representative,8,"17,879",23%,Lost,N/A,N/A,N/A,N/A,N/A,N/A,No,N/A,N/A,N/A,N/A,N/A,
Matthew Seely,Male,White,,,Yes,3/10/2023,Kaleigh,helped push forward legal action alleging 2020 election fraud in Michigan,No,No,Michigan,8/2/2022,Representative,8,"18,658",24%,Lost,N/A,N/A,N/A,N/A,N/A,N/A,No,N/A,N/A,N/A,N/A,N/A,
Michelle R.E. Donovan,Female,White,,,Yes,7/15/2022,Maya,"Detroit Free Press says she ""approves of McClain's efforts to deny certification of Biden's election victory""; her website says more than 2.8 deceased voters were on voter rolls in 2020 and that opened door for abuse",No,Yes,Michigan,8/2/2022,Representative,9,"26,215",21%,Lost,N/A,N/A,N/A,No,N/A,N/A,N/A,N/A,N/A,No,No,N/A,
Lisa McClain,Female,White,,,Yes,12/1/2022,N/A (checked against interactive),voted against certifying Biden electoral win,Yes,No,Michigan,8/2/2022,Representative,9,"97,017",79%,Won,N/A,N/A,N/A,Yes,2/7/2022,N/A,N/A,N/A,N/A,Yes,Yes,N/A,
John James,Male,Black,,,?,12/1/2022,N/A (checked against interactive),"he has pedalled a lot of theories about election fraud in 2020, although predominantly regarding his own 2020 race (that he lost...he did eventually concede, but not before spending weeks casting a ton of doubt on election integrity...definitely a bit torn on this one",No,No,Michigan,8/2/2022,Representative,10,"63,417",86%,Won,N/A,N/A,N/A,Yes,3/31/2022,N/A,Yes,N/A,N/A,N/A,N/A,N/A,
Tony Marcinkewciz,Male,White,,,Yes,3/15/2023,Nathaniel,"tweeted about Democrats spending money to rig elections in battleground states; tweeted there wasn't ""a free and fair election"". UPDATE: Twitter deleted, so I can't verify this",No,No,Michigan,8/2/2022,Representative,10,"10,079",14%,Lost,N/A,N/A,N/A,No,N/A,N/A,No,N/A,N/A,N/A,N/A,N/A,
Mark Ambrose,Male,White,,,No,12/1/2022,N/A (checked against interactive),"local magazine coverage: talks broad reforms about election integrity but ultimately does state, ""While Democrats questioned the validity of the 2016 election and Republicans questioned the results of the 2020 election – rule of law asserts we must accept the results of the elections of the past and work toward taking steps which will restore confidence in our electoral system in the future. "" -- doesn't directly affirm Biden as president but does say he accepts the results and wants to help build a more credible system. Election integrity stuff not enough for ""?""",No,No,Michigan,8/2/2022,Representative,11,"42,270",70%,Won,N/A,N/A,N/A,N/A,N/A,N/A,N/A,N/A,N/A,N/A,N/A,N/A,
Matthew DenOtter,Male,White,,,Declined to answer,3/10/2023,Kaleigh,"local magazine coverage: gave a non answer just broadly speaking about his reservations and the system needing reform. possibly a ? but i think because he was asked so pointedly when giving this response, its a Declined ",No,No,Michigan,8/2/2022,Representative,11,"17,702",30%,Lost,N/A,N/A,N/A,N/A,N/A,N/A,N/A,N/A,N/A,N/A,N/A,N/A,
Steven Elliott,Male,White,,,N/A,12/1/2022,N/A (checked against interactive),little digital footprint and mostly uses it to attack imcumbent Rashida,No,No,Michigan,8/2/2022,Representative,12,"14,431",53%,Won,N/A,N/A,N/A,N/A,N/A,N/A,N/A,N/A,N/A,N/A,N/A,N/A,
James Hooper,Male,White,,,?,7/15/2022,Maya,"local MLive coverage shows a photo captioned, ""James Hooper, middle, of Wayne County, talks with a capitol staff member in effort to have the delivery of about 7,000 signed affidavits signed for during a ""Let Freedom Ring"" rally and prayer in effort to start a forensic audit on the results of the 2020 election at the state capitol building""",No,No,Michigan,8/2/2022,Representative,12,"9,651",35%,Lost,N/A,N/A,N/A,N/A,N/A,N/A,N/A,N/A,N/A,N/A,N/A,N/A,
Hassan H. Nehme,Male,Middle Eastern ,,,N/A,7/19/2022,N/A (they are N/A),no record of speaking on the issue,No,No,Michigan,8/2/2022,Representative,12,"3,196",12%,Lost,N/A,N/A,N/A,N/A,N/A,N/A,N/A,N/A,N/A,N/A,N/A,N/A,
Martell D. Bivings,Male,Black,,,N/A,12/1/2022,N/A (checked against interactive),no record of speaking on the issue,No,No,Michigan,8/2/2022,Representative,13,"19,618",100%,Won,N/A,N/A,N/A,N/A,N/A,N/A,N/A,N/A,N/A,N/A,N/A,N/A,
Tudor M. Dixon,Female,White,,,Yes,12/1/2022,N/A (checked against interactive),"Detroit News coverage of a primary debate: "" ""How many of you believe the widespread election fraud was enough to swing the election for Biden?” Rebandt asked his competitors. Rebandt, Kelley, Dixon and Soldano raised their hands to agree with Rebandt's questions. """,No,No,Michigan,8/2/2022,Governor,N/A,"436,350",40%,Won,N/A,N/A,N/A,Yes,7/29/2022,N/A,N/A,N/A,N/A,N/A,N/A,N/A,
Ryan D. Kelley,Male,White,,,Yes,3/15/2023,Nathaniel,"Detroit News coverage of a primary debate: "" ""How many of you believe the widespread election fraud was enough to swing the election for Biden?” Rebandt asked his competitors. Rebandt, Kelley, Dixon and Soldano raised their hands to agree with Rebandt's questions. """,No,No,Michigan,8/2/2022,Governor,N/A,"165,587",15%,Lost,N/A,N/A,N/A,No,N/A,N/A,N/A,N/A,N/A,N/A,N/A,N/A,
Ralph Rebandt,Male,White,,,Yes,3/10/2023,Kaleigh,"Detroit News coverage of a primary debate: "" ""How many of you believe the widespread election fraud was enough to swing the election for Biden?” Rebandt asked his competitors. Rebandt, Kelley, Dixon and Soldano raised their hands to agree with Rebandt's questions. """,No,No,Michigan,8/2/2022,Governor,N/A,"45,046",4%,Lost,N/A,N/A,N/A,No,N/A,N/A,N/A,N/A,N/A,N/A,N/A,N/A,
Kevin Rinke,Male,White,,,?,7/15/2022,Maya,"local MLive coverage re Rinke: ""he only one who didn’t claim Trump was the true winner of the 2020 election"" but in another MLive piece from last year, he was also reported to say, ""I’ll tell you that there were certainly election integrity problems that need to be addressed to preserve our republic, and, and to preserve the confidence in elections that’s required to preserve our republic”. Neither affirmed Biden nor thought Trump won. Brings up ""election integrity"" on his campaign page, directly referring to 2020. Has been running campaign ads about fixing voter fraud re dead people. ",No,No,Michigan,8/2/2022,Governor,N/A,"236,306",21%,Lost,N/A,N/A,N/A,No,N/A,N/A,N/A,N/A,N/A,N/A,N/A,N/A,
Garrett Soldano,Male,White,,,Yes,3/15/2023,Nathaniel,"Detroit News coverage of a primary debate: "" ""How many of you believe the widespread election fraud was enough to swing the election for Biden?” Rebandt asked his competitors. Rebandt, Kelley, Dixon and Soldano raised their hands to agree with Rebandt's questions. """,No,No,Michigan,8/2/2022,Governor,N/A,"192,442",18%,Lost,N/A,N/A,N/A,No,N/A,N/A,N/A,N/A,N/A,N/A,N/A,N/A,
Patrick A. Lewis,Male,White,,,N/A,7/19/2022,N/A (they are N/A),minimal digital presence; no mention of 2020 election views,No,No,Missouri,8/2/2022,Senator,N/A,"6,085",1%,Lost,N/A,N/A,N/A,No,N/A,N/A,N/A,N/A,N/A,No,No,N/A,
Eric Schmitt,Male,White,,,Yes,12/1/2022,N/A (checked against interactive),"Missouri Independent: ""Schmitt also participated in the legal fight to overturn the results of the 2020 election, joining Texas in its unsuccessful attempt to get the U.S. Supreme Court to intervene.""",No,No,Missouri,8/2/2022,Senator,N/A,"299,282",46%,Won,N/A,N/A,N/A,Yes,8/1/2022,N/A,N/A,N/A,N/A,No,No,N/A,
Billy Long,Male,White,,,Yes,3/10/2023,Kaleigh,voted against certifying Biden electoral win,No,No,Missouri,8/2/2022,Senator,N/A,"32,603",5%,Lost,N/A,N/A,N/A,No,N/A,N/A,N/A,N/A,N/A,No,No,N/A,
Eric Greitens,Male,White,,,Yes,7/15/2022,Maya,"Spectrum Local News headline: ""Without hard proof, Greitens promotes 2020 election fraud claims to boost 2022 Senate bid""",No,No,Missouri,8/2/2022,Senator,N/A,"124,155",19%,Lost,N/A,N/A,N/A,Yes,8/1/2022,N/A,N/A,N/A,N/A,No,No,N/A,
Bernie Mowinski,Male,White,,,Yes,3/15/2023,Nathaniel,a lot of incoherent tweets some of which promote election denying ,No,No,Missouri,8/2/2022,Senator,N/A,"1,602",0%,Lost,N/A,N/A,N/A,No,N/A,N/A,N/A,N/A,N/A,No,No,N/A,
C.W. Gardner,Male,White,,,N/A,7/15/2022,N/A (they are N/A),"no campaign website to be found, and i don't see anything relevant in his tweets. there also isn't much press on him",No,No,Missouri,8/2/2022,Senator,N/A,"2,044",0%,Lost,N/A,N/A,N/A,No,N/A,N/A,N/A,N/A,N/A,No,No,N/A,
Deshon Porter,Male,Black,,,N/A,7/15/2022,N/A (they are N/A),does not mention it on his campaign site and i can't find anything on twitter (he just rambles a lot there - 23.7k tweets) and there isn't a lot of press on him,No,No,Missouri,8/2/2022,Senator,N/A,"1,574",0%,Lost,N/A,N/A,N/A,No,N/A,N/A,N/A,N/A,N/A,No,No,N/A,
Vicky Hartzler,Female,White,,,Yes,3/10/2023,Kaleigh,voted against certifying Biden electoral win,No,No,Missouri,8/2/2022,Senator,N/A,"144,903",22%,Lost,N/A,N/A,N/A,No,N/A,N/A,N/A,N/A,N/A,Yes,Yes,N/A,
Dave Sims,Male,Black,,,N/A,7/15/2022,N/A (they are N/A),"does not mention it on his campaign site, no twitter acct to be found, and not a ton of press on him",No,No,Missouri,8/2/2022,Senator,N/A,"1,949",0%,Lost,N/A,N/A,N/A,No,N/A,N/A,N/A,N/A,N/A,No,No,N/A,
Mark McCloskey,Male,White,,,Yes,7/15/2022,Maya,"tweet: ""So, for my last Tweet, there is no question that the election was the result of massive fraud, there is no question that Donald Trump won the legitimate vote and there is no question that our freedom will be forever lost unless all patriots resist each attack on our liberty!""",No,No,Missouri,8/2/2022,Senator,N/A,"19,540",3%,Lost,N/A,N/A,N/A,No,N/A,N/A,N/A,N/A,N/A,No,No,N/A,
Eric McElroy,Male,White,,,N/A,7/15/2022,N/A (they are N/A),little digital presence beside twitter - he has retweeted a lot of stuff supporting election recount and fraud busting efforts,No,No,Missouri,8/2/2022,Senator,N/A,"2,805",0%,Lost,N/A,N/A,N/A,No,N/A,N/A,N/A,N/A,N/A,No,No,N/A,
Dennis Lee Chilton,Male,White,,,N/A,7/18/2022,N/A (they are N/A),almost no digital presence; no mention of 2020 election views,No,No,Missouri,8/2/2022,Senator,N/A,755,0%,Lost,N/A,N/A,N/A,No,N/A,N/A,N/A,N/A,N/A,No,No,N/A,
Robert Allen,Male,Unknown,,,N/A,7/18/2022,N/A (they are N/A),almost no digital presence; no mention of 2020 election views,No,No,Missouri,8/2/2022,Senator,N/A,"2,111",0%,Lost,N/A,N/A,N/A,No,N/A,N/A,N/A,N/A,N/A,No,No,N/A,
Dave Schatz,Male,White,,,N/A,7/18/2022,N/A (they are N/A),"has notably not mentioned Trump a lot on the campaign trail - he's been evoking Reagan as his inspiration...in any case, nothing on his views on the 2020 election",No,No,Missouri,8/2/2022,Senator,N/A,"7,509",1%,Lost,N/A,N/A,N/A,No,N/A,N/A,N/A,N/A,N/A,No,No,N/A,
Hartford Tunnell,Male,White,,,N/A,3/15/2023,Nathaniel,"an entire section on his campaign website is dedicated to elucidating how likely it may be that digital election software/infrastructure lacks integrity; other than that he's not super journalistically covered or digitally active anywhere. UPDATE: Website has been taken down, so can't confirm.",No,No,Missouri,8/2/2022,Senator,N/A,637,0%,Lost,N/A,N/A,N/A,No,N/A,N/A,N/A,N/A,N/A,No,No,N/A,
Kevin C. Schepers,Male,Unknown,,,N/A,7/18/2022,N/A (they are N/A),almost no digital presence; no mention of 2020 election views,No,No,Missouri,8/2/2022,Senator,N/A,681,0%,Lost,N/A,N/A,N/A,No,N/A,N/A,N/A,N/A,N/A,No,No,N/A,
Rickey Joiner,Male,Black,,,No,3/10/2023,Kaleigh,""" No ,I don't think he won and No, I don't think the election was illegitimate.""",No,No,Missouri,8/2/2022,Senator,N/A,"1,084",0%,Lost,N/A,N/A,N/A,No,N/A,N/A,N/A,N/A,N/A,No,No,N/A,
Robert Olson,Male,Unknown,,,N/A,7/18/2022,N/A (they are N/A),almost no digital presence; no mention of 2020 election views,No,No,Missouri,8/2/2022,Senator,N/A,"1,081",0%,Lost,N/A,N/A,N/A,No,N/A,N/A,N/A,N/A,N/A,No,No,N/A,
Russel Pealer Breyfogle Jr.,Male,White,,,N/A,7/18/2022,N/A (they are N/A),almost no digital presence; no mention of 2020 election views,No,No,Missouri,8/2/2022,Senator,N/A,685,0%,Lost,N/A,N/A,N/A,No,N/A,N/A,N/A,N/A,N/A,No,No,N/A,
Darrell Leon McClanahan III,Male,White,,,N/A,7/18/2022,N/A (they are N/A),almost no digital presence; no mention of 2020 election views,No,No,Missouri,8/2/2022,Senator,N/A,"1,139",0%,Lost,N/A,N/A,N/A,No,N/A,N/A,N/A,N/A,N/A,No,No,N/A,
Curtis D. Vaughn,Male,White,,,N/A,7/18/2022,N/A (they are N/A),almost no digital presence; no mention of 2020 election views,No,No,Missouri,8/2/2022,Senator,N/A,"3,451",1%,Lost,N/A,N/A,N/A,No,N/A,N/A,N/A,N/A,N/A,No,No,N/A,
Steven Jordan,Male,Unknown,,,N/A,7/19/2022,N/A (they are N/A),almost no digital presence; no mention of 2020 election views,No,No,Missouri,8/2/2022,Representative,1,"5,153",32%,Lost,N/A,N/A,N/A,N/A,N/A,N/A,N/A,N/A,N/A,N/A,N/A,N/A,
Andrew Jones,Male,Black,,,N/A,12/1/2022,N/A (checked against interactive),no mention of it on his website; little other coverage of him,No,No,Missouri,8/2/2022,Representative,1,"6,937",42%,Won,N/A,N/A,N/A,N/A,N/A,N/A,N/A,N/A,N/A,N/A,N/A,N/A,
Laura Mitchell-Riley,Female,Unknown,,,N/A,7/19/2022,N/A (they are N/A),almost no digital presence; no mention of 2020 election views,No,No,Missouri,8/2/2022,Representative,1,"4,260",26%,Lost,N/A,N/A,N/A,N/A,N/A,N/A,N/A,N/A,N/A,N/A,N/A,N/A,
Ann Wagner,Female,White,,,No,12/1/2022,N/A (checked against interactive),"St. Louis Post-Dispatch: article has her quote saying, ""While I may not like the outcome of the election, that does not mean I can, nor should I, try to usurp the powers of the individual States of our republic. To allow Congress to alter the decided outcome of the election would irreparably damage our system of government and defy the Constitution.”",Yes,No,Missouri,8/2/2022,Representative,2,"54,440",67%,Won,N/A,N/A,N/A,N/A,N/A,N/A,N/A,N/A,N/A,Yes,Yes,N/A,
Tony Salvatore,Male,White,,,N/A,7/19/2022,N/A (they are N/A),minimal digital presence; no mention of 2020 election views,No,Yes,Missouri,8/2/2022,Representative,2,"12,516",15%,Lost,N/A,N/A,N/A,N/A,N/A,N/A,N/A,N/A,N/A,No,No,N/A,
Wesley Smith,Male,White,,,Yes,7/19/2022,Maya,"multiple social media posts, including this from his campaign facebook page",No,Yes,Missouri,8/2/2022,Representative,2,"7,317",9%,Lost,N/A,N/A,N/A,N/A,N/A,N/A,N/A,N/A,N/A,No,No,N/A,
Paul Berry III,Male,Black,,,?,3/15/2023,Nathaniel,he talks broadly about election integrity on his website and includes an 8 page piece of legislation he has apparently drafted to combat fraud (no mention of trump winning though). he did file a case in 2020 but only about local fraud,No,Yes,Missouri,8/2/2022,Representative,2,"6,888",8%,Lost,N/A,N/A,N/A,N/A,N/A,N/A,N/A,N/A,N/A,No,No,N/A,
Brandon Wilkinson,Male,White,,,?,3/10/2023,Kaleigh,"tweets casting doubt on integrity (including insinuating that counters covering up areas is a sign of ballot fraud); also a section on his website about election integrity that specifically mentions ""harvesting"" ... there is also controversy surrounding something he stated that only born citizens should vote",No,Yes,Missouri,8/2/2022,Representative,3,"15,796",17%,Lost,N/A,N/A,N/A,No,N/A,N/A,N/A,N/A,N/A,N/A,N/A,N/A,
Blaine Luetkemeyer,Male,White,,,Yes,12/1/2022,N/A (checked against interactive),voted against certifying Biden electoral win,Yes,No,Missouri,8/2/2022,Representative,3,"66,430",70%,Won,N/A,N/A,N/A,Yes,7/30/2022,N/A,N/A,N/A,N/A,N/A,N/A,N/A,
Dustin Hill,Male,White,,,N/A,7/19/2022,N/A (they are N/A),"talks about it on his website but no specific claims of what is wrong with the system or what can be done to reinstitute faith in elections, simply that there's a trust problem. don't think that is enough(?)",No,Yes,Missouri,8/2/2022,Representative,3,"11,610",12%,Lost,N/A,N/A,N/A,No,N/A,N/A,N/A,N/A,N/A,N/A,N/A,N/A,
Richard Skwira Jr.,Male,White,,,N/A,7/19/2022,N/A (they are N/A),almost no digital presence; no mention of 2020 election views,No,Yes,Missouri,8/2/2022,Representative,3,"1,616",2%,Lost,N/A,N/A,N/A,No,N/A,N/A,N/A,N/A,N/A,N/A,N/A,N/A,
"Jim ""Soupy"" Campbell",Male,White,,,N/A,7/19/2022,N/A (they are N/A),little to no campaign footprint online and has not engaged in any debates/forums with local press so nothing to be found,No,No,Missouri,8/2/2022,Representative,4,"4,642",4%,Lost,N/A,N/A,N/A,N/A,N/A,N/A,N/A,N/A,N/A,No,N/A,N/A,
Rick Brattin,Male,White,,,N/A,7/19/2022,N/A (they are N/A),did not find his stance on his issue,No,No,Missouri,8/2/2022,Representative,4,"22,509",21%,Lost,N/A,N/A,N/A,N/A,N/A,N/A,N/A,N/A,N/A,No,N/A,N/A,
"William ""Bill"" Irwin",Male,White,,,Declined to answer,3/15/2023,Nathaniel,KC Star says no candidate in this race who spoke with them would admit Biden won ,No,No,Missouri,8/2/2022,Representative,4,"9,648",9%,Lost,N/A,N/A,N/A,N/A,N/A,N/A,N/A,N/A,N/A,No,N/A,N/A,
Mark Alford,Male,White,,,?,12/1/2022,N/A (checked against interactive),"specifically calls to ""Fully investigate the 2020 election"" on the election integrity portion of his campaign website",No,No,Missouri,8/2/2022,Representative,4,"36,981",35%,Won,N/A,N/A,N/A,N/A,N/A,N/A,N/A,N/A,N/A,No,N/A,N/A,
Kalena Bruce,Female,White,,,Declined to answer,3/10/2023,Kaleigh,KC Star says no candidate in this race who spoke with them would admit Biden won ,No,No,Missouri,8/2/2022,Representative,4,"16,677",16%,Lost,N/A,N/A,N/A,N/A,N/A,N/A,N/A,N/A,N/A,Yes,N/A,N/A,
Taylor Burks,Male,White,,,Declined to answer,7/19/2022,Maya,"KC Star says no candidate in this race who spoke with them would admit Biden won - Burks was the only one who referred to him as ""President Biden"" but he still would not affirm the win",No,No,Missouri,8/2/2022,Representative,4,"10,624",10%,Lost,N/A,N/A,N/A,N/A,N/A,N/A,N/A,N/A,N/A,No,N/A,N/A,
Kyle Stonner LaBrue,Male,White,,,Declined to answer,3/15/2023,Nathaniel,KC Star says no candidate in this race who spoke with them would admit Biden won ,No,No,Missouri,8/2/2022,Representative,4,"4,026",4%,Lost,N/A,N/A,N/A,N/A,N/A,N/A,N/A,N/A,N/A,No,N/A,N/A,
Jerry W. Barham,Male,White,,,N/A,7/19/2022,N/A (they are N/A),little digital presence with no mention of the 2020 election,No,No,Missouri,8/2/2022,Representative,5,"13,246",33%,Lost,N/A,N/A,N/A,N/A,N/A,N/A,N/A,N/A,N/A,N/A,N/A,N/A,
Herschel L. Young,Male,White,,,N/A,7/19/2022,N/A (they are N/A),little digital presence with no mention of the 2020 election,No,No,Missouri,8/2/2022,Representative,5,"5,833",15%,Lost,N/A,N/A,N/A,N/A,N/A,N/A,N/A,N/A,N/A,N/A,N/A,N/A,
Jacob Turk,Male,White,,,?,12/1/2022,N/A (checked against interactive),"a litany of tweets from Nov 2020 talking about recounts, fraud, integrity + how Trump still has a chance after election was called, but they don't seem to rise to the level of Yes",No,No,Missouri,8/2/2022,Representative,5,"20,475",52%,Won,N/A,N/A,N/A,N/A,N/A,N/A,N/A,N/A,N/A,N/A,N/A,N/A,
Brandon Kleinmeyer,Male,White,,,N/A,7/19/2022,N/A (they are N/A),little digital presence with no mention of the 2020 election,No,Yes,Missouri,8/2/2022,Representative,6,"7,414",8%,Lost,N/A,N/A,N/A,No,N/A,N/A,N/A,N/A,N/A,N/A,N/A,N/A,
Dakota Shultz,Male,White,,,Yes,3/10/2023,Kaleigh,"multiple facebook posts casting doubt on the election, including an endorsement of 2000 Mules: ""In case you weren't aware of the mountain of evidence that the Left has been ignoring and trying to hide about our ""secure elections"". 2000Mules is a documentary that shows exactly how they stole the election and seated the current regime. The corruption has to stop! That's why I'm running for Congress, to fight this out of hand Tyranny. Join me in the fight to save our country at shultzforcongress.com""",No,Yes,Missouri,8/2/2022,Representative,6,"5,902",6%,Lost,N/A,N/A,N/A,No,N/A,N/A,N/A,N/A,N/A,N/A,N/A,N/A,
Sam Graves,Male,White,,,Yes,12/1/2022,N/A (checked against interactive),voted against certifying Biden electoral win,Yes,No,Missouri,8/2/2022,Representative,6,"72,996",76%,Won,N/A,N/A,N/A,Yes,7/30/2022,N/A,N/A,N/A,N/A,N/A,N/A,N/A,
John Dady,Male,White,,,Yes,7/19/2022,Maya,"tweet from May 2022: ""TRUMP WON! REMOVE BIDEN!""; plenty of other tweets about invalidity of 2020 ",No,Yes,Missouri,8/2/2022,Representative,6,"2,309",2%,Lost,N/A,N/A,N/A,No,N/A,N/A,N/A,N/A,N/A,N/A,N/A,N/A,
Christopher Ryan,Male,White,,,N/A,7/19/2022,N/A (they are N/A),little digital presence with no mention of the 2020 election,No,Yes,Missouri,8/2/2022,Representative,6,"7,848",8%,Lost,N/A,N/A,N/A,No,N/A,N/A,N/A,N/A,N/A,N/A,N/A,N/A,
Jay Wasson,Male,White,,,N/A,3/15/2023,Nathaniel,"very odd comment reported by local coverage: ""Jay Wasson said his belief in fraud wasn’t as big of a problem as the fact many voters believe there was fraud in the electoral process."" + i saw a twitter thread from a self-proclaimed conservative (citizen?) journalist at a local GOP event who claimed he made 2020 election fraud claims. unfortunately, this is the closest comment i've been able to come across from a more reputable source... but will keep my eyes peeled",No,No,Missouri,8/2/2022,Representative,7,"23,253",23%,Lost,N/A,N/A,N/A,N/A,N/A,No,N/A,N/A,N/A,N/A,N/A,N/A,
Eric Burlison,Male,White,,,?,12/1/2022,N/A (checked against interactive),"social media posts indicate this view, including this one saying zuckerberg funneled $400 million in non-profit funds to pro-Biden agencies to interfere with the election",No,No,Missouri,8/2/2022,Representative,7,"39,443",38%,Won,N/A,N/A,N/A,N/A,N/A,Yes,N/A,N/A,N/A,N/A,N/A,N/A,
Audrey Richards,Female,White,,,No,3/10/2023,Kaleigh,"The Joplin Globe coverage reports her addressing the issue with: ""I have seen no evidence to indicate the 2020 election was stolen.""",No,No,Missouri,8/2/2022,Representative,7,"3,095",3%,Lost,N/A,N/A,N/A,N/A,N/A,No,N/A,N/A,N/A,N/A,N/A,N/A,
Camille Lombardi-Olive,Female,White,,,?,7/19/2022,Maya,"no explicit mention of a Trump win but The Joplin Globe reports this response: ""In my 43 years as a voter, I have never seen vote counting stop when one candidate was ahead — and seemed poised to win — then resumed hours later after hundreds of thousands of “votes” magically appeared overnight giving the win to the other candidate. I do not believe that we have safe and secure elections, and it is apparent that election integrity is nonexistent. No one on either side seems willing to actually get anything passed — to guarantee that each vote counts and to ensure that our elections cannot be manipulated by fraud and abuse.""",No,No,Missouri,8/2/2022,Representative,7,"1,363",1%,Lost,N/A,N/A,N/A,N/A,N/A,No,N/A,N/A,N/A,N/A,N/A,N/A,
Sam Alexander,Male,White,,,?,3/15/2023,Nathaniel,"The Joplin Globe reports him addressing the issue with: ""I believe the 2020 election was legally manipulated as elected officials in some states changed regulations and policies that may have challenged the “one person, one vote” guidance to protect your and my vote."" Different article: ""“There was fraud,” agreed Alexander. “I have no doubt about it. I don’t know if it was enough to swing the election, I think it might have been, but I can’t prove it.”",No,No,Missouri,8/2/2022,Representative,7,"5,665",5%,Lost,N/A,N/A,N/A,N/A,N/A,No,N/A,N/A,N/A,N/A,N/A,N/A,
Alex Bryant,Male,Black,,,N/A,7/21/2022,N/A (they are N/A),"similar to above with Wasson, i saw a twitter thread from a self-proclaimed conservative (citizen?) journalist at a local GOP event who claimed he made 2020 election fraud claims. unfortunately, i have nothing for Bryant from a more reputable source... but will keep my eyes peeled",No,No,Missouri,8/2/2022,Representative,7,"18,522",18%,Lost,N/A,N/A,N/A,N/A,N/A,No,N/A,N/A,N/A,N/A,N/A,N/A,
Paul Walker,Male,White,,,?,3/10/2023,Kaleigh,"The Joplin Globe reports him addressing the issue with: ""There was much evidence that the election had some serious issues like mail-in voting and drop boxes and blocking poll watchers"" before he goes on a rant about broad possible reforms he'd establish",No,No,Missouri,8/2/2022,Representative,7,"3,028",3%,Lost,N/A,N/A,N/A,N/A,N/A,No,N/A,N/A,N/A,N/A,N/A,N/A,
Mike Moon,Male,White,,,?,7/19/2022,Maya,"could possibly count as a Declined to answer but he did directly question states with recounts per his answer to The Joplin Globe: ""Arizona, Georgia, Michigan, Nevada, North Carolina, Pennsylvania and Wisconsin had election results which were contested. Although Vice President Mike Pence did not exercise the option, I believe he had the authority to not certify the election results. I believe the states should have been given adequate time to investigate the questions which arose as a result of their elections. Record high voter turnout was recorded in some states, which raises some question about the validity of the results. Ultimately it is the responsibility of each state to pass election laws. We certainly do not want the federal government to have authority and control over elections.""",No,No,Missouri,8/2/2022,Representative,7,"8,957",9%,Lost,N/A,N/A,N/A,N/A,N/A,No,N/A,N/A,N/A,N/A,N/A,N/A,
Jason Smith,Male,White,,,Yes,12/1/2022,N/A (checked against interactive),voted against certifying Biden electoral win,Yes,No,Missouri,8/2/2022,Representative,8,"78,342",82%,Won,N/A,N/A,N/A,Yes,7/30/2022,N/A,N/A,N/A,N/A,N/A,N/A,N/A,
Jacob Turner,Male,White,,,N/A,7/19/2022,N/A (they are N/A),little digital presence with no mention of the 2020 election,No,Yes,Missouri,8/2/2022,Representative,8,"17,242",18%,Lost,N/A,N/A,N/A,No,N/A,N/A,N/A,N/A,N/A,N/A,N/A,N/A,
John Guenther,Male,White,,,N/A,7/19/2022,N/A (they are N/A),little digital presence with no mention of the 2020 election,No,No,Washington,8/2/2022,Senator,N/A,"55,426",7%,Lost,N/A,N/A,N/A,N/A,N/A,N/A,N/A,N/A,N/A,No,N/A,No,
Tiffany Smiley,Female,White,,,No?,12/1/2022,N/A (checked against interactive),"Seattle Times: ""Smiley says “Joe Biden is clearly our duly elected president” but there are concerns about election integrity. ",No,No,Washington,8/2/2022,Senator,N/A,"646,917",81%,Won,N/A,N/A,N/A,N/A,N/A,N/A,N/A,N/A,N/A,Yes,N/A,Yes,
Dave Saulibio,Male,Asian,,,N/A,7/19/2022,N/A (they are N/A),"he's run before very pro trump but is branding himself as a ""jfk republican"" this cycle (see his website: https://unhappywallet.com/) ... anyway, no recent mention of anything relevant to die hard trump support or 2020 election results",No,No,Washington,8/2/2022,Senator,N/A,"19,341",2%,Lost,N/A,N/A,N/A,N/A,N/A,N/A,N/A,N/A,N/A,No,N/A,No,
Bill Hirt,Male,White,,,N/A,7/19/2022,N/A (they are N/A),"stretch candidate running on a very specific platform about transit (http://stopeastlinknow.blogspot.com/), i.e. no mention of anything relevant to die hard trump support or 2020 election results",No,No,Washington,8/2/2022,Senator,N/A,"15,276",2%,Lost,N/A,N/A,N/A,N/A,N/A,N/A,N/A,N/A,N/A,No,N/A,No,
Leon Lawson,Male,White,,,Yes,3/15/2023,Nathaniel,"this is an actual ""?"" from me personally - this is just one huge conspiracy theory campaign. i am trying to decipher if this indicates a far fringe pro-trump strategy or if it just a full on ramble...elsewhere on this site he has a video talking about how our whole system, electoral and otherwise, is rigged",No,No,Washington,8/2/2022,Senator,N/A,"59,134",7%,Lost,N/A,N/A,N/A,N/A,N/A,N/A,N/A,N/A,N/A,No,N/A,No,
Matthew Heines,Male,White,,,Yes,3/10/2023,Kaleigh,"a lot of tweets about the ""steal""",No,No,Washington,8/2/2022,Representative,1,"13,634",23%,Lost,N/A,N/A,N/A,N/A,N/A,N/A,N/A,N/A,N/A,N/A,N/A,N/A,
Derek K. Chartrand,Male,White,,,No,7/19/2022,Maya,"has a little soapbox moment from late Nov 2020 on his personal fb page saying we should all come together under the Lord and move on with ""President"" Biden (i.e. further acknowledging his win the title) around 1:55",No,No,Washington,8/2/2022,Representative,1,"11,536",20%,Lost,N/A,N/A,N/A,N/A,N/A,N/A,N/A,N/A,N/A,N/A,N/A,N/A,
Vincent J. Cavaleri,Male,White,,,N/A,12/1/2022,N/A (checked against interactive),no stance to be found,No,No,Washington,8/2/2022,Representative,1,"32,998",57%,Won,N/A,N/A,N/A,N/A,N/A,N/A,N/A,N/A,N/A,N/A,N/A,N/A,
Cody Hart,Male,White,,,Yes,3/15/2023,Nathaniel,"The Olympian profile his as a die hard MAGA support aligned with Trump on everything, including election fraud: ""Hart’s webpage noted that he is against abortion rights, and he contends he has found evidence of corruption at “every level” in regards to election integrity.""",No,No,Washington,8/2/2022,Representative,2,"22,176",26%,Lost,N/A,N/A,N/A,N/A,N/A,N/A,N/A,N/A,N/A,N/A,N/A,N/A,
Dan Matthews,Male,White,,,N/A,12/1/2022,N/A (checked against interactive),"none of the links to his sites (in a list of candidate profiles on a local WA paper) work and he's not a very profiled candidate + his generic name doesn't help the google cause, so nothing to be found",No,No,Washington,8/2/2022,Representative,2,"37,393",44%,Won,N/A,N/A,N/A,N/A,N/A,N/A,N/A,N/A,N/A,N/A,N/A,N/A,
Bill Wheeler,Male,White,,,N/A,7/19/2022,N/A (they are N/A),"he called the Jan 6 commission a fraud, but there's nothing more explicit than that - i have the screenshot if that changes this categorization",No,No,Washington,8/2/2022,Representative,2,"9,124",11%,Lost,N/A,N/A,N/A,N/A,N/A,N/A,N/A,N/A,N/A,N/A,N/A,N/A,
Brandon Lee Stalnaker,Male,Unknown,,,N/A,7/19/2022,N/A (they are N/A),little to zero digital presence with no mention of the 2020 election,No,No,Washington,8/2/2022,Representative,2,"1,366",2%,Lost,N/A,N/A,N/A,N/A,N/A,N/A,N/A,N/A,N/A,N/A,N/A,N/A,
Leif Johnson,Male,White,,,N/A,7/19/2022,N/A (they are N/A),no stance to be found,No,No,Washington,8/2/2022,Representative,2,"5,582",7%,Lost,N/A,N/A,N/A,N/A,N/A,N/A,N/A,N/A,N/A,N/A,N/A,N/A,
Carrie R. Kennedy,Female,White,,,N/A,3/10/2023,Kaleigh,lots of facebook posts in support of Trump team legal efforts for recounts + general claims about 2020 being rigged,No,No,Washington,8/2/2022,Representative,2,"8,802",10%,Lost,N/A,N/A,N/A,N/A,N/A,N/A,N/A,N/A,N/A,N/A,N/A,N/A,
Jaime Herrera Beutler,Female,White,Latino (Mexican),,No,7/15/2022,Maya,voted to impeach Trump after Jan 6 and condemningly spoke out about things she heard DJT say that day. Said there was no evidence of widespread voter fraud,Yes,No,Washington,8/2/2022,Representative,3,"49,001",34%,Lost,N/A,N/A,N/A,No,N/A,N/A,N/A,Yes,N/A,Yes,Yes,N/A,
Vicki Kraft,Female,White,,,Yes,3/15/2023,Nathaniel,"local MyNorthwest coverage: ""She has also been vocal in her support for Trump’s frequent claims of widespread voter fraud in the 2020 election, having recently joined a coalition of 186 Republicans across 39 states in calling for a full 50-state ballot audit. Kraft was one of three Washington state lawmakers who signed on to a letter from the coalition asking states to decertify their electors from 2020.""",No,Yes,Washington,8/2/2022,Representative,3,"7,033",5%,Lost,N/A,N/A,N/A,No,N/A,N/A,N/A,No,N/A,No,No,N/A,
Heidi St. John,Female,White,,,Yes,3/10/2023,Kaleigh,"""greatest vote heist in American history"" and tweeted that the fake news media covered up for biden in 2020",No,Yes,Washington,8/2/2022,Representative,3,"35,219",25%,Lost,N/A,N/A,N/A,No,N/A,N/A,N/A,No,N/A,No,No,N/A,
Leslie L. French,Male,White,,,N/A,7/19/2022,N/A (they are N/A),little digital presence with no mention of the 2020 election,No,Yes,Washington,8/2/2022,Representative,3,"1,100",1%,Lost,N/A,N/A,N/A,No,N/A,N/A,N/A,No,N/A,No,No,N/A,
Joe Kent,Male,White,,,Yes,12/1/2022,N/A (checked against interactive),"has signed on as a plaintiff in multiple lawsuits against Washington state alleging voter fraud and election manipulation; claimed ""rampant voter fraud"" in 2020 in facebook ad",No,Yes,Washington,8/2/2022,Representative,3,"50,097",35%,Won,N/A,N/A,N/A,Yes,9/1/2021,N/A,N/A,No,N/A,No,No,N/A,
Corey Gibson,Male,White,,,?,3/15/2023,Nathaniel,"a tweet of his from this year: ""Thanks to @elonmusk maybe, just maybe, we can soon acknowledge things like… there are two biological sexes, hydroxychloroquine works, Hunter Biden is a criminal, the laptop proves it, and the 2020 election was FULL of documented fraud. #liberty #communismSUCKS #Trump #ElonMusk""",No,Yes,Washington,8/2/2022,Representative,4,"5,080",5%,Lost,N/A,N/A,N/A,No,N/A,N/A,N/A,No,N/A,N/A,N/A,N/A,
Loren Culp,Male,White,,,Yes,3/10/2023,Kaleigh,"Axios: ""One is Loren Culp, who ran for governor in 2020 and later filed a baseless lawsuit alleging widespread election fraud — a claim he withdrew after the state threatened his lawyer with sanctions""",No,Yes,Washington,8/2/2022,Representative,4,"32,497",29%,Lost,N/A,N/A,N/A,Yes,2/9/2022,N/A,N/A,No,N/A,N/A,N/A,N/A,
Brad Klippert,Male,White,,,Yes,7/15/2022,Maya,"Northwest Public Broadcasting: ""Klippert has been looking for evidence of election fraud and has called for a full forensic audit of the election in Washington state. In August 2021, Klippert and two other Washington state legislators attended the Cyber Symposium in South Dakota, sponsored by Trump supporter Mike Lindell, and asked for travel costs reimbursement from taxpayers. Washington state paid Four thousand, three hundred and sixty-one dollars for the lawmaker’s hotels and flights to the conference."" Also solicited voter claims of fraud to increase support for an audit after 2020. ",No,Yes,Washington,8/2/2022,Representative,4,"15,430",14%,Lost,N/A,N/A,N/A,No,N/A,N/A,N/A,No,N/A,N/A,N/A,N/A,
Jacek Kobiesa,Male,White,,,N/A,7/19/2022,N/A (they are N/A),self-identifies as an independent republican and has little digital presence with no mention of the 2020 election,No,Yes,Washington,8/2/2022,Representative,4,490,0%,Lost,N/A,N/A,N/A,No,N/A,N/A,N/A,No,N/A,N/A,N/A,N/A,
"Benancio ""Benny"" Garcia III",Male,Latino,,,N/A,3/15/2023,Nathaniel,general election doubt pedalling on his campaign website. UPDATE: Can't find campaign website anymore,No,Yes,Washington,8/2/2022,Representative,4,"2,148",2%,Lost,N/A,N/A,N/A,No,N/A,N/A,N/A,No,N/A,N/A,N/A,N/A,
Jerrod Sessler,Male,White,,,Yes,3/10/2023,Kaleigh,"a ton of tweets, including this from Dec 2020: ""What a disrespectful crap show start in #MichiganHearing . @RudyGiuliani . Go Rudy! #trump2020 #StopTheSteaI"" ; regularly tweets ""2020 election was stolen""",No,Yes,Washington,8/2/2022,Representative,4,"18,495",16%,Lost,N/A,N/A,N/A,No,N/A,N/A,N/A,No,N/A,N/A,N/A,N/A,
Dan Newhouse,Male,White,,,No,12/1/2022,N/A (checked against interactive),"voted to impeach Trump after Jan 6, did not join GOP in blocking electoral votes and signed a letter about electoral college certification",Yes,No,Washington,8/2/2022,Representative,4,"38,331",34%,Won,N/A,N/A,N/A,No,N/A,N/A,N/A,Yes,N/A,N/A,N/A,N/A,
Cathy McMorris Rodgers,Female,White,,,No?,12/1/2022,N/A (checked against interactive),"she voted to certify Biden, although only after Jan 6 and notably was vocal about not certifying up until the night before. she also voted against the Jan 6 committee formation",Yes,No,Washington,8/2/2022,Representative,5,"106,072",86%,Won,N/A,N/A,N/A,N/A,N/A,N/A,N/A,N/A,N/A,Yes,Yes,N/A,
Sean Clynch,Male,White,,,No?,7/26/2022,Maya,"""Hi Paulina. While I believe a lot of shady activities took place during the 2020 election campaign, not least the media's refusal to vet Joe Biden for the office of the Presidency and for which we are all now paying, no I don't believe Trump won, as he failed to prove any differently in a court of law. And despite the in kind assistance of the media and the loosening of election laws to benefit democrats I do believe Biden is the legitimate President. Like most Republicans I am looking forward not backward."" ",No,Yes,Washington,8/2/2022,Representative,5,"16,831",14%,Lost,N/A,N/A,N/A,N/A,N/A,N/A,N/A,N/A,N/A,No,No,N/A,
Chris Binns,Male,White,,,N/A,7/19/2022,N/A (they are N/A),very broadly mentions election reform on his website - not sure it's enough but it is there,No,No,Washington,8/2/2022,Representative,6,"11,074",12%,Lost,N/A,N/A,N/A,N/A,N/A,N/A,N/A,N/A,N/A,N/A,N/A,N/A,
Todd A. Bloom,Male,White,,,N/A,7/19/2022,N/A (they are N/A),little to zero digital presence beside Andrew Jackson-worshipping website; no mention of the 2020 election,No,No,Washington,8/2/2022,Representative,6,"24,036",27%,Lost,N/A,N/A,N/A,N/A,N/A,N/A,N/A,N/A,N/A,N/A,N/A,N/A,
Elizabeth Kreiselmaier,Female,White,,,Declined to answer,12/1/2022,N/A (checked against interactive),"local Kitsap Sun asked her, ""Who won the 2020 presidential election and is Joe Biden the legitimately elected president of the U.S.?"" and she said, ""I know a trick question when I see one, and I’m not taking the bait. We all saw 2020’s elections. Some were outraged by what they saw. Some were elated. Some were unfazed. No matter the lens worn, one thing is clear now and always: election integrity is of vital importance, regardless of party affiliation or political viewpoint. Why? Because if we fail to have free and fair elections, we fail to have a free and fair country. Regardless of the perceived outcomes of 2020, Americans are currently living with Joe Biden as the sitting president of the United States. And according to recent polling, Americans are none too happy with the direction that Joe Biden, as President, is taking us (along with his obedient footsoldiers such as my opponent Derek Kilmer who votes in lockstep with him).  And that, my friends, is what elections are for!""",No,No,Washington,8/2/2022,Representative,6,"54,621",61%,Won,N/A,N/A,N/A,N/A,N/A,N/A,N/A,N/A,N/A,N/A,N/A,N/A,
Cliff Moon,Male,White,,,N/A,12/1/2022,N/A (checked against interactive),little to zero digital presence with no mention of the 2020 election,No,No,Washington,8/2/2022,Representative,7,"15,834",59%,Won,N/A,N/A,N/A,N/A,N/A,N/A,N/A,N/A,N/A,N/A,N/A,N/A,
Paul Glumaz,Male,Latino (Mexican),,,Yes,3/15/2023,Nathaniel,"says this in a youtube video, with the screenshot of the description linked in column E",No,No,Washington,8/2/2022,Representative,7,"10,982",41%,Lost,N/A,N/A,N/A,N/A,N/A,N/A,N/A,N/A,N/A,N/A,N/A,N/A,
Reagan Dunn,Male,White,,,No,3/10/2023,Kaleigh,said in an interview that Trump lost and does not question the legitimacy of Biden's victory,No,No,Washington,8/2/2022,Representative,8,"29,494",29%,Lost,N/A,N/A,N/A,N/A,N/A,N/A,N/A,N/A,N/A,N/A,N/A,N/A,
Matt Larkin,Male,White,,,Declined to Answer,12/1/2022,N/A (checked against interactive),"DCCC coverage of him: ""WA-08 candidate Matt Larkin’s extremism was on full display during a damaging new interview in which he refused to accept the results of the 2020 election and refused to take a stance on setting up a bipartisan commission to investigate the Jan. 6 riot, which resulted in 5 deaths and hundreds of injuries.""",No,No,Washington,8/2/2022,Representative,8,"34,684",35%,Won,N/A,N/A,N/A,N/A,N/A,N/A,N/A,N/A,N/A,N/A,N/A,N/A,
Dave Chapman,Male,Unknown,,,N/A,7/19/2022,N/A (they are N/A),little to zero digital presence with no mention of the 2020 election,No,No,Washington,8/2/2022,Representative,8,"1,811",2%,Lost,N/A,N/A,N/A,N/A,N/A,N/A,N/A,N/A,N/A,N/A,N/A,N/A,
Jesse Jensen,Male,White,,,?,7/19/2022,Maya,DCCC consolidated CNN coverage of Jensen's Big Lie pedalling,No,No,Washington,8/2/2022,Representative,8,"26,350",26%,Lost,N/A,N/A,N/A,N/A,N/A,N/A,N/A,N/A,N/A,N/A,N/A,N/A,
Scott Stephenson,Male,White,,,Yes,3/15/2023,Nathaniel,"from his website: ""Let’s be very clear — the 2020 election was stolen. Dead people voted. States changed laws unconstitutionally. Ballots were illegally harvested and trafficked.  Big Tech, mainstream media, and others colluded to interfere, including by actively suppressing the Hunter Biden laptop story.""",No,No,Washington,8/2/2022,Representative,8,"7,954",8%,Lost,N/A,N/A,N/A,N/A,N/A,N/A,N/A,N/A,N/A,N/A,N/A,N/A,
Doug Basler,Male,White,,,Yes,12/1/2022,N/A (checked against interactive),has signed on as a plaintiff in multiple lawsuits against Washington state alleging voter fraud and election manipulation,No,No,Washington,8/2/2022,Representative,9,"29,144",74%,Won,N/A,N/A,N/A,N/A,N/A,N/A,N/A,N/A,N/A,N/A,N/A,N/A,
Sea M. Chan,Male,Asian (Chinese),,,N/A,7/19/2022,N/A (they are N/A),little digital presence with no mention of the 2020 election,No,No,Washington,8/2/2022,Representative,9,"5,338",14%,Lost,N/A,N/A,N/A,N/A,N/A,N/A,N/A,N/A,N/A,N/A,N/A,N/A,
Seth D. Pedersen,Male,White,,,N/A,7/19/2022,N/A (they are N/A),little digital presence with no mention of the 2020 election,No,No,Washington,8/2/2022,Representative,9,"4,781",12%,Lost,N/A,N/A,N/A,N/A,N/A,N/A,N/A,N/A,N/A,N/A,N/A,N/A,
Keith R. Swank,Male,White,,,Yes,12/1/2022,N/A (checked against interactive),an endless stream of tweets,No,No,Washington,8/2/2022,Representative,10,"55,231",84%,Won,N/A,N/A,N/A,N/A,N/A,N/A,N/A,N/A,N/A,N/A,N/A,N/A,
Dan Earnest Gordon,Male,White,,,N/A,3/10/2023,Kaleigh,broad claim of election integrity on his website -,No,No,Washington,8/2/2022,Representative,10,"10,315",16%,Lost,N/A,N/A,N/A,N/A,N/A,N/A,N/A,N/A,N/A,N/A,N/A,N/A,
Diana Lynn Harshbarger,Female,White,,,Yes,12/1/2022,N/A (checked against interactive),voted not to certify 2020 election results ,Yes,No,Tennessee,8/4/2022,Representative,1,"43,761",100%,Won,N/A,N/A,N/A,Yes,9/19/2021,N/A,N/A,N/A,N/A,Yes,Yes,N/A,
Tim Burchett,Male,White,,,Yes,12/1/2022,N/A (checked against interactive),voted not to certify 2020 election results ,Yes,No,Tennessee,8/4/2022,Representative,2,"56,880",100%,Won,N/A,N/A,N/A,N/A,N/A,N/A,N/A,N/A,N/A,N/A,N/A,N/A,
Sandy Casey,Female,White,,,?,7/25/2022,Maya,"facebook posts about general election fraud claims, including this share of Maricopa County audits",No,Yes,Tennessee,8/4/2022,Representative,3,"13,609",21%,Lost,N/A,N/A,N/A,No,N/A,N/A,N/A,N/A,N/A,N/A,N/A,N/A,
Chuck Fleischmann,Male,White,,,Yes,12/1/2022,N/A (checked against interactive),voted not to certify 2020 election results ,Yes,No,Tennessee,8/4/2022,Representative,3,"52,073",79%,Won,N/A,N/A,N/A,Yes,11/9/2021,N/A,N/A,N/A,N/A,N/A,N/A,N/A,
Scott DesJarlais,Male,White,,,Yes,12/1/2022,N/A (checked against interactive),voted not to certify 2020 election results ,Yes,No,Tennessee,8/4/2022,Representative,4,"60,699",100%,Won,N/A,N/A,N/A,N/A,N/A,N/A,N/A,N/A,N/A,N/A,N/A,N/A,
Geni Batchelor,Female,White,,,N/A,7/25/2022,N/A (they are N/A),general fraud accusations regarding the Biden admin on her fb page but it is unclear whether it is regarding the election or policies she's critiquing - would be better to reach out to the campaign i think,No,No,Tennessee,8/4/2022,Representative,5,"1,017",2%,Lost,N/A,N/A,N/A,N/A,N/A,N/A,N/A,N/A,N/A,No,No,N/A,
Jeff Beierlein,Male,White,,,N/A,7/25/2022,N/A (they are N/A),nothing about his stance on this issue,No,No,Tennessee,8/4/2022,Representative,5,"4,093",7%,Lost,N/A,N/A,N/A,N/A,N/A,N/A,N/A,N/A,N/A,No,No,N/A,
Natisha Brooks,Female,Black,,,N/A,7/25/2022,N/A (they are N/A),limited digital presence and nothing about her stance on this issue,No,No,Tennessee,8/4/2022,Representative,5,"1,747",3%,Lost,N/A,N/A,N/A,N/A,N/A,N/A,N/A,N/A,N/A,No,No,N/A,
Beth Harwell,Female,White,,,Yes,3/15/2023,Nathaniel,local media tweeted this video where she is talking about ballot harvesting corrupting the 2020 election (around 0:55),No,No,Tennessee,8/4/2022,Representative,5,"15,021",25%,Lost,N/A,N/A,N/A,N/A,N/A,N/A,N/A,N/A,N/A,Yes,Yes,N/A,
Timothy Bruce Lee,Male,White,,,N/A,7/26/2022,N/A (they are N/A),"minial digital presence - nothing relevant on his website or local coverage, no socials to be found",No,No,Tennessee,8/4/2022,Representative,5,845,1%,Lost,N/A,N/A,N/A,N/A,N/A,N/A,N/A,N/A,N/A,No,No,N/A,
Andy Ogles,Male,White,,,Yes,12/1/2022,N/A (checked against interactive),"local coverage: ""Ogles has been an outspoken political figure through the ongoing COVID-19 pandemic. He also spoke at Stop the Steal rallies in Tennessee following the national election in 2020, though claims of widespread voter fraud have been repeatedly debunked and shuffled out of any court."" Also tweeted about need to prosecute election fraud.",No,No,Tennessee,8/4/2022,Representative,5,"21,325",35%,Won,N/A,N/A,N/A,N/A,N/A,N/A,N/A,N/A,N/A,No,No,N/A,
Stewart T. Parks,Male,White,,,Yes,3/10/2023,Kaleigh,"local media tweeted this video where he says, Biden ""is not the legal President of the United States of America"" (around 0:25) + he was arrested and later charged for his Jan 6 involvement",No,No,Tennessee,8/4/2022,Representative,5,586,1%,Lost,N/A,N/A,N/A,N/A,N/A,N/A,N/A,N/A,N/A,No,No,N/A,
Kurt Winstead,Male,White,,,N/A,7/26/2022,N/A (they are N/A),no mention of his stance on this issue on his fb/twitter/site or in local coverage,No,No,Tennessee,8/4/2022,Representative,5,"12,721",21%,Lost,N/A,N/A,N/A,N/A,N/A,N/A,N/A,N/A,N/A,No,No,N/A,
Tres Wittum,Male,White,,,Yes,7/25/2022,Maya,"local media tweeted this video where he says, ""President Trump won the election"" (within the first 10 seconds)",No,No,Tennessee,8/4/2022,Representative,5,398,1%,Lost,N/A,N/A,N/A,N/A,N/A,N/A,N/A,N/A,N/A,No,No,N/A,
John Rose,Male,White,,,Yes,12/1/2022,N/A (checked against interactive),voted not to certify 2020 election results ,Yes,No,Tennessee,8/4/2022,Representative,6,"57,162",100%,Won,N/A,N/A,N/A,N/A,N/A,N/A,N/A,N/A,N/A,N/A,N/A,N/A,
Mark E. Green,Male,White,,,?,12/1/2022,N/A (checked against interactive),voted not to certify 2020 election results bc of federalism; won't say there was fraud,Yes,No,Tennessee,8/4/2022,Representative,7,"48,968",100%,Won,N/A,N/A,N/A,Yes,7/5/2022,N/A,N/A,N/A,N/A,N/A,N/A,N/A,
Danny Ray Bridger Jr.,Male,White,,,?,3/15/2023,Nathaniel,"local coverage of his stance: ""“There was election fraud,” he said. “Follow the money. You think Republicans can’t be bought off? It’s been happening for years. Bullying don’t just happen in school—it happens in government too.”",No,Yes,Tennessee,8/4/2022,Representative,8,"4,233",5%,Lost,N/A,N/A,N/A,N/A,N/A,N/A,N/A,N/A,N/A,N/A,N/A,N/A,
Gary Dean Clouse,Male,White,,,Yes,3/10/2023,Kaleigh,"local coverage describing his claims: ""Clouse listed “massive amounts” of what he believed to be supposed voter fraud in Arizona, Wisconsin, Georgia and more, some of which the U.S. Supreme Court rejected in 2021."" later in the article, after being asked why he thought the 2020 election was stolen, he replied, ""“Because I sat and watched as the media tried to portray that Arizona confirmed Biden —that was not true!” Clouse said.""",No,Yes,Tennessee,8/4/2022,Representative,8,"2,291",3%,Lost,N/A,N/A,N/A,N/A,N/A,N/A,N/A,N/A,N/A,N/A,N/A,N/A,
Bob Hendry,Male,White,,,Yes,7/25/2022,Maya,"local coverage of him supporting voter fraud claims and confirming Jan 6 attend. Hendry staunchly disagreed, mentioning an instance of supposed voter fraud that was struck down by the U.S. Supreme Court,  admitting that he was in attendance on Jan. 6. “I was an eyewitness,” he said. “This was not an insurrection. There were enough people there that if they really wanted to go in there and take the country, they could’ve done it with their bare hands.” """,No,Yes,Tennessee,8/4/2022,Representative,8,"6,990",8%,Lost,N/A,N/A,N/A,N/A,N/A,N/A,N/A,N/A,N/A,N/A,N/A,N/A,
David Kustoff,Male,White,,,Yes,12/1/2022,N/A (checked against interactive),voted not to certify 2020 election results ,Yes,No,Tennessee,8/4/2022,Representative,8,"69,538",84%,Won,N/A,N/A,N/A,N/A,N/A,N/A,N/A,N/A,N/A,N/A,N/A,N/A,
Leo AwGoWhat,Male,White,,,?,3/15/2023,Nathaniel,personal fb page full of fraud theory shares and links,No,No,Tennessee,8/4/2022,Representative,9,"1,000",5%,Lost,N/A,N/A,N/A,N/A,N/A,N/A,N/A,N/A,N/A,N/A,N/A,N/A,
Charlotte Bergmann,Female,Black,,,Yes,12/1/2022,N/A (checked against interactive),"a lot of tweets about fraud theories, including mention of ""#StopTheSteal""",No,No,Tennessee,8/4/2022,Representative,9,"10,380",52%,Won,N/A,N/A,N/A,N/A,N/A,N/A,N/A,N/A,N/A,N/A,N/A,N/A,
Brown Dudley,Male,White,,,N/A,7/26/2022,N/A (they are N/A),"minial digital presence - nothing relevant on his website or local coverage, no socials to be found",No,No,Tennessee,8/4/2022,Representative,9,"8,760",43%,Lost,N/A,N/A,N/A,N/A,N/A,N/A,N/A,N/A,N/A,N/A,N/A,N/A,
Bill Lee,Male,White,,,No?,12/1/2022,N/A (checked against interactive),didn't recognize Biden's win as legitimate until after Jan 6 and was pedalling claims until then,Yes,No,Tennessee,8/4/2022,Governor,N/A,"494,362",100%,Won,N/A,N/A,N/A,Yes,8/13/2021,N/A,Yes,N/A,N/A,N/A,N/A,N/A,
Themis Klarides,Female,White,,,No,3/10/2023,Kaleigh,"Told ABC ""Themis absolutely does not subscribe to the conspiracy theory that the 2020 election was stolen and she acknowledges President Biden as the fair winner, and duly-elected President,"" but said prior to 2020 election that fraud was widespread in CT. Not sure that should count, though, since it wasn't about 2020.",No,No,Connecticut,8/9/2022,Senator,N/A,"37,003",40%,Lost,N/A,N/A,N/A,No,N/A,N/A,N/A,N/A,N/A,No,N/A,N/A,
Leora R. Levy,Female,Latino (Cuban),,,?,12/1/2022,N/A (checked against interactive),"in campaign ad, said Klarides ""helped Democrats made it easier to cheat with mail-in ballots""",No,No,Connecticut,8/9/2022,Senator,N/A,"46,774",51%,Won,N/A,N/A,N/A,Yes,8/4/2022,N/A,N/A,N/A,N/A,Yes,N/A,N/A,
Peter Lumaj,Male,White,,,N/A,7/26/2022,N/A (they are N/A),,No,No,Connecticut,8/9/2022,Senator,N/A,"8,665",9%,Lost,N/A,N/A,N/A,No,N/A,N/A,N/A,N/A,N/A,No,N/A,N/A,
Larry Lazor,Male,White,,,No,12/1/2022,N/A (checked against interactive),"""I agree that...the 2020 election was not stolen.""",No,No,Connecticut,8/9/2022,Representative,1,1,100%,Won,N/A,N/A,N/A,N/A,N/A,N/A,N/A,N/A,N/A,N/A,N/A,N/A,
Mike France,Male,White,,,N/A,12/1/2022,N/A (checked against interactive),,No,No,Connecticut,8/9/2022,Representative,2,1,100%,Won,N/A,N/A,N/A,N/A,N/A,N/A,N/A,N/A,N/A,N/A,N/A,N/A,
Lesley DeNardis,Female,White,,,N/A,12/1/2022,N/A (checked against interactive),,No,No,Connecticut,8/9/2022,Representative,3,1,100%,Won,N/A,N/A,N/A,N/A,N/A,N/A,N/A,N/A,N/A,N/A,N/A,N/A,
Jayme Stevenson,Female,White,,,No,12/1/2022,N/A (checked against interactive),"""I believe that there were a lot of smart people in Washington that investigated and held hearings, and did not find evidence of broad based voter fraud. I certainly accept President Biden as our president. And so let’s move on. Let’s help make our voting environment easier for people to vote and harder for them to cheat. And if everybody keeps working toward those goals, I think we’ll be in a good place.”",No,No,Connecticut,8/9/2022,Representative,4,"9,962",60%,Won,N/A,N/A,N/A,N/A,N/A,N/A,N/A,N/A,N/A,N/A,N/A,N/A,
Michael Ted Goldstein,Male,White,,,No?,3/15/2023,Nathaniel,"Goldstein said that the irregularities may have existed in the 2020 election — and that all elections have them — but they would not have changed the outcome of the election. 

“As far as Joe Biden, I always support the office of the President of the United States of America, but I may not always support Joe Biden,” he said in an email.",No,No,Connecticut,8/9/2022,Representative,4,"6,555",40%,Lost,N/A,N/A,N/A,N/A,N/A,N/A,N/A,N/A,N/A,N/A,N/A,N/A,
George Logan,Male,Black,,,N/A,12/1/2022,N/A (checked against interactive),,No,No,Connecticut,8/9/2022,Representative,5,1,100%,Won,N/A,N/A,N/A,N/A,N/A,N/A,N/A,N/A,N/A,N/A,N/A,N/A,
Robert Stefanowski,Male,White,,,No,12/1/2022,N/A (checked against interactive),"Like most Republicans running for office in Connecticut, Stefanowski has broken with the former president over his claim that President Joe Biden won by fraud. Also has said directly that Biden is the legitimately elected president",No,No,Connecticut,8/9/2022,Governor,N/A,1,100%,Won,N/A,N/A,N/A,N/A,N/A,N/A,N/A,N/A,N/A,N/A,N/A,N/A,
Brad Finstad,Male,White,,,No,12/1/2022,N/A (checked against interactive),"according to local coverage, he ""says he would have voted to certify the 2020 presidential election""",No,No,Minnesota,8/9/2022,Representative,1,"48,252",76%,Won,N/A,N/A,N/A,N/A,N/A,N/A,N/A,N/A,N/A,N/A,N/A,N/A,
Jeremy Munson,Male,White,,,Yes,3/10/2023,Kaleigh,"according to local coverage, he says he ""would not have voted to certify the election results""; signed a letter supporting forensic election audits in all 50 states",No,No,Minnesota,8/9/2022,Representative,1,"15,207",24%,Lost,N/A,N/A,N/A,N/A,N/A,N/A,N/A,N/A,N/A,N/A,N/A,N/A,
Tyler Kistner,Male,White,,,Declined to answer,12/1/2022,N/A (checked against interactive),"tried to the results in his own 2020 election but has since been evading the question about Biden's legitimate win - from CNN: ""In Minnesota, Kistner filed a lawsuit in late November 2020 to temporarily halt the certification of his loss against Democratic Rep. Angie Craig and order a recount, which was rejected by the state Supreme Court. A spokesman for Kistner, a Marine Corps veteran, declined to answer questions about whether Kistner believed Biden legitimately won the election.""",No,No,Minnesota,8/9/2022,Representative,2,1,100%,Won,N/A,N/A,N/A,N/A,N/A,N/A,Yes,N/A,N/A,N/A,N/A,N/A,
Tom Weiler,Male,White,,,N/A,12/1/2022,N/A (checked against interactive),minial digital presence - nothing relevant on socials/site/local coverage,No,No,Minnesota,8/9/2022,Representative,3,1,100%,Won,N/A,N/A,N/A,N/A,N/A,N/A,N/A,N/A,N/A,N/A,N/A,N/A,
Gene Rechtzigel,Male,White,,,N/A,7/25/2022,N/A (they are N/A),really messy website (https://www.geneforpeople.org/about-1.html) and no media coverage of his stances,No,No,Minnesota,8/9/2022,Representative,4,"4,753",22%,Lost,N/A,N/A,N/A,N/A,N/A,N/A,N/A,N/A,N/A,N/A,N/A,N/A,
Jerry Silver,Male,White,,,N/A,7/25/2022,N/A (they are N/A),limited digital presence and nothing about her his on this issue,No,No,Minnesota,8/9/2022,Representative,4,"7,399",34%,Lost,N/A,N/A,N/A,N/A,N/A,N/A,N/A,N/A,N/A,N/A,N/A,N/A,
May Lor Xiong,Female,Asian (Vietnamese / Hmong),,,N/A,12/1/2022,N/A (checked against interactive),limited digital presence and nothing about her stance on this issue,No,No,Minnesota,8/9/2022,Representative,4,"9,574",44%,Won,N/A,N/A,N/A,N/A,N/A,N/A,N/A,N/A,N/A,N/A,N/A,N/A,
Cicely Davis,Female,Black,,,N/A,12/1/2022,N/A (checked against interactive),limited digital presence and nothing about her stance on this issue,No,No,Minnesota,8/9/2022,Representative,5,"4,765",48%,Won,N/A,N/A,N/A,N/A,N/A,N/A,N/A,N/A,N/A,N/A,N/A,N/A,
Guy T. Gaskin,Male,Unknown,,,N/A,7/25/2022,N/A (they are N/A),can't even find a campaign website - very limited digital presence,No,No,Minnesota,8/9/2022,Representative,5,"1,476",15%,Lost,N/A,N/A,N/A,N/A,N/A,N/A,N/A,N/A,N/A,N/A,N/A,N/A,
Royce White,Male,Black,,,Declined to answer,7/25/2022,Maya,local coverage saying he dodged the question,No,No,Minnesota,8/9/2022,Representative,5,"3,689",37%,Lost,N/A,N/A,N/A,N/A,N/A,N/A,N/A,N/A,N/A,N/A,N/A,N/A,
Tom Emmer,Male,White,,,No?,12/1/2022,N/A (checked against interactive),he supported legal action to overturn election in Dec 2020 but ultimately voted to certify the results,Yes,No,Minnesota,8/9/2022,Representative,6,1,100%,Won,N/A,N/A,N/A,Yes,8/9/2022,N/A,N/A,N/A,N/A,N/A,N/A,N/A,
Michelle Fischbach,Female,White,,,Yes,12/1/2022,N/A (checked against interactive),voted not to certify 2020 election results ,Yes,No,Minnesota,8/9/2022,Representative,7,"59,429",100%,Won,N/A,N/A,N/A,Yes,8/9/2022,N/A,N/A,N/A,N/A,Yes,Yes,N/A,
Pete Stauber,Male,White,,,No?,12/1/2022,N/A (checked against interactive),he supported legal action to overturn election in Dec 2020 but ultimately voted to certify the results,Yes,No,Minnesota,8/9/2022,Representative,8,"51,410",91%,Won,N/A,N/A,N/A,Yes,8/9/2022,N/A,N/A,N/A,N/A,N/A,N/A,N/A,
Harry Robb Welty,Male,White,,,No,3/15/2023,Nathaniel,"he published an op-ed, criticizing the incumbent/his opponent, in a local paper that begins, ""Our Congressman Pete Stauber sent me an email asking, “Why aren’t we cracking down on crime?” Our ex-policeman ought to look in the mirror. He has twice sworn an oath to God to preserve America’s democracy as our congressman. But since President Donald Trump’s attempted overthrow of our democracy, Stauber has acted more like a cop on the take, twiddling his thumbs."" - calling Trump's actions an ""attempted overthrow of our democracy"" sounds like a ""No"" to me",No,Yes,Minnesota,8/9/2022,Representative,8,"5,075",9%,Lost,N/A,N/A,N/A,No,N/A,N/A,N/A,N/A,N/A,N/A,N/A,N/A,
"Bob ""Again"" Carney Jr.",Male,White,,,No,3/10/2023,Kaleigh,"campaign website says he wants to keep trump out in 2024, and there are countless other posts anti-trump... ""During the 2020 campaign I wrote: “Shortly after a close, disputed election — or even before — it is simply impossible to predict what President Trump might do on a claimed emergency basis — or what the ultimate result might be. Under our current incredibly dangerous circumstances I believe there is no reasonable alternative but to support Joe Biden and oppose Jason Lewis. Minnesota must continue to investigate and challenge the Dangerous Opinions of both President Trump and Jason Lewis from now to November.”""",No,No,Minnesota,8/9/2022,Governor,N/A,"13,213",4%,Lost,N/A,N/A,N/A,N/A,N/A,N/A,N/A,N/A,N/A,N/A,N/A,N/A,
Scott Jensen,Male,White,,,Declined to answer,12/1/2022,N/A (checked against interactive),"local coverage on a Dec debate noting that five candidates avoided the question: ""“I can’t know what I don’t know, and I think we have to take that attitude towards 2020,” said former state Sen. Scott Jensen""",No,No,Minnesota,8/9/2022,Governor,N/A,"288,499",89%,Won,N/A,N/A,N/A,N/A,N/A,N/A,N/A,N/A,N/A,N/A,N/A,N/A,
Joyce Lynne Lacey,Female,White,,,N/A,7/25/2022,N/A (they are N/A),limited digital presence and nothing about her stance on this issue,No,No,Minnesota,8/9/2022,Governor,N/A,"21,308",7%,Lost,N/A,N/A,N/A,N/A,N/A,N/A,N/A,N/A,N/A,N/A,N/A,N/A,
Gerald Malloy,Male,White,,,No,12/1/2022,N/A (checked against interactive),"from local coverage on this race: ""Each candidate agreed that President Joe Biden won the 2020 election. But answers varied in response to a question about how they characterized the storming of the U.S. Capitol on Jan. 6, 2021."" Malloy did not attend but did consider and regrets not attending Jan 6",No,No,Vermont,8/9/2022,Senator,N/A,"12,169",40%,Won,N/A,N/A,N/A,N/A,N/A,N/A,N/A,N/A,N/A,No,N/A,N/A,
Myers Mermel,Male,White,,,No,7/25/2022,Maya,"from local coverage on this race: ""Each candidate agreed that President Joe Biden won the 2020 election. But answers varied in response to a question about how they characterized the storming of the U.S. Capitol on Jan. 6, 2021.""",No,No,Vermont,8/9/2022,Senator,N/A,"5,227",17%,Lost,N/A,N/A,N/A,N/A,N/A,N/A,N/A,N/A,N/A,No,N/A,N/A,
Christina Nolan,Female,White,,,No,3/15/2023,Nathaniel,"from local coverage on this race: ""Each candidate agreed that President Joe Biden won the 2020 election. But answers varied in response to a question about how they characterized the storming of the U.S. Capitol on Jan. 6, 2021.""",No,No,Vermont,8/9/2022,Senator,N/A,"10,825",35%,Lost,N/A,N/A,N/A,N/A,N/A,N/A,N/A,N/A,N/A,Yes,N/A,N/A,
Liam Madden,Male,White,,,No,12/1/2022,N/A (checked against interactive),acknowledged Biden won and that there was no widespread voter fraud,No,No,Vermont,8/9/2022,Representative,At-Large,"10,701",35%,Won,N/A,N/A,N/A,N/A,N/A,N/A,N/A,N/A,N/A,N/A,N/A,N/A,
Ericka Bundy Redic,Female,White,,,?,3/10/2023,Kaleigh,"from local coverage: ""Still, on Tuesday night, Redic and Tynio sowed doubt about the legitimacy of the 2020 election results without providing any proof."" and later on ""Redic conceded that Trump’s election fraud allegations have “not been proven in the courts yet.” But she balked at the “rhetoric” surrounding the events January 6, 2021.""",No,No,Vermont,8/9/2022,Representative,At-Large,"8,255",27%,Lost,N/A,N/A,N/A,N/A,N/A,N/A,N/A,N/A,N/A,N/A,N/A,N/A,
Anya Tynio,Female,White,,,?,7/25/2022,Maya,"from local coverage: ""Tynio falsely claimed that the legitimacy of the election “hasn't been proven either way.” https://www.wcax.com/2022/06/29/primary-preview-meet-republicans-running-us-house/",No,No,Vermont,8/9/2022,Representative,At-Large,"6,908",23%,Lost,N/A,N/A,N/A,N/A,N/A,N/A,N/A,N/A,N/A,N/A,N/A,N/A,
Stephen C. Bellows,Male,White,,,N/A,7/25/2022,N/A (they are N/A),limited digital presence and nothing about his stance on this issue,No,Yes,Vermont,8/9/2022,Governor,N/A,"5,402",18%,Lost,N/A,N/A,N/A,N/A,N/A,N/A,No,N/A,N/A,N/A,N/A,N/A,
Peter Duval,Male,White,,,N/A,7/25/2022,N/A (they are N/A),limited digital presence and nothing about his stance on this issue,No,Yes,Vermont,8/9/2022,Governor,N/A,"3,627",12%,Lost,N/A,N/A,N/A,N/A,N/A,N/A,No,N/A,N/A,N/A,N/A,N/A,
Phil Scott,Male,White,,,No,12/1/2022,N/A (checked against interactive),"voted for Biden, has publicly stated Biden won, and said ""Trump ‘bruised’ confidence in integrity of elections"" according to local coverage, called on Trump to resign after Jan 6",Yes,No,Vermont,8/9/2022,Governor,N/A,"20,319",66%,Won,N/A,N/A,N/A,N/A,N/A,N/A,Yes,N/A,N/A,N/A,N/A,N/A,
Ron Johnson,Male,White,,,Yes,12/1/2022,N/A (checked against interactive),"Politico headline: ""Ron Johnson tried to hand fake elector info to Mike Pence on Jan. 6, panel reveals""",Yes,No,Wisconsin,8/9/2022,Senator,N/A,"563,871",84%,Won,N/A,N/A,N/A,Yes,4/8/2021,N/A,Yes,N/A,N/A,N/A,N/A,N/A,
David Schroeder,Male,White,,,No,3/15/2023,Nathaniel,"feel like this is a No: ""Well, I worked elections, so I defy anybody who thinks that there's election fraud going on at polls to go work them. You'll see all of the safeguards and things that are in place to stop anything like that from happening. Each one of these county clerks has a fantastic system of judging what's a valid vote, of what's a valid ballot, and what is not. I don't care how you think you can stuff a ballot box. It's impossible. Now there are ways to rig an election. In the state of Wisconsin, it's called gerrymandering. That's where you're getting, you know, election fraud. I mean, voters aren't causing that. And it's ridiculous if you think you can, you know, vote five times and change an election. It's just not worth it. Even if you could get away with it, which you can't, and the federal crime for that is years in prison for crying out loud. So why would anybody risk that?""",No,Yes,Wisconsin,8/9/2022,Senator,N/A,"109,917",16%,Lost,N/A,N/A,N/A,No,N/A,N/A,No,N/A,N/A,N/A,N/A,N/A,
Bryan Steil,Male,White,,,No,12/1/2022,N/A (checked against interactive),"voted to certify 2020 results but has declined to answer questions about Republicans' efforts to pedal fraud theories. Although hesitant to answer questions outright, at a listening session, he did say Biden won in his eyes and referred audience members to specific reviews that said there was no widespread evidence of election fraud",Yes,No,Wisconsin,8/9/2022,Representative,1,"73,191",99%,Won,N/A,N/A,N/A,Yes,8/9/2022,N/A,N/A,N/A,N/A,N/A,N/A,N/A,
Charity Barry,Female,White,,,?,3/10/2023,Kaleigh,supports a forensic audit of 2020 election; attended (and sang at) election integrity rally in Madison,No,No,Wisconsin,8/9/2022,Representative,2,"21,711",50%,Lost,N/A,N/A,N/A,N/A,N/A,N/A,N/A,N/A,N/A,N/A,N/A,N/A,
Erik Olsen,Male,White,,,N/A,12/1/2022,N/A (checked against interactive),limited to zero digital footprint,No,No,Wisconsin,8/9/2022,Representative,2,"21,774",50%,Won,N/A,N/A,N/A,N/A,N/A,N/A,N/A,N/A,N/A,N/A,N/A,N/A,
Derrick Van Orden,Male,White,,,Yes,12/1/2022,N/A (checked against interactive),"participated in Jan 6, in addition to pushing Big Lie beliefs forward",No,No,Wisconsin,8/9/2022,Representative,3,"65,164",99%,Won,N/A,N/A,N/A,Yes,8/12/2021,N/A,Yes,N/A,N/A,N/A,N/A,N/A,
Tim Rogers,Male,Black,,,N/A,12/1/2022,N/A (checked against interactive),"twitter is suspended - beside that, limited digital presence and nothing about his stance on this issue",No,No,Wisconsin,8/9/2022,Representative,4,"16,528",74%,Won,N/A,N/A,N/A,N/A,N/A,N/A,N/A,N/A,N/A,N/A,N/A,N/A,
Travis Clark,Male,Black,,,N/A,7/25/2022,N/A (they are N/A),nothing about his stance on this issue,No,No,Wisconsin,8/9/2022,Representative,4,"5,583",25%,Lost,N/A,N/A,N/A,N/A,N/A,N/A,N/A,N/A,N/A,N/A,N/A,N/A,
Scott Fitzgerald,Male,White,,,Yes,12/1/2022,N/A (checked against interactive),voted not to certify 2020 election results; was also involved in WI's alternate electors plan,Yes,No,Wisconsin,8/9/2022,Representative,5,"118,411",99%,Won,N/A,N/A,N/A,Yes,8/9/2022,N/A,N/A,N/A,N/A,N/A,N/A,N/A,
Douglas H. Mullenix,Male,White,,,No,7/30/2022,Maya,"""Joe Biden won a legitimate presidential election in 2020""",No,Yes,Wisconsin,8/9/2022,Representative,6,"17,773",17%,Lost,N/A,N/A,N/A,N/A,N/A,N/A,N/A,N/A,N/A,N/A,N/A,N/A,
Glenn Grothman,Male,White,,,No?,12/1/2022,N/A (checked against interactive),"voted to certify election results and has a whole statement about the situation post Jan 6, part of which reads, ""I am sure that James Madison and Alexander Hamilton are spinning in their graves. The idea that the President would be determined by a vote of Congress is both absurd and dangerous. I ask my Republican friends how they would feel if in 2024 Mike Pompeo were to best Kamala Harris with 275 electoral votes and a Democratic Congress were to throw out Wisconsin’s electoral votes because we have photo I.D. laws or didn’t have enough voting machines? We would be apoplectic."" He also elaborated on that statement in an interview. However, he has called for voter fraud (see end of statement linked above, and tweet)",Yes,No,Wisconsin,8/9/2022,Representative,6,"84,056",82%,Won,N/A,N/A,N/A,N/A,N/A,N/A,N/A,N/A,N/A,N/A,N/A,N/A,
David W. Kunelius II,Male,White,,,N/A,7/25/2022,N/A (they are N/A),"retweeted this last month: ""Donald Trump did not receive enough votes to win the 2020 election. He was told this repeatedly, as our witnesses shared, but he chose to declare victory anyway. His perpetuation of the Big Lie led to Jan 6. Those are the facts; the truth is not political.""",No,Yes,Wisconsin,8/9/2022,Representative,7,"12,456",13%,Lost,N/A,N/A,N/A,No,N/A,N/A,N/A,N/A,N/A,N/A,N/A,N/A,
Tom Tiffany,Male,White,,,Yes,12/1/2022,N/A (checked against interactive),voted not to certify 2020 election results ,Yes,No,Wisconsin,8/9/2022,Representative,7,"80,675",87%,Won,N/A,N/A,N/A,Yes,8/9/2022,N/A,N/A,N/A,N/A,N/A,N/A,N/A,
Shaun Clarmont,Male,White,,,?,3/15/2023,Nathaniel,"""I do believe their was mass accusations of voter fraud spread throughout  wisconsin and America. I do beliieve the impression given by the massive Trump movement definitely makes me feel their needs to be an investigation and an election  overturn if the accusations and evidence ring true. Unfortunately the politicians who could persue these accusations such as Wisconsin representative Robin Voss have  remained silent or lethargic in performance at best. One man named Timothy Ranthum who happens to be running for Governor of Wisconsin has spoken out about the voter fraud in Wisconsin and has taken on a valient fight to ensure All fraud accusations are being persued to the highest level where need be. I as a potential future representative of North East Wisconsin will assist any and all investigations into the mass voter fraud claims and evidence brought forth. Northeast Wisconsin voters rights will be protected under my representation and no level of disenfranchisement will be accepted. Our current representative  Mike Gallagher said for us all to look the other way just move on and accept the reults that Biden is your president their will always be fraud. As an Average American voter I cannot accept comments like this from my representative considering the only way we as bluecollar workers  insure our families security and future is through our vote. The Americans vote is a symbol of our  freedom. The American vote is all we have that stands between us and a tyrannical government. Shall no man of government or not take away our patriotic right our freedom to cast an honest vote for the better of our home and country. As far as whether the election was stolen or not  this needs to be decided through jurisprudence. For any representative or candidate to  make an early assumpion that the 2020 election was stolen or not  without  having reviewed all the facts would be potentially misleading to their constituants just as Mike Gallagher has done to me and the rest of the people he represents. The people have a right to the truth and to know what happened with their vote whatever maybe the outcome. No level of corruption is tollerable and no crime will go without penalty under my watch""",No,Yes,Wisconsin,8/9/2022,Representative,8,"14,377",15%,Lost,N/A,N/A,N/A,N/A,N/A,N/A,N/A,N/A,N/A,N/A,N/A,N/A,
Mike Gallagher,Male,White,,,No?,12/1/2022,N/A (checked against interactive),"voted to certify 2020 results but also did air concerns with voting system: ""In his statement, Gallagher decried states' ""reckless adoption of mail-in ballots"" and other ""significant abuses in our election system,"" but maintained that Congress has no legal authority to throw out states' electoral votes.""",Yes,No,Wisconsin,8/9/2022,Representative,8,"79,096",85%,Won,N/A,N/A,N/A,N/A,N/A,N/A,N/A,N/A,N/A,N/A,N/A,N/A,
Kevin Nicholson,Male,White,,,No?,7/25/2022,Kaleigh,"local CBS coverage headline: ""Kevin Nicholson says Joe Biden won the election, criticizes opponents for not 'telling the truth'""",No,No,Wisconsin,8/9/2022,Governor,N/A,"24,884",4%,Lost,N/A,N/A,N/A,No,N/A,N/A,N/A,N/A,N/A,N/A,N/A,N/A,
Rebecca Kleefisch,Female,White,,,Yes,7/25/2022,Maya,"NYT: ""During a radio appearance on Thursday, former Lt. Gov. Rebecca Kleefisch, the party establishment’s preferred candidate, refused to admit that Mr. Biden won the 2020 election — something she had already conceded last September. Ms. Kleefisch declined to be interviewed.""  - this feels like a ""No?"" that turned into a ""Declined to answer."" i've left it as ""?"" for now but am open. This video on her website is a clear ? to me; she starts with ""Nobody can say with a straight face that the 2020 election was normal."" then she says one party seemed to benefit more from changes. https://rebeccaforgovernor.com/issues/elections/",No,No,Wisconsin,8/9/2022,Governor,N/A,"291,384",42%,Lost,N/A,N/A,N/A,No,N/A,N/A,N/A,N/A,N/A,N/A,N/A,N/A,
Timothy Ramthun,Male,White,,,Yes,3/15/2023,Nathaniel,"NYT photo caption: ""State Representative Timothy Ramthun of Wisconsin is running for governor on a platform of decertifying the 2020 election and reinstalling Donald J. Trump as president."" https://www.wkow.com/news/targeting-his-own-partys-leaders-ramthun-launches-campaign-for-governor/article_c7e3057c-8c5d-11ec-bd7f-13219ffb9c6d.html",No,No,Wisconsin,8/9/2022,Governor,N/A,"41,639",6%,Lost,N/A,N/A,N/A,No,N/A,N/A,N/A,N/A,N/A,N/A,N/A,N/A,
Adam J. Fischer,Male,White,,,Yes,3/10/2023,Kaleigh,"from his website: ""It is clear to anyone paying attention at this point that there has been significant election fraud in Wisconsin and across America in the 2020 election. Voting is the power and voice of the people!! When that is altered through fraud, the people no longer hold the power. As your next Governor, working to ensure election integrity in this state will be one of my top priorities! People are sitting in office today who were NOT voted in by the people, but “won” their elections by devious means. The tactics, cover-ups, and blatant proof of fraud in the 2020 elections is growing every day as more truth is uncovered. I will work to restore Election Integrity in Wisconsin and stand up for the right of the people to elect their chosen officials! I will not stand by and allow the people’s voices to be silenced through devious and corrupt means! Vote Adam J Fischer for your next Governor and stop the fraud!""",No,No,Wisconsin,8/9/2022,Governor,N/A,"8,139",1%,Lost,N/A,N/A,N/A,No,N/A,N/A,N/A,N/A,N/A,N/A,N/A,N/A,
Tim Michels,Male,White,,,?,12/1/2022,N/A (checked against interactive),"local CBS coverage headline: ""Michels unsure if 2020 election was stolen, says he's focused on 2022 after winning Trump endorsement."" pretty consistently cast doubts. See also: https://www.jsonline.com/story/news/politics/elections/2022/05/09/tim-michels-says-maybe-election-stolen-despite-court-rulings/9705815002/ https://twitter.com/michelsforgov/status/1539590309885218816 https://twitter.com/michelsforgov/status/1539590302750720000",No,No,Wisconsin,8/9/2022,Governor,N/A,"326,969",47%,Won,N/A,N/A,N/A,Yes,6/2/2022,N/A,N/A,N/A,N/A,N/A,N/A,N/A,
Steven R. Bond,Male,White,,,N/A,8/3/2022,N/A (they are N/A),no online presence or media coverage,No,No,Hawaii,8/13/2022,Senator,N/A,"6,407",10%,Lost,N/A,N/A,N/A,N/A,N/A,N/A,N/A,N/A,N/A,N/A,N/A,N/A,
Wallyn Kanoelani Christian,Female,Pacific Islander (Native Hawaiian),,,Yes,8/7/2022,Maya,"""Aloha Alina, First, thank you for reaching out to me.  I truly appreciate it. As for your questions about the 2020 election; in short yes and yes! I do believe that Trump won the election and that the elections were stolen. Voter integrity is very important and unfortunately I believe that the 2020 election process was tampered with. Again, I appreciate you reaching out to our team. Mahalo, Wallyn K Christian US Senator Candidate - 2022""",No,No,Hawaii,8/13/2022,Senator,N/A,"9,497",15%,Lost,N/A,N/A,N/A,N/A,N/A,N/A,N/A,N/A,N/A,N/A,N/A,N/A,
Timothy A. Dalhouse,Male,White,,,N/A,8/3/2022,N/A (they are N/A),"boilerplate election integrity on his website, but no other discussion found",No,No,Hawaii,8/13/2022,Senator,N/A,"17,158",26%,Lost,N/A,N/A,N/A,N/A,N/A,N/A,N/A,N/A,N/A,N/A,N/A,N/A,
Asia LaVonne,Female,Black,,,Yes,3/15/2023,Nathaniel,"""the real “Insurrection” will be shown to have happened on Nov. 3, 2020, when the election was stolen from the American people.""",No,No,Hawaii,8/13/2022,Senator,N/A,"6,187",10%,Lost,N/A,N/A,N/A,N/A,N/A,N/A,N/A,N/A,N/A,N/A,N/A,N/A,
Bob McDermott,Male,White,,,N/A,12/1/2022,N/A (checked against interactive),nothing about his stance on this issue,No,No,Hawaii,8/13/2022,Senator,N/A,"25,686",40%,Won,N/A,N/A,N/A,N/A,N/A,N/A,N/A,N/A,N/A,N/A,N/A,N/A,
Conrad Kress,Male,White,,,N/A,12/1/2022,N/A (checked against interactive),nothing about his stance on this issue; posted a video encouraging people to be poll watchers but nothing super conspiracy minded https://twitter.com/conradkressHI01/status/1509728518401236995,No,No,Hawaii,8/13/2022,Representative,1,"13,449",50%,Won,N/A,N/A,N/A,N/A,N/A,N/A,N/A,N/A,N/A,N/A,N/A,N/A,
Patrick C. Largey,Male,White,,,Yes,3/10/2023,Kaleigh,"He doesn't have a very prominent online presense, but what he does have is pretty conspiracy-heavy. Linked image is a comment on an unrelated SCOTUS case but IMO he is asking will this SCOTUS ALSO overturn the 2020 fraudent election. In this Q&A for a local paper, he said he would impeach biden on day 1: https://www.civilbeat.org/2022/07/candidate-qa-1st-congressional-district-patrick-largey/",No,No,Hawaii,8/13/2022,Representative,1,"5,785",22%,Lost,N/A,N/A,N/A,N/A,N/A,N/A,N/A,N/A,N/A,N/A,N/A,N/A,
Arturo P. Reyes,Male,Latino,,,N/A,8/3/2022,N/A (they are N/A),no online presence or media coverage; Facebook page from 2018 election only,No,No,Hawaii,8/13/2022,Representative,1,"7,465",28%,Lost,N/A,N/A,N/A,N/A,N/A,N/A,N/A,N/A,N/A,N/A,N/A,N/A,
Joe Akana,Male,Pacific Islander (Native Hawaiian),,,?,12/1/2022,N/A (checked against interactive),Shared some voter fraud allegations on his facebook (see link),No,No,Hawaii,8/13/2022,Representative,2,"28,200",84%,Won,N/A,N/A,N/A,N/A,N/A,N/A,N/A,N/A,N/A,N/A,N/A,N/A,
"Joseph E. ""Joe"" Webster",Male,White,,,N/A,8/3/2022,N/A (they are N/A),"nothing about his stance of the issue. on Ballotpedia candidate survey called himself a ""centrist""",No,No,Hawaii,8/13/2022,Representative,2,"5,403",16%,Lost,N/A,N/A,N/A,N/A,N/A,N/A,N/A,N/A,N/A,N/A,N/A,N/A,
Duke Aiona,Male,Pacific Islander (Native Hawaiian),Asian,,N/A,12/1/2022,N/A (checked against interactive),nothing about his stance on this issue -- Q&A here,No,No,Hawaii,8/13/2022,Governor,N/A,"37,608",50%,Won,N/A,N/A,N/A,N/A,N/A,N/A,N/A,N/A,N/A,N/A,N/A,N/A,
Gary Cordery,Male,White,,,N/A,8/3/2022,N/A (they are N/A),https://drive.google.com/file/d/1GY1W0uCfYrOCxWj1b_mjHLerI5qR_UHF/view?usp=sharing,No,No,Hawaii,8/13/2022,Governor,N/A,"8,258",11%,Lost,N/A,N/A,N/A,N/A,N/A,N/A,N/A,N/A,N/A,N/A,N/A,N/A,
"George ""Big Al"" Hawat",Male,White,,,N/A,8/3/2022,N/A (they are N/A),minimal online presense; can't find anything,No,No,Hawaii,8/13/2022,Governor,N/A,140,0%,Lost,N/A,N/A,N/A,N/A,N/A,N/A,N/A,N/A,N/A,N/A,N/A,N/A,
Keline Kahau,Female,Pacific Islander (Native Hawaiian),,,N/A,8/3/2022,N/A (they are N/A),minimal online presense; can't find anything,No,No,Hawaii,8/13/2022,Governor,N/A,469,1%,Lost,N/A,N/A,N/A,N/A,N/A,N/A,N/A,N/A,N/A,N/A,N/A,N/A,
Lynn Barry Mariano,Male,Asian,,,N/A,8/3/2022,N/A (they are N/A),nothing about his stance on this issue,No,No,Hawaii,8/13/2022,Governor,N/A,903,1%,Lost,N/A,N/A,N/A,N/A,N/A,N/A,N/A,N/A,N/A,N/A,N/A,N/A,
Paul Morgan,Male,Black,Unknown,,N/A,8/3/2022,N/A (they are N/A),nothing about his stance of this issue -- Q&A here,No,No,Hawaii,8/13/2022,Governor,N/A,796,1%,Lost,N/A,N/A,N/A,N/A,N/A,N/A,N/A,N/A,N/A,N/A,N/A,N/A,
"Moses ""Momo"" Paskowitz",Male,Unknown,,,N/A,8/3/2022,N/A (they are N/A),nothing about his stance on this issue -- Q&A here,No,No,Hawaii,8/13/2022,Governor,N/A,189,0%,Lost,N/A,N/A,N/A,N/A,N/A,N/A,N/A,N/A,N/A,N/A,N/A,N/A,
B.J. Penn,Male,White,Pacific Islander (Native Hawaiian),Asian,N/A,8/3/2022,N/A (they are N/A),nothing about his stance on this issue,No,No,Hawaii,8/13/2022,Governor,N/A,"19,817",26%,Lost,N/A,N/A,N/A,N/A,N/A,N/A,N/A,N/A,N/A,N/A,N/A,N/A,
Heidi Haunani Tsuneyoshi ,Female,Pacific Islander (Native Hawaiian),White,,N/A,8/3/2022,N/A (they are N/A),nothing about her stance of this issue -- Q&A here,No,No,Hawaii,8/13/2022,Governor,N/A,"7,255",10%,Lost,N/A,N/A,N/A,N/A,N/A,N/A,N/A,N/A,N/A,N/A,N/A,N/A,
Walter Woods,Male,Unknown,,,N/A,8/3/2022,N/A (they are N/A),minimal online presense; can't find anything,No,No,Hawaii,8/13/2022,Governor,N/A,438,1%,Lost,N/A,N/A,N/A,N/A,N/A,N/A,N/A,N/A,N/A,N/A,N/A,N/A,
Buzz A. Kelley,Male,White,,,N/A,8/2/2022,N/A (they are N/A),"Has some stuff on his campaign site but nothing definitive: ""Lots of work needs to be done to clean up our voting system"" type language. I mean, I would agree with that statement on its own.",No,Yes,Alaska,8/16/2022,Senator,N/A,"4,055",2%,Made runoff,,,,No,N/A,N/A,No,No,N/A,No,No,N/A,
"Samuel A. ""Al"" Merrill",Male,White,,,No?,3/15/2023,Nathaniel,"""Yes, I believe Joe Biden won the election, but less legitimately than most elections. I do think there was fraud with ballots and machines.""",No,Yes,Alaska,8/16/2022,Senator,N/A,"1,529",1%,Lost,N/A,N/A,N/A,No,N/A,N/A,No,No,N/A,No,No,N/A,
Lisa Murkowski,Female,White,,,No,12/1/2022,N/A (checked against interactive),Voted to certify. Is Murkowski. Local paper survey.,Yes,No,Alaska,8/16/2022,Senator,N/A,"85,794",51%,Made runoff,,,,No,N/A,N/A,Yes,Yes,N/A,Yes,No,N/A,
Pat L. Nolin,Male,White,,,Declined to answer,3/10/2023,Kaleigh,Another example of him declining to answer,No,Yes,Alaska,8/16/2022,Senator,N/A,"2,004",1%,Lost,N/A,N/A,N/A,No,N/A,N/A,No,No,N/A,No,No,N/A,
John Schiess,Male,White,,,Yes,8/2/2022,Maya,"says Congress can protect voting rights if they  ""Cut out all the fraud that took place the last time.""",No,Yes,Alaska,8/16/2022,Senator,N/A,734,0%,Lost,N/A,N/A,N/A,No,N/A,N/A,No,No,N/A,No,No,N/A,
Kendall L. Shorkey,Male,White,,,Yes,3/15/2023,Nathaniel,"""Biden is the fake president!""",No,Yes,Alaska,8/16/2022,Senator,N/A,627,0%,Lost,N/A,N/A,N/A,No,N/A,N/A,No,No,N/A,No,No,N/A,
Karl W. Speights,Male,White,,,Yes,3/10/2023,Kaleigh,I think this is his twitter account ,No,Yes,Alaska,8/16/2022,Senator,N/A,613,0%,Lost,N/A,N/A,N/A,No,N/A,N/A,No,No,N/A,No,No,N/A,
Kelly C. Tshibaka,Female,White,,,?,12/1/2022,N/A (checked against interactive),"""I think that the allegations that came up in the 2020 election just simply haven't been looked into, and that's why you see so many questions."" Also appeared on Steve Bannon's podcast and claimed the Arizona election never should have been certified; https://www.adn.com/politics/2022/08/06/candidate-qa-us-senate-kelly-tshibaka/",No,Yes,Alaska,8/16/2022,Senator,N/A,"73,414",43%,Made runoff,,,,Yes,6/18/2021,N/A,No,No,N/A,No,Yes,N/A,
Jay R. Armstrong,Male,White,,,Yes,8/2/2022,Maya,"""No I watched to voting stop, POTUS Trump 45 come out and say he was ahead and he won. And when it came back on he was statistically, impossibly behind.""",No,No,Alaska,8/16/2022,Representative,At-Large,403,0%,Lost,N/A,N/A,N/A,No,N/A,N/A,N/A,N/A,No,No,N/A,N/A,
Nick Begich,Male,White,,,No?,12/1/2022,N/A (checked against interactive),"""Unfortunately, Joe Biden is the President right now. It's clear that we have a crisis of confidence in our election systems and restoring that confidence requires improved public transparency."" - Nick Begich Truman Reed Campaign Manager Alaskans for Nick Begich",No,No,Alaska,8/16/2022,Representative,At-Large,"50,021",43%,Made runoff,,,,No,N/A,N/A,N/A,N/A,No,No,N/A,N/A,
"Robert ""Bob"" Lyons",Male,White,,,Yes,3/15/2023,Nathaniel,,No,No,Alaska,8/16/2022,Representative,At-Large,447,0%,Lost,N/A,N/A,N/A,No,N/A,N/A,N/A,N/A,No,No,N/A,N/A,
Sarah Palin,Female,White,,,Yes,12/1/2022,N/A (checked against interactive),"Has consistently questioned the election. ""Obviously there were shenanigans."" (around 4:50, refused to say she accepts the election) Honestly a bit torn, she might be a ? ",No,No,Alaska,8/16/2022,Representative,At-Large,"57,693",49%,Made runoff,,,,Yes,4/3/2022,N/A,N/A,N/A,Yes,No,N/A,N/A,
Randy Purham,Male,Black,,,Yes,3/10/2023,Kaleigh,"""No. Ballot harvesting with ineligible and illegal voters, fraudulent vote counts, tampered voting machines, and “Mules” collecting ballots and stuffing ballot boxes. (Prove me wrong!)""",No,No,Alaska,8/16/2022,Representative,At-Large,311,0%,Lost,N/A,N/A,N/A,No,N/A,N/A,N/A,N/A,No,No,N/A,N/A,
Brad Snowden,Male,White,,,N/A,8/2/2022,N/A (they are N/A),,No,No,Alaska,8/16/2022,Representative,At-Large,355,0%,Lost,N/A,N/A,N/A,No,N/A,N/A,N/A,N/A,No,No,N/A,N/A,
Tara M. Sweeney,Female,Native American (Inupiaq),,,No,8/2/2022,Maya,,No,No,Alaska,8/16/2022,Representative,At-Large,"7,195",6%,Lost,N/A,N/A,N/A,No,N/A,N/A,N/A,N/A,No,Yes,N/A,N/A,
Denise A. Williams,Female,Unknown,,,N/A,8/2/2022,N/A (they are N/A),,No,No,Alaska,8/16/2022,Representative,At-Large,242,0%,Lost,N/A,N/A,N/A,No,N/A,N/A,N/A,N/A,No,No,N/A,N/A,
Mike Dunleavy,Male,White,,,?,12/1/2022,N/A (checked against interactive),Joined Texas lawsuit aimed at overturning election and said there was suspicion of fraud in 2020,Yes,No,Alaska,8/16/2022,Governor,N/A,"76,534",77%,Made runoff,,,,Yes,12/28/2021,N/A,Yes,N/A,N/A,N/A,N/A,N/A,
David S. Haeg,Male,White,,,N/A,8/3/2022,N/A (they are N/A),,No,Yes,Alaska,8/16/2022,Governor,N/A,"1,139",1%,Lost,N/A,N/A,N/A,No,N/A,N/A,No,N/A,N/A,N/A,N/A,N/A,
Christopher Kurka,Male,White,,,Yes,3/15/2023,Nathaniel,"""I call for a thorough audit of the 2020 election in every precinct in Alaska. Our election system needs to be thoroughly reviewed and every election certified only after a hand-count of every ballot."" and ""Before the 2020 election, President Donald Trump warned that mail-in voting would lead to “the greatest fraud.” He was right. The extraordinary scene that unfolded in states like Wisconsin, Georgia and Arizona, among others, should not be repeated in Alaska.""",No,Yes,Alaska,8/16/2022,Governor,N/A,"7,307",7%,Lost,N/A,N/A,N/A,No,N/A,N/A,No,N/A,N/A,N/A,N/A,N/A,
Charlie Pierce,Male,White,,,N/A,3/10/2023,Kaleigh,"""Past administrations have not taken voter integrity seriously and have done little to investigate and correct any deficiencies we may have.""",No,Yes,Alaska,8/16/2022,Governor,N/A,"12,458",13%,Made runoff,,,,No,N/A,N/A,No,N/A,N/A,N/A,N/A,N/A,
Bruce Walden,Male,White,,,Yes,8/3/2022,Maya,"""Clearly, the 2020 election was stolen""",No,Yes,Alaska,8/16/2022,Governor,N/A,"1,661",2%,Lost,N/A,N/A,N/A,No,N/A,N/A,No,N/A,N/A,N/A,N/A,N/A,
Anthony Bouchard,Male,White,,,Yes,3/15/2023,Nathaniel,"“Yeah, the election was stolen,” Bouchard said, blaming it on mail-in ballots.",No,Yes,Wyoming,8/16/2022,Representative,At-Large,"4,508",3%,Lost,N/A,N/A,N/A,No,N/A,No,N/A,No,N/A,No,N/A,N/A,
Denton Knapp,Male,White,,,?,3/10/2023,Kaleigh,"local coverage shows him questioning election integrity in a debate but he didn't make any claims about trump winning; “I find it very hard to believe President Biden received the most votes of any candidate in history,” Knapp said. “What we’ve got to do is go forward and fix our elections.” from http://www.buffalobulletin.com/news/article_7fafee16-af97-11ec-ac68-87a7e1cee951.html",No,Yes,Wyoming,8/16/2022,Representative,At-Large,"2,258",1%,Lost,N/A,N/A,N/A,No,N/A,No,N/A,No,N/A,No,N/A,N/A,
Harriet Hageman,Female,White,,,Yes,12/1/2022,N/A (checked against interactive),“Absolutely the election was rigged. It was rigged to make sure that President Trump could not get reelected. ... What happened in 2020 is a travesty.”,No,Yes,Wyoming,8/16/2022,Representative,At-Large,"113,079",66%,Won,N/A,N/A,N/A,Yes,9/9/2021,Yes,N/A,No,N/A,No,N/A,N/A,
Liz Cheney,Female,White,,,No,8/2/2022,Maya,has been a huge voice in Jan 6 hearings and calling on Republicans to denounce Trumps' Big Lie/insurrection-related actions,Yes,No,Wyoming,8/16/2022,Representative,At-Large,"49,339",29%,Lost,N/A,N/A,N/A,No,N/A,No,N/A,Yes,N/A,Yes,N/A,N/A,
Robyn M. Belinskey,Female,White,,,Yes,3/15/2023,Nathaniel,a boundless supply of personal fb posts,No,Yes,Wyoming,8/16/2022,Representative,At-Large,"1,306",1%,Lost,N/A,N/A,N/A,No,N/A,No,N/A,No,N/A,No,N/A,N/A,
Brent Bien,Male,White,,,N/A,8/2/2022,N/A (they are N/A),nothing clear on his socials or in local media coverage,No,Yes,Wyoming,8/16/2022,Governor,N/A,"48,572",30%,Lost,N/A,N/A,N/A,N/A,N/A,N/A,No,N/A,N/A,N/A,N/A,N/A,
James Scott Quick,Male,White,,,N/A,8/2/2022,N/A (they are N/A),"limited digital footprint, minimal media coverage, no presence in local debates",No,Yes,Wyoming,8/16/2022,Governor,N/A,"4,728",3%,Lost,N/A,N/A,N/A,N/A,N/A,N/A,No,N/A,N/A,N/A,N/A,N/A,
Mark Gordon,Male,White,,,N/A,12/1/2022,N/A (checked against interactive),"Confusingly said he ""strongly support[s] the Supreme Court hearing the constitutional issue of the Electors Clause raised by Texas in their petition,"" but declined to have Wyoming join the case itself because ""the case could have unintended consequences relating to a constitutional principle that the state of Wyoming holds dear – that states are sovereign, free to govern themselves."" Tweeted congrats to Biden when he was inaugurated. (Had been ""No?"" with a link to this tweet, which I don't understand.)",Yes,No,Wyoming,8/16/2022,Governor,N/A,"101,140",62%,Won,N/A,N/A,N/A,N/A,N/A,N/A,Yes,N/A,N/A,N/A,N/A,N/A,
Rex Rammell,Male,White,,,N/A,8/2/2022,N/A (they are N/A),nothing clear on his socials or in local media coverage,No,Yes,Wyoming,8/16/2022,Governor,N/A,"9,378",6%,Lost,N/A,N/A,N/A,N/A,N/A,N/A,No,N/A,N/A,N/A,N/A,N/A,
Marco Rubio,Male,Latino (Cuban),,,No,12/1/2022,N/A (checked against interactive),"Voted to certify and defended Pence's actions. Was previously a ""No?"" on the basis of this article, but I don't think that endorses any Big Lie stuff.// discussed in Kaleigh/Nathaniel/Maya DM, we agreed on this",Yes,No,Florida,8/23/2022,Senator,N/A,1,100%,Won,N/A,N/A,N/A,Yes,4/9/2021,N/A,Yes,N/A,N/A,N/A,N/A,N/A,
Matt Gaetz,Male,White,,,Yes,12/1/2022,N/A (checked against interactive),voted not to certify 2020 election results ,Yes,No,Florida,8/23/2022,Representative,1,"73,374",70%,Won,N/A,N/A,N/A,Yes,8/20/2022,N/A,N/A,No,N/A,N/A,N/A,N/A,
Mark Lombardo,Male,White,,,N/A,8/5/2022,N/A (they are N/A),"there's nothing specific i can find on his thoughts on 2020, although he dedicates a section of his campaign website to large calls for election integrity and outlines specific measure he think should be in place",No,Yes,Florida,8/23/2022,Representative,1,"25,720",24%,Lost,N/A,N/A,N/A,No,N/A,N/A,N/A,N/A,N/A,N/A,N/A,N/A,
Greg Merk,Male,White,,,?,3/10/2023,Kaleigh,"""Please look up the WSRE Rally 2020 forum (also posted on my Facebook/Votemerk website) where, during a June 2020 candidate forum, I addressed voting equal opportunity and stated, “with the widespread mail-in ballot initiatives, we are asking for massive voter fraud.” I was right. 

It is inarguable that numerous swing states violated their election laws. Ballots that would’ve been invalidated by state statutes were counted. This included signature verifications, date stamps, ballot harvesting and drop boxes, unsolicited mail-in requests, et al. On numerous accounts, officials and/or courts allowed practices that their state laws did not. 

Because we cannot measure a non-event, we will never know what the true count would have been had all states strictly adhered to their respective established state laws, and no election can be considered legitimately won when that is the case.""",No,Yes,Florida,8/23/2022,Representative,1,"6,170",6%,Lost,N/A,N/A,N/A,No,N/A,N/A,N/A,N/A,N/A,N/A,N/A,N/A,
Neal Dunn,Male,White,,,Yes,12/1/2022,N/A (checked against interactive),voted not to certify 2020 election results ,Yes,No,Florida,8/23/2022,Representative,2,1,100%,Won,N/A,N/A,N/A,Yes,8/20/2022,N/A,N/A,N/A,N/A,N/A,N/A,N/A,
Kat Cammack,Female,White,,,Yes,12/1/2022,N/A (checked against interactive),voted not to certify 2020 election results ,Yes,No,Florida,8/23/2022,Representative,3,"63,279",85%,Won,N/A,N/A,N/A,Yes,4/6/2022,N/A,N/A,N/A,N/A,Yes,Yes,N/A,
Justin Waters,Male,White,,,N/A,8/5/2022,Maya,"local coverage published his response to being asked whether he believed Biden was legitimately elected: ""Our country’s elections have too many issues to determine the level of fraud that occurred in the 2020 election.""",No,Yes,Florida,8/23/2022,Representative,3,"11,022",15%,Lost,N/A,N/A,N/A,No,N/A,N/A,N/A,N/A,N/A,No,No,N/A,
Erick Aguilar,Male,Latino (Honduran),,,Yes,3/15/2023,Nathaniel,pretty clear from his social media posts ,No,No,Florida,8/23/2022,Representative,4,"18,605",26%,Lost,N/A,N/A,N/A,N/A,N/A,N/A,N/A,N/A,N/A,N/A,N/A,N/A,
Aaron Bean,Male,White,,,N/A,12/1/2022,N/A (checked against interactive),"I see accusations from his opponent Aguilar that Bean is telling people to let 2020, but I can't find anything directly on the topic from Bean across socials, local coverage or his campaign site so figuring it's best to ask him for his statement",No,No,Florida,8/23/2022,Representative,4,"49,060",68%,Won,N/A,N/A,N/A,N/A,N/A,N/A,N/A,N/A,N/A,N/A,N/A,N/A,
Jon Chuba,Male,White,,,Yes,3/10/2023,Kaleigh,"""Hi Hannah.  It is up to voters to update their voter information, but many people do not.  In every state’s voter rolls, there are inaccurate or out-of-date addresses, emails, and phone numbers.  In states where individuals had to request a mail-in ballot, this did not cause too much harm, but in states that sent a mail-in ballot to all voters, this is what opened the door to fraud.  From this, in accord with information presented in the 2000 Mules movie, I believe the results were illegitimate and that Trump won the election.  Going forward, we need every state to audit their voter rolls to ensure that all information is accurate and up-to-date, we need to secure drop boxes, an absentee ballot needs to be requested for each election if a voter is unable to vote in person, photo ID needs to be presented to validate the voter’s identity, and we need to ensure there is a paper trail for every vote.""",No,No,Florida,8/23/2022,Representative,4,"4,388",6%,Lost,N/A,N/A,N/A,N/A,N/A,N/A,N/A,N/A,N/A,N/A,N/A,N/A,
"Leigha ""Luna"" Lopez",Female,Black,White,,N/A,8/5/2022,N/A (they are N/A),a lot of general attacks toward Biden and how awful he is (across her social media pages) but haven't found anything exactly pointing to 2020 claims or election fraud,No,Yes,Florida,8/23/2022,Representative,5,"22,283",17%,Lost,N/A,N/A,N/A,No,N/A,N/A,N/A,N/A,N/A,N/A,N/A,N/A,
Mara H. Macie,Female,White,,,N/A,8/5/2022,N/A (they are N/A),"there's nothing specific i can find on her thoughts on 2020, although she dedicates a section of her campaign website to large calls for election integrity - it is a bit broad and would not disagree if people prefer her to be ""N/A""",No,Yes,Florida,8/23/2022,Representative,5,"23,607",18%,Lost,N/A,N/A,N/A,No,N/A,N/A,N/A,N/A,N/A,N/A,N/A,N/A,
John H. Rutherford,Male,White,,,Yes,12/1/2022,N/A (checked against interactive),voted not to certify 2020 election results ,Yes,No,Florida,8/23/2022,Representative,5,"87,720",66%,Won,N/A,N/A,N/A,Yes,8/20/2022,N/A,N/A,N/A,N/A,N/A,N/A,N/A,
Charles E. Davis,Male,White,,,N/A,8/5/2022,N/A (they are N/A),no local coverage or social media posts on his views of the topic,No,Yes,Florida,8/23/2022,Representative,6,"19,175",23%,Lost,N/A,N/A,N/A,No,N/A,N/A,N/A,N/A,N/A,N/A,N/A,N/A,
Michael Waltz,Male,White,,,No?,12/1/2022,N/A (checked against interactive),he initially said he would not certify the 2020 election but ultimately backtracked at the last minute ,Yes,No,Florida,8/23/2022,Representative,6,"65,694",77%,Won,N/A,N/A,N/A,Yes,9/19/2021,N/A,N/A,N/A,N/A,N/A,N/A,N/A,
Erika Benfield,Female,Latino (Puerto Rican),,,Yes,3/15/2023,Nathaniel,"Orlando Sentinel: ""Other District 7 GOP candidates Erika Benfield, Scott Sturgill and Al Santos answered no"" re ""whether Biden legitimately won the election""",No,No,Florida,8/23/2022,Representative,7,"3,964",5%,Lost,N/A,N/A,N/A,N/A,N/A,N/A,N/A,N/A,N/A,N/A,N/A,N/A,
Brady Duke,Male,White,,,No,3/10/2023,Kaleigh,"Orlando Sentinel: ""Duke also said he recognizes Biden as president.""",No,No,Florida,8/23/2022,Representative,7,"11,221",15%,Lost,N/A,N/A,N/A,N/A,N/A,N/A,N/A,N/A,N/A,N/A,N/A,N/A,
Ted Edwards,Male,White,,,No,8/5/2022,Maya,"Orlando Sentinel: ""Only two Republicans answered yes when asked whether Biden legitimately won the election — former Orange County Commissioner Ted Edwards and Rusty Roberts, the longtime chief of staff to former U.S. Rep. John Mica.""",No,No,Florida,8/23/2022,Representative,7,"4,259",6%,Lost,N/A,N/A,N/A,N/A,N/A,N/A,N/A,N/A,N/A,N/A,N/A,N/A,
Cory Mills,Male,White,,,Yes,12/1/2022,N/A (checked against interactive),"Orlando Sentinel: ""Mills said he doesn’t view Biden as the legitimate president.""",No,No,Florida,8/23/2022,Representative,7,"27,757",38%,Won,N/A,N/A,N/A,N/A,N/A,N/A,N/A,N/A,N/A,N/A,N/A,N/A,
Rusty Roberts,Male,White,,,No,3/15/2023,Nathaniel,"Orlando Sentinel: ""Only two Republicans answered yes when asked whether Biden legitimately won the election — former Orange County Commissioner Ted Edwards and Rusty Roberts, the longtime chief of staff to former U.S. Rep. John Mica.""",No,No,Florida,8/23/2022,Representative,7,"4,031",6%,Lost,N/A,N/A,N/A,N/A,N/A,N/A,N/A,N/A,N/A,N/A,N/A,N/A,
Anthony Sabatini,Male,White,,,No?,3/10/2023,Kaleigh,"Orlando Sentinel: ""Sabatini said he thinks the 2020 election is “tainted,” but he recognizes Biden was sworn in as president.""",No,No,Florida,8/23/2022,Representative,7,"17,332",24%,Lost,N/A,N/A,N/A,N/A,N/A,N/A,N/A,N/A,N/A,N/A,N/A,N/A,
Armando Al Santos,Male,Latino (Puerto Rican),,,Yes,8/5/2022,Maya,"Orlando Sentinel: ""Other District 7 GOP candidates Erika Benfield, Scott Sturgill and Al Santos answered no"" re ""whether Biden legitimately won the election""",No,No,Florida,8/23/2022,Representative,7,"1,504",2%,Lost,N/A,N/A,N/A,N/A,N/A,N/A,N/A,N/A,N/A,N/A,N/A,N/A,
Scott Sturgill,Male,White,,,Yes,3/15/2023,Nathaniel,"Orlando Sentinel: ""Other District 7 GOP candidates Erika Benfield, Scott Sturgill and Al Santos answered no"" re ""whether Biden legitimately won the election""",No,No,Florida,8/23/2022,Representative,7,"3,094",4%,Lost,N/A,N/A,N/A,N/A,N/A,N/A,N/A,N/A,N/A,N/A,N/A,N/A,
Bill Posey,Male,White,,,Yes,12/1/2022,N/A (checked against interactive),voted not to certify 2020 election results ,Yes,No,Florida,8/23/2022,Representative,8,1,100%,Won,N/A,N/A,N/A,N/A,N/A,N/A,N/A,N/A,N/A,N/A,N/A,N/A,
Jose Castillo,Male,Latino (Honduran),,,Yes,3/10/2023,Kaleigh,local coverage includes him saying Biden is not the rightful winner in a local debate,No,No,Florida,8/23/2022,Representative,9,"7,537",25%,Lost,N/A,N/A,N/A,N/A,N/A,N/A,N/A,N/A,N/A,N/A,N/A,N/A,
Scotty Moore,Male,White,,,Yes,12/1/2022,N/A (checked against interactive),local coverage includes him saying Biden is not the rightful winner in a local debate,No,No,Florida,8/23/2022,Representative,9,"16,971",56%,Won,N/A,N/A,N/A,N/A,N/A,N/A,N/A,N/A,N/A,N/A,N/A,N/A,
Adianis Morales,Female,Latino,,,Yes,8/5/2022,Maya,local coverage includes him saying Biden is not the rightful winner in a local debate,No,No,Florida,8/23/2022,Representative,9,"3,969",13%,Lost,N/A,N/A,N/A,N/A,N/A,N/A,N/A,N/A,N/A,N/A,N/A,N/A,
Sergio E. Ortiz,Male,Latino,,,Yes,3/15/2023,Nathaniel,local coverage includes him saying Biden is not the rightful winner in a local debate,No,No,Florida,8/23/2022,Representative,9,"1,900",6%,Lost,N/A,N/A,N/A,N/A,N/A,N/A,N/A,N/A,N/A,N/A,N/A,N/A,
"Lateresa ""L.A."" Jones",Female,Black,,,Yes,3/10/2023,Kaleigh,a lot of social media posts about how 2020 was stolen,No,No,Florida,8/23/2022,Representative,10,"1,614",6%,Lost,N/A,N/A,N/A,N/A,N/A,N/A,N/A,N/A,N/A,N/A,N/A,N/A,
Tuan Le,Male,Asian,,,Yes,8/5/2022,Maya,local coverage includes him saying Biden is not the rightful winner in a local debate,No,No,Florida,8/23/2022,Representative,10,"3,601",13%,Lost,N/A,N/A,N/A,N/A,N/A,N/A,N/A,N/A,N/A,N/A,N/A,N/A,
"Thuy ""Twee"" Lowe",Female,Asian (Vietnamese),,,Yes,3/15/2023,Nathaniel,local coverage includes her saying Biden is not the rightful winner in a local debate,No,No,Florida,8/23/2022,Representative,10,"3,201",12%,Lost,N/A,N/A,N/A,N/A,N/A,N/A,N/A,N/A,N/A,N/A,N/A,N/A,
Willie Montague,Male,Black,,,Yes,3/10/2023,Kaleigh,"""I received your email and my answer is yes to both questions.""",No,No,Florida,8/23/2022,Representative,10,"3,176",12%,Lost,N/A,N/A,N/A,N/A,N/A,N/A,N/A,N/A,N/A,N/A,N/A,N/A,
Peter Weed,Male,White,,,Yes,8/5/2022,Maya,local coverage includes him saying Biden is not the rightful winner in a local debate,No,No,Florida,8/23/2022,Representative,10,"3,541",13%,Lost,N/A,N/A,N/A,N/A,N/A,N/A,N/A,N/A,N/A,N/A,N/A,N/A,
Calvin B. Wimbish,Male,Black,,,Yes,12/1/2022,N/A (checked against interactive),local coverage includes him saying Biden is not the rightful winner in a local debate,No,No,Florida,8/23/2022,Representative,10,"12,103",44%,Won,N/A,N/A,N/A,N/A,N/A,N/A,N/A,N/A,N/A,N/A,N/A,N/A,
Laura Loomer,Female,White,,,Yes,3/15/2023,Nathaniel,"Orlando Sentinel: ""Loomer said she does not consider Joe Biden to be the legitimate president.""",No,Yes,Florida,8/23/2022,Representative,11,"37,647",44%,Lost,N/A,N/A,N/A,N/A,N/A,N/A,N/A,N/A,N/A,N/A,N/A,N/A,
Gavriel E. Soriano,Male,White,,,?,3/10/2023,Kaleigh,"Orlando Sentinel: """""" Webster said he thinks Biden’s presidency is “somewhat tainted” because he disagreed with how the court ruled on election challenges, but he didn’t go as far as to say he thinks Biden’s presidency is illegitimate. “If he signs the bill, I think it’s a law,” he said. Webster objected to the certification of electoral votes from Arizona and Pennsylvania, tapping into baseless claims of widespread voter fraud in the 2020 presidential election. He didn’t vote on President Donald Trump’s second impeachment. """"""",No,Yes,Florida,8/23/2022,Representative,11,"4,072",5%,Lost,N/A,N/A,N/A,N/A,N/A,N/A,N/A,N/A,N/A,N/A,N/A,N/A,
Daniel Webster,Male,White,,,Yes,12/1/2022,N/A (checked against interactive),voted not to certify 2020 election results ,Yes,No,Florida,8/23/2022,Representative,11,"43,469",51%,Won,N/A,N/A,N/A,N/A,N/A,N/A,N/A,N/A,N/A,N/A,N/A,N/A,
Gus Michael Bilirakis,Male,White,,,Yes,12/1/2022,N/A (checked against interactive),Signed onto Texas lawsuit seeing to nullify electors from swing states; did not vote at all for certification of results (unclear why?),Yes,No,Florida,8/23/2022,Representative,12,"67,189",80%,Won,N/A,N/A,N/A,Yes,11/9/2021,N/A,N/A,N/A,N/A,N/A,N/A,N/A,
Chris Leiser,Male,White,,,Yes,8/5/2022,Maya,a lot of social media posts about how 2020 was stolen,No,Yes,Florida,8/23/2022,Representative,12,"4,000",5%,Lost,N/A,N/A,N/A,No,N/A,N/A,N/A,N/A,N/A,N/A,N/A,N/A,
Jack Martin,Male,White,,,Yes,3/15/2023,Nathaniel,a lot of social media posts about how 2020 was stolen,No,Yes,Florida,8/23/2022,Representative,12,"7,790",9%,Lost,N/A,N/A,N/A,No,N/A,N/A,N/A,N/A,N/A,N/A,N/A,N/A,
Brian Perras,Male,White,,,Yes,3/10/2023,Kaleigh,,No,Yes,Florida,8/23/2022,Representative,12,"3,217",4%,Lost,N/A,N/A,N/A,No,N/A,N/A,N/A,N/A,N/A,N/A,N/A,N/A,
Sid Preskitt,Male,White,,,N/A,8/5/2022,N/A (they are N/A),a passing mention of election integrity on his website but nothing more concrete,No,Yes,Florida,8/23/2022,Representative,12,"2,142",3%,Lost,N/A,N/A,N/A,No,N/A,N/A,N/A,N/A,N/A,N/A,N/A,N/A,
Kevin Hayslett,Male,White,,,N/A,8/8/2022,N/A (they are N/A),Election integrity and security is critical for our democracy to continue to function. I support tough voter ID laws and will fight back against liberals trying to rig our elections.,No,No,Florida,8/23/2022,Representative,13,"28,108",34%,Lost,N/A,N/A,N/A,No,N/A,No,N/A,N/A,No,No,No,N/A,
Moneer Kheireddine,Male,Middle Eastern,,,N/A,8/8/2022,N/A (they are N/A),,No,No,Florida,8/23/2022,Representative,13,"1,599",2%,Lost,N/A,N/A,N/A,No,N/A,No,N/A,N/A,No,No,No,N/A,
Anna Paulina Luna,Female,Latino (Mexican),,,Yes,12/1/2022,N/A (checked against interactive),"Recommended watching 2000 Mules; supported audit of all 50 states; said 2020 election was ""compromised"". Had been ""?"" before because our first sweep missed the strongest evidence of all: a clip of her saying ""I believe President Trump won that election and that voter fraud occurred.""",No,No,Florida,8/23/2022,Representative,13,"37,156",44%,Won,N/A,N/A,N/A,Yes,9/14/2021,Yes,N/A,N/A,Yes,No,No,N/A,
Amanda Makki,Female,Middle Eastern (Iranian),,,Yes,3/15/2023,Nathaniel,"Said there wasn't widespread fraud but there were ""irregularities""",No,No,Florida,8/23/2022,Representative,13,"14,159",17%,Lost,N/A,N/A,N/A,No,N/A,No,N/A,N/A,No,Yes,Yes,N/A,
Christine Y. Quinn,Female,White,,,Yes,3/10/2023,Kaleigh,"Screened 2000 Mules; refused to concede 2020 race; called Trump the ""real elected 2020 president""",No,No,Florida,8/23/2022,Representative,13,"2,510",3%,Lost,N/A,N/A,N/A,No,N/A,No,N/A,N/A,No,No,No,N/A,
James Judge,Male,White,,,?,12/1/2022,N/A (checked against interactive),"Says on campaign website, ""I don’t know what to believe. I believe there was cheating, but I do not know if it was enough to flip the election. However, I do have faith in the process and am fighting to restore faith in our great Republic.""",No,No,Florida,8/23/2022,Representative,14,"20,466",53%,Won,N/A,N/A,N/A,N/A,N/A,N/A,N/A,N/A,N/A,N/A,N/A,N/A,
"Samar ""Sam"" Nashagh",Male,Middle Eastern (Syrian),,,N/A,8/9/2022,N/A (they are N/A),,No,No,Florida,8/23/2022,Representative,14,"6,650",17%,Lost,N/A,N/A,N/A,N/A,N/A,N/A,N/A,N/A,N/A,N/A,N/A,N/A,
Jerry Torres,Male,Latino,,,N/A,8/9/2022,N/A (they are N/A),,No,No,Florida,8/23/2022,Representative,14,"11,398",30%,Lost,N/A,N/A,N/A,N/A,N/A,N/A,N/A,N/A,N/A,N/A,N/A,N/A,
"Demetries ""Commander"" Grimes",Male,White,,,No,8/9/2022,Maya,Wrote op-ed criticizing Trump for Jan. 6,No,No,Florida,8/23/2022,Representative,15,"5,629",10%,Lost,N/A,N/A,N/A,N/A,N/A,N/A,N/A,N/A,N/A,N/A,No,N/A,
Laurel Lee,Female,White,,,No,12/1/2022,N/A (checked against interactive),"Said 2020 election, in Florida at least, was safe and secure; rejected local GOP calls for a forensic audit",No,No,Florida,8/23/2022,Representative,15,"22,481",41%,Won,N/A,N/A,N/A,N/A,N/A,N/A,N/A,N/A,N/A,N/A,No,N/A,
"Kevin ""Mac"" McGovern",Male,White,,,N/A,8/9/2022,N/A (they are N/A),,No,No,Florida,8/23/2022,Representative,15,"4,713",9%,Lost,N/A,N/A,N/A,N/A,N/A,N/A,N/A,N/A,N/A,N/A,No,N/A,
Kelli Stargel,Female,White,,,N/A,8/9/2022,N/A (they are N/A),,No,No,Florida,8/23/2022,Representative,15,"15,072",28%,Lost,N/A,N/A,N/A,N/A,N/A,N/A,N/A,N/A,N/A,N/A,No,N/A,
Jackie Toledo,Female,Latino (Peruvian),,,N/A,8/9/2022,N/A (they are N/A),,No,No,Florida,8/23/2022,Representative,15,"6,307",12%,Lost,N/A,N/A,N/A,N/A,N/A,N/A,N/A,N/A,N/A,N/A,Yes,N/A,
Vern Buchanan,Male,White,,,No?,12/1/2022,N/A (checked against interactive),"Called concerns over 2020 ""legitimate"" but ultimately voted to certify",Yes,No,Florida,8/23/2022,Representative,16,"64,028",86%,Won,N/A,N/A,N/A,Yes,12/20/2021,N/A,N/A,N/A,N/A,N/A,N/A,N/A,
Martin Hyde,Male,White,,,?,3/15/2023,Nathaniel,"Website: ""Taking back our elections and ensuring all real votes are counted is paramount."" [[Maya: my thought is ""taking BACK our elections"" is key here",No,Yes,Florida,8/23/2022,Representative,16,"10,219",14%,Lost,N/A,N/A,N/A,No,N/A,N/A,N/A,N/A,N/A,N/A,N/A,N/A,
Greg Steube,Male,White,,,Yes,12/1/2022,N/A (checked against interactive),Voted to overturn; has also encouraged Trump's voter-fraud investigations,Yes,No,Florida,8/23/2022,Representative,17,1,100%,Won,N/A,N/A,N/A,Yes,5/3/2022,Yes,N/A,N/A,N/A,N/A,N/A,N/A,
Scott Franklin,Male,White,,,Yes,12/1/2022,N/A (checked against interactive),Voted to overturn,Yes,No,Florida,8/23/2022,Representative,18,"44,927",73%,Won,N/A,N/A,N/A,Yes,8/20/2022,N/A,N/A,N/A,N/A,N/A,N/A,N/A,
"Kenneth ""Kenny"" James Hartpence",Male,White,,,Yes,3/10/2023,Kaleigh,"""Hartpence confirmed he believes the 2020 presidential election was stolen."" (the article is paywalled, but google that phrase and it should come up)",No,Yes,Florida,8/23/2022,Representative,18,"3,999",7%,Lost,N/A,N/A,N/A,No,N/A,N/A,N/A,N/A,N/A,N/A,N/A,N/A,
Jennifer Raybon,Female,White,,,N/A,8/9/2022,N/A (they are N/A),,No,Yes,Florida,8/23/2022,Representative,18,"6,606",11%,Lost,N/A,N/A,N/A,No,N/A,N/A,N/A,N/A,N/A,N/A,N/A,N/A,
Wendy June Schmeling,Female,White,,,?,8/12/2022,Maya,"""I am working with Defend Florida to defend our precincts from voter fraud."" Also tweeted approvingly of 2000 Mules.",No,Yes,Florida,8/23/2022,Representative,18,"4,099",7%,Lost,N/A,N/A,N/A,No,N/A,N/A,N/A,N/A,N/A,N/A,N/A,N/A,
"Eduardo ""Eddie"" G. Tarazona",Male,Latino,,,N/A,8/12/2022,N/A (they are N/A),,No,Yes,Florida,8/23/2022,Representative,18,"1,864",3%,Lost,N/A,N/A,N/A,No,N/A,N/A,N/A,N/A,N/A,N/A,N/A,N/A,
Byron Donalds,Male,Black,,,Yes,12/1/2022,N/A (checked against interactive),"Voted not to certify but then repeatedly dodged the question to the NYT (had been ""Declined to answer"" but I changed it to Yes per new guidance that a DNA does not erase a previous answer)",Yes,No,Florida,8/23/2022,Representative,19,"76,192",84%,Won,N/A,N/A,N/A,Yes,12/13/2021,N/A,N/A,N/A,N/A,N/A,N/A,N/A,
Jim Huff,Male,White,,,No,3/15/2023,Nathaniel,"""I trust in the system, and all those accusations turned out to be incorrect or not supported, so why would I support a theory?” he said. “As an engineer and a science-driven professional, I cannot go off of pure speculation in order to uproot the entire foundation of our country.”",No,Yes,Florida,8/23/2022,Representative,19,"14,765",16%,Lost,N/A,N/A,N/A,No,N/A,N/A,N/A,N/A,N/A,N/A,N/A,N/A,
Drew Montez Clark,Male,Black,,,?,12/1/2022,N/A (checked against interactive),"Couple of tweets casting doubt, but nothing stronger",No,No,Florida,8/23/2022,Representative,20,1,100%,Won,N/A,N/A,N/A,N/A,N/A,N/A,N/A,N/A,N/A,N/A,N/A,N/A,
Jeff Buongiorno,Male,White,,,Yes,3/10/2023,Kaleigh,"""The election fraud and corruption is deep-rooted and widespread. The election was stolen"" (lots of wild tweets: https://twitter.com/JeffBuongiorno/status/1426755671664570373)",No,Yes,Florida,8/23/2022,Representative,21,"8,850",12%,Lost,N/A,N/A,N/A,No,N/A,N/A,N/A,N/A,N/A,N/A,N/A,N/A,
Melissa Martz,Female,White,,,N/A,8/12/2022,N/A (they are N/A),,No,Yes,Florida,8/23/2022,Representative,21,"6,186",9%,Lost,N/A,N/A,N/A,No,N/A,N/A,N/A,N/A,N/A,N/A,N/A,N/A,
Brian Mast,Male,White,,,Yes,12/1/2022,N/A (checked against interactive),Voted against certifying 2020 election,Yes,No,Florida,8/23/2022,Representative,21,"56,535",78%,Won,N/A,N/A,N/A,Yes,4/6/2022,N/A,N/A,N/A,N/A,N/A,N/A,N/A,
Ljubo Skrbic,Male,White,,,N/A,8/12/2022,N/A (they are N/A),,No,Yes,Florida,8/23/2022,Representative,21,853,1%,Lost,N/A,N/A,N/A,No,N/A,N/A,N/A,N/A,N/A,N/A,N/A,N/A,
Deborah Adeimy,Female,White,,,N/A,8/12/2022,N/A (they are N/A),,No,No,Florida,8/23/2022,Representative,22,"11,842",34%,Lost,N/A,N/A,N/A,N/A,N/A,N/A,N/A,N/A,N/A,N/A,N/A,N/A,
Peter Steven Arianas,Male,White,,,N/A,8/12/2022,N/A (they are N/A),,No,No,Florida,8/23/2022,Representative,22,"2,082",6%,Lost,N/A,N/A,N/A,N/A,N/A,N/A,N/A,N/A,N/A,N/A,N/A,N/A,
Rod Dorilas,Male,Black (Haitian),,,N/A,8/12/2022,N/A (they are N/A),,No,No,Florida,8/23/2022,Representative,22,"6,594",19%,Lost,N/A,N/A,N/A,N/A,N/A,N/A,N/A,N/A,N/A,N/A,N/A,N/A,
Dan Franzese,Male,White,,,N/A,12/1/2022,N/A (checked against interactive),,No,No,Florida,8/23/2022,Representative,22,"11,972",35%,Won,N/A,N/A,N/A,N/A,N/A,N/A,N/A,N/A,N/A,N/A,N/A,N/A,
Carrie Lawlor,Female,White,,,Yes,8/12/2022,Maya,"""I do believe that the election was stolen. I believe it's been manipulated. I don't believe it's the first election that's been manipulated. I believe that for at least the past 20 years our elections have been manipulated.""",No,No,Florida,8/23/2022,Representative,22,"2,055",6%,Lost,N/A,N/A,N/A,N/A,N/A,N/A,N/A,N/A,N/A,N/A,N/A,N/A,
Joe Budd,Male,White,,,?,12/1/2022,N/A (checked against interactive),"Sun Sentinel says he ""questioned whether President Joe Biden fairly won in 2020."" This tweet also questions the fact that everything went smoothly in 2020.",No,No,Florida,8/23/2022,Representative,23,"12,592",38%,Won,N/A,N/A,N/A,N/A,N/A,N/A,N/A,N/A,N/A,N/A,N/A,N/A,
Darlene Cerezo Swaffar,Female,Latino,,,Yes,3/15/2023,Nathaniel,"""I'm one of 80 million Americans that believe that Donald J Trump is the Legitimate President of the United States.""",No,No,Florida,8/23/2022,Representative,23,"3,872",12%,Lost,N/A,N/A,N/A,N/A,N/A,N/A,N/A,N/A,N/A,N/A,N/A,N/A,
Steven Chess,Male,White,,,?,3/10/2023,Kaleigh,"Sun Sentinel says he ""questioned whether President Joe Biden fairly won in 2020"" but there's no quote",No,No,Florida,8/23/2022,Representative,23,"2,840",8%,Lost,N/A,N/A,N/A,N/A,N/A,N/A,N/A,N/A,N/A,N/A,N/A,N/A,
Christy McLaughlin,Female,White,,,?,8/12/2022,Maya,"Said in 2020 that the election was rigged but now says “No one knows""",No,No,Florida,8/23/2022,Representative,23,"3,832",11%,Lost,N/A,N/A,N/A,N/A,N/A,N/A,N/A,N/A,N/A,N/A,N/A,N/A,
Myles Perrone,Male,White,,,Yes,3/15/2023,Nathaniel,"""Reached by phone, Myles Perrone falsely claimed that Donald Trump won the election.""",No,No,Florida,8/23/2022,Representative,23,639,2%,Lost,N/A,N/A,N/A,N/A,N/A,N/A,N/A,N/A,N/A,N/A,N/A,N/A,
"James ""Jim"" Pruden",Male,White,,,?,3/10/2023,Kaleigh,"Sun Sentinel says he ""questioned whether President Joe Biden fairly won in 2020"" but the only quote is about ""ballot harvesting""",No,No,Florida,8/23/2022,Representative,23,"7,399",22%,Lost,N/A,N/A,N/A,N/A,N/A,N/A,N/A,N/A,N/A,N/A,N/A,N/A,
Ira Weinstein,Male,White,,,No,8/12/2022,Maya,"""Ira Weinstein at least acknowledges that Biden won fairly.""",No,No,Florida,8/23/2022,Representative,23,"2,297",7%,Lost,N/A,N/A,N/A,N/A,N/A,N/A,N/A,N/A,N/A,N/A,N/A,N/A,
Jesus G. Navarro,Male,Latino,,,Yes,12/1/2022,N/A (checked against interactive),"""I believe democracy ended Tuesday, November 3, 2020 and tried being restored Wednesday, January 6, 2021.""",No,No,Florida,8/23/2022,Representative,24,"6,373",65%,Won,N/A,N/A,N/A,N/A,N/A,N/A,N/A,N/A,N/A,N/A,N/A,N/A,
Lavern Spicer,Female,Black,,,Yes,3/15/2023,Nathaniel,"""His election win was fraud. ... He must not be considered a legitimate President.""",No,No,Florida,8/23/2022,Representative,24,"3,506",35%,Lost,N/A,N/A,N/A,N/A,N/A,N/A,N/A,N/A,N/A,N/A,N/A,N/A,
Carla Spalding,Female,Black,,,?,12/1/2022,N/A (checked against interactive),"""mail in ballots in Broward County have been scientifically proven to be fraudulent. Broward is the National “poster-child” for voter fraud."" Also posted this FB video saying voting machines were ""rigged""",No,No,Florida,8/23/2022,Representative,25,"16,425",72%,Won,N/A,N/A,N/A,N/A,N/A,N/A,N/A,N/A,N/A,N/A,N/A,N/A,
Rubin Young,Male,Black,,,Yes,3/10/2023,Kaleigh,"Facebook posts: July 17: ""Biden is just the beginning these are the results of what the Democrats, Nancy Pelosi, Chuck Schumer, Mitch McConnell and many others did on January 6, 2021, with their overthrowing the election of President Trump in 2021.""
July 30: ""If your Democratic Supervisor of Elections in Dade and Broward County wouldn't help you cheat, you wouldn't have won these many years."" re: DWS
July 19: ""Republican Candidates if you are running in the August primary elections, within Broward County and beyond. 
Let me warn you, expect the unexpected because there's paid ballot harvesters, right now working in early voting precincts for your Democratic opponents, as we sleep.""",No,No,Florida,8/23/2022,Representative,25,"6,511",28%,Lost,N/A,N/A,N/A,N/A,N/A,N/A,N/A,N/A,N/A,N/A,N/A,N/A,
Darren Aquino,Male,White,Latino (Puerto Rican),,Yes,8/12/2022,Maya,"Several references to fraud on his Twitter, including ""Trump won""",No,Yes,Florida,8/23/2022,Representative,26,"6,885",16%,Lost,N/A,N/A,N/A,No,N/A,N/A,N/A,N/A,N/A,N/A,N/A,N/A,
Mario Diaz-Balart,Male,Latino (Cuban),,,Yes,12/1/2022,N/A (checked against interactive),"Voted to overturn, declined to answer in July 2022",Yes,No,Florida,8/23/2022,Representative,26,"36,861",84%,Won,N/A,N/A,N/A,Yes,1/13/2022,N/A,N/A,N/A,N/A,N/A,N/A,N/A,
Frank Polo,Male,Latino (Cuban),,,N/A,08/09/2022,N/A (they are N/A),"""There is a common consensus among many Americans who believe the 2020 election was fraudulent and thus stolen. This should be absolutely unacceptable to any person who believes in freedom and our electoral system.  So long as we cannot say that our elections are secured, and perceived as secure, we will no longer be able to say we have a free and fair election system.""",No,Yes,Florida,8/23/2022,Representative,27,"8,023",19%,Lost,N/A,N/A,N/A,N/A,N/A,N/A,N/A,N/A,N/A,No,No,No,
María Elvira Salazar,Female,Latino (Cuban),,,?,12/1/2022,N/A (checked against interactive),"spread conspiracy theories about Pennsylvania voter fraud on talk radio show (had been ""Yes"" based on same evidence, but she doesn't go that far)",Yes,No,Florida,8/23/2022,Representative,27,"33,760",81%,Won,N/A,N/A,N/A,N/A,N/A,N/A,N/A,N/A,N/A,Yes,Yes,Yes,
Carlos Garin,Male,Latino (Cuban),,,Yes,3/15/2023,Nathaniel,"posted on personal FB page, ""Trump will be appointed on Jan 6""",No,Yes,Florida,8/23/2022,Representative,28,"6,048",15%,Lost,N/A,N/A,N/A,No,N/A,N/A,N/A,N/A,N/A,N/A,N/A,N/A,
Carlos A. Gimenez,Male,Latino (Cuban),,,Yes,12/1/2022,N/A (checked against interactive),"Voted to overturn the election;  but also supported J6 committee. ""did not respond to News 6′s questions about his objections to Arizona and Pennsylvania electors and did not speak during the House floor debate on Jan. 6.""",Yes,No,Florida,8/23/2022,Representative,28,"28,762",73%,Won,N/A,N/A,N/A,Yes,1/25/2022,N/A,N/A,N/A,N/A,N/A,N/A,N/A,
"Karl ""KW"" Miller",Male,White,,,N/A,08/09/2022,N/A (they are N/A),no statements on 2020 election; but calls J6 committee a witch hunt,No,Yes,Florida,8/23/2022,Representative,28,"4,395",11%,Lost,N/A,N/A,N/A,No,N/A,N/A,N/A,N/A,N/A,N/A,N/A,N/A,
Ron DeSantis,Male,White,,,Declined to answer,12/1/2022,N/A (checked against interactive),won't give a clear answer,Yes,No,Florida,8/23/2022,Governor,N/A,1,100%,Won,N/A,N/A,N/A,N/A,N/A,Yes,Yes,N/A,N/A,N/A,N/A,N/A,
Anthony M. Figliola,Male,White,,,No,03/10/2023,Kaleigh,"""and when asked if he thought the election was fraudulent, said, “Biden is the duly elected president of the United States. I support President Trump, and hope to see his name on the ballot again in 2024.”",No,No,New York,8/23/2022,Representative,1,"6,391",25%,Lost,N/A,N/A,N/A,N/A,N/A,N/A,N/A,N/A,N/A,No,N/A,No,
Nicholas J. LaLota,Male,White,,,?,12/1/2022,N/A (checked against interactive),"Hasn't said anything conclusive, but makes election integrity central to his campaign (and credentials). Also said ""The proliferation of absentee ballots has also opened the door to fraud by impersonation"" and ""Election fraud waters down the will of legitimate voters"".",No,No,New York,8/23/2022,Representative,1,"12,015",47%,Won,N/A,N/A,N/A,N/A,N/A,N/A,N/A,N/A,N/A,No,N/A,No,
Michelle Bond,Female,White,,,?,3/15/2023,Nathaniel,"Not sure how to characterize this statement from her website: ""In 2020, Democrats around the country took advantage of the pandemic to change voting rules, sometimes after voting had already begun. In state after state, they filed lawsuits in front of friendly judges to upend the agreed-upon rules. Then they accused anybody who said, “Wait a minute, this isn’t right,” of threatening people’s lives because of COVID. Their win-at-all-costs mentality caused lasting damage to the legitimacy of the election process, and it has to stop.""",No,No,New York,8/23/2022,Representative,1,"7,015",28%,Lost,N/A,N/A,N/A,N/A,N/A,N/A,N/A,N/A,N/A,Yes,N/A,Yes,
Andrew R. Garbarino,Male,White,,,No,12/1/2022,N/A (checked against interactive),Certified the 2020 election results ,Yes,No,New York,8/23/2022,Representative,2,"9,902",53%,Won,N/A,N/A,N/A,N/A,N/A,N/A,N/A,N/A,N/A,N/A,N/A,N/A,
Robert Cornicelli,Male,White,,,Yes,03/10/2023,Kaleigh,"Endorsed by Michael Flynn, and all his attacks against the incumbent are for disloyalty for voting for the J6 congressional committee. Has a post on facebook about j6 being antifi; Also, this tweet (https://twitter.com/cornicelliny/status/1549403490061111296?s=20&t=1toFv5RoMPv0zYD_1EOtVA) suggests he thinks 2020 was fraudulent. He also said election was rigged here: https://twitter.com/cornicelliny/status/1532010964429721608",No,Yes,New York,8/23/2022,Representative,2,"7,250",38%,Lost,N/A,N/A,N/A,N/A,N/A,N/A,N/A,N/A,N/A,N/A,N/A,N/A,
Mike Rakebrandt,Male,White,,,Yes,08/07/2022,Maya,Lots of Tweets and Facebook posts talking about 2020 fraud,No,Yes,New York,8/23/2022,Representative,2,"1,622",9%,Lost,N/A,N/A,N/A,N/A,N/A,N/A,N/A,N/A,N/A,N/A,N/A,N/A,
George A.D. Santos,Male,White,Latino (Brazilian),,Yes,12/1/2022,N/A (checked against interactive),"At 11:10 in this video, says he was at Stop the Steal rally. Also had a couple tweets that are now deleted, including one where he said ""The rampant FRAUD of these elections is frighting! I urge the FBI,CIA,DOJ to intervene, stop the counting of ILLEGAL VOTES!"" The DCCC also says he defended people who voted to overturn the election.",No,No,New York,8/23/2022,Representative,3,1,100%,Won,N/A,N/A,N/A,N/A,N/A,N/A,Yes,N/A,N/A,N/A,N/A,N/A,
Anthony P. D'Esposito,Male,White,,,No,12/1/2022,N/A (checked against interactive),"""President Biden was sworn in, and he took an oath that he is the president of the United States… I may disagree with his policies but I think whenever a president is sworn in, whether we love them or dislike them, it’s a chance for us to root for them because we want success for America.”",No,No,New York,8/23/2022,Representative,4,1,100%,Won,N/A,N/A,N/A,N/A,N/A,N/A,Yes,N/A,N/A,N/A,N/A,N/A,
Paul King,Male,White,,,No?,12/1/2022,N/A (checked against interactive),"""Hello Ms. Kim, I'd like to field this one myself… Does Paul King think Trump won the 2020 election? No. Joe Biden won the 2020 election. Does Paul King think the 2020 election was illegitimate? In 2020, there were more irregularities and unethical behavior than in any Presidential contest since the legendary 1960 election. However, multiple audits have demonstrated that Joe Biden won. Election integrity is a serious concern, especially as our country transitions away from in-person voting.  This controversy has turned what used to be a bi-partisan issue into a highly polarized hot potato.  I hope cooler heads will prevail and that all sides begin to make serious efforts to restore full confidence in our federal elections.  In Congress, I will certainly do my part on this front. As a former journalism student (minor), I wish you good fortune in your career.  Journalism is a profession that also needs to regain the confidence of the American people. An objective Fourth Estate is a vital part of our democracy.  Hopefully, we can both make a difference. Please feel free to follow up as you see fit. Regards, Paul King Paul King for Congress | New York's 5th District""",No,No,New York,8/23/2022,Representative,5,1,100%,Won,N/A,N/A,N/A,N/A,N/A,N/A,N/A,N/A,N/A,N/A,N/A,N/A,
Thomas Zmich,Male,White,,,?,12/1/2022,N/A (checked against interactive),"""But the Democrats and the MSM have been saying voting fraud doesn't exist....we were told this is all fake news. Why are we not investigating all such claims as we should for the integrity of the system.""",No,No,New York,8/23/2022,Representative,6,1,100%,Won,N/A,N/A,N/A,N/A,N/A,N/A,N/A,N/A,N/A,N/A,N/A,N/A,
Juan Pagan,Male,Latino,,,No,12/1/2022,N/A (checked against interactive),"under ""protecting democracy"" on his website:""I condemn violence, attempts to overturn elections, and those who raided the capitol, shamed our country and put our leaders in grave danger. """,No,No,New York,8/23/2022,Representative,7,1,100%,Won,N/A,N/A,N/A,N/A,N/A,N/A,N/A,N/A,N/A,N/A,N/A,N/A,
Yuri Dashevsky,Male,White,,,N/A,12/1/2022,N/A (checked against interactive),no statements on 2020 election,No,No,New York,8/23/2022,Representative,8,1,100%,Won,N/A,N/A,N/A,N/A,N/A,N/A,N/A,N/A,N/A,N/A,N/A,N/A,
Benine Hamdan,Female,Middle Eastern (Lebanese),,,?,12/1/2022,N/A (checked against interactive),Had been N/A because the first sweep found no statements,No,No,New York,8/23/2022,Representative,10,1,100%,Won,N/A,N/A,N/A,N/A,N/A,N/A,N/A,N/A,N/A,N/A,N/A,N/A,
Nicole Malliotakis,Female,White,Latino,,Yes,12/1/2022,N/A (checked against interactive),didn't certify 2020 election; but it seems like something she is trying to distance herself from: https://spectrumlocalnews.com/nys/capital-region/news/2022/01/06/how-democrats--republicans-are-responding-to-the--big-lie--a-year-after-jan--6,Yes,No,New York,8/23/2022,Representative,11,"12,431",78%,Won,N/A,N/A,N/A,Yes,8/22/22,N/A,N/A,N/A,N/A,Yes,N/A,Yes,
John Matland,Male,White,,,?,3/15/2023,Nathaniel,"tiptoes around it, but found a tweet (linked) that sounds like he endorses 2020 election fraud",No,Yes,New York,8/23/2022,Representative,11,"3,407",21%,Lost,N/A,N/A,N/A,No,N/A,N/A,N/A,N/A,N/A,No,N/A,No,
Michael Zumbluskas,Male,White,,,No?,12/1/2022,N/A (checked against interactive),"""Hello, Ms. Kim and thank you for your e-mail.  I am responding to it personally, as I do all written media inquiries. You asked: 1. Does Michael Zumbluskas think Trump won the 2020 election? 2. Does Michael Zumbluskas think the 2020 election was illegitimate? Let me clarify your questions somewhat further by bifurcating the reply. I believe Joe Biden is president, and was duly confirmed as such by Congress when it certified his electors on January 6th, 2021. But that is not inconsistent with my concerns about election security. According to an Axios poll, more than a quarter of Americans doubt President Biden legitimately won the 2020 presidential election and another 16% are not sure.  The nation cannot maintain a liberal democracy if 40% of the population believes our elections are illegitimate. That's why I have long felt that one of my potential opponents, Carolyn Maloney, who chairs House Oversight, should have fair, open, transparent, and nonpartisan  hearings with experts on election security, cyber-security, data management, election law, the census, and other technical and sometimes arcane elements of election security and process to define a taxonomy of ""best practices"" of election security for each state so that Congress can ensure the electoral votes from each state have been properly and legitimately determined.  House members and Senators have, in recent presidential elections, challenged the legitimacy of electors presented for certification. If Rep. Maloney's House Oversight Committee laid out the kind of ""best practices"" for election security that I envision, the states and the people could assess whether there is a need to challenge the states' methods of elections. This concern about election security predates 2020, so it is most definitely not about Donald Trump or the 2020 elections.  This is about numerous, proven and documented instances of election fraud that have been investigated and found to have altered the outcome of elections.  I have attached just a few of them below my signature. The danger to democracy, Ms. Kim, comes not from those who allege election fraud, but from those who smugly and stubbornly ignore the allegations and simply say, ""trust us."". I'm happy to discuss this if you require further information. With best wishes, Mike Z Mark Harris 2018 race in NC 9th. https://www.nytimes.com/2019/07/30/us/mccrae-dowless-indictment.html Article covers mail ballot fraud in mutable cases https://amac.us/15-election-results-that-were-thrown-out-because-of-fraudulent-mail-in-ballots/ Hector Ramirez NY 86th Assembly 2014 https://www.heritage.org/voterfraud/9135 2020 Patterson NJ Dem primary thrown out. https://www.nj.com/passaic-county/2020/08/nj-city-gets-an-election-do-over-after-voter-fraud-issues.html""",No,No,New York,8/23/2022,Representative,12,1,100%,Won,N/A,N/A,N/A,N/A,N/A,N/A,N/A,N/A,N/A,N/A,N/A,N/A,
Tina Forte,Female,White,,,Yes,12/1/2022,N/A (checked against interactive),no statements on 2020 election on her campaign social media or website; but she attended Jan 6 and is obviously Trumpy: https://www.snopes.com/news/2021/08/25/tina-forte-capitol-riot/,No,No,New York,8/23/2022,Representative,14,"1,608",67%,Won,N/A,N/A,N/A,N/A,N/A,N/A,N/A,N/A,N/A,N/A,N/A,N/A,
Desi Joseph Cuellar,Male,Latino (Cuban),,,N/A,08/08/2022,N/A (they are N/A),no statements on 2020 election,No,No,New York,8/23/2022,Representative,14,761,32%,Lost,N/A,N/A,N/A,N/A,N/A,N/A,N/A,N/A,N/A,N/A,N/A,N/A,
Stylo A. Sapaskis,Male,White,,,N/A,12/1/2022,N/A (checked against interactive),,No,No,New York,8/23/2022,Representative,15,1,100%,Won,N/A,N/A,N/A,N/A,N/A,N/A,N/A,N/A,N/A,N/A,N/A,N/A,
Miriam L. Flisser,Female,White,,,Declined to answer,12/1/2022,N/A (checked against interactive),"Asked about claims that the 2020 election was “stolen,” she said: “I’m very in favor of fair election processes. I think that’s very important. It’s the key to representative democracy, constitutional democracy.” </p></div><div class=""subscriber-only"" style=""display:none""><p>She continued: “I would like to see an unbiased review of the situation [and] other situations that involve voting processes that seem to lean towards one candidate or another, of the voting system in general, and then I could make a decision.”",No,No,New York,8/23/2022,Representative,16,1,100%,Won,N/A,N/A,N/A,N/A,N/A,N/A,N/A,N/A,N/A,N/A,N/A,N/A,
Charles J. Falciglia,Male,White,,,N/A,08/08/2022,N/A (they are N/A),no statements on 2020 election,No,No,New York,8/23/2022,Representative,17,"1,392",8%,Lost,N/A,N/A,N/A,N/A,N/A,N/A,N/A,N/A,N/A,N/A,N/A,N/A,
Michael V. Lawler,Male,White,,,No,12/1/2022,N/A (checked against interactive),"""""I think in the end, cooler heads prevailed,"" Lawler said after members of Congress ""fulfilled their obligation to certify the Electoral College.""

""Most everybody understands that one of the greatest traditions of our country is the peaceful transfer of power,"" Lawler said, ""... and you fight it out at the next election.""

Asked if he would support Trump again in four years, Lawler demurred.

""Four years is a long time from now,"" he said. I don't think many Democrats thought Joe Biden would be president-elect right now.""""",No,No,New York,8/23/2022,Representative,17,"12,317",75%,Won,N/A,N/A,N/A,N/A,N/A,N/A,N/A,N/A,N/A,N/A,N/A,N/A,
Jack W. Schrepel,Male,White,,,N/A,08/08/2022,N/A (they are N/A),no statements on 2020 election,No,No,New York,8/23/2022,Representative,17,188,1%,Lost,N/A,N/A,N/A,N/A,N/A,N/A,N/A,N/A,N/A,N/A,N/A,N/A,
Shoshana M. David,Female,Unknown,,,N/A,08/08/2022,N/A (they are N/A),Couldn't find any information about this candidate,No,No,New York,8/23/2022,Representative,17,491,3%,Lost,N/A,N/A,N/A,N/A,N/A,N/A,N/A,N/A,N/A,N/A,N/A,N/A,
William G. Faulkner,Male,White,,,N/A,08/08/2022,N/A (they are N/A),no statements on 2020 election,No,No,New York,8/23/2022,Representative,17,"1,958",12%,Lost,N/A,N/A,N/A,N/A,N/A,N/A,N/A,N/A,N/A,N/A,N/A,N/A,
Colin J. Schmitt,Male,White,,,Declined to answer,12/1/2022,N/A (checked against interactive),"""He declined to directly say whether he believed Joe Biden was the legitimately elected president at the time when he wished his constituents a good trip down to Washington, D.C."" (Previously N/A)",No,No,New York,8/23/2022,Representative,18,1,100%,Won,N/A,N/A,N/A,N/A,N/A,N/A,Yes,N/A,N/A,N/A,N/A,N/A,
Marcus Molinaro,Male,White,,,N/A,12/1/2022,N/A (checked against interactive),"Celebrated transition of power on inauguration day, but we decided that wasn't enough",No,No,New York,8/23/2022,Representative,19,1,100%,Won,N/A,N/A,N/A,N/A,N/A,N/A,N/A,N/A,N/A,N/A,N/A,N/A,
Elizabeth L. Joy,Female,White,,,Yes,12/1/2022,N/A (checked against interactive),promoted J6 on twitter,No,No,New York,8/23/2022,Representative,20,1,100%,Won,N/A,N/A,N/A,N/A,N/A,N/A,N/A,N/A,Yes,N/A,Yes,N/A,
Elise M. Stefanik,Female,White,,,Yes,12/1/2022,N/A (checked against interactive),Voted against certification,Yes,No,New York,8/23/2022,Representative,21,1,100%,Won,N/A,N/A,N/A,Yes,2/9/2022,N/A,N/A,N/A,N/A,Yes,Yes,N/A,
Brandon M. Williams,Male,White,,,No?,12/1/2022,N/A (checked against interactive),"""“The Electoral College rules were followed,” Williams said. “Joe Biden is our president.”

Williams said he believes legitimate questions have been raised about election rules.""",No,No,New York,8/23/2022,Representative,22,"14,351",57%,Won,N/A,N/A,N/A,N/A,N/A,N/A,N/A,N/A,N/A,N/A,N/A,N/A,
Steve Wells,Male,White,,,N/A,08/11/2022,N/A (they are N/A),no statements on 2020 election,No,No,New York,8/23/2022,Representative,22,"10,501",42%,Lost,N/A,N/A,N/A,N/A,N/A,N/A,N/A,N/A,N/A,N/A,N/A,N/A,
Carl P. Paladino,Male,White,,,N/A,08/11/2022,N/A (they are N/A),"no statements on 2020 election but he is def a trump guy, and has been on Bannon's podcast, but I didn't find anything about 2020 ",No,No,New York,8/23/2022,Representative,23,"22,603",47%,Lost,N/A,N/A,N/A,N/A,N/A,N/A,N/A,N/A,N/A,N/A,N/A,N/A,
Nick Langworthy,Male,White,,,N/A,12/1/2022,N/A (checked against interactive),no statements on 2020 election,No,No,New York,8/23/2022,Representative,23,"24,450",51%,Won,N/A,N/A,N/A,N/A,N/A,N/A,N/A,N/A,N/A,N/A,N/A,N/A,
Claudia Tenney,Female,White,,,?,12/1/2022,N/A (checked against interactive),"because her race hadn't been called, she didnt vote but she says she would've been torn. ",Yes,No,New York,8/23/2022,Representative,24,"17,630",54%,Won,N/A,N/A,N/A,Yes,2/9/2022,N/A,N/A,N/A,N/A,Yes,Yes,N/A,
Mario Fratto,Male,White,,,Yes,03/10/2023,Kaleigh,"“I think there were a multitude of factors that made the election not fair,” he said. “I think if it were conducted fairly, Donald Trump would be the president.”",No,Yes,New York,8/23/2022,Representative,24,"13,150",40%,Lost,N/A,N/A,N/A,No,N/A,N/A,N/A,N/A,N/A,No,No,N/A,
George K. Phillips,Male,White,,,N/A,08/11/2022,N/A (they are N/A),no statements on 2020 election,No,Yes,New York,8/23/2022,Representative,24,"1,967",6%,Lost,N/A,N/A,N/A,No,N/A,N/A,N/A,N/A,N/A,No,No,N/A,
La'Ron D. Singletary,Male,Black,,,N/A,12/1/2022,N/A (checked against interactive),no statements on 2020 election,No,No,New York,8/23/2022,Representative,25,1,100%,Won,N/A,N/A,N/A,N/A,N/A,N/A,N/A,N/A,N/A,N/A,N/A,N/A,
Steven L. Sams II,Male,White,,,N/A,12/1/2022,N/A (checked against interactive),no statements on 2020 election,No,No,New York,8/23/2022,Representative,26,1,100%,Won,N/A,N/A,N/A,N/A,N/A,N/A,N/A,N/A,N/A,N/A,N/A,N/A,
Dean James Martilli,Male,White,,,N/A,12/1/2022,N/A (checked against interactive),"no statements on 2020 election; I don't think is is enough to merit any sort of change to his status, but here's some food for thought! https://twitter.com/MartilliforRep/status/1554928562007949315",No,No,Massachusetts,9/6/2022,Representative,1,"23,256",99%,Won,N/A,N/A,N/A,N/A,N/A,N/A,N/A,N/A,N/A,N/A,N/A,N/A,
Jeffrey A. Sossa-Paquette,Male,White,,,No,12/1/2022,N/A (checked against interactive),"""Good Morning, I appreciate you reaching out to me I do not believe Trump won 2020 election anymore than I believe Clinton won 2016 I personally believe that our DOJ, FBI have caused great distrust across America when it comes to election, Clinton statement is that had the FBI not interfered in 2016 election she would have won. Trump says had the FBI not interfered in 2020 election he would have won. It’s truthful for me to say that over the past few elections a lot of miss information has spurred mistrust in the electorate resulting in an uneasy feeling across America. Like every American I want the truthful answers but career politicians from both political parties will never level with their constituents leading me to believe Term Limits  is the only way to bring trust back to congress, allowing for proper oversight of all federal agencies Starting with the DOJ/FBI. Americans deserve better leadership from both parties""",No,No,Massachusetts,9/6/2022,Representative,2,"22,675",99%,Won,N/A,N/A,N/A,N/A,N/A,N/A,N/A,N/A,N/A,N/A,N/A,N/A,
Dean A. Tran,Male,Asian (Vietnamese),,,N/A,12/1/2022,N/A (checked against interactive),no statements on 2020 election,No,No,Massachusetts,9/6/2022,Representative,3,"24,087",99%,Won,N/A,N/A,N/A,N/A,N/A,N/A,N/A,N/A,N/A,N/A,N/A,N/A,
Caroline Colarusso,Female,White,,,Yes,12/1/2022,N/A (checked against interactive),"campaign and personal facebook have posts about illegitimacy of 2020, and conspiracies about J6; spoke at Mike Lindell events and raised lots of concerns but didn't actually say the election was stolen. However, she did sue to overturn her own 2020 loss.",No,No,Massachusetts,9/6/2022,Representative,5,"16,184",99%,Won,N/A,N/A,N/A,N/A,N/A,N/A,N/A,N/A,N/A,N/A,N/A,N/A,
Bob May,Male,White,,,N/A,12/1/2022,N/A (checked against interactive),"has election integrity as an issue on his site, but cant find any statements about 2020",No,No,Massachusetts,9/6/2022,Representative,6,"29,503",99%,Won,N/A,N/A,N/A,N/A,N/A,N/A,N/A,N/A,N/A,N/A,N/A,N/A,
Donnie Dionicio Palmer,Male,Black,,,Yes,12/1/2022,N/A (checked against interactive),"""the bottom line is Trump is owed his second term .. that was stolen from him .. """,No,No,Massachusetts,9/6/2022,Representative,7,"4,657",98%,Won,N/A,N/A,N/A,N/A,N/A,N/A,N/A,N/A,N/A,N/A,N/A,N/A,
Robert G. Burke,Male,White,,,N/A,12/1/2022,N/A (checked against interactive),no statements on 2020 election,No,No,Massachusetts,9/6/2022,Representative,8,"19,173",73%,Won,N/A,N/A,N/A,N/A,N/A,N/A,N/A,N/A,N/A,N/A,N/A,N/A,
Hamilton Soares Rodrigues,Male,Black,,,N/A,08/24/2022,N/A (they are N/A),no statements on 2020 election,No,No,Massachusetts,9/6/2022,Representative,8,"6,977",27%,Lost,N/A,N/A,N/A,N/A,N/A,N/A,N/A,N/A,N/A,N/A,N/A,N/A,
Jesse G. Brown,Male,White,,,N/A,12/1/2022,N/A (checked against interactive),no statements on 2020 election,No,No,Massachusetts,9/6/2022,Representative,9,"24,384",51%,Won,N/A,N/A,N/A,N/A,N/A,N/A,N/A,N/A,N/A,N/A,N/A,N/A,
Dan Sullivan,Male,White,,,No,08/30/2022,Maya,"""Hello Alina, I appreciate your unorthodox inquiry.  Joe Biden is our President.  He and the Congressional Democrats are responsible for the state of our country, the state of our economy, the state of our justice system, the state of law and order, the state of our public health, the state of our foreign policy and the state of our republic. Joe Biden and the Congressional Democrats promised to disrupt the lives of the working and middle classes and our senior citizens, and they have delivered on their promise.  They deserve all the credit for the state of affairs-- historic inflation, emerging recession, rising interest rates, declining stock market values, high prices for commodities like food and fuel, increasing drug addiction and suicide rates especilaly among our young and old, surging violent crime especially in our cities, a humanitarian crisis of human, sex and drug trafficking on our southern border and a crisis of faith in our FBI and DOJ.  And that's just the tip of a very deep iceberg of crises of faith and confidence in our ruling class and constitutional government of the people, by the people and for the people. I think every common-sense level-headed American like yourself who questions the 2020 general election or those who question the 2020 results would agree that a national voter ID and a national elections holiday to make it easier to vote and harder to cheat is a common-sense solution to the crisis of confidence in our elections. Thank you and best regards-Nurse Dan""",No,No,Massachusetts,9/6/2022,Representative,9,"23,002",48%,Lost,N/A,N/A,N/A,N/A,N/A,N/A,N/A,N/A,N/A,N/A,N/A,N/A,
Geoff Diehl,Male,White,,,Yes,12/1/2022,N/A (checked against interactive),"Initially acknowledged Biden's win but then changed his tune. Called for forensic audit of 2020 election; claimed he has “uncovered several upsetting trends, even beyond the extended mail-in voting changes” listing “deceased residents having voted in the 2020 election, ballots being kept in a warehouse and not being counted” and “irregularities with our voting machines."" Said in an October 2021 statement “that the 2020 election was rigged.”"" Also, the DGA publicized an Aug. 11 2022 radio interview with an unknown source in which he said the election was stolen. 
",No,No,Massachusetts,9/6/2022,Governor,N/A,"149,800",55%,Won,N/A,N/A,N/A,Yes,10/5/2021,N/A,N/A,N/A,N/A,N/A,N/A,N/A,
Chris Doughty,Male,White,,,No,3/15/2023,Nathaniel,"""Hi Alina, We are focused on Massachusetts. Chris believes that Biden was elected in 2020 and he has remained consistent on this since entering the race.""",No,No,Massachusetts,9/6/2022,Governor,N/A,"120,418",44%,Lost,N/A,N/A,N/A,No,N/A,N/A,N/A,N/A,N/A,N/A,N/A,N/A,
Lee Murphy,Male,White,,,N/A,12/1/2022,N/A (checked against interactive),Lots of digs at Biden on his Twitter but nothing specific about election integrity within those,No,No,Delaware,9/13/2022,Representative,At-Large,1,100%,Won,N/A,N/A,N/A,N/A,N/A,N/A,N/A,N/A,N/A,N/A,N/A,N/A,
Gerard Beloin,Male,White,,,Yes,3/10/2023,Kaleigh,"an excerpt: ""President Trump and I have forced the election fraudsters to show their teeth. Me in 2008, 2009 and 2010. (See my website) Because of my success at exposing voter fraud I was told to shut up or get shot. The left ALWAYS resorts to violence when they can’t win in the courts. In court, under oath, I am undefeated. Trump in 2020, 2021, and 2022 did the same. His success in exposing voter fraud has lead to ridicule and the attempted assassination of his political career. Mike Lindell’s Absolute Truth – ELECTION FRAUD EXPOSED! is an excellent piece of work. I highly recommend it but is tedious to watch. It is more for the tech minded voters. Dinesh D’Souza’s 2000 mules is amazing. It is more hard hitting and proves Trump was and is right! Both build on what we exposed in 2008, 9, and10 when the alternative media had not yet found it’s feet.""",No,No,New Hampshire,9/13/2022,Senator,N/A,521,0%,Lost,N/A,N/A,N/A,N/A,N/A,N/A,N/A,N/A,N/A,N/A,N/A,N/A,
John Berman,Male,White,,,N/A,9/6/2022,N/A (they are N/A),Little to no digital footprint ,No,No,New Hampshire,9/13/2022,Senator,N/A,961,1%,Lost,N/A,N/A,N/A,N/A,N/A,N/A,N/A,N/A,N/A,N/A,N/A,N/A,
Donald C. Bolduc,Male,White,,,Yes,12/1/2022,N/A (checked against interactive),""""""" “I signed a letter with 120 other generals and admirals saying that Donald Trump won the election and, damn it, I stand by” it, Mr. Bolduc said at a recent debate. """""" ",No,No,New Hampshire,9/13/2022,Senator,N/A,"52,629",37%,Won,N/A,N/A,N/A,N/A,N/A,N/A,N/A,N/A,N/A,N/A,N/A,N/A,
Bruce Fenton,Male,White,,,?,9/1/2022,Maya,"""Well, I think there was definitely some problems with the election and the fact that it is such a divisive issue, shows that there's a problem. There shouldn't be any question. There shouldn't be any, you know, sort of two sides where one side thinks it was unfair and one side thinks it's fair. The fact that there's even a question shows that there's a problem. And I think everybody on both sides, left and right, should have an interest in making sure that future elections don't have those kind of questions where we can just say, you know, absolutely without question, we know exactly what happened. And one thing that would help with that is more discussion. I think that I was disappointed by the censorship of the discussion of the election results after the election, because I don't think anything should be censored by big business or by anybody else""",No,No,New Hampshire,9/13/2022,Senator,N/A,"6,381",4%,Lost,N/A,N/A,N/A,N/A,N/A,N/A,N/A,N/A,N/A,N/A,N/A,N/A,
Dennis Lamare,Male,White,,,N/A,9/6/2022,N/A (they are N/A),No public stance found on the issue,No,No,New Hampshire,9/13/2022,Senator,N/A,773,1%,Lost,N/A,N/A,N/A,N/A,N/A,N/A,N/A,N/A,N/A,N/A,N/A,N/A,
Edmond Laplante Jr.,Male,White,,,Yes,3/15/2023,Nathaniel,"Lots of subtle/sarcastic-sounding social posts on the matter. But then he emailed us: ""Alina Although I don't believe President Biden won the election legitimately, he is our sitting president Do I think he achieved this without cheating and deceiving  ,absolutely not. Edmond Laplante""",No,No,New Hampshire,9/13/2022,Senator,N/A,723,1%,Lost,N/A,N/A,N/A,N/A,N/A,N/A,N/A,N/A,N/A,N/A,N/A,N/A,
Vikram Mansharamani,Male,Asian (Indian),,,No,3/10/2023,Kaleigh,""""""" You know, I do think that President Joe Biden is, in fact, the president. So let's start off with that, because I think that's the under written question that's being asked here. But I also want to go further and say that I do believe we cannot have a democracy where 50% or so of the population doesn't believe in the integrity of the process. That means we do need to strengthen our institutions. We need to strengthen faith in our institutions, and we need to give people the comfort that their votes matter and that elections are properly conducted. """""" ",No,No,New Hampshire,9/13/2022,Senator,N/A,"10,690",7%,Lost,N/A,N/A,N/A,N/A,N/A,N/A,N/A,N/A,N/A,N/A,N/A,N/A,
Andy Martin,Male,White,,,No?,9/9/2022,Maya,"There's a lot here although I'm having a difficult time finding him directly saying the election was stolen after November 2020; however, he did pedal theories about it before and continued to more generally cast doubt after; he also supported Trump's claims of fraud in NH in 2016.

Email response to ABC: ""1. Trump did not win the 2020 election. He should have, but he blew it. He ran an incompetent reelection campaign. 2. The 2020 had serious deficiencies. Mark Zuckerberg spent over $400 million to rig the outcome by influencing election offices. That's not legitimate. But to call the entire election ""illegitimate"" is an exaggeration. Trump's refusal to listen to advice, his apparent pilfering campaign funds that left him without an ad budget in October, were major failures by his team. Trump's post-election behavior was delusional and disgraceful. 3. Would you like to be added to our email list for the final days of the campaign? We are the leading edge in New Hampshire. See attached Bolduc story. I wrote to Trump about his failings; my letter to him is attached. Best wishes, Andy Martin""",No,No,New Hampshire,9/13/2022,Senator,N/A,920,1%,Lost,N/A,N/A,N/A,N/A,N/A,N/A,N/A,N/A,N/A,N/A,N/A,N/A,
Chuck Morse,Male,White,,,Declined to answer,3/15/2023,Nathaniel,"In response to a question of whether the 2020 election was conducted fairly: ""I believe we determined a president in that vote. And I do believe what we do in New Hampshire is our elections are honest, open and we determine who's the winner by that night. And I think that's the way we should be doing it in the country."" ",No,No,New Hampshire,9/13/2022,Senator,N/A,"50,929",36%,Lost,N/A,N/A,N/A,N/A,N/A,N/A,N/A,N/A,N/A,N/A,N/A,N/A,
Tejasinha Sivalingam,Male,White,,,?,3/10/2023,Kaleigh,Wrote this oped touting election fraud claims and defending Jan 6 although no mention of Trump; also there's more on this on his website,No,No,New Hampshire,9/13/2022,Senator,N/A,832,1%,Lost,N/A,N/A,N/A,N/A,N/A,N/A,N/A,N/A,N/A,N/A,N/A,N/A,
Kevin H. Smith,Male,White,,,?,9/1/2022,Maya,"In response to a question of whether the 2020 election was conducted fairly: ""Well, here's what we do know is that there were irregularities in a number of states. We start right here in New Hampshire. We've seen instances in the towns of Bedford, Laconia, Windham, where there have been irregularities in the voting. And the Attorney General's Office has investigated all of those things. Look, election integrity, it's a pillar of our democracy and people want to be sure, and people on both sides of the aisle, want to make sure that the elections are fair and that they're being conducted fairly. And I believe we need to do that. Here's what I don't agree with. I don't agree with where Senator Hassan has stood on this issue. You know, she voted to get rid of the filibuster in the Senate a year ago, not even a year ago, this year, because she wanted to federalize our elections right here in New Hampshire. And so I think we need to have local control over our elections and just make sure that they are conducted as fairly as possible.""",No,No,New Hampshire,9/13/2022,Senator,N/A,"16,621",12%,Lost,N/A,N/A,N/A,N/A,N/A,N/A,N/A,N/A,N/A,N/A,N/A,N/A,
Tom Alciere,Male,White,,,N/A,3/15/2023,Nathaniel,"""I do not support Trump. I never did. I never will. Trump is a total jackass, wholly unfit for public office.""",No,No,New Hampshire,9/13/2022,Representative,1,342,0%,Lost,N/A,N/A,N/A,N/A,N/A,N/A,N/A,N/A,No,No,N/A,N/A,
Tim Baxter,Male,White,,,Yes,3/10/2023,Kaleigh,Led efforts calling for NH forensic audit of 2020 results,No,No,New Hampshire,9/13/2022,Representative,1,"6,970",9%,Lost,N/A,N/A,N/A,N/A,N/A,N/A,N/A,N/A,No,No,N/A,N/A,
Gail Huff Brown,Female,White,,,No,9/6/2022,Maya,""""""" Asked about the 2020 election, Huff Brown was clear. “Biden won,” she said. """""" ",No,No,New Hampshire,9/13/2022,Representative,1,"12,999",17%,Lost,N/A,N/A,N/A,N/A,N/A,N/A,N/A,N/A,No,Yes,N/A,N/A,
Mark Kilbane,Male,White,,,Declined to answer,3/15/2023,Nathaniel,"""Hi Alina, ""Request for comment"" or just a yes/no star chamber litmus test? I do understand it's a poll, but I won't play the game. If there is room for comment, I say the following: ""If you have a situation where millions of voters do not believe in the election results, then you have eroded political legitimacy. Elections cannot even have the appearance of fraud. I therefore oppose mail-in voting except for legitimate absentee ballots. And before you say it's a restriction of voting rights, France has no mail-in ballots, unless you think France is not an advanced society."" Regards, Mark Kilbane""",No,No,New Hampshire,9/13/2022,Representative,1,347,0%,Lost,N/A,N/A,N/A,N/A,N/A,N/A,N/A,N/A,No,No,N/A,N/A,
Karoline Leavitt,Female,White,,,Yes,12/1/2022,N/A (checked against interactive),"""I was the first candidate in this race to publicly call for an audit of New Hampshire, and I am glad to see Tim Baxter has followed my lead. I’m also the only candidate to stand with voters and publicly reject that Joe Biden won 81 million votes. We must get to the bottom of 2020 before 2022."" + another quote """""" She also continues to question the 2020 election results, here she said bureaucrats rewrote election laws to allow mail-in and absentee votes that had not been allowed in the past. Election officials say there is no evidence that there was any widespread fraud. “I have been very vocal about the fact that I believe there were widespread irregularities and fraud that occurred in the 2020 election,” she said. """"""",No,No,New Hampshire,9/13/2022,Representative,1,"25,931",34%,Won,N/A,N/A,N/A,N/A,N/A,N/A,N/A,N/A,Yes,No,N/A,N/A,
Mary Maxwell,Female,White,,,No?,3/10/2023,Kaleigh,"Email to ABC: ""Very likely the election was rigged.  Tampering with software is easy pickins' and has probably happened often over the years, as described by Jim and Ken Collier in their 1992 book ""Votescam."" I believe Biden became president legitimately around 3am on Jan 7, 2021 when the two chambers of Congress finished approving of the Electoral ballots, per 3 USC 15. Some had challenged the ballots of Arizona and Pennsylvania, but mustered only 138 votes in favor of rejecting those states.  This was a sign of the increasingly partisan behavior of the legislators. I have criticized this unconstitutional ""Westminsterization"" of Congress. I also criticize the judiciary for not adjudicating the cases.  Media says Trump lost 86 (or whatever) court challenges. Not really. If a judge refuses the case, that does not mean the plaintiff loses.""",No,No,New Hampshire,9/13/2022,Representative,1,673,1%,Lost,N/A,N/A,N/A,N/A,N/A,N/A,N/A,N/A,No,No,N/A,N/A,
Matt Mowers,Male,White,,,No?,3/15/2023,Nathaniel,"""Mowers’ spokesperson, John Corbett, said: ““As Matt has stated before, he believes routine audits each election cycle are needed to secure integrity of the ballot box and to ensure public trust in elections processes.” """""" Also based on his detailed website, which references several specific policies and ties them to Trump: https://mattmowers.com/issue/election-integrity/

BUT MORE RECENTLY: ""based upon on what I see and votes that were cast, the guy who got the most votes is sitting in the White House""",No,No,New Hampshire,9/13/2022,Representative,1,"19,072",25%,Lost,N/A,N/A,N/A,N/A,N/A,N/A,N/A,N/A,No,No,N/A,N/A,
Russell Prescott,Male,White,,,N/A,9/6/2022,N/A (they are N/A),Digs at Biden on his socials but nothing about the election + his website is really not built out,No,No,New Hampshire,9/13/2022,Representative,1,"7,551",10%,Lost,N/A,N/A,N/A,N/A,N/A,N/A,N/A,N/A,No,No,N/A,N/A,
Kevin R. Rondeau,Male,White,,,No,3/10/2023,Kaleigh,"""Donald Trump lost the 2020 Presidential election. That's a fact!  Don't vote for fake Republicans who are dishonest tyrants. Vote for pro Constitution candidates. Vote Kevin Rondeau for Congress 2022. Karoline Leavitt falsely claims that Donald Trump is the President.  She is definitely delusional.""",No,No,New Hampshire,9/13/2022,Representative,1,610,1%,Lost,N/A,N/A,N/A,N/A,N/A,N/A,N/A,N/A,No,No,N/A,N/A,
Gilead R. Towne,Male,White,,,?,9/6/2022,Maya,"Could be a ""Declined to answer,"" but went with ""?"" as he did cast ""serious doubt"": """""" Towne said he has “serious doubt” that the 2020 election was legitimate. “If I had to put money on it, I’d say that the election was not fair but there is no way for me to know that for a fact,” he said. """""" ",No,No,New Hampshire,9/13/2022,Representative,1,466,1%,Lost,N/A,N/A,N/A,N/A,N/A,N/A,N/A,N/A,No,No,N/A,N/A,
Scott Black,Male,White,,,N/A,9/6/2022,N/A (they are N/A),No public stance found on the issue,No,No,New Hampshire,9/13/2022,Representative,2,"2,211",3%,Lost,N/A,N/A,N/A,N/A,N/A,N/A,N/A,N/A,N/A,N/A,N/A,N/A,
Robert Burns,Male,White,,,No?,12/1/2022,N/A (checked against interactive),"""“I think vote integrity is a huge issue. Now, did Donald Trump get more votes than Joe Biden? No, I don’t believe that. Were votes stolen? Absolutely. Ando we have issues with a lot of voting issues including with the voting machines here in New Hampshire? 100%.""  Also https://finance.yahoo.com/news/2nd-cd-gop-candidates-spar-225400476.html",No,No,New Hampshire,9/13/2022,Representative,2,"21,065",33%,Won,N/A,N/A,N/A,N/A,N/A,N/A,N/A,N/A,N/A,N/A,N/A,N/A,
Michael Callis,Male,White,,,No,3/15/2023,Nathaniel,"""I am proud to represent the 10 percent of Republicans who will not support the twice-impeached sore loser former president Donald Trump.""",No,No,New Hampshire,9/13/2022,Representative,2,"1,133",2%,Lost,N/A,N/A,N/A,N/A,N/A,N/A,N/A,N/A,N/A,N/A,N/A,N/A,
George Hansel,Male,White,,,No?,3/10/2023,Kaleigh,No public stance found on the issue,No,No,New Hampshire,9/13/2022,Representative,2,"19,024",30%,Lost,N/A,N/A,N/A,N/A,N/A,N/A,N/A,N/A,N/A,N/A,N/A,N/A,
Jay Mercer,Male,Unknown,,,N/A,9/6/2022,N/A (they are N/A),Little to no digital footprint ,No,No,New Hampshire,9/13/2022,Representative,2,"2,085",3%,Lost,N/A,N/A,N/A,N/A,N/A,N/A,N/A,N/A,N/A,N/A,N/A,N/A,
Dean A. Poirier,Male,White,,,?,9/6/2022,Maya,Mentioned on campaign website in a pretty direct and finger-pointing way,No,No,New Hampshire,9/13/2022,Representative,2,"2,047",3%,Lost,N/A,N/A,N/A,N/A,N/A,N/A,N/A,N/A,N/A,N/A,N/A,N/A,
Lily Tang Williams,Female,Asian (Chinese),,,No?,3/15/2023,Nathaniel,""""""" ""All three said Joe Biden won the 2020 election by enough votes to be the legitimate winner, but each said there were ""concerns"" about vote harvesting. ""He was certified as having won the election, but we need to go and protect election integrity,"" Tang Williams said."" """""" ",No,No,New Hampshire,9/13/2022,Representative,2,"15,729",25%,Lost,N/A,N/A,N/A,N/A,N/A,N/A,N/A,N/A,N/A,N/A,N/A,N/A,
Julian M. Acciard,Male,Black,,,N/A,3/10/2023,Kaleigh,"Detailed list on his website about election reform ideas, starting with a specific mention of 2020 ",No,Yes,New Hampshire,9/13/2022,Governor,N/A,"2,906",2%,Lost,N/A,N/A,N/A,N/A,N/A,N/A,No,N/A,N/A,N/A,N/A,N/A,
Jay Lewis,Male,White,,,N/A,9/6/2022,N/A (they are N/A),Little to no digital footprint ,No,Yes,New Hampshire,9/13/2022,Governor,N/A,"1,318",1%,Lost,N/A,N/A,N/A,N/A,N/A,N/A,No,N/A,N/A,N/A,N/A,N/A,
Richard A. McMenamon II,Male,Unknown,,,N/A,9/6/2022,N/A (they are N/A),Little to no digital footprint ,No,Yes,New Hampshire,9/13/2022,Governor,N/A,817,1%,Lost,N/A,N/A,N/A,N/A,N/A,N/A,No,N/A,N/A,N/A,N/A,N/A,
Thaddeus P. Riley,Male,White,,,?,9/6/2022,Maya,"""People all around the country and over half of my political party have serious concerns with what happened in 2020.  That means it’s a real issue.  My pledge to the people of New Hampshire is that under my leadership the 2024 election results will be valid in every New Hampshire town.  We will do whatever it takes to make that happen.” + also has tweeted about election integrity ",No,Yes,New Hampshire,9/13/2022,Governor,N/A,"11,107",8%,Lost,N/A,N/A,N/A,N/A,N/A,N/A,No,N/A,N/A,N/A,N/A,N/A,
Chris Sununu,Male,White,,,No,12/1/2022,N/A (checked against interactive),""""""" But Sununu has rejected Trump’s baseless claims that the 2020 election was rigged, calling him “misinformed.” In another break with Trump, the governor said people convicted of participating in the riot at the Capitol on Jan. 6 should not be pardoned, and he said he didn’t need Trump to campaign with him in New Hampshire. """"""",Yes,No,New Hampshire,9/13/2022,Governor,N/A,"113,443",79%,Won,N/A,N/A,N/A,N/A,N/A,N/A,Yes,N/A,N/A,N/A,N/A,N/A,
Karen Testerman,Female,Asian (Japanese),White,,Yes,3/15/2023,Nathaniel,""""""" Testerman said that she does not believe Trump lost the state in November because it was incongruent with Republicans flipping the majorities in the New Hampshire House and Senate and on the Executive Council. “It does not pass the smell test,” she said. “I demand accountability. I demand that the votes of New Hampshire’s conservatives and America First supporters all be counted by hand.” """""" https://www.brennancenter.org/our-work/research-reports/new-hampshire-election-denial-races-election-administration-positions",No,Yes,New Hampshire,9/13/2022,Governor,N/A,"14,473",10%,Lost,N/A,N/A,N/A,N/A,N/A,N/A,No,N/A,N/A,N/A,N/A,N/A,
Allen R. Waters,Male,Black,,,N/A,12/1/2022,N/A (checked against interactive),Nothing really - a passing mention of election reform on his website but it's not really about voting integrity ,No,No,Rhode Island,9/13/2022,Representative,1,"6,975",100%,Won,N/A,N/A,N/A,N/A,N/A,N/A,No,N/A,N/A,N/A,N/A,N/A,
Allan W. Fung,Male,Asian (Chinese),,,No?,12/1/2022,N/A (checked against interactive),"Email to ABC: ""Hi Alina. For future reference please contact Steven Paiva, who I copied above, on any press inquiries. Below are my answers: 1.  Joe Biden is the President 2.  While there may have been some irregularities, I have not seen sufficient evidence that there were enough to change the results of the election. Thank you. Allan Sent from my iPhone""",No,No,Rhode Island,9/13/2022,Representative,2,"12,113",100%,Won,N/A,N/A,N/A,N/A,N/A,N/A,Yes,N/A,N/A,N/A,N/A,N/A,
Ashley Marie Kalus,Female,White,,,Declined to answer,12/1/2022,N/A (checked against interactive),""""""" Asked if she believes Trump’s claim that he won the 2020 presidential election, Kalus said, “You know, I feel like Donald Trump is just a distraction.” """"""",No,No,Rhode Island,9/13/2022,Governor,N/A,"17,188",84%,Won,N/A,N/A,N/A,N/A,N/A,N/A,N/A,N/A,N/A,N/A,N/A,N/A,
Jonathan J. Riccitelli,Male,White,,,Yes,3/10/2023,Kaleigh,"Email to ABC: ""Answer to questions #1) Personally Jonathan believes Trump won. And believes that some things are questionable. But still has hope as far as fair elections. #2) Questionable""",No,No,Rhode Island,9/13/2022,Governor,N/A,"3,351",16%,Lost,N/A,N/A,N/A,N/A,N/A,N/A,N/A,N/A,N/A,N/A,N/A,N/A,