,Personal Data,,,,,,,,Electoral Data,,,,,,,,,,,,,Endorsement Data,,,,,,,,,,,Misc. Stuff
Candidate,Gender,Race 1,Race 2,Race 3,Abortion,Abortion Notes,Abortion Canvasser,Abortion Date,Incumbent,Incumbent Challenger,State,Primary Date,Office,District,FEC id,Primary Votes,Primary %,Primary Outcome,Runoff Votes,Runoff %,Runoff Outcome,Trump,Trump Date,Club for Growth,AFP,Party Committee,AIPAC,SBA,E-PAC,VIEW PAC,Maggie's List,Winning for Women,Notes
Barry Moore,Male,White,,,Pro-Life,,Meredith,2/19/24,Yes,Yes,Alabama,3/5/24,Representative,1,H8AL02171,53956,57.85%,Won,N/A,N/A,N/A,N/A,N/A,N/A,N/A,N/A,Yes,N/A,N/A,N/A,N/A,N/A,
Jerry Carl,Male,White,,,Pro-Life,"Doesn't have issues listed on his page, but in his ""about"" he has ""Jerry believes all human life should be protected from the moment of conception.""",Meredith,2/19/24,Yes,Yes,Alabama,3/5/24,Representative,1,H0AL01055,39312,42.15%,Lost,N/A,N/A,N/A,N/A,N/A,N/A,N/A,N/A,Yes,N/A,N/A,N/A,N/A,N/A,
Karla M. DuPriest,Female,Black,,,N/A,no website,Meredith,2/19/24,No,No,Alabama,3/5/24,Representative,2,,823,1.35%,Lost,N/A,N/A,N/A,N/A,N/A,N/A,N/A,N/A,N/A,N/A,N/A,No,N/A,N/A,
Belinda Thomas,Female,Black,,,No mention,"Has issues on site, doesn't mention abortion ",Meredith,2/19/24,No,No,Alabama,3/5/24,Representative,2,,1082,1.77%,Lost,N/A,N/A,N/A,N/A,N/A,N/A,N/A,N/A,N/A,N/A,N/A,No,N/A,N/A,
Dick Brewbaker,Male,White,,,Pro-Life,,Meredith,2/19/24,No,No,Alabama,3/5/24,Representative,2,,22589,37.04%,Made runoff,10471,41.59%,Lost,N/A,N/A,N/A,N/A,N/A,N/A,N/A,N/A,No,No,N/A,
Greg Albritton,Male,White,,,No mention,No issue positions on site; no mention of abortion terms in bio,Meredith,2/19/24,No,No,Alabama,3/5/24,Representative,2,,14470,23.72%,Lost,N/A,N/A,N/A,N/A,N/A,N/A,N/A,N/A,N/A,N/A,N/A,No,N/A,N/A,
Hampton S. Harris,Male,White,,,Pro-Life,,Meredith,2/19/24,No,No,Alabama,3/5/24,Representative,2,,1414,2.32%,Lost,N/A,N/A,N/A,N/A,N/A,N/A,N/A,N/A,N/A,N/A,N/A,No,N/A,N/A,
Stacey T. Shepperson,Female,Black,,,N/A,no website,Meredith,2/19/24,No,No,Alabama,3/5/24,Representative,2,,4673,7.66%,Lost,N/A,N/A,N/A,N/A,N/A,N/A,N/A,N/A,N/A,N/A,N/A,No,N/A,N/A,
Wallace Gilberry,Male,Black,,,N/A,no website,Meredith,2/19/24,No,No,Alabama,3/5/24,Representative,2,,838,1.37%,Lost,N/A,N/A,N/A,N/A,N/A,N/A,N/A,N/A,N/A,N/A,N/A,No,N/A,N/A,
Caroleene Dobson,Female,White,,,No mention,"No issues on page, but in bio doesn't mention abortion terms",Meredith,2/19/24,No,No,Alabama,3/5/24,Representative,2,,15102,24.76%,Made runoff,14705,58.41%,Won,N/A,N/A,N/A,N/A,N/A,N/A,N/A,N/A,Yes,Yes (runoff),N/A,
Barron Rae Bevels,Female,Black,,,Pro-Life,,Meredith,2/19/24,No,Yes,Alabama,3/5/24,Representative,3,,4856,5.58%,Lost,N/A,N/A,N/A,No,N/A,N/A,N/A,N/A,No,N/A,N/A,N/A,N/A,N/A,
Bryan K. Newell,Male,White,,,No mention,"Has issues on site, doesn't mention abortion ",Meredith,2/19/24,No,Yes,Alabama,3/5/24,Representative,3,,10926,12.56%,Lost,N/A,N/A,N/A,No,N/A,N/A,N/A,N/A,No,N/A,N/A,N/A,N/A,N/A,
Mike Rogers,Male,White,,,No mention,No issue positions on site; no mention of abortion terms in bio,Meredith,2/19/24,Yes,No,Alabama,3/5/24,Representative,3,H2AL03032,71242,81.86%,Won,N/A,N/A,N/A,Yes,11/1/23,N/A,N/A,N/A,Yes,N/A,N/A,N/A,N/A,N/A,
Justin Holcomb,Male,White,,,No mention,"No issues on page, but in bio doesn't mention abortion terms",Meredith,2/19/24,No,Yes,Alabama,3/5/24,Representative,4,,20025,20.21%,Lost,N/A,N/A,N/A,No,N/A,N/A,N/A,N/A,No,N/A,N/A,N/A,N/A,N/A,
Robert B. Aderholt,Male,White,,,Pro-Life,,Meredith,2/19/24,Yes,No,Alabama,3/5/24,Representative,4,H6AL04098,79083,79.79%,Won,N/A,N/A,N/A,Yes,11/28/23,N/A,N/A,N/A,Yes,N/A,N/A,N/A,N/A,N/A,
Dale Strong,Male,White,,,Pro-Life,,Meredith,2/19/24,Yes,No,Alabama,3/5/24,Representative,5,H2AL05102,1,100.00%,Won,N/A,N/A,N/A,Yes,11/29/23,N/A,N/A,N/A,Yes,N/A,N/A,N/A,N/A,N/A,
Gary Palmer,Male,White,,,Pro-Life,,Meredith,2/19/24,Yes,No,Alabama,3/5/24,Representative,6,H4AL06098,76488,87.89%,Won,N/A,N/A,N/A,Yes,11/27/23,N/A,N/A,N/A,Yes,N/A,N/A,N/A,N/A,N/A,
Gerrick Wilkins,Male,White,,,Pro-Life,,Meredith,2/19/24,No,Yes,Alabama,3/5/24,Representative,6,,9701,11.15%,Lost,N/A,N/A,N/A,No,N/A,N/A,N/A,N/A,No,N/A,N/A,N/A,N/A,N/A,
Ken McFeeters,Male,White,,,No mention,,Meredith,2/19/24,No,Yes,Alabama,3/5/24,Representative,6,,5705,6.56%,Lost,N/A,N/A,N/A,No,N/A,N/A,N/A,N/A,No,N/A,N/A,N/A,N/A,N/A,
Christian Horn,Male,Black,,,N/A,no website,Meredith,2/19/24,No,No,Alabama,3/5/24,Representative,7,,18116,58.24%,Dropped out,N/A,N/A,N/A,N/A,N/A,N/A,N/A,N/A,N/A,N/A,N/A,N/A,N/A,N/A,"Dropped out prior to the primary, but still appeared on the ballot"
Robin Litaker,Female,White,,,No mention,"Has issues on site, doesn't mention abortion ",Meredith,2/19/24,No,No,Alabama,3/5/24,Representative,7,,12990,41.76%,Won,N/A,N/A,N/A,N/A,N/A,N/A,N/A,N/A,N/A,N/A,N/A,N/A,N/A,N/A,
Rick Crawford,Male,White,,,No mention,"No issues on page, but in bio doesn't mention abortion terms; has issues on his official .gov account, but doesn't list abortion",Meredith,2/19/24,Yes,No,Arkansas,3/5/24,Representative,1,H0AR01083,1,100.00%,Won,N/A,N/A,N/A,Yes,1/30/24,N/A,N/A,N/A,Yes,N/A,N/A,N/A,N/A,N/A,
French Hill,Male,White,,,No mention,"Has issues on site, doesn't mention abortion ",Meredith,2/19/24,Yes,No,Arkansas,3/5/24,Representative,2,H4AR02141,1,100.00%,Won,N/A,N/A,N/A,N/A,N/A,N/A,N/A,N/A,Yes,N/A,N/A,N/A,N/A,N/A,
Steve Womack,Male,White,,,No mention,"No issue positions on campaign site; .gov official site says ""life begins at conception"" but we are not including official website details. ",Meredith,2/19/24,Yes,No,Arkansas,3/5/24,Representative,3,H0AR03055,35768,53.94%,Won,N/A,N/A,N/A,N/A,N/A,N/A,N/A,N/A,Yes,N/A,N/A,N/A,N/A,N/A,
Clint Penzo,Male,Unknown,,,Pro-Life,,Meredith,2/19/24,No,Yes,Arkansas,3/5/24,Representative,3,,30545,46.06%,Lost,N/A,N/A,N/A,N/A,N/A,N/A,N/A,N/A,No,N/A,N/A,N/A,N/A,N/A,
Bruce Westerman,Male,White,,,No mention,"Has issues on campaign site, doesn't mention abortion ",Meredith,2/22/24,Yes,No,Arkansas,3/5/24,Representative,4,H4AR04048,1,100.00%,Won,N/A,N/A,N/A,N/A,N/A,N/A,N/A,N/A,Yes,N/A,N/A,N/A,N/A,N/A,
Doug LaMalfa,Male,White,,,No mention,"Has issues on campaign and .gov site, doesn't mention abortion ",Meredith,2/22/24,Yes,No,California,3/5/24,Representative,1,H2CA02142,122858,100.00%,Won,N/A,N/A,N/A,N/A,N/A,N/A,N/A,N/A,Yes,N/A,N/A,N/A,N/A,N/A,
Chris Coulombe,Male,White,,,No mention,"Has issues on site, doesn't mention abortion ",Meredith,2/22/24,No,No,California,3/5/24,Representative,2,,38039,66.88%,Won,N/A,N/A,N/A,N/A,N/A,N/A,N/A,N/A,N/A,N/A,N/A,N/A,N/A,N/A,
Tief Gibbs,Female,White,,,Pro-Life,,Meredith,2/22/24,No,No,California,3/5/24,Representative,2,,18834,33.12%,Lost,N/A,N/A,N/A,N/A,N/A,N/A,N/A,N/A,N/A,N/A,N/A,N/A,N/A,N/A,
Kevin Kiley,Male,White,,,No mention,No issue positions on site; no mention of abortion terms in bio,Meredith,2/22/24,Yes,No,California,3/5/24,Representative,3,H2CA03157,137397,100.00%,Won,N/A,N/A,N/A,N/A,N/A,N/A,N/A,N/A,N/A,N/A,N/A,N/A,N/A,N/A,
John Munn,Male,White,,,Other,,Meredith,2/22/24,No,No,California,3/5/24,Representative,4,,58787,100.00%,Won,N/A,N/A,N/A,N/A,N/A,N/A,N/A,N/A,N/A,N/A,N/A,N/A,N/A,N/A,
Tom McClintock,Male,White,,,No mention,"Has issues on site, doesn't mention abortion ",Meredith,2/22/24,Yes,No,California,3/5/24,Representative,5,H8CA04152,118958,100.00%,Won,N/A,N/A,N/A,N/A,N/A,N/A,N/A,N/A,Yes,N/A,N/A,N/A,N/A,N/A,
Craig J. DeLuz,Male,hispanic,Black,,No mention,"Has issues on site, doesn't mention abortion ",Meredith,2/22/24,No,No,California,3/5/24,Representative,6,,14361,24.03%,Lost,N/A,N/A,N/A,N/A,N/A,N/A,N/A,N/A,N/A,N/A,N/A,N/A,N/A,N/A,
Raymond Riehle,Male,White,,,No mention,"Has issues on site, doesn't mention abortion ",Meredith,2/22/24,No,No,California,3/5/24,Representative,6,,15779,26.40%,Lost,N/A,N/A,N/A,N/A,N/A,N/A,N/A,N/A,N/A,N/A,N/A,N/A,N/A,N/A,
Christine Bish,Female,White,,,No mention,No issue positions on site; no mention of abortion terms in bio,Meredith,2/22/24,No,No,California,3/5/24,Representative,6,,29628,49.57%,Won,N/A,N/A,N/A,N/A,N/A,N/A,N/A,N/A,N/A,N/A,N/A,N/A,N/A,N/A,
Tom Silva,Male,White,,,No mention,"No issue positions on site; no mention of abortion terms in bio, ",Meredith,2/22/24,No,No,California,3/5/24,Representative,7,,48943,100.00%,Won,N/A,N/A,N/A,N/A,N/A,N/A,N/A,N/A,N/A,N/A,N/A,N/A,N/A,N/A,
Rudy Recile,Male,Asian (Filipino),,,No mention,"Has issues on site, doesn't mention abortion ",Meredith,2/22/24,No,No,California,3/5/24,Representative,8,,29944,100.00%,Won,N/A,N/A,N/A,N/A,N/A,N/A,N/A,N/A,N/A,N/A,N/A,N/A,N/A,N/A,
John McBride,Male,White,,,No mention,"Has issues on site, doesn't mention abortion; mentioned he worked at the Pregnancy Help Center, but doesn't say anything else about that.",Meredith,2/22/24,No,No,California,3/5/24,Representative,9,,15707,25.50%,Lost,N/A,N/A,N/A,N/A,N/A,N/A,N/A,N/A,N/A,N/A,N/A,N/A,N/A,N/A,
Kevin Lincoln,Male,Black,hispanic (Mexican),,No mention,"Has issues on site, doesn't mention abortion ",Meredith,2/22/24,No,No,California,3/5/24,Representative,9,,36744,59.65%,Won,N/A,N/A,N/A,N/A,N/A,N/A,N/A,N/A,N/A,N/A,N/A,N/A,N/A,N/A,
Khalid Jeffrey Jafri,Male,Asian,,,No mention,"Has issues on site, doesn't mention abortion ",Meredith,2/22/24,No,No,California,3/5/24,Representative,9,,9150,14.85%,Lost,N/A,N/A,N/A,N/A,N/A,N/A,N/A,N/A,N/A,N/A,N/A,N/A,N/A,N/A,
Nolan Lee Chen,Male,asian,,,No mention,"Has issues on site, doesn't mention abortion",Meredith,2/22/24,No,No,California,3/5/24,Representative,10,,19465,35.80%,Lost,N/A,N/A,N/A,N/A,N/A,N/A,N/A,N/A,N/A,N/A,N/A,N/A,N/A,N/A,
Katherine Piccinini,Female,White,,,Pro-Life,"no issues, but says she will protect the unborn",Meredith,2/22/24,No,No,California,3/5/24,Representative,10,,34900,64.20%,Won,N/A,N/A,N/A,N/A,N/A,N/A,N/A,N/A,N/A,N/A,N/A,N/A,N/A,N/A,
Bruce Lou,Male,asian,,,No mention,"Has issues on site, doesn't mention abortion ",Meredith,2/22/24,No,No,California,3/5/24,Representative,11,,16285,55.91%,Won,N/A,N/A,N/A,N/A,N/A,N/A,N/A,N/A,N/A,N/A,N/A,N/A,N/A,N/A,
Eve Del Castello,Female,Unknown,,,N/A,no website,Meredith,2/22/24,No,No,California,3/5/24,Representative,11,,2751,9.45%,Lost,N/A,N/A,N/A,N/A,N/A,N/A,N/A,N/A,N/A,N/A,N/A,N/A,N/A,N/A,
Jason Chuyuan Zeng,Male,Asian (Chinese),,,No mention,"Has issues on site, doesn't mention abortion ",Meredith,2/22/24,No,No,California,3/5/24,Representative,11,,6607,22.68%,Lost,N/A,N/A,N/A,N/A,N/A,N/A,N/A,N/A,N/A,N/A,N/A,N/A,N/A,N/A,
Larry Nichelson,Male,White,,,N/A,no website,Meredith,2/22/24,No,No,California,3/5/24,Representative,11,,3482,11.96%,Lost,N/A,N/A,N/A,N/A,N/A,N/A,N/A,N/A,N/A,N/A,N/A,N/A,N/A,N/A,
Ned Nuerge,Male,White,,,N/A,no website,Meredith,2/22/24,No,No,California,3/5/24,Representative,12,,2535,20.70%,Lost,N/A,N/A,N/A,N/A,N/A,N/A,N/A,N/A,N/A,N/A,N/A,N/A,N/A,N/A,
Stephen Slauson,Male,White,,,N/A,no website,Meredith,2/22/24,No,No,California,3/5/24,Representative,12,,9710,79.30%,Lost,N/A,N/A,N/A,N/A,N/A,N/A,N/A,N/A,N/A,N/A,N/A,N/A,N/A,N/A,
John Duarte,Male,White,,,No mention,"Has issues on site, doesn't mention abortion ",Meredith,2/22/24,Yes,No,California,3/5/24,Representative,13,H2CA13131,47219,100.00%,Won,N/A,N/A,N/A,N/A,N/A,N/A,N/A,N/A,N/A,N/A,N/A,N/A,N/A,N/A,
Alison Hayden,Female,White,,,N/A,no website,Meredith,2/22/24,No,No,California,3/5/24,Representative,14,,11948,28.52%,Lost,N/A,N/A,N/A,N/A,N/A,N/A,N/A,N/A,N/A,N/A,N/A,N/A,N/A,N/A,
Luis Reynoso,Male,hispanic (Mexican),,,N/A,no website,Meredith,2/22/24,No,No,California,3/5/24,Representative,14,,7812,18.65%,Lost,N/A,N/A,N/A,N/A,N/A,N/A,N/A,N/A,N/A,N/A,N/A,N/A,N/A,N/A,
Vin Kruttiventi,Male,Asian (Indian),,,No mention,"Has issues on site, doesn't mention abortion ",Meredith,2/22/24,No,No,California,3/5/24,Representative,14,,22134,52.83%,Won,N/A,N/A,N/A,N/A,N/A,N/A,N/A,N/A,N/A,N/A,N/A,N/A,N/A,N/A,
Anna Cheng Kramer,Female,Asian (Taiwanese),,,No mention,"Has issues on site, doesn't mention abortion ",Meredith,2/22/24,No,No,California,3/5/24,Representative,15,,35868,100.00%,Won,N/A,N/A,N/A,N/A,N/A,N/A,N/A,N/A,N/A,N/A,N/A,N/A,N/A,N/A,
Peter Ohtaki,Male,asian ,,,No mention,"Has issues on site, doesn't mention abortion ",Meredith,2/22/24,No,No,California,3/5/24,Representative,16,,23283,66.82%,Lost,N/A,N/A,N/A,N/A,N/A,N/A,N/A,N/A,N/A,N/A,N/A,N/A,N/A,N/A,
Karl Ryan,Male,White,,,No mention,No issue positions or bio on site,Meredith,2/22/24,No,No,California,3/5/24,Representative,16,,11563,33.18%,Lost,N/A,N/A,N/A,N/A,N/A,N/A,N/A,N/A,N/A,N/A,N/A,N/A,N/A,N/A,
Anita Chen,Female,Asian (Taiwanese),,,No mention,"Has issues on site, doesn't mention abortion ",Meredith,2/22/24,No,No,California,3/5/24,Representative,17,,31568,100.00%,Won,N/A,N/A,N/A,N/A,N/A,N/A,N/A,N/A,N/A,N/A,N/A,N/A,N/A,N/A,
Peter D. Hernandez,Male,Hispanic (Mexican),,,No mention,"Has issues on site, doesn't mention abortion ",Meredith,2/22/24,No,No,California,3/5/24,Representative,18,,31665,100.00%,Won,N/A,N/A,N/A,N/A,N/A,N/A,N/A,N/A,N/A,N/A,N/A,N/A,N/A,N/A,
Jason Michael Anderson,Male,White,,,No mention,"Has issues on site, doesn't mention abortion ",Meredith,2/22/24,No,No,California,3/5/24,Representative,19,,58285,100.00%,Won,N/A,N/A,N/A,N/A,N/A,N/A,N/A,N/A,N/A,N/A,N/A,N/A,N/A,N/A,
David A. Giglio,Male,White,,,No mention,"Has issues on site, doesn't mention abortion ",Meredith,2/22/24,No,No,California,3/5/24,Representative,20,,2224,1.89%,Lost,N/A,N/A,N/A,No,N/A,N/A,N/A,N/A,N/A,No,N/A,N/A,N/A,N/A,
Kelly Kulikoff,Male,White,,,No mention,No issue positions on site; no mention of abortion terms in bio,Meredith,2/22/24,No,No,California,3/5/24,Representative,20,,724,0.61%,Lost,N/A,N/A,N/A,No,N/A,N/A,N/A,N/A,N/A,No,N/A,N/A,N/A,N/A,
Kyle Kirkland,Male,White,,,No mention,No issue positions on site; no mention of abortion terms in bio,Meredith,2/22/24,No,No,California,3/5/24,Representative,20,,6429,5.46%,Lost,N/A,N/A,N/A,No,N/A,N/A,N/A,N/A,N/A,No,N/A,N/A,N/A,N/A,
Matthew Stoll,Male,White,,,No mention,No issue positions on site; no mention of abortion terms in bio,Meredith,2/22/24,No,No,California,3/5/24,Representative,20,,1131,0.96%,Lost,N/A,N/A,N/A,No,N/A,N/A,N/A,N/A,N/A,No,N/A,N/A,N/A,N/A,
Mike Boudreaux,Male,White,,,No mention,"Has issues on site, doesn't mention abortion ",Meredith,2/22/24,No,No,California,3/5/24,Representative,20,,37883,32.16%,Made runoff,,,,No,N/A,N/A,N/A,N/A,N/A,No,N/A,N/A,N/A,N/A,
Stan Ellis,Male,White,,,N/A,no website,Meredith,2/22/24,No,No,California,3/5/24,Representative,20,,3252,2.76%,Lost,N/A,N/A,N/A,No,N/A,N/A,N/A,N/A,N/A,No,N/A,N/A,N/A,N/A,
Vince Fong,Male,Asian (Chinese),,,No mention,No issue positions on site; no mention of abortion terms in bio,Meredith,2/22/24,No,No,California,3/5/24,Representative,20,,66160,56.16%,Made runoff,,,,Yes,2/20/24,N/A,N/A,N/A,N/A,Yes,N/A,N/A,N/A,N/A,
Michael Maher,Male,White,,,No mention,No issue positions on site; no mention of abortion terms in bio,Meredith,2/22/24,No,No,California,3/5/24,Representative,21,,37935,100.00%,Won,N/A,N/A,N/A,N/A,N/A,N/A,N/A,N/A,N/A,N/A,N/A,N/A,N/A,N/A,
Chris Mathys,Male,White,,,Pro-Life,,Meredith,2/22/24,No,Yes,California,3/5/24,Representative,22,,13745,40.16%,Lost,N/A,N/A,N/A,N/A,N/A,N/A,N/A,N/A,No,N/A,N/A,N/A,N/A,N/A,
David G. Valadao,Male,White,,,No mention,"Has issues on site, doesn't mention abortion ",Meredith,2/22/24,Yes,No,California,3/5/24,Representative,22,H2CA20094,20479,59.84%,Won,N/A,N/A,N/A,N/A,N/A,N/A,N/A,N/A,Yes,N/A,N/A,N/A,N/A,N/A,
Jay Obernolte,Male,White,,,No mention,"Has issues on site, doesn't mention abortion ",Meredith,2/22/24,Yes,No,California,3/5/24,Representative,23,H0CA08135,70208,100.00%,Won,N/A,N/A,N/A,N/A,N/A,N/A,N/A,N/A,Yes,N/A,N/A,N/A,N/A,N/A,
Thomas Cole,Male,White,,,Other,mentions a 5 month limit,Meredith,2/22/24,No,No,California,3/5/24,Representative,24,,71089,100.00%,Won,N/A,N/A,N/A,N/A,N/A,N/A,N/A,N/A,N/A,N/A,N/A,N/A,N/A,N/A,
"Ceci ""Cecilia"" Truman",Female,hispanic,,,No mention,"No issue positions on site; no mention of abortion terms in bio, ",Meredith,2/22/24,No,No,California,3/5/24,Representative,25,,17815,39.89%,Lost,N/A,N/A,N/A,N/A,N/A,N/A,N/A,N/A,N/A,N/A,N/A,N/A,N/A,N/A,
Ian M. Weeks,Male,White,,,No mention,"No issue positions on site; no mention of abortion terms in bio, ",Meredith,2/22/24,No,No,California,3/5/24,Representative,25,,20992,47.00%,Won,N/A,N/A,N/A,N/A,N/A,N/A,N/A,N/A,N/A,N/A,N/A,N/A,N/A,N/A,
Miguel Chapa,Male,hispanic (Mexican),,,No mention,"Has issues on site, doesn't mention abortion ",Meredith,2/22/24,No,No,California,3/5/24,Representative,25,,5856,13.11%,Lost,N/A,N/A,N/A,N/A,N/A,N/A,N/A,N/A,N/A,N/A,N/A,N/A,N/A,N/A,
Bruce Boyer,Male,White,,,No mention,"Has issues on site, doesn't mention abortion ",Meredith,2/22/24,No,No,California,3/5/24,Representative,26,,17707,24.05%,Lost,N/A,N/A,N/A,N/A,N/A,N/A,N/A,N/A,N/A,N/A,N/A,N/A,N/A,N/A,
Michael Koslow,Male,White,,,No mention,"Has ""values"" on his site; no mention of abortion",Meredith,2/22/24,No,No,California,3/5/24,Representative,26,,55908,75.95%,Won,N/A,N/A,N/A,N/A,N/A,N/A,N/A,N/A,N/A,N/A,N/A,N/A,N/A,N/A,
Mike Garcia,Male,hispanic (Mexican),,,No mention,"Has issues on site, doesn't mention abortion ",Meredith,2/22/24,Yes,No,California,3/5/24,Representative,27,H0CA25105,74245,100.00%,Won,N/A,N/A,N/A,N/A,N/A,N/A,N/A,N/A,Yes,N/A,N/A,N/A,N/A,N/A,
April A. Verlato,Female,White,,,No mention,"Has issues on site, doesn't mention abortion ",Meredith,2/22/24,No,No,California,3/5/24,Representative,28,,52369,100.00%,Won,N/A,N/A,N/A,N/A,N/A,N/A,N/A,N/A,N/A,N/A,N/A,N/A,N/A,N/A,
Benito Benny Bernal,Male,hispanic (Mexican),,,No mention,"Has issues on site, doesn't mention abortion ",Meredith,2/22/24,No,No,California,3/5/24,Representative,29,,21446,100.00%,Won,N/A,N/A,N/A,N/A,N/A,N/A,N/A,N/A,N/A,N/A,N/A,N/A,N/A,N/A,
Alex Balekian,Male,White (Armenian),,,Other,"I believe that abortions should be freely available to women who want one due to health concerns, fetal anomalies, or unplanned pregnancies. I also believe that aggressive/exhaustive pregnancy prevention strategies should be at least as widely available as abortion.",Meredith,2/22/24,No,No,California,3/5/24,Representative,30,,26826,79.84%,Won,N/A,N/A,N/A,N/A,N/A,N/A,N/A,N/A,N/A,N/A,N/A,N/A,N/A,N/A,
Emilio Martinez,Male,hispanic,,,N/A,no website,Meredith,2/22/24,No,No,California,3/5/24,Representative,30,,6775,20.16%,Lost,N/A,N/A,N/A,N/A,N/A,N/A,N/A,N/A,N/A,N/A,N/A,N/A,N/A,N/A,
Daniel Jose Bocic Martinez,Male,hispanic,White,,N/A,"has a website, but it says ""coming soon""",Meredith,2/22/24,No,No,California,3/5/24,Representative,31,,19464,53.27%,Won,N/A,N/A,N/A,N/A,N/A,N/A,N/A,N/A,N/A,N/A,N/A,N/A,N/A,N/A,
Pedro Antonio Casas,Male,hispanic,,,No mention,"Has issues on site, doesn't mention abortion ",Meredith,2/22/24,No,No,California,3/5/24,Representative,31,,17077,46.73%,Lost,N/A,N/A,N/A,N/A,N/A,N/A,N/A,N/A,N/A,N/A,N/A,N/A,N/A,N/A,
James Shuster,Male,White,,,No mention,"Not a dedicated issues page, but has some things listed on homepage, but doesn't mention abortion ",Meredith,2/22/24,No,No,California,3/5/24,Representative,32,,16601,35.67%,Lost,N/A,N/A,N/A,N/A,N/A,N/A,N/A,N/A,N/A,N/A,N/A,N/A,N/A,N/A,
Larry Thompson,Male,White,,,Other,"""It's not an issue for the national government anymore. The people and legislatures of each state will determine their policies.""",Meredith,2/22/24,No,No,California,3/5/24,Representative,32,,29939,64.33%,Won,N/A,N/A,N/A,N/A,N/A,N/A,N/A,N/A,N/A,N/A,N/A,N/A,N/A,N/A,
Tom Herman,Male,White,,,No mention,"Has issues on site, doesn't mention abortion ",Meredith,2/22/24,No,No,California,3/5/24,Representative,33,,33815,100.00%,Won,N/A,N/A,N/A,N/A,N/A,N/A,N/A,N/A,N/A,N/A,N/A,N/A,N/A,N/A,
Calvin Lee,Male,asian,,,Pro-Life,"I think fair to say ""pro-life."" website says ""no abortion""",Meredith,2/22/24,No,No,California,3/5/24,Representative,34,,11495,100.00%,Lost,N/A,N/A,N/A,N/A,N/A,N/A,N/A,N/A,N/A,N/A,N/A,N/A,N/A,N/A,
Mike Cargile,Male,White,,,Pro-Life,,Meredith,2/22/24,No,No,California,3/5/24,Representative,35,,32082,90.19%,Won,N/A,N/A,N/A,N/A,N/A,N/A,N/A,N/A,N/A,N/A,N/A,N/A,N/A,N/A,
Vijal Suthar,Female,Asian (Indian),,,No mention,"Has issues on site, doesn't mention abortion ",Meredith,2/22/24,No,No,California,3/5/24,Representative,35,,3491,9.81%,Lost,N/A,N/A,N/A,N/A,N/A,N/A,N/A,N/A,N/A,N/A,N/A,N/A,N/A,N/A,
Ariana Hakami,Female,Middle Eastern (Afghanistan),,,No mention,"Has issues on site, doesn't mention abortion ",Irena,2/20/24,No,No,California,3/5/24,Representative,36,,25823,48.48%,Lost,N/A,N/A,N/A,N/A,N/A,N/A,N/A,N/A,N/A,N/A,N/A,N/A,N/A,N/A,
Melissa Toomim,Female,White,,,No mention,"Has issues on site, doesn't mention abortion ",Irena,2/20/24,No,No,California,3/5/24,Representative,36,,27440,51.52%,Won,N/A,N/A,N/A,N/A,N/A,N/A,N/A,N/A,N/A,N/A,N/A,N/A,N/A,N/A,
Eric J. Ching,Male,Asian,,,No mention,"Has issues on site, doesn't mention abortion ",Irena,2/20/24,No,No,California,3/5/24,Representative,38,,26744,55.01%,Won,N/A,N/A,N/A,N/A,N/A,N/A,N/A,N/A,N/A,N/A,N/A,N/A,N/A,N/A,
John Sarega,Male,White,,,N/A,No website,Irena,2/20/24,No,No,California,3/5/24,Representative,38,,13841,28.47%,Lost,N/A,N/A,N/A,N/A,N/A,N/A,N/A,N/A,N/A,N/A,N/A,N/A,N/A,N/A,
Robert Zhang Ochoa,Male,hispanic (Mexican),,,No mention,"No issues on page, but in bio doesn't mention abortion terms",Irena,2/20/24,No,No,California,3/5/24,Representative,38,,8034,16.52%,Lost,N/A,N/A,N/A,N/A,N/A,N/A,N/A,N/A,N/A,N/A,N/A,N/A,N/A,N/A,
David Serpa,Male,Unknown,,,Other,specifies 15 weeks,Irena,2/20/24,No,No,California,3/5/24,Representative,39,,38750,100.00%,Won,N/A,N/A,N/A,N/A,N/A,N/A,N/A,N/A,N/A,N/A,N/A,N/A,N/A,N/A,
Young Kim,Female,Asian (Korean),,,No mention,"Has issues on site, doesn't mention abortion ",Irena,2/20/24,Yes,No,California,3/5/24,Representative,40,H8CA39240,109963,100.00%,Won,N/A,N/A,N/A,N/A,N/A,N/A,Yes,N/A,Yes,N/A,N/A,Yes,Yes,Yes,
Ken Calvert,Male,White,,,No mention,"No issues on page, but in bio doesn't mention abortion terms",Irena,2/20/24,Yes,No,California,3/5/24,Representative,41,H2CA37023,85959,100.00%,Won,N/A,N/A,N/A,N/A,N/A,N/A,N/A,N/A,Yes,N/A,N/A,N/A,N/A,N/A,
John Briscoe,Male,White,,,No mention,"Has issues on site, doesn't mention abortion ",Irena,2/20/24,No,No,California,3/5/24,Representative,42,,30599,100.00%,Won,N/A,N/A,N/A,N/A,N/A,N/A,N/A,N/A,N/A,N/A,N/A,N/A,N/A,N/A,
David Knight,Male,White,,,No mention,"Has issues on site, doesn't mention abortion ",Irena,2/20/24,No,No,California,3/5/24,Representative,43,,5647,34.14%,Lost,N/A,N/A,N/A,N/A,N/A,N/A,N/A,N/A,N/A,N/A,N/A,N/A,N/A,N/A,
Steve Williams,Male,white,,,No mention,"No issues on page, but in bio doesn't mention abortion terms",Irena,2/20/24,No,No,California,3/5/24,Representative,43,,10896,65.86%,Won,N/A,N/A,N/A,N/A,N/A,N/A,N/A,N/A,N/A,N/A,N/A,N/A,N/A,N/A,
Roger Groh,Male,White,,,No mention,"No issues on page, but in bio doesn't mention abortion terms",Irena,2/20/24,No,No,California,3/5/24,Representative,44,,26188,100.00%,Won,N/A,N/A,N/A,N/A,N/A,N/A,N/A,N/A,N/A,N/A,N/A,N/A,N/A,N/A,
Michelle Steel,Female,asian (korean),,,No mention,"Has issues on site, doesn't mention abortion ",Irena,2/20/24,Yes,No,California,3/5/24,Representative,45,H0CA48198,78022,100.00%,Won,N/A,N/A,N/A,N/A,N/A,N/A,N/A,N/A,Yes,N/A,N/A,Yes,Yes,Yes,
David Pan,Male,Asian (Taiwanese),,,No mention,"Has issues on site, doesn't mention abortion ",Irena,2/20/24,No,No,California,3/5/24,Representative,46,,30032,100.00%,Won,N/A,N/A,N/A,N/A,N/A,N/A,N/A,N/A,N/A,N/A,N/A,N/A,N/A,N/A,
Scott Baugh,Male,White,,,No mention,"No issues on page, but in bio doesn't mention abortion terms",Irena,2/20/24,No,No,California,3/5/24,Representative,47,,57517,64.65%,Won,N/A,N/A,N/A,N/A,N/A,Yes,N/A,N/A,N/A,N/A,N/A,N/A,N/A,N/A,
Long Pham,Male,Asian (Vietnamese),,,No mention,"Has issues on site, doesn't mention abortion ",Irena,2/20/24,No,No,California,3/5/24,Representative,47,,4862,5.47%,Lost,N/A,N/A,N/A,N/A,N/A,No,N/A,N/A,N/A,N/A,N/A,N/A,N/A,N/A,
Max Ukropina,Male,White,,,No mention,"Has issues on site, doesn't mention abortion ",Irena,2/20/24,No,No,California,3/5/24,Representative,47,,26585,29.88%,Lost,N/A,N/A,N/A,N/A,N/A,No,N/A,N/A,N/A,N/A,N/A,N/A,N/A,N/A,
Darrell E. Issa,Male,Middle Eastern (Lebanese),,,Pro-Life,,Irena,2/20/24,Yes,No,California,3/5/24,Representative,48,H0CA48024,111510,100.00%,Won,N/A,N/A,N/A,N/A,N/A,N/A,N/A,N/A,Yes,N/A,N/A,N/A,N/A,N/A,
Kate Monroe,Female,White,,,Other,no talking about abortion in schools,Irena,2/20/24,No,No,California,3/5/24,Representative,49,,19026,20.34%,Lost,N/A,N/A,N/A,N/A,N/A,N/A,N/A,N/A,N/A,N/A,N/A,N/A,N/A,N/A,
Margarita Wilkinson,Female,hispanic,,,No mention,"Has issues on site, doesn't mention abortion ",Irena,2/20/24,No,No,California,3/5/24,Representative,49,,20900,22.34%,Lost,N/A,N/A,N/A,N/A,N/A,N/A,N/A,N/A,N/A,N/A,N/A,N/A,N/A,N/A,
Matt Gunderson,Male,White,,,No mention,"No issues on page, but in bio doesn't mention abortion terms",Irena,2/20/24,No,No,California,3/5/24,Representative,49,,49001,52.38%,Won,N/A,N/A,N/A,N/A,N/A,N/A,N/A,N/A,N/A,N/A,N/A,N/A,N/A,N/A,
Sheryl Adams,Female,White,,,No mention,"Has issues on site, doesn't mention abortion ",Irena,2/20/24,No,No,California,3/5/24,Representative,49,,4617,4.94%,Lost,N/A,N/A,N/A,N/A,N/A,N/A,N/A,N/A,N/A,N/A,N/A,N/A,N/A,N/A,
Solomon David Moss,Male,Black,,,Other,States' rights issue,Irena,2/20/24,No,No,California,3/5/24,Representative,50,,20252,33.45%,Lost,N/A,N/A,N/A,N/A,N/A,N/A,N/A,N/A,N/A,N/A,N/A,N/A,N/A,N/A,
Peter J. Bono,Male,white,,,,,,,No,No,California,3/5/24,Representative,50,,40284,66.55%,Won,N/A,N/A,N/A,N/A,N/A,N/A,N/A,N/A,N/A,N/A,N/A,N/A,N/A,N/A,
Bill Wells,Male,White,,,No mention,"No issues on page, but in bio doesn't mention abortion terms",Irena,2/20/24,No,No,California,3/5/24,Representative,51,,61923,100.00%,Won,N/A,N/A,N/A,N/A,N/A,N/A,N/A,N/A,N/A,N/A,N/A,N/A,N/A,N/A,
Justin Lee,Male,asian,,,N/A,no website,Irena,2/20/24,No,No,California,3/5/24,Representative,52,,33611,100.00%,Won,N/A,N/A,N/A,N/A,N/A,N/A,N/A,N/A,N/A,N/A,N/A,N/A,N/A,N/A,
Sarah Sun Liew,Female,asian,,,Pro-Life,,Irena,2/20/24,No,No,California,3/5/24,Senator,N/A,,38718,1.36%,Lost,N/A,N/A,N/A,N/A,N/A,N/A,N/A,N/A,N/A,N/A,N/A,N/A,N/A,N/A,
James Bradley,Male,White,,,No mention,"Has issues on site, doesn't mention abortion ",Irena,2/20/24,No,No,California,3/5/24,Senator,N/A,,98778,3.48%,Lost,N/A,N/A,N/A,N/A,N/A,N/A,N/A,N/A,N/A,N/A,N/A,N/A,N/A,N/A,
Jonathan Reiss,Male,White,,,No mention,"Has issues on site, doesn't mention abortion ",Irena,2/20/24,No,No,California,3/5/24,Senator,N/A,,34400,1.21%,Lost,N/A,N/A,N/A,N/A,N/A,N/A,N/A,N/A,N/A,N/A,N/A,N/A,N/A,N/A,
Denice Gary-Pandol,Female,White,,,No mention,"Has issues on site, doesn't mention abortion ",Irena,2/20/24,No,No,California,3/5/24,Senator,N/A,,25649,0.90%,Lost,N/A,N/A,N/A,N/A,N/A,N/A,N/A,N/A,N/A,N/A,N/A,N/A,N/A,N/A,
Eric Early,Male,White,,,No mention,"Has issues on site, doesn't mention abortion ",Irena,2/20/24,No,No,California,3/5/24,Senator,N/A,,242055,8.52%,Lost,N/A,N/A,N/A,N/A,N/A,N/A,N/A,N/A,N/A,N/A,N/A,N/A,N/A,N/A,
"James ""Jim"" Macauley",Male,White,,,No mention,,Irena,,No,No,California,3/5/24,Senator,N/A,,23296,0.82%,Lost,N/A,N/A,N/A,N/A,N/A,N/A,N/A,N/A,N/A,N/A,N/A,N/A,N/A,N/A,
Martin Veprauskas,Male,White,,,No mention,"Has issues on site, doesn't mention abortion ",Irena,2/20/24,No,No,California,3/5/24,Senator,N/A,,9795,0.34%,Lost,N/A,N/A,N/A,N/A,N/A,N/A,N/A,N/A,N/A,N/A,N/A,N/A,N/A,N/A,
Sharleta Bassett,Female,White,,,No mention,"No issues on page, but in bio doesn't mention abortion terms",Irena,2/20/24,No,No,California,3/5/24,Senator,N/A,,54884,1.93%,Lost,N/A,N/A,N/A,N/A,N/A,N/A,N/A,N/A,N/A,N/A,N/A,N/A,N/A,N/A,
Stefan Simchowitz,Male,White (Jewish),,,No mention,"Has issues on site, doesn't mention abortion ",Irena,2/20/24,No,No,California,3/5/24,Senator,N/A,,12773,0.45%,Lost,N/A,N/A,N/A,N/A,N/A,N/A,N/A,N/A,N/A,N/A,N/A,N/A,N/A,N/A,
Steve Garvey,Male,White,,,No mention,"Has issues on site, doesn't mention abortion ",Irena,2/20/24,No,No,California,3/5/24,Senator,N/A,,2301351,80.99%,Won,N/A,N/A,N/A,N/A,N/A,N/A,N/A,N/A,N/A,N/A,N/A,N/A,N/A,N/A,
Sandy Smith,Female,White,,,Pro-Life,,Irena,2/20/24,No,No,North Carolina,3/5/24,Representative,1,,29471,46.51%,Lost,N/A,N/A,N/A,N/A,N/A,N/A,N/A,N/A,N/A,No,N/A,N/A,No,No,
Laurie Buckhout,Female,White,,,Pro-Life,,Irena,2/20/24,No,No,North Carolina,3/5/24,Representative,1,,33893,53.49%,Won,N/A,N/A,N/A,N/A,N/A,N/A,N/A,N/A,N/A,Yes,N/A,Yes,Yes,Yes,
Alan D. Swain,Male,White,,,Pro-Life,,Irena,2/20/24,No,No,North Carolina,3/5/24,Representative,2,,25759,59.55%,Won,N/A,N/A,N/A,N/A,N/A,N/A,N/A,N/A,N/A,N/A,N/A,N/A,N/A,N/A,
Eugene F. Douglass,Male,White,,,N/A,"No campaign website only a substack that says he's pro-life, he also linked to his old hawaii campaign website from 2000 https://web.archive.org/web/20000902195141/http://ourworld.compuserve.com/homepages/gene_douglass/campaign.html",Irena,2/20/24,No,No,North Carolina,3/5/24,Representative,2,,9751,22.54%,Lost,N/A,N/A,N/A,N/A,N/A,N/A,N/A,N/A,N/A,N/A,N/A,N/A,N/A,N/A,
Robert Morales Vergara,Male,White,,,Other,"""believes in choosing life""",Irena,2/20/24,No,No,North Carolina,3/5/24,Representative,2,,7747,17.91%,Lost,N/A,N/A,N/A,N/A,N/A,N/A,N/A,N/A,N/A,N/A,N/A,N/A,N/A,N/A,
Greg Murphy,Male,White,,,Pro-Life,,Irena,2/20/24,Yes,No,North Carolina,3/5/24,Representative,3,H0NC03172,1,100.00%,Won,N/A,N/A,N/A,N/A,N/A,N/A,N/A,N/A,Yes,N/A,N/A,N/A,N/A,N/A,
Eric Blankenburg,Male,White,,,Other,personally pro-life but believes it should be states' rights,Irena,2/20/24,No,No,North Carolina,3/5/24,Representative,4,,25254,70.44%,Won,N/A,N/A,N/A,N/A,N/A,N/A,N/A,N/A,N/A,N/A,N/A,N/A,N/A,N/A,
Mahesh (Max) Ganorkar,Male,Asian (Indian),,,Pro-Life,"seems to support exceptions for incest, rape, and life of the mother",Irena,2/20/24,No,No,North Carolina,3/5/24,Representative,4,,10597,29.56%,Lost,N/A,N/A,N/A,N/A,N/A,N/A,N/A,N/A,N/A,N/A,N/A,N/A,N/A,N/A,
Ryan Mayberry,Male,White,,,Pro-Life,,Irena,2/20/24,No,Yes,North Carolina,3/5/24,Representative,5,,29457,32.17%,Lost,N/A,N/A,N/A,No,N/A,N/A,N/A,N/A,No,No,N/A,No,No,N/A,
Virginia Foxx,Female,White,,,Pro-Life,,Irena,2/20/24,Yes,No,North Carolina,3/5/24,Representative,5,H4NC05146,62120,67.83%,Won,N/A,N/A,N/A,Yes,1/30/24,N/A,N/A,N/A,Yes,Yes,N/A,Yes,Yes,N/A,
Bo Hines,Male,White,,,No mention,"Has issues on site, doesn't mention abortion ",Irena,2/20/24,No,No,North Carolina,3/5/24,Representative,6,,11746,14.41%,Lost,N/A,N/A,N/A,No,N/A,Yes,N/A,N/A,No,N/A,N/A,N/A,N/A,N/A,
Christian Castelli,Male,White,,,No mention,"Has issues on site, doesn't mention abortion ",Irena,2/20/24,No,No,North Carolina,3/5/24,Representative,6,,17171,21.07%,Lost,N/A,N/A,N/A,No,N/A,No,N/A,N/A,No,N/A,N/A,N/A,N/A,N/A,
Mary Ann Contogiannis,Female,White,,,Pro-Life,,Irena,2/20/24,No,No,North Carolina,3/5/24,Representative,6,,4195,5.15%,Lost,N/A,N/A,N/A,No,N/A,No,N/A,N/A,No,N/A,N/A,N/A,N/A,N/A,
Addison McDowell,Male,White,,,Pro-Life,,Irena,2/20/24,No,No,North Carolina,3/5/24,Representative,6,,21285,26.12%,Made runoff,1,100.00%,Won,Yes,12/13/23,No,N/A,N/A,Yes,N/A,N/A,N/A,N/A,N/A,
Jay Wagner,Male,White,,,Pro-Life,,Irena,2/20/24,No,No,North Carolina,3/5/24,Representative,6,,7462,9.16%,Lost,N/A,N/A,N/A,No,N/A,No,N/A,N/A,No,N/A,N/A,N/A,N/A,N/A,
Mark Walker,Male,White,,,Pro-Life,,Irena,2/20/24,No,No,North Carolina,3/5/24,Representative,6,,19633,24.09%,Made runoff,N/A,N/A,N/A,No,N/A,No,N/A,N/A,No,N/A,N/A,N/A,N/A,N/A,"Withdrew, runoff canceled"
David Rouzer,Male,White,,,Pro-Life,,Irena,2/20/24,Yes,No,North Carolina,3/5/24,Representative,7,H2NC07096,1,100.00%,Won,N/A,N/A,N/A,N/A,N/A,N/A,N/A,N/A,Yes,N/A,N/A,N/A,N/A,N/A,
Allan Baucom,Male,White,,,No mention,"No issues on page, but in bio doesn't mention abortion terms",Irena,2/20/24,No,No,North Carolina,3/5/24,Representative,8,,21964,27.00%,Lost,N/A,N/A,N/A,N/A,N/A,N/A,N/A,N/A,N/A,N/A,N/A,N/A,N/A,N/A,
Chris Maples,Male,White,,,No mention,"Has issues on site, doesn't mention abortion ",Irena,2/20/24,No,No,North Carolina,3/5/24,Representative,8,,3787,4.66%,Lost,N/A,N/A,N/A,N/A,N/A,N/A,N/A,N/A,N/A,N/A,N/A,N/A,N/A,N/A,
Don Brown,Male,White,,,No mention,"Has issues on site, doesn't mention abortion ",Irena,2/20/24,No,No,North Carolina,3/5/24,Representative,8,,8519,10.47%,Lost,N/A,N/A,N/A,N/A,N/A,N/A,N/A,N/A,N/A,N/A,N/A,N/A,N/A,N/A,
John R. Bradford III,Male,White,,,No mention,"No issues on page, but in bio doesn't mention abortion terms",Irena,2/20/24,No,No,North Carolina,3/5/24,Representative,8,,14458,17.78%,Lost,N/A,N/A,N/A,N/A,N/A,N/A,N/A,N/A,N/A,N/A,N/A,N/A,N/A,N/A,
Leigh Brown,Female,White,,,No mention,"Has issues on site, doesn't mention abortion ",Irena,2/20/24,No,No,North Carolina,3/5/24,Representative,8,,7845,9.65%,Lost,N/A,N/A,N/A,N/A,N/A,N/A,N/A,N/A,N/A,N/A,N/A,N/A,N/A,N/A,
Mark Harris,Male,Unknown,,,Pro-Life,,Irena,2/20/24,No,No,North Carolina,3/5/24,Representative,8,,24764,30.45%,Won,N/A,N/A,N/A,N/A,N/A,N/A,N/A,N/A,N/A,N/A,N/A,N/A,N/A,N/A,
Richard Hudson,Male,White,,,Pro-Life,,Irena,2/20/24,Yes,No,North Carolina,3/5/24,Representative,9,H2NC08185,56543,83.34%,Won,N/A,N/A,N/A,Yes,1/30/24,N/A,N/A,N/A,Yes,N/A,N/A,N/A,N/A,N/A,
Troy L. Tarazon,Male,Unknown,,,No mention,"Has issues on site, doesn't mention abortion ",Irena,2/20/24,No,Yes,North Carolina,3/5/24,Representative,9,,11307,16.66%,Lost,N/A,N/A,N/A,No,N/A,N/A,N/A,N/A,No,N/A,N/A,N/A,N/A,N/A,
Pat Harrigan,Male,White,,,Pro-Life,,Irena,2/20/24,No,No,North Carolina,3/5/24,Representative,10,,36028,41.21%,Won,N/A,N/A,N/A,N/A,N/A,N/A,Yes,N/A,N/A,No,N/A,N/A,N/A,N/A,
Brooke McGowan,Female,White,,,No mention,"Has issues on site, doesn't mention abortion ",Irena,2/20/24,No,No,North Carolina,3/5/24,Representative,10,,8795,10.06%,Lost,N/A,N/A,N/A,N/A,N/A,N/A,No,N/A,N/A,No,N/A,N/A,N/A,N/A,
Charles Eller,Male,White,,,No mention,"Has issues on site, doesn't mention abortion ",Irena,2/20/24,No,No,North Carolina,3/5/24,Representative,10,,6076,6.95%,Lost,N/A,N/A,N/A,N/A,N/A,N/A,No,N/A,N/A,No,N/A,N/A,N/A,N/A,
Diana Jimison,Female,White,,,N/A,no website,Irena,2/20/24,No,No,North Carolina,3/5/24,Representative,10,,2535,2.90%,Lost,N/A,N/A,N/A,N/A,N/A,N/A,No,N/A,N/A,No,N/A,N/A,N/A,N/A,
Grey Mills,Male,White,,,Pro-Life,,Irena,2/20/24,No,No,North Carolina,3/5/24,Representative,10,,34000,38.89%,Lost,N/A,N/A,N/A,N/A,N/A,N/A,No,N/A,N/A,Yes,N/A,N/A,N/A,N/A,
Chuck Edwards,Male,White,,,Pro-Life,,Irena,2/20/24,Yes,No,North Carolina,3/5/24,Representative,11,H2NC14050,66717,68.91%,Won,N/A,N/A,N/A,N/A,N/A,N/A,N/A,N/A,Yes,Yes,N/A,N/A,N/A,N/A,
Christian Reagan,Male,White,,,Pro-Life,,Irena,2/20/24,No,Yes,North Carolina,3/5/24,Representative,11,,30095,31.09%,Lost,N/A,N/A,N/A,N/A,N/A,N/A,N/A,N/A,No,No,N/A,N/A,N/A,N/A,
Addul Ali,Male,Black,,,No mention,"Has issues on site, doesn't mention abortion ",Irena,2/20/24,No,No,North Carolina,3/5/24,Representative,12,,1,100.00%,Won,N/A,N/A,N/A,N/A,N/A,N/A,N/A,N/A,N/A,N/A,N/A,N/A,N/A,N/A,
DeVan Barbour,Male,White,,,Pro-Life,,Irena,2/20/24,No,No,North Carolina,3/5/24,Representative,13,,12892,15.37%,Lost,N/A,N/A,N/A,N/A,N/A,N/A,N/A,N/A,N/A,N/A,N/A,N/A,N/A,N/A,
Brad Knott,Male,White,,,Pro-Life,,Irena,2/20/24,No,No,North Carolina,3/5/24,Representative,13,,15664,18.67%,Made runoff,19632,90.76%,Won,Yes (runoff),4/5/24,N/A,N/A,N/A,N/A,N/A,N/A,N/A,N/A,N/A,
Chris Baker,Male,White,,,No mention,"No issues on page, but in bio doesn't mention abortion terms",Irena,2/20/24,No,No,North Carolina,3/5/24,Representative,13,,1089,1.30%,Lost,N/A,N/A,N/A,N/A,N/A,N/A,N/A,N/A,N/A,N/A,N/A,N/A,N/A,N/A,
David Dixon,Male,White,,,Pro-Life,,Irena,2/20/24,No,No,North Carolina,3/5/24,Representative,13,,2146,2.56%,Lost,N/A,N/A,N/A,N/A,N/A,N/A,N/A,N/A,N/A,N/A,N/A,N/A,N/A,N/A,
Eric Stevenson,Male,Black,,,No mention,"Has issues on site, doesn't mention abortion ",Irena,2/20/24,No,No,North Carolina,3/5/24,Representative,13,,844,1.01%,Lost,N/A,N/A,N/A,N/A,N/A,N/A,N/A,N/A,N/A,N/A,N/A,N/A,N/A,N/A,
Fred Von Canon,Male,White,,,No mention,"No issues on page, but in bio doesn't mention abortion terms",Irena,2/20/24,No,No,North Carolina,3/5/24,Representative,13,,14344,17.10%,Lost,N/A,N/A,N/A,N/A,N/A,N/A,N/A,N/A,N/A,N/A,N/A,N/A,N/A,N/A,
James Phillips,Male,White,,,N/A,no website,Irena,2/20/24,No,No,North Carolina,3/5/24,Representative,13,,565,0.67%,Lost,N/A,N/A,N/A,N/A,N/A,N/A,N/A,N/A,N/A,N/A,N/A,N/A,N/A,N/A,
Josh McConkey,Male,White,,,No mention,"Has issues on site, doesn't mention abortion ",Irena,2/20/24,No,No,North Carolina,3/5/24,Representative,13,,5926,7.06%,Lost,N/A,N/A,N/A,N/A,N/A,N/A,N/A,N/A,N/A,N/A,N/A,N/A,N/A,N/A,
Kenny Xu,Male,asian (chinese),,,No mention,"Has issues on site, doesn't mention abortion ",Irena,2/20/24,No,No,North Carolina,3/5/24,Representative,13,,3604,4.30%,Lost,N/A,N/A,N/A,N/A,N/A,N/A,N/A,N/A,N/A,N/A,N/A,N/A,N/A,N/A,
Marcus Dellinger,Male,White,,,No mention,"Has issues on site, doesn't mention abortion ",Irena,2/20/24,No,No,North Carolina,3/5/24,Representative,13,,798,0.95%,Lost,N/A,N/A,N/A,N/A,N/A,N/A,N/A,N/A,N/A,N/A,N/A,N/A,N/A,N/A,
Matt Shoemaker,Male,White,,,No mention,"Has issues on site, doesn't mention abortion ",Irena,2/20/24,No,No,North Carolina,3/5/24,Representative,13,,2003,2.39%,Lost,N/A,N/A,N/A,N/A,N/A,N/A,N/A,N/A,N/A,N/A,N/A,N/A,N/A,N/A,
Siddhanth Sharma,Male,asian (indian),,,Other,"States' rights, supports exceptions to ban",Irena,2/20/24,No,No,North Carolina,3/5/24,Representative,13,,614,0.73%,Lost,N/A,N/A,N/A,N/A,N/A,N/A,N/A,N/A,N/A,N/A,N/A,N/A,N/A,N/A,
Steve A. (Von) Loor,Male,White,,,Pro-Life,,Irena,2/20/24,No,No,North Carolina,3/5/24,Representative,13,,427,0.51%,Lost,N/A,N/A,N/A,N/A,N/A,N/A,N/A,N/A,N/A,N/A,N/A,N/A,N/A,N/A,
Kelly Daughtry,Female,White,,,No mention,"Has issues on site, doesn't mention abortion ",Irena,2/20/24,No,No,North Carolina,3/5/24,Representative,13,,22978,27.39%,Made runoff,1998,9.24%,Lost,No (runoff),N/A,N/A,N/A,N/A,N/A,N/A,N/A,N/A,N/A,N/A,
Jeff Gregory,Male,White,,,N/A,no website,Irena,2/20/24,No,No,North Carolina,3/5/24,Representative,14,,9562,12.89%,Lost,N/A,N/A,N/A,No,N/A,N/A,N/A,N/A,N/A,No,N/A,N/A,N/A,N/A,
Lillian Joseph,Female,White,,,Pro-Life,,Irena,2/20/24,No,No,North Carolina,3/5/24,Representative,14,,8996,12.12%,Lost,N/A,N/A,N/A,No,N/A,N/A,N/A,N/A,N/A,No,N/A,N/A,N/A,N/A,
Tim Moore,Male,White,,,No mention,"No issues on page, but in bio doesn't mention abortion terms",Irena,2/20/24,No,No,North Carolina,3/5/24,Representative,14,,55644,74.99%,Won,N/A,N/A,N/A,Yes,2/20/24,N/A,N/A,N/A,N/A,Yes,N/A,N/A,N/A,N/A,
Bill Graham,Male,White,,,No mention,"Has issues on site, doesn't mention abortion ",Irena,2/20/24,No,No,North Carolina,3/5/24,Governor,N/A,,164572,16.01%,Lost,N/A,N/A,N/A,No,N/A,N/A,N/A,N/A,N/A,N/A,N/A,N/A,N/A,N/A,
Dale R. Folwell,Male,White,,,No mention,"Has issues on site, doesn't mention abortion ",Irena,2/20/24,No,No,North Carolina,3/5/24,Governor,N/A,,196955,19.16%,Lost,N/A,N/A,N/A,No,N/A,N/A,N/A,N/A,N/A,N/A,N/A,N/A,N/A,N/A,
Mark Robinson,Male,Black,,,No mention,"No issues on page, but in bio doesn't mention abortion terms",Irena,2/20/24,No,No,North Carolina,3/5/24,Governor,N/A,,666504,64.83%,Won,N/A,N/A,N/A,Yes,12/12/23,N/A,N/A,N/A,N/A,N/A,N/A,N/A,N/A,N/A,
Nathaniel Moran,Male,White,,,No mention,"No issues on page, but in bio doesn't mention abortion terms",Irena,2/21/24,Yes,No,Texas,3/5/24,Representative,1,H2TX01112,84442,100.00%,Won,N/A,N/A,N/A,N/A,N/A,N/A,N/A,N/A,Yes,N/A,N/A,N/A,N/A,N/A,
Dan Crenshaw,Male,White,,,No mention,"Has issues on site, doesn't mention abortion ",Irena,2/21/24,Yes,No,Texas,3/5/24,Representative,2,H8TX02166,40379,59.50%,Won,N/A,N/A,N/A,N/A,N/A,N/A,N/A,N/A,Yes,N/A,N/A,N/A,N/A,N/A,
Jameson Ellis,Male,White,,,No mention,"Has issues on site, doesn't mention abortion ",Irena,2/21/24,No,Yes,Texas,3/5/24,Representative,2,,27482,40.50%,Lost,N/A,N/A,N/A,N/A,N/A,N/A,N/A,N/A,No,N/A,N/A,N/A,N/A,N/A,
Jeremy D. Ivanovskis,Male,White,,,No mention,"No issues on page, but in bio doesn't mention abortion terms",Irena,2/21/24,No,Yes,Texas,3/5/24,Representative,3,,1224,1.59%,Lost,N/A,N/A,N/A,No,N/A,N/A,N/A,N/A,No,N/A,N/A,N/A,N/A,N/A,
John Porro,Male,White,,,Pro-Life,,Irena,2/21/24,No,Yes,Texas,3/5/24,Representative,3,,2634,3.43%,Lost,N/A,N/A,N/A,No,N/A,N/A,N/A,N/A,No,N/A,N/A,N/A,N/A,N/A,
Keith Self,Male,White,,,Pro-Life,,Irena,2/21/24,Yes,No,Texas,3/5/24,Representative,3,H2TX03290,55888,72.81%,Won,N/A,N/A,N/A,Yes,1/30/24,N/A,N/A,N/A,Yes,N/A,N/A,N/A,N/A,N/A,
Suzanne Harp,Female,White,,,Pro-Life,,Irena,2/21/24,No,Yes,Texas,3/5/24,Representative,3,,14215,18.52%,Lost,N/A,N/A,N/A,No,N/A,N/A,N/A,N/A,No,N/A,N/A,N/A,N/A,N/A,
Tre Pennie,Male,Black,,,Pro-Life,,Irena,2/21/24,No,Yes,Texas,3/5/24,Representative,3,,2797,3.64%,Lost,N/A,N/A,N/A,No,N/A,N/A,N/A,N/A,No,N/A,N/A,N/A,N/A,N/A,
Pat Fallon,Male,White,,,Pro-Life,,Irena,2/21/24,Yes,No,Texas,3/5/24,Representative,4,H0TX04219,70801,80.28%,Won,N/A,N/A,N/A,Yes,1/30/24,N/A,N/A,N/A,Yes,N/A,N/A,N/A,N/A,N/A,
Don Horn,Male,White,,,N/A,no website,Irena,2/21/24,No,Yes,Texas,3/5/24,Representative,4,,17396,19.72%,Lost,N/A,N/A,N/A,No,N/A,N/A,N/A,N/A,No,N/A,N/A,N/A,N/A,N/A,
Lance Gooden,Male,White,,,Pro-Life,,Irena,2/21/24,Yes,No,Texas,3/5/24,Representative,5,H8TX05144,59069,100.00%,Won,N/A,N/A,N/A,Yes,1/30/24,N/A,N/A,N/A,Yes,N/A,N/A,N/A,N/A,N/A,
James Buford,Male,White,,,No mention,"Has issues on site, doesn't mention abortion ",Irena,2/21/24,No,Yes,Texas,3/5/24,Representative,6,,12782,20.36%,Lost,N/A,N/A,N/A,N/A,N/A,N/A,N/A,N/A,No,N/A,N/A,N/A,N/A,N/A,
Cliff Wiley,Male,White,,,Pro-Life,,Irena,2/21/24,No,Yes,Texas,3/5/24,Representative,6,,11843,18.87%,Lost,N/A,N/A,N/A,N/A,N/A,N/A,N/A,N/A,No,N/A,N/A,N/A,N/A,N/A,
Jake Ellzey,Male,White,,,Pro-Life,,Irena,2/21/24,Yes,No,Texas,3/5/24,Representative,6,H8TX06266,38143,60.77%,Won,N/A,N/A,N/A,N/A,N/A,N/A,N/A,N/A,Yes,N/A,N/A,N/A,N/A,N/A,
Tina Blum Cohen,Female,White,,,No mention,"Has issues on site, doesn't mention abortion ",Irena,2/21/24,No,No,Texas,3/5/24,Representative,7,,3489,14.87%,Lost,N/A,N/A,N/A,N/A,N/A,N/A,N/A,N/A,N/A,N/A,N/A,N/A,N/A,N/A,
Carolyn B. Bryant,Female,Black,,,No mention,"Has issues on site, doesn't mention abortion ",Irena,2/21/24,No,No,Texas,3/5/24,Representative,7,,4382,18.67%,Lost,N/A,N/A,N/A,N/A,N/A,N/A,N/A,N/A,N/A,N/A,N/A,N/A,N/A,N/A,
Kenneth Omoruyi,Male,Black (Nigerian),,,Pro-Life,,Irena,2/21/24,No,No,Texas,3/5/24,Representative,7,,9834,41.90%,Made runoff,2495,49.56%,Lost,N/A,N/A,N/A,N/A,N/A,N/A,N/A,N/A,N/A,N/A,N/A,
Caroline Kane,Female,White,,,No mention,"Has issues on site, doesn't mention abortion ",Irena,2/21/24,No,No,Texas,3/5/24,Representative,7,,5764,24.56%,Made runoff,2539,50.44%,Won,N/A,N/A,N/A,N/A,N/A,N/A,N/A,N/A,N/A,N/A,N/A,
Morgan Luttrell,Male,White,,,Pro-Life,,Irena,2/21/24,Yes,No,Texas,3/5/24,Representative,8,H2TX08182,69419,100.00%,Won,N/A,N/A,N/A,N/A,N/A,N/A,N/A,N/A,Yes,N/A,N/A,N/A,N/A,N/A,
Jared B. Lovelace,Male,White,,,Pro-Life,,Irena,2/21/24,No,Yes,Texas,3/5/24,Representative,10,,23175,27.86%,Lost,N/A,N/A,N/A,N/A,N/A,N/A,N/A,N/A,No,N/A,N/A,N/A,N/A,N/A,
Michael T. McCaul,Male,White,,,Pro-Life,,Irena,2/21/24,Yes,No,Texas,3/5/24,Representative,10,H4TX10093,59998,72.14%,Won,N/A,N/A,N/A,N/A,N/A,N/A,N/A,N/A,Yes,N/A,N/A,N/A,N/A,N/A,
August Pfluger,Male,White,,,Pro-Life,,Irena,2/21/24,Yes,No,Texas,3/5/24,Representative,11,H0TX11230,67637,100.00%,Won,N/A,N/A,N/A,Yes,1/30/24,N/A,N/A,N/A,Yes,N/A,N/A,N/A,N/A,N/A,
Anne Henley,Female,White,,,No mention,"No issues on page, but in bio doesn't mention abortion terms",Irena,2/21/24,No,No,Texas,3/5/24,Representative,12,,4849,6.82%,Lost,N/A,N/A,N/A,N/A,N/A,N/A,N/A,N/A,N/A,No,N/A,N/A,N/A,N/A,
Clint Dorris,Male,White,,,Pro-Life,,Irena,2/21/24,No,No,Texas,3/5/24,Representative,12,,10591,14.89%,Lost,N/A,N/A,N/A,N/A,N/A,N/A,N/A,N/A,N/A,No,N/A,N/A,N/A,N/A,
Craig Goldman,Male,White,,,Pro-Life,,Irena,2/21/24,No,No,Texas,3/5/24,Representative,12,,31568,44.38%,Made runoff,16787,62.90%,Won,N/A,N/A,N/A,N/A,N/A,N/A,Yes,N/A,N/A,N/A,N/A,
John C. O'Shea,Male,White,,,Other,personally pro-life but believes it should be states' rights,Irena,2/21/24,No,No,Texas,3/5/24,Representative,12,,18757,26.37%,Made runoff,9903,37.10%,Lost,N/A,N/A,N/A,N/A,N/A,N/A,No,N/A,N/A,N/A,N/A,
Shellie Gardner,Female,White,,,No mention,"Has issues on site, doesn't mention abortion ",Irena,2/21/24,No,No,Texas,3/5/24,Representative,12,,5373,7.55%,Lost,N/A,N/A,N/A,N/A,N/A,N/A,N/A,N/A,N/A,No,N/A,N/A,N/A,N/A,
Ronny Jackson,Male,White,,,Pro-Life,,Irena,2/21/24,Yes,No,Texas,3/5/24,Representative,13,H0TX13228,81844,100.00%,Won,N/A,N/A,N/A,Yes,1/30/24,N/A,N/A,N/A,Yes,N/A,N/A,N/A,N/A,N/A,
Randy Weber,Male,White,,,Pro-Life,,Irena,2/21/24,Yes,No,Texas,3/5/24,Representative,14,H2TX14149,69321,100.00%,Won,N/A,N/A,N/A,Yes,1/30/24,N/A,N/A,N/A,Yes,N/A,N/A,N/A,N/A,N/A,
Vangela Churchill,Female,hispanic,,,No mention,"Has issues on site, doesn't mention abortion ",Irena,2/21/24,No,Yes,Texas,3/5/24,Representative,15,,4140,11.79%,Lost,N/A,N/A,N/A,No,N/A,N/A,N/A,N/A,No,N/A,N/A,No,No,No,
Monica De La Cruz,Female,hispanic (Mexican),,,No mention,"Has issues on site, doesn't mention abortion ",Irena,2/21/24,Yes,No,Texas,3/5/24,Representative,15,H0TX15124,30972,88.21%,Won,N/A,N/A,N/A,Yes,1/30/24,N/A,N/A,N/A,Yes,N/A,N/A,Yes,Yes,Yes,
Irene Armendariz Jackson,Female,hispanic (mexican),,,Pro-Life,,Irena,2/21/24,No,No,Texas,3/5/24,Representative,16,,15553,100.00%,Won,N/A,N/A,N/A,N/A,N/A,N/A,N/A,N/A,N/A,N/A,N/A,N/A,N/A,N/A,
Joseph T. Langone,Male,White,,,No mention,"Has issues on site, doesn't mention abortion ",Irena,2/21/24,No,Yes,Texas,3/5/24,Representative,17,,12052,15.09%,Lost,N/A,N/A,N/A,No,N/A,N/A,N/A,N/A,No,N/A,N/A,N/A,N/A,N/A,
Peter Sessions,Male,White,,,Pro-Life,,Irena,2/21/24,Yes,No,Texas,3/5/24,Representative,17,H2TX03126,67798,84.91%,Won,N/A,N/A,N/A,Yes,1/30/24,N/A,N/A,N/A,Yes,N/A,N/A,N/A,N/A,N/A,
Aaron Ray Hermes,Male,White,,,Pro-Life,,Irena,2/21/24,No,No,Texas,3/5/24,Representative,18,,5438,46.72%,Lost,N/A,N/A,N/A,N/A,N/A,N/A,N/A,N/A,N/A,N/A,N/A,N/A,N/A,N/A,
Lana Centonze,Female,Black ,,,No mention,"Has issues on site, doesn't mention abortion ",Irena,2/21/24,No,No,Texas,3/5/24,Representative,18,,6202,53.28%,Won,N/A,N/A,N/A,N/A,N/A,N/A,N/A,N/A,N/A,N/A,N/A,N/A,N/A,N/A,
Jodey C. Arrington,Male,White,,,No mention,"Has issues on site, doesn't mention abortion ",Irena,2/21/24,Yes,No,Texas,3/5/24,Representative,19,H6TX19099,70705,83.45%,Won,N/A,N/A,N/A,Yes,1/30/24,N/A,N/A,N/A,Yes,Yes,N/A,N/A,N/A,N/A,
Chance Ferguson,Male,White,,,N/A,no website,Irena,2/21/24,No,Yes,Texas,3/5/24,Representative,19,,6316,3.48%,Lost,N/A,N/A,N/A,No,N/A,N/A,N/A,N/A,No,No,N/A,N/A,N/A,N/A,
Ryan Zink,Male,White,,,No mention,,Irena,2/21/24,No,Yes,Texas,3/5/24,Representative,19,,2586,1.06%,Lost,N/A,N/A,N/A,No,N/A,N/A,N/A,N/A,No,No,N/A,N/A,N/A,N/A,
Vance W. Boyd,Male,White,,,No mention,"Has issues on site, doesn't mention abortion ",Irena,2/21/24,No,Yes,Texas,3/5/24,Representative,19,,5116,1.89%,Lost,N/A,N/A,N/A,No,N/A,N/A,N/A,N/A,No,No,N/A,N/A,N/A,N/A,
Chip Roy,Male,White,,,Pro-Life,,Irena,2/21/24,Yes,No,Texas,3/5/24,Representative,21,H8TX21307,96610,100.00%,Won,N/A,N/A,N/A,N/A,N/A,N/A,N/A,N/A,N/A,N/A,N/A,N/A,N/A,N/A,
Troy E. Nehls,Male,White,,,No mention,"Has issues on site, doesn't mention abortion ",Irena,2/21/24,Yes,No,Texas,3/5/24,Representative,22,H0TX22302,62862,100.00%,Won,N/A,N/A,N/A,Yes,1/30/24,N/A,N/A,N/A,Yes,N/A,N/A,N/A,N/A,N/A,
Tony Gonzales,Male,hispanic (Mexican),,,Pro-Life,,Irena,2/21/24,Yes,No,Texas,3/5/24,Representative,23,H0TX35015,25988,45.09%,Made runoff,15023,50.60%,Won,N/A,N/A,N/A,N/A,N/A,Yes,Yes,N/A,N/A,N/A,N/A,
Brandon Herrera,Male,hispanic,,,No mention,"No issues on page, but in bio doesn't mention abortion terms",Irena,2/21/24,No,Yes,Texas,3/5/24,Representative,23,,14201,24.64%,Made runoff,14669,49.40%,Lost,N/A,N/A,N/A,N/A,N/A,No,No,N/A,N/A,N/A,N/A,
Frank Lopez Jr.,Male,hispanic (Mexican),,,Pro-Life,"""protecting life"" ... in a ""pro-life ministry""",Irena,2/21/24,No,Yes,Texas,3/5/24,Representative,23,,6266,10.87%,Lost,N/A,N/A,N/A,N/A,N/A,N/A,N/A,N/A,No,No,N/A,N/A,N/A,N/A,
Julie Clark,Female,White,,,Pro-Life,,Irena,2/21/24,No,Yes,Texas,3/5/24,Representative,23,,7994,13.87%,Lost,N/A,N/A,N/A,N/A,N/A,N/A,N/A,N/A,No,No,N/A,N/A,N/A,N/A,
Victor Avila,Male,hispanic (Mexican),,,No mention,"Has issues on site, doesn't mention abortion ",Irena,2/21/24,No,Yes,Texas,3/5/24,Representative,23,,3181,5.52%,Lost,N/A,N/A,N/A,N/A,N/A,N/A,N/A,N/A,No,No,N/A,N/A,N/A,N/A,
Beth Van Duyne,Female,White,,,No mention,"No issues on page, but in bio doesn't mention abortion terms",Irena,2/21/24,Yes,No,Texas,3/5/24,Representative,24,H0TX24209,75982,100.00%,Won,N/A,N/A,N/A,Yes,1/30/24,N/A,N/A,N/A,Yes,N/A,N/A,Yes,Yes,N/A,
Roger Williams,Male,White,,,Pro-Life,,Irena,2/21/24,Yes,No,Texas,3/5/24,Representative,25,H2TX33040,66345,78.04%,Won,N/A,N/A,N/A,Yes,1/30/24,N/A,N/A,N/A,Yes,N/A,N/A,N/A,N/A,N/A,
Matthew Lucci,Male,White,,,Pro-Life,,Irena,2/21/24,No,Yes,Texas,3/5/24,Representative,25,,11929,14.03%,Lost,N/A,N/A,N/A,No,N/A,N/A,N/A,N/A,No,N/A,N/A,N/A,N/A,N/A,
Vince Crabb,Male,White,,,Pro-Life,,Irena,2/21/24,No,Yes,Texas,3/5/24,Representative,25,,6738,7.93%,Lost,N/A,N/A,N/A,No,N/A,N/A,N/A,N/A,No,N/A,N/A,N/A,N/A,N/A,
Burt Thakur,Male,Asian (Indian),,,No mention,"Has issues on site, doesn't mention abortion ",Irena,2/21/24,No,No,Texas,3/5/24,Representative,26,,975,1.14%,Lost,N/A,N/A,N/A,No,N/A,No,N/A,N/A,N/A,No,N/A,No,N/A,N/A,
Brandon Gill,Male,White,,,Pro-Life,,Irena,2/21/24,No,No,Texas,3/5/24,Representative,26,,49876,58.37%,Won,N/A,N/A,N/A,Yes,12/2/23,Yes,N/A,N/A,N/A,Yes,N/A,No,N/A,N/A,
Doug Robison,Male,White,,,Pro-Life,,Irena,2/21/24,No,No,Texas,3/5/24,Representative,26,,2999,3.51%,Lost,N/A,N/A,N/A,No,N/A,No,N/A,N/A,N/A,No,N/A,No,N/A,N/A,
Jason Kergosien,Male,White,,,Other,did not use one of the defined terms,Irena,2/21/24,No,No,Texas,3/5/24,Representative,26,,366,0.43%,Lost,N/A,N/A,N/A,No,N/A,No,N/A,N/A,N/A,No,N/A,No,N/A,N/A,
Joel A. Krause,Male,White,,,N/A,no website,Irena,2/21/24,No,No,Texas,3/5/24,Representative,26,,1959,2.29%,Lost,N/A,N/A,N/A,No,N/A,No,N/A,N/A,N/A,No,N/A,No,N/A,N/A,
John Huffman,Male,White,,,Pro-Life,,Irena,2/21/24,No,No,Texas,3/5/24,Representative,26,,8559,10.02%,Lost,N/A,N/A,N/A,No,N/A,No,N/A,N/A,N/A,No,N/A,No,N/A,N/A,
Luisa Del Rosal,Female,hispanic (mexican),,,Pro-Life,,Irena,2/21/24,No,No,Texas,3/5/24,Representative,26,,3949,4.62%,Lost,N/A,N/A,N/A,No,N/A,No,N/A,N/A,N/A,No,N/A,Yes,N/A,N/A,
"Mark ""Big Rut"" Rutledge",Male,Black,,,N/A,no website,Irena,2/21/24,No,No,Texas,3/5/24,Representative,26,,2130,2.49%,Lost,N/A,N/A,N/A,No,N/A,No,N/A,N/A,N/A,No,N/A,No,N/A,N/A,
Neena Biswas,Female,Asian (Indian),,,Other,"""Value all life""",Irena,2/21/24,No,No,Texas,3/5/24,Representative,26,,1665,1.95%,Lost,N/A,N/A,N/A,No,N/A,No,N/A,N/A,N/A,No,N/A,No,N/A,N/A,
Scott Armey,Male,White,,,Pro-Life,"""protecting the right to life""",Irena,2/21/24,No,No,Texas,3/5/24,Representative,26,,12400,14.51%,Lost,N/A,N/A,N/A,No,N/A,No,N/A,N/A,N/A,No,N/A,No,N/A,N/A,
Vlad De Franceschi,Male,White,,,No mention,"Has issues on site, doesn't mention abortion ",Irena,2/21/24,No,No,Texas,3/5/24,Representative,26,,572,0.67%,Lost,N/A,N/A,N/A,No,N/A,No,N/A,N/A,N/A,No,N/A,No,N/A,N/A,
Chris Mapp,Male,White,,,N/A,no website,Irena,2/21/24,No,Yes,Texas,3/5/24,Representative,27,,3553,4.97%,Lost,N/A,N/A,N/A,N/A,N/A,N/A,N/A,N/A,No,N/A,N/A,N/A,N/A,N/A,
Michael Cloud,Male,White,,,Pro-Life,,Irena,2/21/24,Yes,No,Texas,3/5/24,Representative,27,H8TX27049,53304,74.57%,Won,N/A,N/A,N/A,N/A,N/A,N/A,N/A,N/A,Yes,N/A,N/A,N/A,N/A,N/A,
Luis A. Espindola,Male,hispanic,,,No mention,"Has issues on site, doesn't mention abortion ",Irena,2/21/24,No,Yes,Texas,3/5/24,Representative,27,,3838,5.37%,Lost,N/A,N/A,N/A,N/A,N/A,N/A,N/A,N/A,No,N/A,N/A,N/A,N/A,N/A,
Scott Mandel,Male,White,,,Pro-Life,,Irena,2/21/24,No,Yes,Texas,3/5/24,Representative,27,,10791,15.10%,Lost,N/A,N/A,N/A,N/A,N/A,N/A,N/A,N/A,No,N/A,N/A,N/A,N/A,N/A,
Jay Furman,Male,White,,,No mention,,Irena,2/21/24,No,No,Texas,3/5/24,Representative,28,,12036,44.84%,Made runoff,8297,65.29%,Won,N/A,N/A,N/A,N/A,N/A,N/A,N/A,N/A,N/A,N/A,N/A,
Jimmy León,Male,White,,,N/A,"No website, but he links to this page that says ""pro-life"" on his Twitter: https://vote-usa.org/Intro.aspx?State=TX&Id=TXLeonJimmyI",Irena,2/21/24,No,No,Texas,3/5/24,Representative,28,,2021,7.53%,Lost,N/A,N/A,N/A,N/A,N/A,N/A,N/A,N/A,N/A,N/A,N/A,N/A,N/A,N/A,
Jose Sanz,Male,hispanic,,,No mention,"Has issues on site, doesn't mention abortion ",Irena,2/21/24,No,No,Texas,3/5/24,Representative,28,,5502,20.50%,Lost,N/A,N/A,N/A,N/A,N/A,N/A,N/A,N/A,N/A,N/A,N/A,N/A,N/A,N/A,
Lazaro Garza Jr.,Male,hispanic,,,No mention,"Has issues on site, doesn't mention abortion ",Irena,2/21/24,No,No,Texas,3/5/24,Representative,28,,7283,27.13%,Made runoff,4410,34.71%,Lost,N/A,N/A,N/A,N/A,N/A,N/A,N/A,N/A,N/A,N/A,N/A,
Alan Garza,Male,hispanic (Mexican),,,No mention,"Has issues on site, doesn't mention abortion ",Irena,2/21/24,No,No,Texas,3/5/24,Representative,29,,2418,29.11%,Made runoff,421,53.77%,Won,N/A,N/A,N/A,N/A,N/A,N/A,N/A,N/A,N/A,N/A,N/A,
Angel Fierro,Female,hispanic,,,Pro-Life,,Irena,2/21/24,No,No,Texas,3/5/24,Representative,29,,1346,16.21%,Lost,N/A,N/A,N/A,N/A,N/A,N/A,N/A,N/A,N/A,N/A,N/A,N/A,N/A,N/A,
Christian V. Garcia,Male,hispanic,,,N/A,no website,Irena,2/21/24,No,No,Texas,3/5/24,Representative,29,,3716,44.74%,Made runoff,362,46.23%,Lost,N/A,N/A,N/A,N/A,N/A,N/A,N/A,N/A,N/A,N/A,N/A,
Jose Angel Casares,Male,hispanic,,,Pro-Life,,Irena,2/21/24,No,No,Texas,3/5/24,Representative,29,,825,9.93%,Lost,N/A,N/A,N/A,N/A,N/A,N/A,N/A,N/A,N/A,N/A,N/A,N/A,N/A,N/A,
Abhiram Garapati,Male,Asian,,,Pro-Life,,Irena,2/21/24,No,Yes,Texas,3/5/24,Representative,31,,6256,7.41%,Lost,N/A,N/A,N/A,No,N/A,N/A,N/A,N/A,No,N/A,N/A,N/A,N/A,N/A,
John Carter,Male,White,,,Pro-Life,,Irena,2/21/24,Yes,No,Texas,3/5/24,Representative,31,H2TX31044,55092,65.28%,Won,N/A,N/A,N/A,Yes,1/30/24,N/A,N/A,N/A,Yes,N/A,N/A,N/A,N/A,N/A,
Mike Williams,Male,White,,,N/A,no website,Irena,2/21/24,No,Yes,Texas,3/5/24,Representative,31,,9355,11.09%,Lost,N/A,N/A,N/A,No,N/A,N/A,N/A,N/A,No,N/A,N/A,N/A,N/A,N/A,
John Carnan Anderson,Male,White,,,Pro-Life,,Irena,2/21/24,No,Yes,Texas,3/5/24,Representative,31,,2732,3.24%,Lost,N/A,N/A,N/A,No,N/A,N/A,N/A,N/A,No,N/A,N/A,N/A,N/A,N/A,
Mack Latimer,Male,White,,,No mention,"Has issues on site, doesn't mention abortion ",Irena,2/21/24,No,Yes,Texas,3/5/24,Representative,31,,6593,7.81%,Lost,N/A,N/A,N/A,No,N/A,N/A,N/A,N/A,No,N/A,N/A,N/A,N/A,N/A,
William Abel,Male,White,,,No mention,"Has issues on site, doesn't mention abortion ",Irena,2/21/24,No,Yes,Texas,3/5/24,Representative,31,,4362,5.17%,Lost,N/A,N/A,N/A,No,N/A,N/A,N/A,N/A,No,N/A,N/A,N/A,N/A,N/A,
Darrell Day,Male,White,,,Pro-Life,,Irena,2/21/24,No,No,Texas,3/5/24,Representative,32,,9211,38.22%,Made runoff,3394,64.82%,Won,N/A,N/A,N/A,N/A,N/A,N/A,N/A,N/A,N/A,N/A,N/A,
David Blewett,Male,White,,,Pro-Life,believes in exceptions,Irena,2/21/24,No,No,Texas,3/5/24,Representative,32,,10706,44.42%,Made runoff,1842,35.18%,Lost,N/A,N/A,N/A,N/A,N/A,N/A,N/A,N/A,N/A,N/A,N/A,
"Gulrez ""Gus"" Khan",Male,Asian (Indian),,,Pro-Life,,Irena,2/21/24,No,No,Texas,3/5/24,Representative,32,,1787,7.41%,Lost,N/A,N/A,N/A,N/A,N/A,N/A,N/A,N/A,N/A,N/A,N/A,N/A,N/A,N/A,
Juan Feria,Male,hispanic,,,N/A,no website,Irena,2/21/24,No,No,Texas,3/5/24,Representative,32,,2397,9.95%,Lost,N/A,N/A,N/A,N/A,N/A,N/A,N/A,N/A,N/A,N/A,N/A,N/A,N/A,N/A,
Patrick David Gillespie,Male,White,,,Pro-Life,,Irena,2/21/24,No,No,Texas,3/5/24,Representative,33,,6144,61.58%,Won,N/A,N/A,N/A,N/A,N/A,N/A,N/A,N/A,N/A,N/A,N/A,N/A,N/A,N/A,
Kurt Schwab,Male,White,,,No mention,"Has issues on site, doesn't mention abortion ",Irena,2/21/24,No,No,Texas,3/5/24,Representative,33,,3833,38.42%,Lost,N/A,N/A,N/A,N/A,N/A,N/A,N/A,N/A,N/A,N/A,N/A,N/A,N/A,N/A,
Gregory Scott Kunkle Jr.,Male,hispanic,,,No mention,No issues page,Irena,2/21/24,No,No,Texas,3/5/24,Representative,34,,863,3.83%,Lost,N/A,N/A,N/A,No,N/A,N/A,N/A,N/A,N/A,No,N/A,No,N/A,N/A,
Mauro Garza,Male,hispanic,,,Pro-Life,,Irena,2/21/24,No,No,Texas,3/5/24,Representative,34,,1388,6.16%,Lost,N/A,N/A,N/A,No,N/A,N/A,N/A,N/A,N/A,No,N/A,No,N/A,N/A,
Laura Cisneros,Female,hispanic (mexican),,,No mention,"Has issues on site, doesn't mention abortion ",Irena,2/21/24,No,No,Texas,3/5/24,Representative,34,,1991,8.83%,Lost,N/A,N/A,N/A,No,N/A,N/A,N/A,N/A,N/A,No,N/A,No,N/A,N/A,
Mayra Flores,Female,hispanic (Mexican),,,No mention,"Has issues on site, doesn't mention abortion ",Irena,2/21/24,No,No,Texas,3/5/24,Representative,34,,18307,81.19%,Won,N/A,N/A,N/A,Yes,1/30/24,N/A,N/A,N/A,N/A,Yes,N/A,Yes,N/A,N/A,
Rod Lingsch,Male,White,,,No mention,"Has issues on site, doesn't mention abortion ",Irena,2/21/24,No,No,Texas,3/5/24,Representative,35,,1514,10.03%,Lost,N/A,N/A,N/A,N/A,N/A,N/A,N/A,N/A,N/A,N/A,N/A,N/A,N/A,N/A,
Brandon Craig Dunn,Male,White,,,No mention,"Has issues on site, doesn't mention abortion ",Irena,2/21/24,No,No,Texas,3/5/24,Representative,35,,2700,17.89%,Lost,N/A,N/A,N/A,N/A,N/A,N/A,N/A,N/A,N/A,N/A,N/A,N/A,N/A,N/A,
Dave Cuddy,Male,White,,,No mention,No issues page,Irena,2/21/24,No,No,Texas,3/5/24,Representative,35,,3079,20.40%,Lost,N/A,N/A,N/A,N/A,N/A,N/A,N/A,N/A,N/A,N/A,N/A,N/A,N/A,N/A,
Michael Rodriguez,Male,hispanic (Mexican),,,No mention,"Has issues on site, doesn't mention abortion ",Irena,2/21/24,No,No,Texas,3/5/24,Representative,35,,4085,27.07%,Made runoff,1077,49.88%,Lost,N/A,N/A,N/A,N/A,N/A,N/A,N/A,N/A,N/A,N/A,N/A,
Steven Wright,Male,White,,,No mention,"Has issues on site, doesn't mention abortion ",Irena,2/21/24,No,No,Texas,3/5/24,Representative,35,,3715,24.61%,Made runoff,1082,50.12%,Won,N/A,N/A,N/A,N/A,N/A,N/A,N/A,N/A,N/A,N/A,N/A,
Brian Babin,Male,White,,,Pro-Life,,Irena,2/21/24,Yes,No,Texas,3/5/24,Representative,36,H6TX02079,58635,81.34%,Won,N/A,N/A,N/A,Yes,1/30/24,N/A,N/A,N/A,Yes,N/A,N/A,N/A,N/A,N/A,
"Jonathan ""Pipeliner"" Mitchell",Male,White,,,Pro-Life,heartbeat,Irena,2/21/24,No,Yes,Texas,3/5/24,Representative,36,,13448,18.66%,Lost,N/A,N/A,N/A,No,N/A,N/A,N/A,N/A,No,N/A,N/A,N/A,N/A,N/A,
Jennifer Garcia Sharon,Female,hispanic (mexican),,,N/A,no website,Irena,2/21/24,No,No,Texas,3/5/24,Representative,37,,16304,100.00%,Won,N/A,N/A,N/A,N/A,N/A,N/A,N/A,N/A,N/A,N/A,N/A,N/A,N/A,N/A,
Wesley P. Hunt,Male,Black,,,Pro-Life,,Irena,2/21/24,Yes,No,Texas,3/5/24,Representative,38,H0TX07170,62340,100.00%,Won,N/A,N/A,N/A,Yes,1/30/24,N/A,N/A,N/A,Yes,N/A,N/A,N/A,N/A,N/A,
"Holland ""Redd"" Gibson",Male,Unknown,,,N/A,no website,Meredith,2/22/24,No,Yes,Texas,3/5/24,Senator,N/A,,134011,5.98%,Lost,N/A,N/A,N/A,N/A,N/A,No,N/A,N/A,No,N/A,N/A,N/A,N/A,N/A,
R E (Rufus) Lopez,Male,hispanic (Mexican),,,N/A,no website,Meredith,2/22/24,No,Yes,Texas,3/5/24,Senator,N/A,,127986,5.71%,Lost,N/A,N/A,N/A,N/A,N/A,No,N/A,N/A,No,N/A,N/A,N/A,N/A,N/A,
Ted Cruz,Male,hispanic (Cuban),,,Pro-Life,"""defending life""",Meredith,2/22/24,Yes,No,Texas,3/5/24,Senator,N/A,S2TX00312,1977961,88.30%,Won,N/A,N/A,N/A,N/A,N/A,Yes,N/A,N/A,Yes,N/A,N/A,N/A,N/A,N/A,
Trent Kelly,Male,White,,,No mention,No issues page,Meredith,2/22/24,Yes,No,Mississippi,3/12/24,Representative,1,H6MS01131,68842,100.00%,Won,N/A,N/A,N/A,Yes,3/2/24,N/A,N/A,N/A,Yes,N/A,N/A,N/A,N/A,N/A,
Andrew Scott Smith,Male,White,,,No mention,Has issues on site; doesn't mention abortion,Meredith,2/22/24,No,No,Mississippi,3/12/24,Representative,2,,11493,35.74%,Made runoff,1459,23.17%,Lost,N/A,N/A,N/A,N/A,N/A,N/A,N/A,N/A,N/A,N/A,N/A,
Ron Eller,Male,White,,,Pro-Life,"""I believe that the Mississippi Law that was upheld by the US Supreme Court, that abortion is to be done only to save the life of the mother, is a commonsense approach to abortion.""",Meredith,2/22/24,No,No,Mississippi,3/12/24,Representative,2,,14991,46.62%,Made runoff,4837,76.83%,Won,N/A,N/A,N/A,N/A,N/A,N/A,N/A,N/A,N/A,N/A,N/A,
Taylor Turcotte,Female,White,,,No mention,No issues page,Meredith,2/22/24,No,No,Mississippi,3/12/24,Representative,2,,5675,17.65%,Lost,N/A,N/A,N/A,N/A,N/A,N/A,N/A,N/A,N/A,N/A,N/A,N/A,N/A,N/A,
Michael Guest,Male,White,,,Pro-Life,No issues page on site,Meredith,2/22/24,Yes,No,Mississippi,3/12/24,Representative,3,H8MS03125,66559,100.00%,Won,N/A,N/A,N/A,Yes,3/2/24,N/A,N/A,N/A,Yes,N/A,N/A,N/A,N/A,N/A,
Carl Boyanton,Male,White,,,Other,,Meredith,2/22/24,No,Yes,Mississippi,3/12/24,Representative,4,,13432,18.93%,Lost,N/A,N/A,N/A,No,N/A,N/A,N/A,N/A,No,N/A,N/A,N/A,N/A,N/A,
Mike Ezell,Male,White,,,Pro-Life,,Meredith,2/22/24,Yes,No,Mississippi,3/12/24,Representative,4,H2MS04258,52028,73.33%,Won,N/A,N/A,N/A,Yes,3/2/24,N/A,N/A,N/A,Yes,N/A,N/A,N/A,N/A,N/A,
Michael McGill,Male,White,,,No mention,Has issues on campaign website; doesnt mention abortion,Meredith,2/22/24,No,Yes,Mississippi,3/12/24,Representative,4,,5493,7.74%,Lost,N/A,N/A,N/A,No,N/A,N/A,N/A,N/A,No,N/A,N/A,N/A,N/A,N/A,
Dan Eubanks,Male,White,,,Pro-Life,,Meredith,2/22/24,No,Yes,Mississippi,3/12/24,Senator,N/A,,34238,13.82%,Lost,N/A,N/A,N/A,No,N/A,N/A,N/A,N/A,No,N/A,N/A,N/A,N/A,N/A,
Ghannon Burton,Male,White,,,No mention,has issues on campaign website; doesnt mention abortion,Meredith,2/22/24,No,Yes,Mississippi,3/12/24,Senator,N/A,,61387,24.78%,Lost,N/A,N/A,N/A,No,N/A,N/A,N/A,N/A,No,N/A,N/A,N/A,N/A,N/A,
Roger F. Wicker,Male,White,,,No mention,No issues page on site,Meredith,2/22/24,Yes,No,Mississippi,3/12/24,Senator,N/A,S8MS00196,152086,61.40%,Won,N/A,N/A,N/A,Yes,2/29/24,N/A,N/A,N/A,Yes,N/A,N/A,N/A,N/A,N/A,
Montelle L. Gaji,Female,Black,,,N/A,no website,Meredith,3/12/24,No,No,Illinois,3/19/24,Representative,1,,3814,19.97%,Lost,N/A,N/A,N/A,N/A,N/A,N/A,N/A,N/A,N/A,N/A,N/A,N/A,N/A,N/A,
Marcus Lewis,Male,Black,,,Pro-Life,"""I AM PRO-LIFE WITH EXCEPTIONS FOR THE LIFE OF THE MOTHER, RAPE AND INCEST.""",Meredith,3/13/24,No,No,Illinois,3/19/24,Representative,1,,15282,80.03%,Won,N/A,N/A,N/A,N/A,N/A,N/A,N/A,N/A,N/A,N/A,N/A,N/A,N/A,N/A,
Ashley Ramos,Female,hispanic,,,Pro-Life,,Meredith,3/14/24,No,No,Illinois,3/19/24,Representative,2,,20527,100.00%,Won,N/A,N/A,N/A,N/A,N/A,N/A,N/A,N/A,N/A,N/A,N/A,N/A,N/A,N/A,
John Booras,Male,White ,,,No mention,has issues on campaign website; doesnt mention abortion,Meredith,3/14/24,No,No,Illinois,3/19/24,Representative,3,,15468,100.00%,Won,N/A,N/A,N/A,N/A,N/A,N/A,N/A,N/A,N/A,N/A,N/A,N/A,N/A,N/A,
Tommy Hanson,Male,White,,,Pro-Life,,Meredith,3/14/24,No,No,Illinois,3/19/24,Representative,5,,18841,100.00%,Won,N/A,N/A,N/A,N/A,N/A,N/A,N/A,N/A,N/A,N/A,N/A,N/A,N/A,N/A,
Niki Conforti,Female,Unknown,,,Pro-Life,,Meredith,3/14/24,No,No,Illinois,3/19/24,Representative,6,,30543,100.00%,Won,N/A,N/A,N/A,N/A,N/A,N/A,N/A,N/A,N/A,N/A,N/A,N/A,N/A,N/A,
Chad Koppie,Male,White,,,Pro-Life,"Click on the ""family"" section, and it says ""Protect and defend life."" Also has ""sanctity of life""",Meredith,3/14/24,No,No,Illinois,3/19/24,Representative,7,,5604,100.00%,Won,N/A,N/A,N/A,N/A,N/A,N/A,N/A,N/A,N/A,N/A,N/A,N/A,N/A,N/A,
Mark Rice,Male,White,,,No mention,has issues on campaign website; doesnt mention abortion,Meredith,3/14/24,No,No,Illinois,3/19/24,Representative,8,,24362,100.00%,Won,N/A,N/A,N/A,N/A,N/A,N/A,N/A,N/A,N/A,N/A,N/A,N/A,N/A,N/A,
Jim Carris,Male,White,,,No mention,"he's got a statement against the AL court ruling re: IVF, but doesn't mention abortion anywhere",Meredith,3/14/24,No,No,Illinois,3/19/24,Representative,10,,19771,100.00%,Won,N/A,N/A,N/A,N/A,N/A,N/A,N/A,N/A,N/A,N/A,N/A,N/A,N/A,N/A,
Jerry Evans,Male,White,,,No mention,has issues; no mention of abortion in issues page or bio,Meredith,3/14/24,No,No,Illinois,3/19/24,Representative,11,,17814,50.67%,Won,N/A,N/A,N/A,N/A,N/A,N/A,N/A,N/A,N/A,N/A,N/A,N/A,N/A,N/A,
Susan Hathaway-Altman,Female,White,,,No mention,"has issues, issues overview, and about. no mention of abortion anywhere",Meredith,3/14/24,No,No,Illinois,3/19/24,Representative,11,,13032,37.01%,Lost,N/A,N/A,N/A,N/A,N/A,N/A,N/A,N/A,N/A,N/A,N/A,N/A,N/A,N/A,
O Kent Mercado,Male,White,,,No mention,,Meredith,3/14/24,No,No,Illinois,3/19/24,Representative,11,,4312,12.26%,Lost,N/A,N/A,N/A,N/A,N/A,N/A,N/A,N/A,N/A,N/A,N/A,N/A,N/A,N/A,
Darren Bailey,Male,White,,,Pro-Life,,Meredith,3/14/24,No,Yes,Illinois,3/19/24,Representative,12,,46035,48.56%,Lost,N/A,N/A,N/A,No,N/A,N/A,N/A,N/A,No,N/A,N/A,N/A,N/A,N/A,
Mike Bost,Male,White,,,Pro-Life,,Meredith,3/14/24,Yes,No,Illinois,3/19/24,Representative,12,H4IL12060,48770,51.44%,Won,N/A,N/A,N/A,Yes,2/20/24,N/A,N/A,N/A,Yes,N/A,N/A,N/A,N/A,N/A,
Thomas Clatterbuck,Male,White,,,No mention,,Meredith,3/14/24,No,No,Illinois,3/19/24,Representative,13,,12320,44.07%,Lost,N/A,N/A,N/A,N/A,N/A,N/A,N/A,N/A,N/A,N/A,N/A,N/A,N/A,N/A,
Joshua Loyd,Male,White,,,No mention,,Meredith,3/14/24,No,No,Illinois,3/19/24,Representative,13,,15633,55.93%,Won,N/A,N/A,N/A,N/A,N/A,N/A,N/A,N/A,N/A,N/A,N/A,N/A,N/A,N/A,
Charlie Kim,Male,Asian (Korean),,,Other,"""reproductive rights for life and prenatal care""",Meredith,3/14/24,No,No,Illinois,3/19/24,Representative,14,,6571,20.92%,Lost,N/A,N/A,N/A,N/A,N/A,N/A,N/A,N/A,N/A,N/A,N/A,N/A,N/A,N/A,
"James T. ""Jim"" Marter",Male,White,,,Pro-Life,,Meredith,3/14/24,No,No,Illinois,3/19/24,Representative,14,,24828,79.04%,Won,N/A,N/A,N/A,N/A,N/A,N/A,N/A,N/A,N/A,N/A,N/A,N/A,N/A,N/A,
Mary Miller,Female,White,,,Pro-Life,,Meredith,3/14/24,Yes,No,Illinois,3/19/24,Representative,15,H0IL15129,65205,100.00%,Won,N/A,N/A,N/A,Yes,3/17/24,N/A,N/A,N/A,N/A,N/A,N/A,N/A,Yes,N/A,
Darin LaHood,Male,white,,,Pro-Life,,Meredith,3/14/24,Yes,No,Illinois,3/19/24,Representative,16,H6IL18088,59324,100.00%,Won,N/A,N/A,N/A,Yes,3/17/24,N/A,N/A,N/A,Yes,N/A,N/A,N/A,N/A,N/A,
Scott Alan Crowl,Male,white,,,No mention,has issues and about; no abortion mentioned,Meredith,3/14/24,No,No,Illinois,3/19/24,Representative,17,,9696,32.41%,Lost,N/A,N/A,N/A,N/A,N/A,N/A,N/A,N/A,N/A,N/A,N/A,N/A,N/A,N/A,
Joe McGraw,Male,white,,,No mention,,Meredith,3/14/24,No,No,Illinois,3/19/24,Representative,17,,20223,67.59%,Won,N/A,N/A,N/A,N/A,N/A,N/A,N/A,N/A,N/A,N/A,N/A,N/A,N/A,N/A,
Orlando Sonza,Male,hispanic,,,Pro-Life,,Irena,2/27/24,No,No,Ohio,3/19/24,Representative,1,,43554,100.00%,Won,N/A,N/A,N/A,N/A,N/A,N/A,Yes,N/A,N/A,N/A,N/A,N/A,N/A,N/A,
Niraj Antani,Male,Asian (Indian),,,Pro-Life,,Irena,2/27/24,No,No,Ohio,3/19/24,Representative,2,,1700,1.65%,Lost,N/A,N/A,N/A,N/A,N/A,N/A,N/A,N/A,N/A,N/A,N/A,N/A,N/A,N/A,
Kim Georgeton,Female,white,,,Pro-Life,,Irena,2/27/24,No,No,Ohio,3/19/24,Representative,2,,2311,2.24%,Lost,N/A,N/A,N/A,N/A,N/A,N/A,N/A,N/A,N/A,N/A,N/A,N/A,N/A,N/A,
Phil Heimlich,Male,white,,,No mention,"No issues on page, but in bio doesn't mention abortion terms",Irena,2/28/24,No,No,Ohio,3/19/24,Representative,2,,5080,4.93%,Lost,N/A,N/A,N/A,N/A,N/A,N/A,N/A,N/A,N/A,N/A,N/A,N/A,N/A,N/A,
Ron Hood,Male,white,,,Pro-Life,,Irena,2/28/24,No,No,Ohio,3/19/24,Representative,2,,9020,8.76%,Lost,N/A,N/A,N/A,N/A,N/A,N/A,N/A,N/A,N/A,N/A,N/A,N/A,N/A,N/A,
Tom Hwang,Male,Asian,,,N/A,no website,Irena,2/28/24,No,No,Ohio,3/19/24,Representative,2,,3202,3.11%,Lost,N/A,N/A,N/A,N/A,N/A,N/A,N/A,N/A,N/A,N/A,N/A,N/A,N/A,N/A,
Larry Kidd,Male,white,,,Pro-Life,,Irena,2/28/24,No,No,Ohio,3/19/24,Representative,2,,19583,19.01%,Lost,N/A,N/A,N/A,N/A,N/A,N/A,N/A,N/A,N/A,N/A,N/A,N/A,N/A,N/A,
Derek Myers,Male,white,,,No mention,"Has issues on site, doesn't mention abortion ",Irena,2/28/24,No,No,Ohio,3/19/24,Representative,2,,1565,1.52%,Lost,N/A,N/A,N/A,N/A,N/A,N/A,N/A,N/A,N/A,N/A,N/A,N/A,N/A,N/A,
Tim O'Hara,Male,white,,,No mention,"Has issues on site, doesn't mention abortion ",Irena,2/29/24,No,No,Ohio,3/19/24,Representative,2,,22626,21.97%,Lost,N/A,N/A,N/A,N/A,N/A,N/A,N/A,N/A,N/A,N/A,N/A,N/A,N/A,N/A,
Charles Tassell,Male,white,,,Pro-Life,Endorsed by Right to Life Action Coalition of Ohio (shown on homepage),Irena,2/29/24,No,No,Ohio,3/19/24,Representative,2,,1737,1.69%,Lost,N/A,N/A,N/A,N/A,N/A,N/A,N/A,N/A,N/A,N/A,N/A,N/A,N/A,N/A,
David J. Taylor,Male,white,,,Pro-Life,,Irena,3/8/24,No,No,Ohio,3/19/24,Representative,2,,26247,25.48%,Won,N/A,N/A,N/A,N/A,N/A,N/A,N/A,N/A,N/A,N/A,N/A,N/A,N/A,N/A,
Shane Wilkin,Male,white,,,Pro-Life,Endorsed by Ohio Right to Life (shown on homepage),Irena,3/8/24,No,No,Ohio,3/19/24,Representative,2,,9932,9.64%,Lost,N/A,N/A,N/A,N/A,N/A,N/A,N/A,N/A,N/A,N/A,N/A,N/A,N/A,N/A,
Michael Young,Male,white,,,N/A,no website,Irena,3/8/24,No,No,Ohio,3/19/24,Representative,3,,22066,100.00%,Won,N/A,N/A,N/A,N/A,N/A,N/A,N/A,N/A,N/A,N/A,N/A,N/A,N/A,N/A,
Jim Jordan,Male,white,,,Pro-Life,,Irena,3/8/24,Yes,No,Ohio,3/19/24,Representative,4,H6OH04082,94294,100.00%,Won,N/A,N/A,N/A,Yes,3/17/24,N/A,N/A,N/A,Yes,N/A,N/A,N/A,N/A,N/A,
Bob Latta,Male,white,,,Pro-Life,,Irena,3/8/24,Yes,No,Ohio,3/19/24,Representative,5,H8OH05036,70077,82.88%,Won,N/A,N/A,N/A,Yes,3/17/24,N/A,N/A,N/A,Yes,N/A,N/A,N/A,N/A,N/A,
Robert L. Owsiak Jr.,Male,white,,,N/A,no website,Irena,3/8/24,No,Yes,Ohio,3/19/24,Representative,5,,14478,17.12%,Lost,N/A,N/A,N/A,N/A,N/A,N/A,N/A,N/A,No,N/A,N/A,N/A,N/A,N/A,
Michael A. Rulli,Male,white,,,No mention,nothing on issues/about page but he has OH right to life on his endorsements page,Irena,3/8/24,No,No,Ohio,3/19/24,Representative,6,,43857,49.54%,Won,N/A,N/A,N/A,N/A,N/A,N/A,N/A,N/A,N/A,N/A,N/A,N/A,N/A,N/A,
Reggie Stoltzfus,Male,white,,,Pro-Life,,Irena,3/8/24,No,No,Ohio,3/19/24,Representative,6,,36033,40.70%,Lost,N/A,N/A,N/A,N/A,N/A,N/A,N/A,N/A,N/A,N/A,N/A,N/A,N/A,N/A,
Rick Tsai,Male,Asian (Chinese),,,N/A,no website,Irena,3/8/24,No,No,Ohio,3/19/24,Representative,6,,8641,9.76%,Lost,N/A,N/A,N/A,N/A,N/A,N/A,N/A,N/A,N/A,N/A,N/A,N/A,N/A,N/A,
Max Miller,Male,white,,,No mention,"No issues on page, but in bio doesn't mention abortion terms",Irena,3/8/24,Yes,No,Ohio,3/19/24,Representative,7,H2OH16051,62075,100.00%,Won,N/A,N/A,N/A,Yes,3/17/24,N/A,N/A,N/A,Yes,N/A,N/A,N/A,N/A,N/A,
Warren Davidson,Male,white,,,Pro-Life,,Irena,3/8/24,Yes,No,Ohio,3/19/24,Representative,8,H6OH08315,59712,79.99%,Won,N/A,N/A,N/A,N/A,N/A,N/A,N/A,N/A,N/A,N/A,N/A,N/A,N/A,N/A,
Kay Rogers,Female,white,,,No mention,"Has issues on site, doesn't mention abortion ",Irena,3/8/24,No,Yes,Ohio,3/19/24,Representative,8,,14933,20.01%,Lost,N/A,N/A,N/A,N/A,N/A,N/A,N/A,N/A,N/A,N/A,N/A,N/A,N/A,N/A,
Steve Lankenau,Male,white,,,No mention,"Has issues on site, doesn't mention abortion ",Irena,3/8/24,No,No,Ohio,3/19/24,Representative,9,,6946,13.19%,Lost,N/A,N/A,N/A,No,N/A,N/A,No,N/A,N/A,N/A,N/A,N/A,N/A,N/A,
Derek Merrin,Male,white,,,Other,"Heartbeat Bill, but doesn't use phrases outlined",Irena,3/8/24,No,No,Ohio,3/19/24,Representative,9,,27632,52.48%,Won,N/A,N/A,N/A,Yes,3/18/24,N/A,No,N/A,N/A,N/A,N/A,N/A,N/A,N/A,
Craig S. Riedel,Male,white,,,Pro-Life,,Irena,3/8/24,No,No,Ohio,3/19/24,Representative,9,,18072,34.32%,Lost,N/A,N/A,N/A,No,N/A,N/A,Yes,N/A,N/A,N/A,N/A,N/A,N/A,N/A,
Mike Turner,Male,white,,,Pro-Life,,Irena,3/8/24,Yes,No,Ohio,3/19/24,Representative,10,H2OH03067,61941,100.00%,Won,N/A,N/A,N/A,Yes,3/17/24,N/A,N/A,N/A,Yes,N/A,N/A,N/A,N/A,N/A,
James Hemphill,Male,black,,,No mention,"Has issues on site, doesn't mention abortion ",Irena,3/8/24,No,No,Ohio,3/19/24,Representative,11,,3350,22.70%,Lost,N/A,N/A,N/A,N/A,N/A,N/A,N/A,N/A,N/A,N/A,N/A,N/A,N/A,N/A,
Alan Rapoport,Male,white,,,Other,states rights,Irena,3/8/24,No,No,Ohio,3/19/24,Representative,11,,8385,56.81%,Won,N/A,N/A,N/A,N/A,N/A,N/A,N/A,N/A,N/A,N/A,N/A,N/A,N/A,N/A,
Landry M. Simmons Jr.,Male,black,,,Pro-Life,,Irena,3/8/24,No,No,Ohio,3/19/24,Representative,11,,3024,20.49%,Lost,N/A,N/A,N/A,N/A,N/A,N/A,N/A,N/A,N/A,N/A,N/A,N/A,N/A,N/A,
Troy Balderson,Male,white,,,No mention,"Has issues on site, doesn't mention abortion ",Irena,3/8/24,Yes,No,Ohio,3/19/24,Representative,12,H8OH12180,81263,100.00%,Won,N/A,N/A,N/A,Yes,3/17/24,N/A,N/A,N/A,Yes,N/A,N/A,N/A,N/A,N/A,
Chris Banweg,Male,white,,,No mention,"Has issues on site, doesn't mention abortion ",Irena,3/8/24,No,No,Ohio,3/19/24,Representative,13,,16703,27.57%,Lost,N/A,N/A,N/A,N/A,N/A,N/A,N/A,N/A,N/A,N/A,N/A,N/A,N/A,N/A,
Kevin Coughlin,Male,white,,,No mention,"Has issues on site, doesn't mention abortion ",Irena,3/8/24,No,No,Ohio,3/19/24,Representative,13,,39378,65.00%,Won,N/A,N/A,N/A,N/A,N/A,N/A,N/A,N/A,N/A,N/A,N/A,N/A,N/A,N/A,
Richard A. Morckel,Male,white,,,No mention,"Has issues on site, doesn't mention abortion ",Irena,3/8/24,No,No,Ohio,3/19/24,Representative,13,,4496,7.42%,Lost,N/A,N/A,N/A,N/A,N/A,N/A,N/A,N/A,N/A,N/A,N/A,N/A,N/A,N/A,
Elayne J. Cross,Female,white,,,Pro-Life,,Irena,3/8/24,No,Yes,Ohio,3/19/24,Representative,14,,10562,13.10%,Lost,N/A,N/A,N/A,N/A,N/A,N/A,N/A,N/A,No,N/A,N/A,N/A,N/A,N/A,
David P. Joyce,Male,white,,,No mention,"No issues on page, but in bio doesn't mention abortion terms",Irena,3/8/24,Yes,No,Ohio,3/19/24,Representative,14,H2OH14064,61785,76.65%,Won,N/A,N/A,N/A,N/A,N/A,N/A,N/A,N/A,Yes,N/A,N/A,N/A,N/A,N/A,
Ken Polke,Male,white,,,N/A,no website,Irena,3/8/24,No,Yes,Ohio,3/19/24,Representative,14,,8257,10.24%,Lost,N/A,N/A,N/A,N/A,N/A,N/A,N/A,N/A,No,N/A,N/A,N/A,N/A,N/A,
Mike Carey,Male,white,,,No mention,"Has issues on site, doesn't mention abortion ",Irena,3/8/24,Yes,No,Ohio,3/19/24,Representative,15,H2OH15228,51073,100.00%,Won,N/A,N/A,N/A,Yes,3/17/24,N/A,N/A,N/A,Yes,N/A,N/A,N/A,N/A,N/A,
Matt Dolan,Male,white,,,Pro-Life,,Irena,3/8/24,No,No,Ohio,3/19/24,Senator,N/A,,363013,32.86%,Lost,N/A,N/A,N/A,No,N/A,No,N/A,N/A,N/A,N/A,N/A,N/A,N/A,N/A,
Frank LaRose,Male,white,,,Pro-Life,,Irena,3/8/24,No,No,Ohio,3/19/24,Senator,N/A,,184111,16.67%,Lost,N/A,N/A,N/A,No,N/A,No,N/A,N/A,N/A,N/A,N/A,N/A,N/A,N/A,
Bernie Moreno,Male,white,,,Pro-Life,,Irena,3/8/24,No,No,Ohio,3/19/24,Senator,N/A,,557626,50.48%,Won,N/A,N/A,N/A,Yes,12/19/23,Yes,N/A,N/A,N/A,N/A,N/A,N/A,N/A,N/A,
Brian Fitzpatrick,Male,white,,,No mention,"Has issues on site, no mention of abortion",Irena,4/11/24,Yes,No,Pennsylvania,4/23/24,Representative,1,H6PA08277,45052,61.52%,Won,N/A,N/A,N/A,N/A,N/A,N/A,N/A,N/A,Yes,N/A,N/A,N/A,N/A,N/A,
Mark Houck,Male,white,,,Pro-Life,"""I will always support life"". Although this doesn't count for the methodology, his Important Links page lists many articles that refer to him as ""pro-life""",Irena,4/11/24,No,Yes,Pennsylvania,4/23/24,Representative,1,,28180,38.48%,Lost,N/A,N/A,N/A,N/A,N/A,N/A,N/A,N/A,No,N/A,N/A,N/A,N/A,N/A,
Aaron Bashir,Male,asian (Pakistani),,,Pro-Life,,Irena,4/11/24,No,No,Pennsylvania,4/23/24,Representative,2,,9748,100.00%,Won,N/A,N/A,N/A,N/A,N/A,N/A,N/A,N/A,N/A,N/A,N/A,N/A,N/A,N/A,
David Winkler,Male,white,,,Other,,Irena,4/11/24,No,No,Pennsylvania,4/23/24,Representative,4,,43625,100.00%,Won,N/A,N/A,N/A,N/A,N/A,N/A,N/A,N/A,N/A,N/A,N/A,N/A,N/A,N/A,
Alfeia Goodwin,Female,black,,,No mention,website has no content,Irena,4/11/24,No,No,Pennsylvania,4/23/24,Representative,5,,37361,100.00%,Won,N/A,N/A,N/A,N/A,N/A,N/A,N/A,N/A,N/A,N/A,N/A,N/A,N/A,N/A,
Neil Young,Male,White,,,No mention,"Has issues on site, no mention of abortion",Irena,4/11/24,No,No,Pennsylvania,4/23/24,Representative,6,,45072,100.00%,Won,N/A,N/A,N/A,N/A,N/A,N/A,N/A,N/A,N/A,N/A,N/A,N/A,N/A,N/A,
Kevin Dellicker,Male,white,,,Pro-Life,,Irena,4/11/24,No,No,Pennsylvania,4/23/24,Representative,7,,18835,34.03%,Lost,N/A,N/A,N/A,N/A,N/A,N/A,No,N/A,N/A,N/A,N/A,N/A,N/A,N/A,
Ryan E. Mackenzie,Male,white,,,Pro-Life,,Irena,4/11/24,No,No,Pennsylvania,4/23/24,Representative,7,,23557,42.56%,Won,N/A,N/A,N/A,N/A,N/A,N/A,Yes,N/A,N/A,N/A,N/A,N/A,N/A,N/A,
Maria Montero,Female,hispanic,,,Pro-Life,,Irena,4/11/24,No,No,Pennsylvania,4/23/24,Representative,7,,12952,23.40%,Lost,N/A,N/A,N/A,N/A,N/A,N/A,No,N/A,N/A,N/A,N/A,N/A,N/A,N/A,
Rob Bresnahan Jr.,Male,white,,,No mention,"No issues on page, but in bio doesn't mention abortion terms",Irena,4/11/24,No,No,Pennsylvania,4/23/24,Representative,8,,42365,100.00%,Won,N/A,N/A,N/A,Yes,4/13/24,N/A,Yes,N/A,N/A,N/A,N/A,N/A,N/A,N/A,
Dan Meuser,Male,white,,,No mention,"No issues on page, but in bio doesn't mention abortion terms",Irena,4/11/24,Yes,No,Pennsylvania,4/23/24,Representative,9,H8PA10147,77943,100.00%,Won,N/A,N/A,N/A,Yes,4/13/24,N/A,N/A,N/A,Yes,N/A,N/A,N/A,N/A,N/A,
Scott Perry,Male,white,,,Pro-Life,,Irena,4/11/24,Yes,No,Pennsylvania,4/23/24,Representative,10,H2PA04135,61596,100.00%,Won,N/A,N/A,N/A,Yes,4/13/24,N/A,N/A,N/A,Yes,N/A,N/A,N/A,N/A,N/A,
Lloyd K. Smucker,Male,white,,,Pro-Life,,Irena,4/11/24,Yes,No,Pennsylvania,4/23/24,Representative,11,H6PA16320,68039,100.00%,Won,N/A,N/A,N/A,Yes,4/13/24,N/A,N/A,N/A,Yes,N/A,N/A,N/A,N/A,N/A,
James Hayes,Male,black,,,No mention,"Has issues on site, no mention of abortion",Irena,4/11/24,No,No,Pennsylvania,4/23/24,Representative,12,,34759,100.00%,Won,N/A,N/A,N/A,N/A,N/A,N/A,N/A,N/A,N/A,N/A,N/A,N/A,N/A,N/A,
John Joyce,Male,white,,,No mention,"No issues on page, but in bio doesn't mention abortion terms",Irena,4/11/24,Yes,No,Pennsylvania,4/23/24,Representative,13,H8PA13125,82675,100.00%,Won,N/A,N/A,N/A,Yes,4/13/24,N/A,N/A,N/A,N/A,N/A,N/A,N/A,N/A,N/A,
Guy Reschenthaler,Male,white,,,No mention,"Has issues on site, no mention of abortion",Irena,4/11/24,Yes,No,Pennsylvania,4/23/24,Representative,14,H8PA18199,63162,100.00%,Won,N/A,N/A,N/A,Yes,4/13/24,N/A,N/A,N/A,Yes,N/A,N/A,N/A,N/A,N/A,
Glenn GT Thompson,Male,white,,,No mention,"No issues on page, but in bio doesn't mention abortion terms",Irena,4/11/24,Yes,No,Pennsylvania,4/23/24,Representative,15,H8PA05071,75645,100.00%,Won,N/A,N/A,N/A,Yes,4/13/24,N/A,N/A,N/A,Yes,N/A,N/A,N/A,N/A,N/A,
Mike Kelly,Male,white,,,No mention,"Has issues on site, no mention of abortion",Irena,4/11/24,Yes,No,Pennsylvania,4/23/24,Representative,16,H0PA03271,60255,100.00%,Won,N/A,N/A,N/A,Yes,4/13/24,N/A,N/A,N/A,Yes,N/A,N/A,N/A,N/A,N/A,
Rob Mercuri,Male,white,,,No mention,"Has issues on site, no mention of abortion",Irena,4/11/24,No,No,Pennsylvania,4/23/24,Representative,17,,46974,100.00%,Won,N/A,N/A,N/A,N/A,N/A,N/A,Yes,N/A,N/A,N/A,N/A,N/A,N/A,N/A,
Dave McCormick,Male,white,,,Pro-Life,,Irena,4/11/24,No,No,Pennsylvania,4/23/24,Senator,N/A,,878320,100.00%,Won,N/A,N/A,N/A,Yes,4/13/24,N/A,Yes,N/A,N/A,N/A,N/A,N/A,N/A,N/A,
Mark Leyva,Male,hispanic,,,Pro-Life,PROTECT THE UNBORN,Meredith ,4/22/24,No,No,Indiana,5/7/24,Representative,1,,7509,24.76%,Lost,N/A,N/A,N/A,N/A,N/A,N/A,N/A,N/A,N/A,N/A,N/A,N/A,N/A,N/A,
Randy Niemeyer,Male,white,,,No mention,"No issues on page, but in bio doesn't mention abortion terms",Meredith ,4/22/24,No,No,Indiana,5/7/24,Representative,1,,18449,60.84%,Won,N/A,N/A,N/A,N/A,N/A,N/A,N/A,N/A,N/A,N/A,N/A,N/A,N/A,N/A,
Ben Ruiz,Male,hispanic,,,No mention,"Has issues on site, no mention of abortion",Meredith ,4/22/24,No,No,Indiana,5/7/24,Representative,1,,4367,14.40%,Lost,N/A,N/A,N/A,N/A,N/A,N/A,N/A,N/A,N/A,N/A,N/A,N/A,N/A,N/A,
Rudy Yakym,Male,white,,,No mention,"No issues on page, but in bio doesn't mention abortion terms",Meredith ,4/22/24,Yes,No,Indiana,5/7/24,Representative,2,H2IN02295,50799,100.00%,Won,N/A,N/A,N/A,N/A,N/A,N/A,N/A,N/A,Yes,N/A,N/A,N/A,N/A,N/A,
Grant Bucher,Male,white,,,Pro-Life,,Meredith ,4/22/24,No,No,Indiana,5/7/24,Representative,3,,8259,10.27%,Lost,N/A,N/A,N/A,N/A,N/A,N/A,N/A,N/A,N/A,No,N/A,No,N/A,No,
Wendy Davis,Female,white,,,Pro-Life,,Meredith ,4/22/24,No,No,Indiana,5/7/24,Representative,3,,15660,19.46%,Lost,N/A,N/A,N/A,N/A,N/A,N/A,N/A,N/A,N/A,Yes,N/A,Yes,N/A,Yes,
Mike Felker,Male,white,,,No mention,"Has issues on site, no mention of abortion",Meredith ,4/22/24,No,No,Indiana,5/7/24,Representative,3,,1417,1.76%,Lost,N/A,N/A,N/A,N/A,N/A,N/A,N/A,N/A,N/A,No,N/A,No,N/A,No,
Jon Kenworthy,Male,white,,,Pro-Life,,Meredith ,4/22/24,No,No,Indiana,5/7/24,Representative,3,,3064,3.81%,Lost,N/A,N/A,N/A,N/A,N/A,N/A,N/A,N/A,N/A,No,N/A,No,N/A,No,
Tim Smith,Male,white,,,Pro-Life,,Meredith ,4/22/24,No,No,Indiana,5/7/24,Representative,3,,18204,22.63%,Lost,N/A,N/A,N/A,N/A,N/A,N/A,N/A,N/A,N/A,No,N/A,No,N/A,No,
Marlin A. Stutzman,Male,white,,,Pro-Life,,Meredith ,4/22/24,No,No,Indiana,5/7/24,Representative,3,,19507,24.25%,Won,N/A,N/A,N/A,N/A,N/A,N/A,N/A,N/A,N/A,Yes,N/A,No,N/A,No,
Eric Whalen,Male,white,,,No mention,"No issues on page, but in bio doesn't mention abortion terms",Meredith ,4/22/24,No,No,Indiana,5/7/24,Representative,3,,1189,1.48%,Lost,N/A,N/A,N/A,N/A,N/A,N/A,N/A,N/A,N/A,No,N/A,No,N/A,No,
Andy Zay,Male,white,,,Pro-Life,,Meredith ,4/22/24,No,No,Indiana,5/7/24,Representative,3,,13157,16.35%,Lost,N/A,N/A,N/A,N/A,N/A,N/A,N/A,N/A,N/A,No,N/A,No,N/A,No,
Jim Baird,Male,white,,,Pro-Life,"His homepage says ""I’m the only candidate with a proven track record of being pro-life, pro-Israel, and supporter of the Second Amendment""",Meredith ,4/22/24,Yes,No,Indiana,5/7/24,Representative,4,H8IN04199,48723,64.72%,Won,N/A,N/A,N/A,Yes,4/30/24,N/A,N/A,N/A,Yes,N/A,N/A,N/A,N/A,N/A,
Charles Bookwalter,Male,white,,,No mention,"Has issues on site, no mention of abortion",Meredith ,4/22/24,No,Yes,Indiana,5/7/24,Representative,4,,20505,27.24%,Lost,N/A,N/A,N/A,No,N/A,N/A,N/A,N/A,No,N/A,N/A,N/A,N/A,N/A,
John P. Piper,Male,white,,,N/A,No campaign website,Meredith ,4/22/24,No,Yes,Indiana,5/7/24,Representative,4,,6052,8.04%,Lost,N/A,N/A,N/A,No,N/A,N/A,N/A,N/A,No,N/A,N/A,N/A,N/A,N/A,
Raju Chinthala,Male,Asian (Indian),,,Pro-Life,,Meredith ,4/27/24,No,Yes,Indiana,5/7/24,Representative,5,,5742,7.09%,Lost,N/A,N/A,N/A,N/A,N/A,N/A,No,N/A,No,No,N/A,No,N/A,N/A,
Max Engling,Male,white,,,Pro-Life,,Meredith ,4/27/24,No,Yes,Indiana,5/7/24,Representative,5,,7841,9.68%,Lost,N/A,N/A,N/A,N/A,N/A,N/A,No,N/A,No,No,N/A,No,N/A,N/A,
Chuck Goodrich,Male,white,,,No mention,"No issues on page, but in bio doesn't mention abortion terms",Meredith ,4/27/24,No,Yes,Indiana,5/7/24,Representative,5,,26865,33.15%,Lost,N/A,N/A,N/A,N/A,N/A,N/A,Yes,N/A,No,No,N/A,No,N/A,N/A,
Mark Hurt,Male,white,,,Pro-Life,,Meredith ,4/27/24,No,Yes,Indiana,5/7/24,Representative,5,,4431,5.47%,Lost,N/A,N/A,N/A,N/A,N/A,N/A,No,N/A,No,No,N/A,No,N/A,N/A,
Patrick Malayter,Male,white,,,No mention,"Has issues on site, no mention of abortion, or in ""about""",Meredith ,4/27/24,No,Yes,Indiana,5/7/24,Representative,5,,800,0.99%,Lost,N/A,N/A,N/A,N/A,N/A,N/A,No,N/A,No,No,N/A,No,N/A,N/A,
Matthew Peiffer,Male,white,,,N/A,No campaign website,Meredith ,4/27/24,No,Yes,Indiana,5/7/24,Representative,5,,1379,1.70%,Lost,N/A,N/A,N/A,N/A,N/A,N/A,No,N/A,No,No,N/A,No,N/A,N/A,
LD Powell,Male,white,,,Pro-Life,,Meredith ,4/27/24,No,Yes,Indiana,5/7/24,Representative,5,,729,0.90%,Lost,N/A,N/A,N/A,N/A,N/A,N/A,No,N/A,No,No,N/A,No,N/A,N/A,
Larry L. Savage Jr.,Male,white,,,N/A,No campaign website,Meredith ,4/27/24,No,Yes,Indiana,5/7/24,Representative,5,,1569,1.94%,Lost,N/A,N/A,N/A,N/A,N/A,N/A,No,N/A,No,No,N/A,No,N/A,N/A,
Victoria Spartz,Female,white,,,No mention,"Has issues on site, no mention of abortion, or in ""about""",Meredith ,4/27/24,Yes,No,Indiana,5/7/24,Representative,5,H0IN05326,31674,39.09%,Won,N/A,N/A,N/A,N/A,N/A,N/A,No,N/A,Yes,Yes,N/A,Yes,N/A,N/A,
Jamison Carrier,Male,white,,,Pro-Life,,Irena,5/2/24,No,No,Indiana,5/7/24,Representative,6,,14386,20.15%,Lost,N/A,N/A,N/A,N/A,N/A,N/A,No,N/A,N/A,No,N/A,N/A,N/A,N/A,
Darin Childress,Male,Unknown,,,N/A,no campaign website,Irena,5/2/24,No,No,Indiana,5/7/24,Representative,6,,1737,2.43%,Lost,N/A,N/A,N/A,N/A,N/A,N/A,No,N/A,N/A,No,N/A,N/A,N/A,N/A,
Bill Frazier,Male,white,,,Pro-Life,"""right to life""",Irena,5/2/24,No,No,Indiana,5/7/24,Representative,6,,7110,9.96%,Lost,N/A,N/A,N/A,N/A,N/A,N/A,No,N/A,N/A,No,N/A,N/A,N/A,N/A,
John Jacob,Male,white,,,Pro-Life,,Irena,5/2/24,No,No,Indiana,5/7/24,Representative,6,,5793,8.11%,Lost,N/A,N/A,N/A,N/A,N/A,N/A,No,N/A,N/A,No,N/A,N/A,N/A,N/A,
Jeff Raatz,Male,white,,,Pro-Life,"""sanctity of life""",Irena,5/2/24,No,No,Indiana,5/7/24,Representative,6,,6365,8.91%,Lost,N/A,N/A,N/A,N/A,N/A,N/A,No,N/A,N/A,No,N/A,N/A,N/A,N/A,
Jefferson Shreve,Male,white,,,Pro-Life,,Irena,5/2/24,No,No,Indiana,5/7/24,Representative,6,,20265,28.38%,Won,N/A,N/A,N/A,N/A,N/A,N/A,No,N/A,N/A,No,N/A,N/A,N/A,N/A,
Mike Speedy,Male,white,,,No mention,"Has issues on site, no mention of abortion, or in ""about""",Irena,5/2/24,No,No,Indiana,5/7/24,Representative,6,,15752,22.06%,Lost,N/A,N/A,N/A,N/A,N/A,N/A,Yes,N/A,N/A,Yes,N/A,N/A,N/A,N/A,
Philip N. Davis,Male,white,,,N/A,no website,Irena,5/2/24,No,No,Indiana,5/7/24,Representative,7,,6364,25.75%,Lost,N/A,N/A,N/A,N/A,N/A,N/A,N/A,N/A,N/A,N/A,N/A,N/A,N/A,N/A,
Catherine (Cat) Ping,Female,white,,,N/A,no website,Irena,5/2/24,No,No,Indiana,5/7/24,Representative,7,,7390,29.90%,Lost,N/A,N/A,N/A,N/A,N/A,N/A,N/A,N/A,N/A,N/A,N/A,N/A,N/A,N/A,
Gabe (Honest Gabe) Whitley,Male,hispanic,,,Other,,Irena,5/2/24,No,No,Indiana,5/7/24,Representative,7,,3249,13.14%,Lost,N/A,N/A,N/A,N/A,N/A,N/A,N/A,N/A,N/A,N/A,N/A,N/A,N/A,N/A,
Jennifer (Jenn) Pace,Female,white,,,N/A,no website,Irena,5/2/24,No,No,Indiana,5/7/24,Representative,7,,7716,31.21%,Won,N/A,N/A,N/A,N/A,N/A,N/A,N/A,N/A,N/A,N/A,N/A,N/A,N/A,N/A,
Jim (JustIN) Case,Male,white,,,No mention,his entire website is just a link to winred,Irena,5/2/24,No,No,Indiana,5/7/24,Representative,8,,2107,2.65%,Lost,N/A,N/A,N/A,N/A,N/A,N/A,N/A,N/A,No,No,N/A,N/A,N/A,N/A,
Jeremy L. Heath,Male,white,,,N/A,no website,Irena,5/2/24,No,No,Indiana,5/7/24,Representative,8,,944,1.19%,Lost,N/A,N/A,N/A,N/A,N/A,N/A,N/A,N/A,No,No,N/A,N/A,N/A,N/A,
John N. Hostettler,Male,white,,,No mention,No issues on site,Irena,5/2/24,No,No,Indiana,5/7/24,Representative,8,,15649,19.65%,Lost,N/A,N/A,N/A,N/A,N/A,N/A,N/A,N/A,No,No,N/A,N/A,N/A,N/A,
Dominick Jack Kavanaugh,Male,white,,,No mention,"No issues on page, but in bio doesn't mention abortion terms",Irena,5/2/24,No,No,Indiana,5/7/24,Representative,8,,9397,11.80%,Lost,N/A,N/A,N/A,N/A,N/A,N/A,N/A,N/A,No,No,N/A,N/A,N/A,N/A,
Mark Messmer,Male,white,,,Pro-Life,,Irena,5/2/24,No,No,Indiana,5/7/24,Representative,8,,30668,38.51%,Won,N/A,N/A,N/A,N/A,N/A,N/A,N/A,N/A,Yes,Yes,N/A,N/A,N/A,N/A,
Luke A. Misner,Male,white,,,N/A,no website,Irena,5/2/24,No,No,Indiana,5/7/24,Representative,8,,2287,2.87%,Lost,N/A,N/A,N/A,N/A,N/A,N/A,N/A,N/A,No,No,N/A,N/A,N/A,N/A,
Richard Moss,Male,white,,,No mention,"Has issues on site, no mention of abortion, or in ""about""",Irena,5/2/24,No,No,Indiana,5/7/24,Representative,8,,11227,14.10%,Lost,N/A,N/A,N/A,N/A,N/A,N/A,N/A,N/A,No,No,N/A,N/A,N/A,N/A,
Kristi Risk,Female,white,,,Pro-Life,,Irena,5/2/24,No,No,Indiana,5/7/24,Representative,8,,7350,9.23%,Lost,N/A,N/A,N/A,N/A,N/A,N/A,N/A,N/A,No,No,N/A,N/A,N/A,N/A,
Hugh Doty,Male,white,,,No mention,"Has issues on site, no mention of abortion, or in ""about""",Irena,5/2/24,No,Yes,Indiana,5/7/24,Representative,9,,13983,20.19%,Lost,N/A,N/A,N/A,No,N/A,N/A,N/A,N/A,No,N/A,N/A,No,No,N/A,
Erin Houchin,Female,white,,,Pro-Life,,Irena,5/2/24,Yes,No,Indiana,5/7/24,Representative,9,H6IN09143,55278,79.81%,Won,N/A,N/A,N/A,Yes,4/30/24,N/A,N/A,N/A,Yes,N/A,N/A,Yes,Yes,N/A,
Jim Banks,Male,white,,,Pro-Life,,Irena,5/2/24,No,No,Indiana,5/7/24,Senator,N/A,,475729,100.00%,Won,N/A,N/A,N/A,Yes,2/1/23,Yes,N/A,Yes,N/A,Yes,N/A,N/A,N/A,N/A,
Mike Braun,Male,white,,,Pro-Life,,Irena,5/2/24,No,No,Indiana,5/7/24,Governor,N/A,,237125,39.55%,Won,N/A,N/A,N/A,Yes,11/1/23,Yes,N/A,N/A,N/A,N/A,N/A,N/A,N/A,N/A,
Brad Chambers,Male,white,,,No mention,"Has issues on site, no mention of abortion, or in ""about""",Irena,5/2/24,No,No,Indiana,5/7/24,Governor,N/A,,104723,17.46%,Lost,N/A,N/A,N/A,No,N/A,No,N/A,N/A,N/A,N/A,N/A,N/A,N/A,N/A,
Suzanne Crouch,Female,white,,,No mention,"Has issues on site, no mention of abortion, or in ""about""",Irena,5/2/24,No,No,Indiana,5/7/24,Governor,N/A,,130219,21.72%,Lost,N/A,N/A,N/A,No,N/A,No,N/A,N/A,N/A,N/A,N/A,N/A,N/A,N/A,
Eric Doden,Male,white,,,Pro-Life,,Irena,5/2/24,No,No,Indiana,5/7/24,Governor,N/A,,71031,11.85%,Lost,N/A,N/A,N/A,No,N/A,No,N/A,N/A,N/A,N/A,N/A,N/A,N/A,N/A,
Curtis Hill,Male,Black,,,Pro-Life,,Irena,5/2/24,No,No,Indiana,5/7/24,Governor,N/A,,27750,4.63%,Lost,N/A,N/A,N/A,No,N/A,No,N/A,N/A,N/A,N/A,N/A,N/A,N/A,N/A,
Jamie Reitenour,Female,Black,,,Pro-Life,,Irena,5/2/24,No,No,Indiana,5/7/24,Governor,N/A,,28774,4.80%,Lost,N/A,N/A,N/A,No,N/A,No,N/A,N/A,N/A,N/A,N/A,N/A,N/A,N/A,
Andy Harris,Male,White,,,Pro-Life,,Irena,5/9/24,Yes,No,Maryland,5/14/24,Representative,1,H8MD01094,57010,77.39%,Won,N/A,N/A,N/A,N/A,N/A,N/A,N/A,N/A,Yes,N/A,N/A,N/A,N/A,N/A,
"Chris Bruneau, Sr.",Male,White,,,No mention,"Has issues on site, no mention of abortion, or in ""about""",Irena,5/9/24,No,Yes,Maryland,5/14/24,Representative,1,,11946,16.22%,Lost,N/A,N/A,N/A,N/A,N/A,N/A,N/A,N/A,No,N/A,N/A,N/A,N/A,N/A,
Michael Scott Lemon,Male,White,,,No mention,"Has issues on site, no mention of abortion, or in ""about""",Irena,5/9/24,No,Yes,Maryland,5/14/24,Representative,1,,4714,6.40%,Lost,N/A,N/A,N/A,N/A,N/A,N/A,N/A,N/A,No,N/A,N/A,N/A,N/A,N/A,
John Thormann,Male,White,,,No mention,"Has issues on site, no mention of abortion, or in ""about""",Meredith ,5/9/24,No,No,Maryland,5/14/24,Representative,2,,5414,13.46%,Lost,N/A,N/A,N/A,N/A,N/A,N/A,N/A,N/A,N/A,N/A,N/A,N/A,N/A,N/A,
Dave Wallace,Male,white,,,No mention,"Has issues on site, no mention of abortion, or in ""about""",Meredith ,5/9/24,No,No,Maryland,5/14/24,Representative,2,,9433,23.45%,Lost,N/A,N/A,N/A,N/A,N/A,N/A,N/A,N/A,N/A,N/A,N/A,N/A,N/A,N/A,
Kim Klacik,Female,Black,,,No mention,"Has one issue on site; doesn't mention abortion in ""about""",Meredith ,5/9/24,No,No,Maryland,5/14/24,Representative,2,,25377,63.09%,Won,N/A,N/A,N/A,N/A,N/A,N/A,N/A,N/A,N/A,N/A,N/A,N/A,N/A,N/A,
"Arthur Radford Baker, Jr.",Male,white,,,No mention,"Has issues on site, no mention of abortion, or in ""about""",Meredith ,5/9/24,No,No,Maryland,5/14/24,Representative,3,,6931,19.87%,Lost,N/A,N/A,N/A,N/A,N/A,N/A,N/A,N/A,N/A,N/A,N/A,N/A,N/A,N/A,
Ray Bly,Male,white,,,N/A,no campaign website,Meredith ,5/9/24,No,No,Maryland,5/14/24,Representative,3,,2015,5.78%,Lost,N/A,N/A,N/A,N/A,N/A,N/A,N/A,N/A,N/A,N/A,N/A,N/A,N/A,N/A,
Berney Flowers,Male,Black,,,No mention,"Has issues on site, no mention of abortion, or in ""about""",Meredith ,5/9/24,No,No,Maryland,5/14/24,Representative,3,,6028,17.28%,Lost,N/A,N/A,N/A,N/A,N/A,N/A,N/A,N/A,N/A,N/A,N/A,N/A,N/A,N/A,
"Thomas E. ""Pinkston"" Harris",Male,white,,,N/A,no campaign website,Meredith ,5/9/24,No,No,Maryland,5/14/24,Representative,3,,2857,8.19%,Lost,N/A,N/A,N/A,N/A,N/A,N/A,N/A,N/A,N/A,N/A,N/A,N/A,N/A,N/A,
Jordan Mayo,Female,white,,,No mention,"Has issues on site, no mention of abortion, or in ""about""",Meredith ,5/9/24,No,No,Maryland,5/14/24,Representative,3,,2918,8.37%,Lost,N/A,N/A,N/A,N/A,N/A,N/A,N/A,N/A,N/A,N/A,N/A,N/A,N/A,N/A,
Naveed Mian,Male,Asian,,,No mention,"Has issues on site, no mention of abortion, or in ""about""",Meredith ,5/9/24,No,No,Maryland,5/14/24,Representative,3,,1085,3.11%,Lost,N/A,N/A,N/A,N/A,N/A,N/A,N/A,N/A,N/A,N/A,N/A,N/A,N/A,N/A,
Joshua M. Morales,Male,white,,,N/A,no campaign website,Meredith ,5/9/24,No,No,Maryland,5/14/24,Representative,3,,3159,9.06%,Lost,N/A,N/A,N/A,N/A,N/A,N/A,N/A,N/A,N/A,N/A,N/A,N/A,N/A,N/A,
John Rea,Male,white,,,N/A,no campaign website,Meredith ,5/9/24,No,No,Maryland,5/14/24,Representative,3,,1120,3.21%,Lost,N/A,N/A,N/A,N/A,N/A,N/A,N/A,N/A,N/A,N/A,N/A,N/A,N/A,N/A,
Robert J. Steinberger,Male,white,,,Other,"""While I am personally opposed to abortion, I believe in a woman’s autonomy and right to make her own decisions, and especially so in cases of rape or incest...""",Meredith ,5/9/24,No,No,Maryland,5/14/24,Representative,3,,8766,25.13%,Won,N/A,N/A,N/A,N/A,N/A,N/A,N/A,N/A,N/A,N/A,N/A,N/A,N/A,N/A,
George McDermott,Male,white,,,N/A,no campaign website,Meredith ,5/9/24,No,No,Maryland,5/14/24,Representative,4,,3563,100.00%,Won,N/A,N/A,N/A,N/A,N/A,N/A,N/A,N/A,N/A,N/A,N/A,N/A,N/A,N/A,
Michelle Talkington,Female,black,white (bi-racial),,Other,"""I spent my formative years near Odgen where I thrived as a student but found myself pregnant at the age of 17. I was given a choice at the time, and I Chose Life! I continued my education and served as Senior Class Vice President while pregnant. Choosing Life would be the catalyst to many successes.""",Meredith ,5/9/24,No,No,Maryland,5/14/24,Representative,5,,27202,100.00%,Won,N/A,N/A,N/A,N/A,N/A,N/A,N/A,N/A,N/A,N/A,N/A,No,N/A,N/A,
Dan Cox,Male,white,,,Pro-Life,"Doesn't list as a core issue, but under ""law and liberty"" he says ""President Trump’s three appointees delivered the biggest win for life in a generation in overturning Roe v. Wade"", and below that there is a video that says ""pro-life""",Meredith ,5/9/24,No,No,Maryland,5/14/24,Representative,6,,14797,30.07%,Lost,N/A,N/A,N/A,N/A,N/A,N/A,N/A,N/A,N/A,N/A,N/A,No,N/A,N/A,
Chris Hyser,Male,white,,,No mention,"Has issues on page, doesn't mention abortion, though. Surprising, given other positions... ",Meredith ,5/9/24,No,No,Maryland,5/14/24,Representative,6,,1625,3.30%,Lost,N/A,N/A,N/A,N/A,N/A,N/A,N/A,N/A,N/A,N/A,N/A,No,N/A,N/A,
Neil C. Parrott,Male,white,,,Pro-Life,,Meredith ,5/9/24,No,No,Maryland,5/14/24,Representative,6,,22604,45.93%,Won,N/A,N/A,N/A,N/A,N/A,N/A,N/A,N/A,N/A,N/A,N/A,No,N/A,N/A,
Todd A. Puglisi,Male,white,,,N/A,no campaign website,Meredith ,5/9/24,No,No,Maryland,5/14/24,Representative,6,,446,0.91%,Lost,N/A,N/A,N/A,N/A,N/A,N/A,N/A,N/A,N/A,N/A,N/A,No,N/A,N/A,
Mariela Roca,Female,hispanic,,,Pro-Life,,Meredith ,5/9/24,No,No,Maryland,5/14/24,Representative,6,,6071,12.34%,Lost,N/A,N/A,N/A,N/A,N/A,N/A,N/A,N/A,N/A,N/A,N/A,Yes,N/A,N/A,
Tom Royals,Male,white,,,Pro-Life,,Meredith ,5/9/24,No,No,Maryland,5/14/24,Representative,6,,2060,4.19%,Lost,N/A,N/A,N/A,N/A,N/A,N/A,N/A,N/A,N/A,N/A,N/A,No,N/A,N/A,
Brenda J. Thiam,Female,black,,,Pro-Life,,Meredith ,5/9/24,No,No,Maryland,5/14/24,Representative,6,,1607,3.27%,Lost,N/A,N/A,N/A,N/A,N/A,N/A,N/A,N/A,N/A,N/A,N/A,No,N/A,N/A,
Scott M. Collier,Male,white,,,No mention,"Has issues on site (kinda), no mention of abortion",Irena,5/9/24,No,No,Maryland,5/14/24,Representative,7,,4289,47.42%,Won,N/A,N/A,N/A,N/A,N/A,N/A,N/A,N/A,N/A,N/A,N/A,N/A,N/A,N/A,
"Wayne ""For Freedom"" McNeal",Male,black,,,No mention,"No issues or bio on page, but homepage doesn't mention abortion terms",Irena,5/9/24,No,No,Maryland,5/14/24,Representative,7,,2804,31.00%,Lost,N/A,N/A,N/A,N/A,N/A,N/A,N/A,N/A,N/A,N/A,N/A,N/A,N/A,N/A,
Lorrie A. Sigley,Female,unknown,,,N/A,no website,Irena,5/9/24,No,No,Maryland,5/14/24,Representative,7,,1951,21.57%,Lost,N/A,N/A,N/A,N/A,N/A,N/A,N/A,N/A,N/A,N/A,N/A,N/A,N/A,N/A,
Michael Yadeta,Male,black,,,Other,"He has a box called ""protecting life"" but when you click into it it's about creating jobs",Irena,5/9/24,No,No,Maryland,5/14/24,Representative,8,,4290,30.78%,Lost,N/A,N/A,N/A,N/A,N/A,N/A,N/A,N/A,N/A,N/A,N/A,N/A,N/A,N/A,
Cheryl Riley,Female,white,,,No mention,"Has issues on site, no mention of abortion, or in ""about""",Irena,5/9/24,No,No,Maryland,5/14/24,Representative,8,,9647,69.22%,Won,N/A,N/A,N/A,N/A,N/A,N/A,N/A,N/A,N/A,N/A,N/A,N/A,N/A,N/A,
Moe H. Barakat,Male,middle eastern (Qatari),,,No mention,"Has issues on site, no mention of abortion, or in ""about""",Irena,5/9/24,No,No,Maryland,5/14/24,Senator,N/A,,2203,0.77%,Lost,N/A,N/A,N/A,N/A,N/A,N/A,N/A,N/A,N/A,N/A,N/A,N/A,N/A,N/A,
Chris Chaffee,Male,white,,,Pro-Life,,Irena,5/9/24,No,No,Maryland,5/14/24,Senator,N/A,,9134,3.19%,Lost,N/A,N/A,N/A,N/A,N/A,N/A,N/A,N/A,N/A,N/A,N/A,N/A,N/A,N/A,
Robin Ficker,Male,white,,,No mention,,Irena,5/9/24,No,No,Maryland,5/14/24,Senator,N/A,,79517,27.79%,Lost,N/A,N/A,N/A,N/A,N/A,N/A,N/A,N/A,N/A,N/A,N/A,N/A,N/A,N/A,
Lorie R. Friend,Female,white,,,No mention,"Has issues on site, no mention of abortion, or in ""about""",Irena,5/9/24,No,No,Maryland,5/14/24,Senator,N/A,,5867,2.05%,Lost,N/A,N/A,N/A,N/A,N/A,N/A,N/A,N/A,N/A,N/A,N/A,N/A,N/A,N/A,
Larry Hogan,Male,white,,,No mention,"No issues on page, but in bio doesn't mention abortion terms",Irena,5/9/24,No,No,Maryland,5/14/24,Senator,N/A,,183661,64.18%,Won,N/A,N/A,N/A,N/A,N/A,N/A,N/A,N/A,N/A,N/A,N/A,N/A,N/A,N/A,
John A. Myrick,Male,white,,,Other,up to the states,Irena,5/9/24,No,No,Maryland,5/14/24,Senator,N/A,,4987,1.74%,Lost,N/A,N/A,N/A,N/A,N/A,N/A,N/A,N/A,N/A,N/A,N/A,N/A,N/A,N/A,
Laban Y. Seyoum,Male,black,,,N/A,no website,Irena,5/9/24,No,No,Maryland,5/14/24,Senator,N/A,,782,0.27%,Lost,N/A,N/A,N/A,N/A,N/A,N/A,N/A,N/A,N/A,N/A,N/A,N/A,N/A,N/A,
Michael Connely,Male,white,,,No mention,"has issues, doesn't mention abortion ",Meredith,5/9/24,No,Yes,Nebraska,5/14/24,Representative,1,,12884,18.48%,Lost,N/A,N/A,N/A,N/A,N/A,N/A,N/A,N/A,No,N/A,N/A,N/A,N/A,N/A,
Mike Flood,Male,white,,,Pro-Life,,Meredith,5/9/24,Yes,No,Nebraska,5/14/24,Representative,1,H2NE01118,56846,81.52%,Won,N/A,N/A,N/A,N/A,N/A,N/A,N/A,N/A,Yes,N/A,N/A,N/A,N/A,N/A,
Don Bacon,Male,white,,,Pro-Life,"he doesn't say his positiion, but on the issues page has ""pro-life issues"" and mentions his endorsements (pro-life groups)",Meredith,5/9/24,Yes,No,Nebraska,5/14/24,Representative,2,H6NE02125,35748,61.96%,Won,N/A,N/A,N/A,N/A,N/A,N/A,N/A,N/A,Yes,N/A,N/A,N/A,N/A,N/A,
Dan Frei,Male,white,,,Pro-Life,,Meredith,5/9/24,No,Yes,Nebraska,5/14/24,Representative,2,,21946,38.04%,Lost,N/A,N/A,N/A,N/A,N/A,N/A,N/A,N/A,No,N/A,N/A,N/A,N/A,N/A,
Robert McCuiston,Male,white,,,Pro-Life,,Meredith,5/9/24,No,Yes,Nebraska,5/14/24,Representative,3,,6654,7.25%,Lost,N/A,N/A,N/A,N/A,N/A,N/A,N/A,N/A,No,N/A,N/A,N/A,N/A,N/A,
Adrian Smith,Male,white,,,Pro-Life,,Meredith,5/9/24,Yes,No,Nebraska,5/14/24,Representative,3,H6NE03115,68056,74.16%,Won,N/A,N/A,N/A,N/A,N/A,N/A,N/A,N/A,Yes,N/A,N/A,N/A,N/A,N/A,
John Walz,Male,white,,,No mention,"Has issues on site, no mention of abortion, or in ""about""",Irena,5/9/24,No,Yes,Nebraska,5/14/24,Representative,3,,17060,18.59%,Lost,N/A,N/A,N/A,N/A,N/A,N/A,N/A,N/A,No,N/A,N/A,N/A,N/A,N/A,
Arron Kowalski,Male,white,,,N/A,no website,Irena,5/9/24,No,Yes,Nebraska,5/14/24,Senator,N/A,,44334,20.23%,Lost,N/A,N/A,N/A,N/A,N/A,N/A,N/A,N/A,No,N/A,N/A,No,No,N/A,
Deb Fischer,Female,white,,,No mention,"No issues on site, but has ""Pro-Life Warriors"" section on Endorsements page",Irena,5/9/24,Yes,No,Nebraska,5/14/24,Senator,N/A,S2NE00094,174820,79.77%,Won,N/A,N/A,N/A,N/A,N/A,N/A,N/A,N/A,Yes,N/A,N/A,Yes,Yes,N/A,
Pete Ricketts,Male,white,,,Pro-Life,"Embedded Twitter account on homepage mentions ""pro-life"" (May 7, 2024)",Irena,5/9/24,Yes,No,Nebraska,5/14/24,Senator (unexpired term),N/A,S6NE00129,173118,78.94%,Won,N/A,N/A,N/A,N/A,N/A,N/A,Yes,N/A,Yes,N/A,N/A,N/A,N/A,N/A,
Mac Stevens,Male,white,,,Other,"""protect traditional values on life""",Irena,5/9/24,No,Yes,Nebraska,5/14/24,Senator (unexpired term),N/A,,13669,6.23%,Lost,N/A,N/A,N/A,N/A,N/A,N/A,No,N/A,No,N/A,N/A,N/A,N/A,N/A,
John Glen Weaver,Male,white,,,Pro-Life,,Irena,5/9/24,No,Yes,Nebraska,5/14/24,Senator (unexpired term),N/A,,32529,14.83%,Lost,N/A,N/A,N/A,N/A,N/A,N/A,No,N/A,No,N/A,N/A,N/A,N/A,N/A,
Derrick Evans,Male,white,,,Pro-Life,,Irena,5/9/24,No,Yes,West Virginia,5/14/24,Representative,1,,38466,37.05%,Lost,N/A,N/A,N/A,N/A,N/A,N/A,N/A,N/A,No,No,N/A,No,No,N/A,
Carol Miller,Female,white,,,Pro-Life,,Irena,5/9/24,Yes,No,West Virginia,5/14/24,Representative,1,H8WV03097,65343,62.95%,Won,N/A,N/A,N/A,N/A,N/A,N/A,N/A,N/A,Yes,Yes,N/A,Yes,Yes,N/A,
"Dennis ""Nate"" Cain",Male,white,,,Pro-Life,,Irena,5/9/24,No,No,West Virginia,5/14/24,Representative,2,,13625,13.04%,Lost,N/A,N/A,N/A,N/A,N/A,N/A,No,N/A,No,No,N/A,N/A,N/A,N/A,
Joseph (Joe) Earley,Male,white,,,Pro-Life,,Irena,5/9/24,No,No,West Virginia,5/14/24,Representative,2,,21176,20.27%,Lost,N/A,N/A,N/A,N/A,N/A,N/A,No,N/A,No,No,N/A,N/A,N/A,N/A,
Alexander Gaaserud,Male,white,,,Pro-Life,,Irena,5/9/24,No,No,West Virginia,5/14/24,Representative,2,,7453,7.13%,Lost,N/A,N/A,N/A,N/A,N/A,N/A,No,N/A,No,No,N/A,N/A,N/A,N/A,
Riley Moore,Male,white,,,Pro-Life,,Irena,5/9/24,No,No,West Virginia,5/14/24,Representative,2,,47033,45.01%,Won,N/A,N/A,N/A,N/A,N/A,N/A,Yes,N/A,Yes,Yes,N/A,N/A,N/A,N/A,
"Chris ""Mookie"" Walker",Male,black,,,No mention,"No issues on page, but in bio doesn't mention abortion terms",Irena,5/9/24,No,No,West Virginia,5/14/24,Representative,2,,15203,14.55%,Lost,N/A,N/A,N/A,N/A,N/A,N/A,No,N/A,No,No,N/A,N/A,N/A,N/A,
Bryan Bird,Male,white,,,Pro-Life,,Irena,5/9/24,No,No,West Virginia,5/14/24,Senator,N/A,,7001,3.13%,Lost,N/A,N/A,N/A,No,N/A,No,N/A,N/A,N/A,N/A,N/A,N/A,N/A,N/A,
Jim Justice,Male,white,,,Pro-Life,,Irena,5/9/24,No,No,West Virginia,5/14/24,Senator,N/A,,138307,61.84%,Won,N/A,N/A,N/A,Yes,10/18/23,No,N/A,N/A,N/A,N/A,N/A,N/A,N/A,N/A,
Zane Lawhorn,Male,white,,,Pro-Life,,Irena,5/9/24,No,No,West Virginia,5/14/24,Senator,N/A,,4517,2.02%,Lost,N/A,N/A,N/A,No,N/A,No,N/A,N/A,N/A,N/A,N/A,N/A,N/A,N/A,
Don Lindsay,Male,white,,,N/A,no website,Irena,5/9/24,No,No,West Virginia,5/14/24,Senator,N/A,,3503,1.57%,Lost,N/A,N/A,N/A,No,N/A,No,N/A,N/A,N/A,N/A,N/A,N/A,N/A,N/A,
Bryan McKinney,Male,white,,,Pro-Life,,Irena,5/9/24,No,No,West Virginia,5/14/24,Senator,N/A,,6573,2.94%,Lost,N/A,N/A,N/A,No,N/A,No,N/A,N/A,N/A,N/A,N/A,N/A,N/A,N/A,
Janet McNulty,Female,white,,,Other,up to the states,Irena,5/9/24,No,No,West Virginia,5/14/24,Senator,N/A,,4404,1.97%,Lost,N/A,N/A,N/A,No,N/A,No,N/A,N/A,N/A,N/A,N/A,N/A,N/A,N/A,
Alexander X. Mooney,Male,white,,,Pro-Life,,Irena,5/9/24,No,No,West Virginia,5/14/24,Senator,N/A,,59348,26.54%,Lost,N/A,N/A,N/A,No,N/A,Yes,N/A,N/A,N/A,N/A,N/A,N/A,N/A,N/A,
Moore Capito,Male,white,,,Pro-Life,,Irena,5/9/24,No,No,West Virginia,5/14/24,Governor,N/A,,62224,27.55%,Lost,N/A,N/A,N/A,N/A,N/A,No,N/A,N/A,N/A,N/A,N/A,N/A,N/A,N/A,
"Kevin ""KC"" Christian",Male,white,,,No mention,"Has issues on site, no mention of abortion, or in ""about""",Irena,5/9/24,No,No,West Virginia,5/14/24,Governor,N/A,,3093,1.37%,Lost,N/A,N/A,N/A,N/A,N/A,No,N/A,N/A,N/A,N/A,N/A,N/A,N/A,N/A,
Chris Miller,Male,white,,,Pro-Life,"No issues page but embedded Twitter account on homepage has several posts with phrase ""sanctity of life"" (most recent is Feb. 29, 2024)",Irena,5/9/24,No,No,West Virginia,5/14/24,Governor,N/A,,46062,20.39%,Lost,N/A,N/A,N/A,N/A,N/A,No,N/A,N/A,N/A,N/A,N/A,N/A,N/A,N/A,
Patrick Morrisey,Male,white,,,Pro-Life,,Irena,5/9/24,No,No,West Virginia,5/14/24,Governor,N/A,,75146,33.27%,Won,N/A,N/A,N/A,N/A,N/A,Yes,N/A,N/A,N/A,N/A,N/A,N/A,N/A,N/A,
Mitch Roberts,Male,white,,,N/A,no website,Irena,5/9/24,No,No,West Virginia,5/14/24,Governor,N/A,,3142,1.39%,Lost,N/A,N/A,N/A,N/A,N/A,No,N/A,N/A,N/A,N/A,N/A,N/A,N/A,N/A,
Mac Warner,Male,white,,,Other,"""fight for life""",Irena,5/9/24,No,No,West Virginia,5/14/24,Governor,N/A,,36199,16.03%,Lost,N/A,N/A,N/A,N/A,N/A,No,N/A,N/A,N/A,N/A,N/A,N/A,N/A,N/A,
"Earl L. ""Buddy"" Carter",Male,white,,,No mention,"Has issues, doesn't mention abortion, or in ""About""",Meredith,5/14/24,Yes,No,Georgia,5/21/24,Representative,1,H4GA01039,51629,100.00%,Won,N/A,N/A,N/A,Yes,5/19/24,N/A,N/A,N/A,Yes,N/A,N/A,N/A,N/A,N/A,
Chuck Hand,Male,white,,,No mention,"has issues, doesn't mention abortion, or in ""About""",Meredith,5/14/24,No,No,Georgia,5/21/24,Representative,2,,10136,31.97%,Made runoff,4063,34.23%,Lost,N/A,N/A,N/A,N/A,N/A,N/A,N/A,N/A,N/A,N/A,N/A,
A. Wayne Johnson,Male,white,,,Pro-Life,"no issues, but says he is pro-life in ""About""",Meredith,5/14/24,No,No,Georgia,5/21/24,Representative,2,,14152,44.64%,Made runoff,7807,65.77%,Won,N/A,N/A,N/A,N/A,N/A,N/A,N/A,N/A,N/A,N/A,N/A,
"Regina ""Reggie"" Liparoto",Female,white,,,N/A,no website,Meredith,5/14/24,No,No,Georgia,5/21/24,Representative,2,,1493,4.71%,Lost,N/A,N/A,N/A,N/A,N/A,N/A,N/A,N/A,N/A,N/A,N/A,N/A,N/A,N/A,
Michael Nixon,Male,white,,,No mention,,Meredith,5/14/24,No,No,Georgia,5/21/24,Representative,2,,5924,18.68%,Lost,N/A,N/A,N/A,N/A,N/A,N/A,N/A,N/A,N/A,N/A,N/A,N/A,N/A,N/A,
Jim Bennett,Male,white,,,No mention,"has issues, no abortion mentioned",Meredith,5/14/24,No,No,Georgia,5/21/24,Representative,3,,4076,5.79%,Lost,N/A,N/A,N/A,No,N/A,No,N/A,N/A,N/A,N/A,N/A,N/A,N/A,N/A,
Mike Crane,Male,white,,,Pro-Life,"has issues, no abortion mentioned; has ""pro-life"" on homepage.",Meredith,5/14/24,No,No,Georgia,5/21/24,Representative,3,,11182,15.88%,Lost,N/A,N/A,N/A,No,N/A,No,N/A,N/A,N/A,N/A,N/A,N/A,N/A,N/A,
Mike Dugan,Male,white,,,Pro-Life,"Listed on the homepage under ""A note from Mike"" (blue background) that says ""protect life""",Meredith,5/14/24,No,No,Georgia,5/21/24,Representative,3,,17522,24.89%,Made runoff,17693,37.37%,Lost,No,N/A,No,N/A,N/A,N/A,N/A,N/A,N/A,N/A,N/A,
Brian Jack,Male,white,,,No mention,"has issues, no abortion mentioned",Meredith,5/14/24,No,No,Georgia,5/21/24,Representative,3,,32877,46.70%,Made runoff,29654,62.63%,Won,Yes,3/7/24,Yes,N/A,N/A,N/A,N/A,N/A,N/A,N/A,N/A,
Philip Singleton,Male,white,,,Pro-Life,"May 9 homepage post says, ""defend the unborn."" His issues page also is anti-abortion, but doesn't use one of our key phrases -- instead prefers to use ""protect life""",Meredith,5/14/24,No,No,Georgia,5/21/24,Representative,3,,4743,6.74%,Lost,N/A,N/A,N/A,No,N/A,No,N/A,N/A,N/A,N/A,N/A,N/A,N/A,N/A,
Eugene Yu,Male,asian,,,Pro-Life,"""Abortion— Human life, at all stages of development, in and out of the womb, must be protected. No exception.""",Meredith,5/14/24,No,No,Georgia,5/21/24,Representative,4,,9086,100.00%,Won,N/A,N/A,N/A,N/A,N/A,N/A,N/A,N/A,N/A,N/A,N/A,N/A,N/A,N/A,
"John ""Bongo"" Salvesen",Male,white,,,No mention,doesn't have devoted issues; no mention of abortion in About,Meredith,5/14/24,No,No,Georgia,5/21/24,Representative,5,,3939,100.00%,Won,N/A,N/A,N/A,N/A,N/A,N/A,N/A,N/A,N/A,N/A,N/A,N/A,N/A,N/A,
Jeff Criswell,Male,white,,,No mention,"has issues, no abortion mentioned",Meredith,5/14/24,No,No,Georgia,5/21/24,Representative,6,,11983,100.00%,Won,N/A,N/A,N/A,N/A,N/A,N/A,N/A,N/A,N/A,N/A,N/A,N/A,N/A,N/A,
Rich McCormick,Male,white,,,Pro-Life,"""Protect life at every stage, from the unborn to the infirm""",Meredith,5/14/24,Yes,No,Georgia,5/21/24,Representative,7,H0GA07273,47063,100.00%,Won,N/A,N/A,N/A,Yes,5/19/24,N/A,N/A,N/A,Yes,N/A,N/A,N/A,N/A,N/A,
Austin Scott,Male,white,,,Pro-Life,"No issues on site, but on homepage, embeds social posts, where he has an edorsement from the National Right to Life ",Meredith,5/14/24,Yes,No,Georgia,5/21/24,Representative,8,H0GA08099,59537,100.00%,Won,N/A,N/A,N/A,Yes,5/19/24,N/A,N/A,N/A,Yes,N/A,N/A,N/A,N/A,N/A,
Andrew Clyde,Male,white,,,Pro-Life,,Meredith,5/14/24,Yes,No,Georgia,5/21/24,Representative,9,H0GA09246,71224,100.00%,Won,N/A,N/A,N/A,Yes,5/19/24,N/A,N/A,N/A,N/A,N/A,N/A,N/A,N/A,N/A,
Mike Collins,Male,white,,,Pro-Life,,Meredith,5/14/24,Yes,No,Georgia,5/21/24,Representative,10,H4GA10071,62109,100.00%,Won,N/A,N/A,N/A,Yes,5/19/24,N/A,N/A,N/A,N/A,N/A,N/A,N/A,N/A,N/A,
Barry Loudermilk,Male,white,,,Pro-Life,,Meredith,5/14/24,Yes,No,Georgia,5/21/24,Representative,11,H4GA11061,46567,86.06%,Won,N/A,N/A,N/A,Yes,5/19/24,N/A,N/A,N/A,Yes,N/A,N/A,N/A,N/A,N/A,
Lori Marie Pesta,Female,white,,,Pro-Life,,Meredith,5/14/24,No,Yes,Georgia,5/21/24,Representative,11,,2629,4.86%,Lost,N/A,N/A,N/A,No,N/A,N/A,N/A,N/A,No,N/A,N/A,N/A,N/A,N/A,
Mike Pons,Male,white,,,No mention,No issues on page ,Meredith,5/14/24,No,Yes,Georgia,5/21/24,Representative,11,,4912,9.08%,Lost,N/A,N/A,N/A,No,N/A,N/A,N/A,N/A,No,N/A,N/A,N/A,N/A,N/A,
Richard W. Allen,Male,white,,,No mention,"No issues on page; doesn't mention abortion in ""About""",Meredith,5/14/24,Yes,No,Georgia,5/21/24,Representative,12,H2GA12121,49806,100.00%,Won,N/A,N/A,N/A,Yes,5/19/24,N/A,N/A,N/A,Yes,N/A,N/A,N/A,N/A,N/A,
Jonathan Chavez,Male,hispanic,,,Pro-Life,"Homepage has ""Georgia Right to Life"" endorsement button",Meredith,5/14/24,No,No,Georgia,5/21/24,Representative,13,,10344,68.76%,Won,N/A,N/A,N/A,N/A,N/A,N/A,N/A,N/A,N/A,N/A,N/A,N/A,N/A,N/A,
Johsie Cruz Fletcher,Female,hispanic,,,No mention,"No issues page, but has some bulleted issues on first page; no mention of abortion",Meredith,5/14/24,No,No,Georgia,5/21/24,Representative,13,,4699,31.24%,Lost,N/A,N/A,N/A,N/A,N/A,N/A,N/A,N/A,N/A,N/A,N/A,N/A,N/A,N/A,
Marjorie Taylor Greene,Female,white,,,Pro-Life,,Meredith,5/14/24,Yes,No,Georgia,5/21/24,Representative,14,H0GA06192,56932,100.00%,Won,N/A,N/A,N/A,Yes,5/19/24,N/A,N/A,N/A,N/A,N/A,N/A,N/A,N/A,N/A,
Russ Fulcher,Male,white,,,Pro-Life,,Meredith,5/12/24,Yes,No,Idaho,5/21/24,Representative,1,H8ID01124,109057,100.00%,Won,N/A,N/A,N/A,Yes,5/19/24,N/A,N/A,N/A,Yes,N/A,N/A,N/A,N/A,N/A,
Scott Cleveland,Male,white,,,No mention,"has issues on site, doesn't mention abortion, or in about section",Meredith,5/12/24,No,Yes,Idaho,5/21/24,Representative,2,,35036,35.81%,Lost,N/A,N/A,N/A,No,N/A,N/A,N/A,N/A,No,N/A,N/A,N/A,N/A,N/A,
Mike Simpson,Male,white,,,Pro-Life,,Meredith,5/12/24,Yes,No,Idaho,5/21/24,Representative,2,H8ID02064,53476,54.65%,Won,N/A,N/A,N/A,Yes,5/19/24,N/A,N/A,N/A,Yes,N/A,N/A,N/A,N/A,N/A,
Sean Higgins,Male,white,,,Pro-Life,,Meredith,5/12/24,No,Yes,Idaho,5/21/24,Representative,2,,9333,9.54%,Lost,N/A,N/A,N/A,No,N/A,N/A,N/A,N/A,No,N/A,N/A,N/A,N/A,N/A,
James R. Comer,Male,white,,,No mention,"No issues on page, but in bio doesn't mention abortion terms",Irena,5/10/24,Yes,No,Kentucky,5/21/24,Representative,1,H6KY01110,1,100.00%,Won,N/A,N/A,N/A,Yes,5/19/24,N/A,N/A,N/A,Yes,N/A,N/A,N/A,N/A,N/A,
S. Brett Guthrie,Male,white,,,Pro-Life,,Irena,5/10/24,Yes,No,Kentucky,5/21/24,Representative,2,H8KY02031,1,100.00%,Won,N/A,N/A,N/A,Yes,5/19/24,N/A,N/A,N/A,Yes,N/A,N/A,N/A,N/A,N/A,
Mike Craven,Male,white,,,N/A,no website,Irena,5/10/24,No,No,Kentucky,5/21/24,Representative,3,,15397,75.21%,Won,N/A,N/A,N/A,N/A,N/A,N/A,N/A,N/A,N/A,N/A,N/A,N/A,N/A,N/A,
Denny Ormerod,Male,unknown,,,N/A,no website,Irena,5/10/24,No,No,Kentucky,5/21/24,Representative,3,,5074,24.79%,Lost,N/A,N/A,N/A,N/A,N/A,N/A,N/A,N/A,N/A,N/A,N/A,N/A,N/A,N/A,
Eric Deters,Male,white,,,Pro-Life,,Irena,5/10/24,No,No,Kentucky,5/21/24,Representative,4,,6060,11.52%,Lost,N/A,N/A,N/A,N/A,N/A,N/A,N/A,N/A,N/A,N/A,N/A,N/A,N/A,N/A,
Thomas Massie,Male,white,,,Pro-Life,,Irena,5/10/24,Yes,No,Kentucky,5/21/24,Representative,4,H2KY04121,39929,75.92%,Won,N/A,N/A,N/A,N/A,N/A,N/A,N/A,N/A,N/A,N/A,N/A,N/A,N/A,N/A,
Michael McGinnis,Male,white,,,No mention,"Has issues on site, no mention of abortion, or in ""about""",Irena,5/10/24,No,Yes,Kentucky,5/21/24,Representative,4,,6604,12.56%,Lost,N/A,N/A,N/A,N/A,N/A,N/A,N/A,N/A,N/A,N/A,N/A,N/A,N/A,N/A,
Dana Edwards,Male,white,,,Pro-Life,,Irena,5/10/24,No,Yes,Kentucky,5/21/24,Representative,5,,5112,10.60%,Lost,N/A,N/A,N/A,No,N/A,N/A,N/A,N/A,No,N/A,N/A,N/A,N/A,N/A,
David E. Kraftchak Jr.,Male,white,,,Other,state issue,Irena,5/10/24,No,Yes,Kentucky,5/21/24,Representative,5,,997,2.07%,Lost,N/A,N/A,N/A,No,N/A,N/A,N/A,N/A,No,N/A,N/A,N/A,N/A,N/A,
Brandon Monhollen,Male,white,,,N/A,no website,Irena,5/10/24,No,Yes,Kentucky,5/21/24,Representative,5,,2673,5.55%,Lost,N/A,N/A,N/A,No,N/A,N/A,N/A,N/A,No,N/A,N/A,N/A,N/A,N/A,
Hal Rogers,Male,white,,,No mention,"No issues on page, but in bio doesn't mention abortion terms",Irena,5/10/24,Yes,No,Kentucky,5/21/24,Representative,5,H0KY05015,39423,81.78%,Won,N/A,N/A,N/A,Yes,4/30/24,N/A,N/A,N/A,Yes,N/A,N/A,N/A,N/A,N/A,
Andy Barr,Male,white,,,No mention,"Has endorsement from Right to Life on ""Recognitions"" page; Has issues on page, no mention of abortion, or in ""about""",Irena,5/10/24,Yes,No,Kentucky,5/21/24,Representative,6,H0KY06104,1,100.00%,Won,N/A,N/A,N/A,Yes,5/19/24,N/A,N/A,N/A,Yes,N/A,N/A,N/A,N/A,N/A,
Bob Todd,Male,white,,,No mention,"Has issues on site, no mention of abortion, or in ""about""",Irena,5/10/24,No,No,Oregon,5/21/24,Representative,1,,23993,97.64%,Won,N/A,N/A,N/A,N/A,N/A,N/A,N/A,N/A,N/A,N/A,N/A,N/A,N/A,N/A,
Jason Beebe,Male,white,,,Pro-Life,,Irena,5/10/24,No,Yes,Oregon,5/21/24,Representative,2,,16403,18.27%,Lost,N/A,N/A,N/A,No,N/A,N/A,N/A,N/A,N/A,N/A,N/A,N/A,N/A,N/A,
Cliff Bentz,Male,white,,,Pro-Life,"Although the website hasn't been updated since 2020, his active campaign social media accounts frequently refer to this same campaign website, so we are considering it current",Irena,5/10/24,Yes,No,Oregon,5/21/24,Representative,2,H0OR02127,73031,81.33%,Won,N/A,N/A,N/A,Yes,5/19/24,N/A,N/A,N/A,N/A,N/A,N/A,N/A,N/A,N/A,
Gary L. Dye,Male,white,,,N/A,No currently used website. His website from 2020 is outdated and is not referred to in any of his active campaign social media accounts. ,Irena,5/10/24,No,No,Oregon,5/21/24,Representative,3,,6869,27.07%,Lost,N/A,N/A,N/A,N/A,N/A,N/A,N/A,N/A,N/A,N/A,N/A,N/A,N/A,N/A,
Joanna Harbour,Female,white,,,Pro-Life,,Irena,5/10/24,No,No,Oregon,5/21/24,Representative,3,,13948,54.96%,Won,N/A,N/A,N/A,N/A,N/A,N/A,N/A,N/A,N/A,N/A,N/A,N/A,N/A,N/A,
Teresa Orwig,Female,white,,,Other,"""While I hold strong views on the sanctity of life, I also recognize the importance of individual autonomy, including women's reproductive rights""",Irena,5/10/24,No,No,Oregon,5/21/24,Representative,3,,4303,16.96%,Lost,N/A,N/A,N/A,N/A,N/A,N/A,N/A,N/A,N/A,N/A,N/A,N/A,N/A,N/A,
Monique DeSpain,Female,white,,,No mention,"Has issues on site, no mention of abortion, or in ""about""",Irena,5/10/24,No,No,Oregon,5/21/24,Representative,4,,31436,57.84%,Won,N/A,N/A,N/A,N/A,N/A,N/A,N/A,N/A,N/A,N/A,N/A,N/A,Yes,N/A,
Amy L. Ryan Courser,Female,white,,,Pro-Life,,Irena,5/10/24,No,No,Oregon,5/21/24,Representative,4,,22418,41.25%,Lost,N/A,N/A,N/A,N/A,N/A,N/A,N/A,N/A,N/A,N/A,N/A,N/A,No,N/A,
Lori Chavez-DeRemer,Female,hispanic,,,No mention,"No issues on page, but in bio doesn't mention abortion terms",Irena,5/10/24,Yes,No,Oregon,5/21/24,Representative,5,H2OR05209,54458,98.18%,Won,N/A,N/A,N/A,Yes,5/19/24,N/A,N/A,N/A,Yes,N/A,N/A,Yes,Yes,Yes,
David A. Burch,Male,white,,,N/A,no website,Irena,5/10/24,No,No,Oregon,5/21/24,Representative,6,,1447,2.85%,Lost,N/A,N/A,N/A,N/A,N/A,N/A,N/A,N/A,N/A,N/A,N/A,N/A,N/A,N/A,
Mike Erickson,Male,white,,,No mention,"Has issues on site, no mention of abortion, or in ""about""",Irena,5/10/24,No,No,Oregon,5/21/24,Representative,6,,37497,73.72%,Won,N/A,N/A,N/A,N/A,N/A,N/A,N/A,N/A,N/A,N/A,N/A,N/A,N/A,N/A,
Conrad J. Herold,Male,unknown,,,N/A,no website,Irena,5/10/24,No,No,Oregon,5/21/24,Representative,6,,628,1.23%,Lost,N/A,N/A,N/A,N/A,N/A,N/A,N/A,N/A,N/A,N/A,N/A,N/A,N/A,N/A,
David Russ,Male,white,,,Other,state issue,Irena,5/10/24,No,No,Oregon,5/21/24,Representative,6,,10908,21.45%,Lost,N/A,N/A,N/A,N/A,N/A,N/A,N/A,N/A,N/A,N/A,N/A,N/A,N/A,N/A,
Mariannette Miller-Meeks,Female,white,,,Pro-Life,,Meredith,5/26/24,Yes,No,Iowa,6/4/24,Representative,1,H8IA02043,16529,55.89%,Won,N/A,N/A,N/A,N/A,N/A,N/A,N/A,N/A,Yes,N/A,N/A,Yes,Yes,Yes,
David Pautsch,Male,white,,,Pro-Life,,Meredith,5/26/24,No,Yes,Iowa,6/4/24,Representative,1,,12981,43.89%,Lost,N/A,N/A,N/A,N/A,N/A,N/A,N/A,N/A,No,N/A,N/A,No,No,No,
Ashley Hinson,Female,white,,,No mention,has issues,Meredith,5/26/24,Yes,No,Iowa,6/4/24,Representative,2,H0IA01174,22626,98.56%,Won,N/A,N/A,N/A,N/A,N/A,N/A,N/A,N/A,Yes,N/A,N/A,Yes,Yes,Yes,
Zach Nunn,Male,white,,,Pro-Life,,Meredith,5/26/24,Yes,No,Iowa,6/4/24,Representative,3,H2IA03119,21103,98.28%,Won,N/A,N/A,N/A,N/A,N/A,N/A,Yes,N/A,Yes,N/A,N/A,N/A,N/A,N/A,
Randy Feenstra,Male,white,,,Pro-Life,,Meredith,5/26/24,Yes,No,Iowa,6/4/24,Representative,4,H0IA04145,26781,62.90%,Won,N/A,N/A,N/A,N/A,N/A,N/A,N/A,N/A,Yes,N/A,N/A,N/A,N/A,N/A,
Kevin Virgil,Male,white,,,Other,"says he is pro-life. also says it shouldn't be a federal matter, so could be other? ",Meredith,5/26/24,No,Yes,Iowa,6/4/24,Representative,4,,17661,41.48%,Lost,N/A,N/A,N/A,N/A,N/A,N/A,N/A,N/A,No,N/A,N/A,N/A,N/A,N/A,
Mary Todd,Female,white,,,Pro-Life,,Meredith,5/26/24,No,Yes,Montana,6/4/24,Representative,1,,23647,26.26%,Lost,N/A,N/A,N/A,No,N/A,N/A,N/A,N/A,No,N/A,N/A,N/A,N/A,N/A,
Ryan K. Zinke,Male,white,,,No mention,has issues,Meredith,5/25/24,Yes,No,Montana,6/4/24,Representative,1,H4MT01041,66409,73.74%,Won,N/A,N/A,N/A,Yes,3/22/24,N/A,N/A,N/A,Yes,N/A,N/A,N/A,N/A,N/A,
Elsie Arntzen,Female,white,,,Pro-Life,has issues,Meredith,5/25/24,No,No,Montana,6/4/24,Representative,2,,9468,9.43%,Lost,N/A,N/A,N/A,No,N/A,N/A,N/A,N/A,N/A,N/A,N/A,N/A,N/A,N/A,
Kyle Austin,Male,white,,,No mention,no issues,Meredith,5/25/24,No,No,Montana,6/4/24,Representative,2,,3177,3.16%,Lost,N/A,N/A,N/A,No,N/A,N/A,N/A,N/A,N/A,N/A,N/A,N/A,N/A,N/A,
Ken Bogner,Male,white,,,Pro-Life,"""protect the unborn""",Meredith,5/25/24,No,No,Montana,6/4/24,Representative,2,,9026,8.99%,Lost,N/A,N/A,N/A,No,N/A,N/A,N/A,N/A,N/A,N/A,N/A,N/A,N/A,N/A,
Troy Downing,Male,white,,,No mention,no issues,Meredith,5/25/24,No,No,Montana,6/4/24,Representative,2,,36269,36.12%,Won,N/A,N/A,N/A,Yes,6/3/24,N/A,N/A,N/A,N/A,N/A,N/A,N/A,N/A,N/A,
Ric Holden,Male,white,,,Pro-Life,,Meredith,5/25/24,No,No,Montana,6/4/24,Representative,2,,7108,7.08%,Lost,N/A,N/A,N/A,No,N/A,N/A,N/A,N/A,N/A,N/A,N/A,N/A,N/A,N/A,
Joel G. Krautter,Male,white,,,No mention,has issues,Meredith,5/25/24,No,No,Montana,6/4/24,Representative,2,,3432,3.42%,Lost,N/A,N/A,N/A,No,N/A,N/A,N/A,N/A,N/A,N/A,N/A,N/A,N/A,N/A,
Denny Rehberg,Male,white,,,No mention,"has issues, but no about page",Meredith,5/25/24,No,No,Montana,6/4/24,Representative,2,,17182,17.11%,Lost,N/A,N/A,N/A,No,N/A,N/A,N/A,N/A,N/A,N/A,N/A,N/A,N/A,N/A,
Ed Walker,Male,white,,,Pro-Life,,Meredith,5/25/24,No,No,Montana,6/4/24,Representative,2,,1168,1.16%,Lost,N/A,N/A,N/A,No,N/A,N/A,N/A,N/A,N/A,N/A,N/A,N/A,N/A,N/A,
Stacy Zinn,Female,white,,,No mention,has issues and about; no mention of abortion,Meredith,5/25/24,No,No,Montana,6/4/24,Representative,2,,13581,13.53%,Lost,N/A,N/A,N/A,No,N/A,N/A,N/A,N/A,N/A,N/A,N/A,N/A,N/A,N/A,
Greg Gianforte,Male,white,,,No mention,"website only has an ""about"" no mention of abortion",Meredith,5/25/24,Yes,No,Montana,6/4/24,Governor,N/A,,144827,75.22%,Won,N/A,N/A,N/A,N/A,N/A,N/A,N/A,N/A,N/A,Yes,N/A,N/A,N/A,N/A,
Tanner Smith,Male,white,,,Pro-Life,,Meredith,5/25/24,No,Yes,Montana,6/4/24,Governor,N/A,,47713,24.78%,Lost,N/A,N/A,N/A,N/A,N/A,N/A,N/A,N/A,N/A,No,N/A,N/A,N/A,N/A,
Brad Johnson,Male,white,,,Other,The United States Supreme Court has ruled that these decisions need to be left to the states.,Meredith,5/25/24,No,No,Montana,6/4/24,Senator,N/A,,36926,19.43%,Lost,N/A,N/A,N/A,No,N/A,N/A,No,No,N/A,No,N/A,N/A,N/A,N/A,
Tim Sheehy,Male,white,,,Pro-Life,,Meredith,5/25/24,No,No,Montana,6/4/24,Senator,N/A,,139857,73.60%,Won,N/A,N/A,N/A,Yes,2/9/24,N/A,Yes,Yes,N/A,Yes,N/A,N/A,N/A,N/A,
Charles Walkingchild Sr.,Male,native american ,,,N/A,no website,Irena,5/24/24,No,No,Montana,6/4/24,Senator,N/A,,13229,6.96%,Lost,N/A,N/A,N/A,No,N/A,N/A,No,No,N/A,No,N/A,N/A,N/A,N/A,
Damon M. Galdo,Male,white,,,No mention,"Has issues on site, no mention of abortion or in about",Irena,5/24/24,No,No,New Jersey,6/4/24,Representative,1,,3410,14.86%,Lost,N/A,N/A,N/A,N/A,N/A,N/A,N/A,N/A,N/A,N/A,N/A,N/A,N/A,N/A,
Claire H. Gustafson,Female,white,,,No mention,"no issues on page, no about",Irena,5/28/24,No,No,New Jersey,6/4/24,Representative,1,,8687,37.87%,Lost,N/A,N/A,N/A,N/A,N/A,N/A,N/A,N/A,N/A,N/A,N/A,N/A,N/A,N/A,
"Theodore ""Teddy"" Liddell",Male,black,,,No mention,"Has issues on site, no mention of abortion or in about",Irena,5/28/24,No,No,New Jersey,6/4/24,Representative,1,,10843,47.27%,Won,N/A,N/A,N/A,N/A,N/A,N/A,N/A,N/A,N/A,N/A,N/A,N/A,N/A,N/A,
Jeff Van Drew,Male,white,,,No mention,"Has issues on site, no mention of abortion or in about",Irena,5/28/24,Yes,No,New Jersey,6/4/24,Representative,2,H8NJ02166,41749,100.00%,Won,N/A,N/A,N/A,Yes,5/26/24,N/A,N/A,N/A,Yes,N/A,N/A,N/A,N/A,N/A,
Michael Francis Faccone,Male,white,,,N/A,no website,Irena,5/28/24,No,No,New Jersey,6/4/24,Representative,3,,5812,16.96%,Lost,N/A,N/A,N/A,N/A,N/A,N/A,N/A,N/A,N/A,N/A,N/A,N/A,N/A,N/A,
Shirley Maia-Cusick,Female,hispanic (brazilian),,,No mention,"Has issues on site, no mention of abortion or in about",Irena,5/28/24,No,No,New Jersey,6/4/24,Representative,3,,10507,30.65%,Lost,N/A,N/A,N/A,N/A,N/A,N/A,N/A,N/A,N/A,N/A,N/A,N/A,N/A,N/A,
Rajesh Mohan,Male,asian (Indian),,,No mention,"Has issues on site, no mention of abortion or in about",Irena,5/28/24,No,No,New Jersey,6/4/24,Representative,3,,13011,37.96%,Won,N/A,N/A,N/A,N/A,N/A,N/A,N/A,N/A,N/A,N/A,N/A,N/A,N/A,N/A,
Gregory M. Sobocinski,Male,white,,,Pro-Life,,Irena,5/28/24,No,No,New Jersey,6/4/24,Representative,3,,4947,14.43%,Lost,N/A,N/A,N/A,N/A,N/A,N/A,N/A,N/A,N/A,N/A,N/A,N/A,N/A,N/A,
David Schmidt,Male,white,,,N/A,no website,Irena,5/28/24,No,Yes,New Jersey,6/4/24,Representative,4,,6538,15.05%,Lost,N/A,N/A,N/A,N/A,N/A,N/A,N/A,N/A,No,N/A,N/A,N/A,N/A,N/A,
Christopher H. Smith,Male,white,,,No mention,"No issues on site, but has endorsement from Right to Life",Irena,5/28/24,Yes,No,New Jersey,6/4/24,Representative,4,H8NJ04014,36897,84.95%,Won,N/A,N/A,N/A,N/A,N/A,N/A,N/A,N/A,Yes,N/A,N/A,N/A,N/A,N/A,
Mary Jo Guinchard,Female,white,,,No mention,"Has issues on site, no mention of abortion or in about",Irena,5/28/24,No,No,New Jersey,6/4/24,Representative,5,,21321,69.77%,Won,N/A,N/A,N/A,N/A,N/A,N/A,N/A,N/A,N/A,N/A,N/A,N/A,N/A,N/A,
George J. Song,Male,asian (korean),,,No mention,"Has issues on site, no mention of abortion or in about",Irena,5/28/24,No,No,New Jersey,6/4/24,Representative,5,,9238,30.23%,Lost,N/A,N/A,N/A,N/A,N/A,N/A,N/A,N/A,N/A,N/A,N/A,N/A,N/A,N/A,
Scott Fegler,Male,white,,,No mention,"Has issues on site, no mention of abortion or in about",Irena,5/28/24,No,No,New Jersey,6/4/24,Representative,6,,15215,81.56%,Won,N/A,N/A,N/A,N/A,N/A,N/A,N/A,N/A,N/A,N/A,N/A,N/A,N/A,N/A,
Gregg Mele,Male,white,,,Other,"Has issues on site, no mention of abortion or in about",Irena,5/28/24,No,No,New Jersey,6/4/24,Representative,6,,3440,18.44%,Lost,N/A,N/A,N/A,N/A,N/A,N/A,N/A,N/A,N/A,N/A,N/A,N/A,N/A,N/A,
Roger Bacon,Male,white,,,No mention,No issues or about on site,Irena,5/28/24,No,Yes,New Jersey,6/4/24,Representative,7,,10460,21.75%,Lost,N/A,N/A,N/A,N/A,N/A,N/A,N/A,N/A,No,N/A,N/A,N/A,N/A,N/A,
Thomas H. Kean Jr.,Male,white,,,No mention,"no issues on page, but in bio doesn't mention abortion terms",Irena,5/28/24,Yes,No,New Jersey,6/4/24,Representative,7,H0NJ07261,37623,78.25%,Won,N/A,N/A,N/A,N/A,N/A,N/A,N/A,N/A,Yes,N/A,N/A,N/A,N/A,N/A,
Anthony Valdes,Male,hispanic (presumed),,,N/A,no website,Irena,5/28/24,No,No,New Jersey,6/4/24,Representative,8,,4905,100.00%,Won,N/A,N/A,N/A,N/A,N/A,N/A,N/A,N/A,N/A,N/A,N/A,N/A,N/A,N/A,
Hector L. Castillo,Male,white,,,No mention,"Has issues on site, no mention of abortion or in about",Irena,5/28/24,No,No,New Jersey,6/4/24,Representative,9,,4352,27.45%,Lost,N/A,N/A,N/A,N/A,N/A,N/A,N/A,N/A,N/A,N/A,N/A,N/A,N/A,N/A,
Billy Prempeh,Male,black,,,Pro-Life,,Irena,5/28/24,No,No,New Jersey,6/4/24,Representative,9,,11504,72.55%,Won,N/A,N/A,N/A,N/A,N/A,N/A,N/A,N/A,N/A,N/A,N/A,N/A,N/A,N/A,
Carmen Bucco,Male,hispanic,,,No mention,"Has issues on site, no mention of abortion or in about",Irena,5/28/24,No,No,New Jersey,6/4/24,Representative,10,,5264,100.00%,Won,N/A,N/A,N/A,N/A,N/A,N/A,N/A,N/A,N/A,N/A,N/A,N/A,N/A,N/A,
Raafat Barsoom,Male,middle eastern (Egyptian),,,No mention,"Has issues on site, no mention of abortion or in about",Irena,5/28/24,No,No,New Jersey,6/4/24,Representative,11,,1464,4.96%,Lost,N/A,N/A,N/A,N/A,N/A,N/A,N/A,N/A,N/A,N/A,N/A,N/A,N/A,N/A,
Joseph Belnome,Male,white,,,No mention,"Has issues on site, no mention of abortion or in about",Irena,5/28/24,No,No,New Jersey,6/4/24,Representative,11,,25608,86.82%,Won,N/A,N/A,N/A,N/A,N/A,N/A,N/A,N/A,N/A,N/A,N/A,N/A,N/A,N/A,
John F. Sauers,Male,white,,,No mention,"Has issues on site, no mention of abortion or in about",Irena,5/28/24,No,No,New Jersey,6/4/24,Representative,11,,2425,8.22%,Lost,N/A,N/A,N/A,N/A,N/A,N/A,N/A,N/A,N/A,N/A,N/A,N/A,N/A,N/A,
Thomas E. Jones Jr.,Male,,,,N/A,no website,Irena,5/28/24,No,No,New Jersey,6/4/24,Representative,12,,2732,15.62%,Lost,N/A,N/A,N/A,N/A,N/A,N/A,N/A,N/A,N/A,N/A,N/A,N/A,N/A,N/A,
Darius Mayfield,Male,black,,,No mention,"Has issues on site, no mention of abortion or in about",Irena,5/28/24,No,No,New Jersey,6/4/24,Representative,12,,14753,84.38%,Won,N/A,N/A,N/A,N/A,N/A,N/A,N/A,N/A,N/A,N/A,N/A,N/A,N/A,N/A,
Curtis Bashaw,Male,white,,,No mention,"Has issues on site, no mention of abortion or in about",Irena,5/28/24,No,No,New Jersey,6/4/24,Senator,N/A,,144869,45.57%,Won,N/A,N/A,N/A,No,N/A,N/A,N/A,N/A,N/A,N/A,N/A,N/A,N/A,N/A,
Christine Serrano Glassner,Female,white,,,No mention,"Has issues on site, no mention of abortion or in about",Irena,5/28/24,No,No,New Jersey,6/4/24,Senator,N/A,,121986,38.38%,Lost,N/A,N/A,N/A,Yes,5/11/24,N/A,N/A,N/A,N/A,N/A,N/A,N/A,N/A,N/A,
Albert Harshaw,Male,white,,,No mention,"Has issues on site, no mention of abortion or in about",Irena,5/28/24,No,No,New Jersey,6/4/24,Senator,N/A,,15064,4.74%,Lost,N/A,N/A,N/A,No,N/A,N/A,N/A,N/A,N/A,N/A,N/A,N/A,N/A,N/A,
Justin Murphy,Male,white,,,Pro-Life,supports exceptions,Irena,5/28/24,No,No,New Jersey,6/4/24,Senator,N/A,,35954,11.31%,Lost,N/A,N/A,N/A,No,N/A,N/A,N/A,N/A,N/A,N/A,N/A,N/A,N/A,N/A,
Steve Jones,Male,white,,,No mention,"has issues on site, no mention of abortion, or in ""about""",Meredith,5/22/24,No,No,New Mexico,6/4/24,Representative,1,,16889,51.38%,Won,N/A,N/A,N/A,N/A,N/A,N/A,N/A,N/A,N/A,N/A,N/A,N/A,N/A,N/A,
Louie Sanchez,Male,hispanic,,,No mention,"has issues on site, no mention of abortion, or in ""about""",Meredith,5/22/24,No,No,New Mexico,6/4/24,Representative,1,,15980,48.62%,Lost,N/A,N/A,N/A,N/A,N/A,N/A,N/A,N/A,N/A,N/A,N/A,N/A,N/A,N/A,
Yvette Herrell,Female,white,,,No mention,"At some point after Meredith's entry (definitely by 6/5/24 when Holly checked), she added a page to her site -- both of our backups are available on Drive, though we keep the known pre-primary response. She now says that she agrees with the Dobbs decision, because it turns the abortion issue back to the states. She also says ""I support exceptions for rape, incest and the life of the mother""",Meredith,5/22/24,No,No,New Mexico,6/4/24,Representative,2,,23216,100.00%,Won,N/A,N/A,N/A,Yes,6/3/24,N/A,Yes,N/A,N/A,N/A,N/A,Yes,Yes,N/A,
Sharon E. Clahchischilliage,Female,native american,,,No mention,"no issues on page, but in bio doesn't mention abortion terms",Meredith,5/22/24,No,No,New Mexico,6/4/24,Representative,3,,24959,100.00%,Won,N/A,N/A,N/A,N/A,N/A,N/A,N/A,N/A,N/A,N/A,N/A,N/A,N/A,N/A,
Nella Louise Domenici,Female,white,,,No mention,"no issues on page, but in bio doesn't mention abortion terms",Meredith,5/22/24,No,No,New Mexico,6/4/24,Senator,N/A,,79809,100.00%,Won,N/A,N/A,N/A,N/A,N/A,N/A,N/A,N/A,N/A,N/A,N/A,Yes,N/A,N/A,
Dusty Johnson,Male,white,,,Pro-Life,,Meredith,5/26/24,Yes,No,South Dakota,6/4/24,Representative,1,H8SD01055,1,100.00%,Won,N/A,N/A,N/A,N/A,N/A,N/A,N/A,N/A,Yes,N/A,N/A,N/A,N/A,N/A,
Andrew Piantidosi,Male,white,,,No mention,"Has issues on site, no mention of abortion or in about",Irena,5/28/24,No,No,Maine,6/11/24,Representative,1,,12220,43.22%,Lost,N/A,N/A,N/A,N/A,N/A,N/A,N/A,N/A,N/A,N/A,N/A,N/A,N/A,N/A,
Ronald C. Russell,Male,white,,,N/A,no website,Irena,5/28/24,No,No,Maine,6/11/24,Representative,1,,16055,56.78%,Won,N/A,N/A,N/A,N/A,N/A,N/A,N/A,N/A,N/A,N/A,N/A,N/A,N/A,N/A,
Michael Soboleski,Male,white,,,No mention,"no issues on page, but in bio doesn't mention abortion terms",Irena,5/28/24,No,No,Maine,6/11/24,Representative,2,,13419,33.40%,Lost,N/A,N/A,N/A,No,N/A,N/A,N/A,N/A,N/A,N/A,N/A,N/A,N/A,N/A,
Austin Theriault,Male,white,,,No mention,"no issues on page, but in bio doesn't mention abortion terms",Irena,5/28/24,No,No,Maine,6/11/24,Representative,2,,26757,66.60%,Won,N/A,N/A,N/A,Yes,3/27/24,N/A,N/A,N/A,N/A,N/A,N/A,N/A,N/A,N/A,
Demi Kouzounas,Female,white (greek),,,No mention,website is just a donate page,Irena,5/28/24,No,No,Maine,6/11/24,Senator,N/A,,58832,100.00%,Won,N/A,N/A,N/A,N/A,N/A,N/A,N/A,N/A,N/A,N/A,N/A,N/A,N/A,N/A,
Jim Blockey,Male,white,,,N/A,no website,Irena,6/6/24,No,No,Nevada,6/11/24,Representative,1,,1487,5.08%,Lost,N/A,N/A,N/A,N/A,N/A,N/A,No,N/A,N/A,N/A,N/A,N/A,N/A,N/A,
Michael Boris,Male,latino,,,No mention,"Has issues on site, no mention of abortion or in about",Irena,6/6/24,No,No,Nevada,6/11/24,Representative,1,,1279,4.37%,Lost,N/A,N/A,N/A,N/A,N/A,N/A,No,N/A,N/A,N/A,N/A,N/A,N/A,N/A,
Flemming Larsen,Male,white,,,No mention,"Has issues on site, no mention of abortion or in about",Irena,6/6/24,No,No,Nevada,6/11/24,Representative,1,,11434,39.09%,Lost,N/A,N/A,N/A,N/A,N/A,N/A,Yes,N/A,N/A,N/A,N/A,N/A,N/A,N/A,
Mark Robertson,Male,white,,,Other,personally Pro-Life but says abortion is settled law in Nevada,Irena,6/6/24,No,No,Nevada,6/11/24,Representative,1,,14102,48.21%,Won,N/A,N/A,N/A,N/A,N/A,N/A,No,N/A,N/A,N/A,N/A,N/A,N/A,N/A,
Evan Stone,Male,Unknown,,,No mention,"no issues on page, but in bio doesn't mention abortion terms",Irena,6/6/24,No,No,Nevada,6/11/24,Representative,1,,950,3.25%,Lost,N/A,N/A,N/A,N/A,N/A,N/A,No,N/A,N/A,N/A,N/A,N/A,N/A,N/A,
Mark E. Amodei,Male,white,,,Pro-Life,"""protect life""",Irena,6/6/24,Yes,No,Nevada,6/11/24,Representative,2,H2NV02395,44098,64.20%,Won,N/A,N/A,N/A,N/A,N/A,N/A,N/A,N/A,Yes,N/A,N/A,N/A,N/A,N/A,
"Fred J. ""Doc"" Simon Jr.",Male,white,,,No mention,"Has issues on site, no mention of abortion or in about",Irena,6/6/24,No,Yes,Nevada,6/11/24,Representative,2,,24592,35.80%,Lost,N/A,N/A,N/A,N/A,N/A,N/A,N/A,N/A,No,N/A,N/A,N/A,N/A,N/A,
Elizabeth Helgelien,Female,white,,,No mention,"Has issues on site, no mention of abortion or in about",Irena,6/6/24,No,No,Nevada,6/11/24,Representative,3,,6784,20.61%,Lost,N/A,N/A,N/A,N/A,N/A,N/A,N/A,N/A,N/A,N/A,N/A,N/A,N/A,N/A,
Drew Johnson,Male,white,,,No mention,"Has issues on site, no mention of abortion or in about",Irena,6/6/24,No,No,Nevada,6/11/24,Representative,3,,10519,31.96%,Won,N/A,N/A,N/A,N/A,N/A,N/A,N/A,N/A,N/A,N/A,N/A,N/A,N/A,N/A,
Steven London,Male,white,,,N/A,no website,Irena,6/6/24,No,No,Nevada,6/11/24,Representative,3,,495,1.50%,Lost,N/A,N/A,N/A,N/A,N/A,N/A,N/A,N/A,N/A,N/A,N/A,N/A,N/A,N/A,
Brian Nadell,Male,white,,,Pro-Life,,Irena,6/6/24,No,No,Nevada,6/11/24,Representative,3,,446,1.35%,Lost,N/A,N/A,N/A,N/A,N/A,N/A,N/A,N/A,N/A,N/A,N/A,N/A,N/A,N/A,
Marty O'Donnell,Male,white,,,No mention,"Has issues on site, no mention of abortion or in about",Irena,6/6/24,No,No,Nevada,6/11/24,Representative,3,,6727,20.44%,Lost,N/A,N/A,N/A,N/A,N/A,N/A,N/A,N/A,N/A,N/A,N/A,N/A,N/A,N/A,
Steven M. Schiffman,Male,white,,,Other,"""Steve believes that banning early-to midterm abortion, per se, is outside the proper role of government.""",Irena,6/6/24,No,No,Nevada,6/11/24,Representative,3,,594,1.80%,Lost,N/A,N/A,N/A,N/A,N/A,N/A,N/A,N/A,N/A,N/A,N/A,N/A,N/A,N/A,
Dan Schwartz,Male,white,,,No mention,"Has issues on site, no mention of abortion or in about",Irena,6/6/24,No,No,Nevada,6/11/24,Representative,3,,7351,22.33%,Lost,N/A,N/A,N/A,N/A,N/A,N/A,N/A,N/A,N/A,N/A,N/A,N/A,N/A,N/A,
David A. Flippo,Male,white,,,No mention,"Has issues on site, no mention of abortion or in about",Irena,6/6/24,No,No,Nevada,6/11/24,Representative,4,,15678,45.29%,Lost,N/A,N/A,N/A,No,N/A,N/A,N/A,N/A,N/A,N/A,N/A,N/A,N/A,N/A,
Bruce Frazey,Male,white,,,No mention,"Has issues on site, no mention of abortion or in about",Irena,6/6/24,No,No,Nevada,6/11/24,Representative,4,,2241,6.47%,Lost,N/A,N/A,N/A,No,N/A,N/A,N/A,N/A,N/A,N/A,N/A,N/A,N/A,N/A,
John Lee,Male,white,,,No mention,"Has issues on site, no mention of abortion or in about",Irena,6/6/24,No,No,Nevada,6/11/24,Representative,4,,16699,48.24%,Won,N/A,N/A,N/A,Yes,6/3/24,N/A,N/A,N/A,N/A,N/A,N/A,N/A,N/A,N/A,
Sam Brown,Male,white,,,Other,"personally Pro-Life, but would not support national abortion ban because it would overturn the decision of Nevadans",Irena,6/6/24,No,No,Nevada,6/11/24,Senator,N/A,,103102,60.17%,Won,N/A,N/A,N/A,Yes,6/9/24,N/A,Yes,Yes,N/A,N/A,N/A,N/A,N/A,N/A,
"Bill ""Green Beret"" Conrad",Male,white,,,Pro-Life,,Irena,6/6/24,No,No,Nevada,6/11/24,Senator,N/A,,6038,3.52%,Lost,N/A,N/A,N/A,No,N/A,N/A,No,No,N/A,N/A,N/A,N/A,N/A,N/A,
"Walter A. ""Tony"" Grady Jr.",Male,black,,,Pro-Life,,Irena,6/6/24,No,No,Nevada,6/11/24,Senator,N/A,,9565,5.58%,Lost,N/A,N/A,N/A,No,N/A,N/A,No,No,N/A,N/A,N/A,N/A,N/A,N/A,
Jeff Gunter,Male,white,,,No mention,"Has issues on site, no mention of abortion or in about",Irena,6/6/24,No,No,Nevada,6/11/24,Senator,N/A,,24987,14.58%,Lost,N/A,N/A,N/A,No,N/A,N/A,No,No,N/A,N/A,N/A,N/A,N/A,N/A,
"E.T. ""Eddynomics"" Hamilton",Male,hispanic,,,No mention,No issues or about page,Irena,6/6/24,No,No,Nevada,6/11/24,Senator,N/A,,478,0.28%,Lost,N/A,N/A,N/A,No,N/A,N/A,No,No,N/A,N/A,N/A,N/A,N/A,N/A,
Ronda Kennedy,Female,black,,,No mention,"Has issues on site, no mention of abortion or in about",Irena,6/6/24,No,No,Nevada,6/11/24,Senator,N/A,,1786,1.04%,Lost,N/A,N/A,N/A,No,N/A,N/A,No,No,N/A,N/A,N/A,N/A,N/A,N/A,
Barry Cameron Lindemann,Male,white,,,No mention,"Has issues on site, no mention of abortion or in about",Irena,6/6/24,No,No,Nevada,6/11/24,Senator,N/A,,852,0.50%,Lost,N/A,N/A,N/A,No,N/A,N/A,No,No,N/A,N/A,N/A,N/A,N/A,N/A,
Garn Mabey,Male,white,,,Other,"""My personal beliefs are abortion may be appropriate...""",Irena,6/6/24,No,No,Nevada,6/11/24,Senator,N/A,,1818,1.06%,Lost,N/A,N/A,N/A,No,N/A,N/A,No,No,N/A,N/A,N/A,N/A,N/A,N/A,
Jim Marchant,Male,white,,,No mention,"Has issues on site, no mention of abortion or in about",Irena,6/6/24,No,No,Nevada,6/11/24,Senator,N/A,,11190,6.53%,Lost,N/A,N/A,N/A,No,N/A,N/A,No,No,N/A,N/A,N/A,N/A,N/A,N/A,
Gary A. Marinch,Male,white,,,N/A,no website,Irena,6/6/24,No,No,Nevada,6/11/24,Senator,N/A,,231,0.13%,Lost,N/A,N/A,N/A,No,N/A,N/A,No,No,N/A,N/A,N/A,N/A,N/A,N/A,
Stephanie Phillips,Female,white,,,Other,Pro-Life but says no elected official can ban abortion,Irena,6/6/24,No,No,Nevada,6/11/24,Senator,N/A,,3828,2.23%,Lost,N/A,N/A,N/A,No,N/A,N/A,No,No,N/A,N/A,N/A,N/A,N/A,N/A,
Vincent G. Rego,Male,white,,,Other,Left to the states,Irena,6/6/24,No,No,Nevada,6/11/24,Senator,N/A,,311,0.18%,Lost,N/A,N/A,N/A,No,N/A,N/A,No,No,N/A,N/A,N/A,N/A,N/A,N/A,
Julie Fedorchak,Female,white,,,Pro-Life,"""sanctity of life""",Mary,6/7/24,No,No,North Dakota,6/11/24,Representative,1,,43424,45.93%,Won,N/A,N/A,N/A,Yes,5/30/24,N/A,N/A,N/A,N/A,Yes,Yes,Yes,N/A,Yes,
Alexander C. Balazs,Male,white,,,No mention,"no issues on page, but in bio doesn't mention abortion terms",Mary,6/7/24,No,No,North Dakota,6/11/24,Representative,1,,3788,4.01%,Lost,N/A,N/A,N/A,No,N/A,N/A,N/A,N/A,N/A,No,No,No,N/A,No,
Rick Becker,Male,white,,,Pro-Life,"""sanctity and respect for life""",Mary,6/7/24,No,No,North Dakota,6/11/24,Representative,1,,27965,29.58%,Lost,N/A,N/A,N/A,No,N/A,N/A,N/A,N/A,N/A,No,No,No,N/A,No,
Sharlet Mohr,Female,white,,,N/A,no website,Mary,6/7/24,No,No,North Dakota,6/11/24,Representative,1,,800,0.85%,Lost,N/A,N/A,N/A,No,N/A,N/A,N/A,N/A,N/A,No,No,No,N/A,No,
Cara Mund,Female,white,,,Other,"""As an advocate for limited government, women’s health care should never be in the hands of the federal government. North Dakota does not have a clinic that performs elective abortions; this truly is an issue of women’s reproductive health care""",Mary,6/7/24,No,No,North Dakota,6/11/24,Representative,1,,18460,19.52%,Lost,N/A,N/A,N/A,No,N/A,N/A,N/A,N/A,N/A,No,No,No,N/A,No,
Tammy Miller,Female,white,,,No mention,"Has issues on site, no mention of abortion or in about",Mary,6/7/24,No,No,North Dakota,6/11/24,Governor,N/A,,24967,26.65%,Lost,N/A,N/A,N/A,No,N/A,N/A,N/A,N/A,N/A,N/A,N/A,N/A,N/A,N/A,
Kelly Armstrong,Male,white,,,Pro-Life,,Mary,6/7/24,No,No,North Dakota,6/11/24,Governor,N/A,,68152,72.75%,Won,N/A,N/A,N/A,Yes,5/30/24,N/A,N/A,N/A,N/A,N/A,N/A,N/A,N/A,N/A,
Kevin Cramer,Male,white,,,Pro-Life,,Mary,6/7/24,Yes,No,North Dakota,6/11/24,Senator,N/A,S8ND00120,82692,97.74%,Won,N/A,N/A,N/A,Yes,3/11/24,N/A,N/A,N/A,Yes,N/A,N/A,N/A,N/A,N/A,
Nancy Mace,Female,white,,,Other,"""there is no consensus on banning any and all abortions outright""",Mary,6/7/24,Yes,No,South Carolina,6/11/24,Representative,1,H0SC01394,28300,56.78%,Won,N/A,N/A,N/A,Yes,3/9/24,Yes,N/A,N/A,Yes,N/A,N/A,Yes,N/A,No,
Catherine Templeton,Female,white,,,Pro-Life,,Mary,6/7/24,No,Yes,South Carolina,6/11/24,Representative,1,,14849,29.79%,Lost,N/A,N/A,N/A,No,N/A,No,N/A,N/A,No,N/A,N/A,No,N/A,Yes,
Bill Young,Male,white,,,No mention,"Has issues on site, no mention of abortion or in about",Mary,6/7/24,No,Yes,South Carolina,6/11/24,Representative,1,,6691,13.42%,Lost,N/A,N/A,N/A,No,N/A,No,N/A,N/A,No,N/A,N/A,No,N/A,No,
Hamp Redmond,Male,white,,,Other,"""Personally I’m against abortion, but I feel it should be left up to the states.""",Mary,6/7/24,No,Yes,South Carolina,6/11/24,Representative,2,,12085,26.06%,Lost,N/A,N/A,N/A,No,N/A,N/A,N/A,N/A,No,N/A,N/A,N/A,N/A,N/A,
Joe Wilson,Male,white,,,N/A,website down,Mary,6/7/24,Yes,No,South Carolina,6/11/24,Representative,2,H2SC02059,34292,73.94%,Won,N/A,N/A,N/A,Yes,2/29/24,N/A,N/A,N/A,Yes,N/A,N/A,N/A,N/A,N/A,
Sheri Biggs,Female,white,,,Pro-Life,"""sanctity of life""",Mary,6/7/24,No,No,South Carolina,6/11/24,Representative,3,,23523,28.82%,Made runoff,28156,50.99%,Won,No,N/A,N/A,N/A,N/A,N/A,No,N/A,Yes,N/A,N/A,
Kevin Bishop,Male,white,,,Pro-Life,,Mary,6/7/24,No,No,South Carolina,6/11/24,Representative,3,,8972,10.99%,Lost,N/A,N/A,N/A,No,N/A,N/A,N/A,N/A,N/A,Yes,N/A,No,N/A,N/A,
Mark Burns,Male,black,,,No mention,"Has issues on site, no mention of abortion or in about",Mary,6/7/24,No,No,South Carolina,6/11/24,Representative,3,,27069,33.16%,Made runoff,27064,49.01%,Lost,Yes,4/1/24,N/A,N/A,N/A,N/A,No,N/A,No,N/A,N/A,
Franky Franco,Male,hispanic (ecuadorian and cuban),,,Pro-Life,,Mary,6/7/24,No,No,South Carolina,6/11/24,Representative,3,,3494,4.28%,Lost,N/A,N/A,N/A,No,N/A,N/A,N/A,N/A,N/A,No,N/A,No,N/A,N/A,
Phil Healy,Male,white,,,Pro-Life,,Mary,6/7/24,No,No,South Carolina,6/11/24,Representative,3,,1552,1.90%,Lost,N/A,N/A,N/A,No,N/A,N/A,N/A,N/A,N/A,No,N/A,No,N/A,N/A,
Stewart O. Jones,Male,white,,,Pro-Life,"""protection of life""",Mary,6/7/24,No,No,South Carolina,6/11/24,Representative,3,,15260,18.70%,Lost,N/A,N/A,N/A,No,N/A,N/A,N/A,N/A,N/A,No,N/A,No,N/A,N/A,
Elspeth Snow Murday,Female,white,,,Pro-Life,"""Pro-life, pro-IVF, and against anti-family legislation which reduces women’s healthcare access and increases pregnancy risks for both women and babies""",Mary,6/7/24,No,No,South Carolina,6/11/24,Representative,3,,1754,2.15%,Lost,N/A,N/A,N/A,No,N/A,N/A,N/A,N/A,N/A,No,N/A,No,N/A,N/A,
Adam Morgan,Male,white,,,Pro-Life,,Mary,6/7/24,No,Yes,South Carolina,6/11/24,Representative,4,,34269,48.40%,Lost,N/A,N/A,N/A,No,N/A,N/A,N/A,N/A,No,N/A,N/A,N/A,N/A,N/A,
William Timmons,Male,white,,,Pro-Life,,Mary,6/7/24,Yes,No,South Carolina,6/11/24,Representative,4,H8SC04250,36533,51.60%,Won,N/A,N/A,N/A,Yes,2/29/24,N/A,N/A,N/A,Yes,N/A,N/A,N/A,N/A,N/A,
Ralph W. Norman,Male,white,,,Pro-Life,"About page lists: ""Endorsed by the National Right to Life PAC""",Mary,6/7/24,Yes,No,South Carolina,6/11/24,Representative,5,H8SC05158,1,100.00%,Won,N/A,N/A,N/A,N/A,N/A,N/A,N/A,N/A,Yes,N/A,N/A,N/A,N/A,N/A,
Duke Buckner,Male,black,,,Pro-Life,,Mary,6/7/24,No,No,South Carolina,6/11/24,Representative,6,,10145,55.76%,Won,N/A,N/A,N/A,N/A,N/A,N/A,N/A,N/A,N/A,N/A,N/A,N/A,N/A,N/A,
Justin Scott,Male,white,,,No mention,"Has issues on site, no mention of abortion or in about",Mary,6/7/24,No,No,South Carolina,6/11/24,Representative,6,,8050,44.24%,Lost,N/A,N/A,N/A,N/A,N/A,N/A,N/A,N/A,N/A,N/A,N/A,N/A,N/A,N/A,
Russell Fry,Male,white,,,Pro-Life,"""defend the unborn""",Mary,6/7/24,Yes,No,South Carolina,6/11/24,Representative,7,H2SC07280,1,100.00%,Won,N/A,N/A,N/A,Yes,2/29/24,N/A,N/A,N/A,Yes,N/A,N/A,N/A,N/A,N/A,
Kevin Hern,Male,white,,,Pro-Life,"he has a ""promises kept"" page, which is issue positions",Meredith,6/7/24,Yes,No,Oklahoma,6/18/24,Representative,1,H8OK01157,30244,87.04%,Won,N/A,N/A,N/A,Yes,5/26/24,N/A,N/A,N/A,Yes,N/A,N/A,N/A,N/A,N/A,
Paul Royse,Male,white,,,Pro-Life,,Meredith,6/7/24,No,Yes,Oklahoma,6/18/24,Representative,1,,4504,12.96%,Lost,N/A,N/A,N/A,No,N/A,N/A,N/A,N/A,No,N/A,N/A,N/A,N/A,N/A,
Josh Brecheen,Male,white,,,Pro-Life,,Meredith,6/7/24,Yes,No,Oklahoma,6/18/24,Representative,2,H2OK02315,1,100.00%,Won,N/A,N/A,N/A,Yes,5/26/24,N/A,N/A,N/A,Yes,N/A,N/A,N/A,N/A,N/A,
Robin Lynn Carder,Female,white,,,No mention,"has issues but no about page, does not mention abortion",Meredith,6/7/24,No,Yes,Oklahoma,6/18/24,Representative,3,,6651,13.07%,Lost,N/A,N/A,N/A,No,N/A,N/A,N/A,N/A,No,N/A,N/A,N/A,N/A,N/A,
Darren Hamilton,Male,white,,,No mention,"has issues and about page, does not mention abortion",Meredith,6/7/24,No,Yes,Oklahoma,6/18/24,Representative,3,,7087,13.92%,Lost,N/A,N/A,N/A,No,N/A,N/A,N/A,N/A,No,N/A,N/A,N/A,N/A,N/A,
Frank D. Lucas,Male,white,,,Pro-Life,,Meredith,6/7/24,Yes,No,Oklahoma,6/18/24,Representative,3,H4OK06056,37158,73.01%,Won,N/A,N/A,N/A,Yes,5/26/24,N/A,N/A,N/A,Yes,N/A,N/A,N/A,N/A,N/A,
Paul L. Bondar,Male,white,,,No mention,,Meredith,6/7/24,No,Yes,Oklahoma,6/18/24,Representative,4,,16127,25.80%,Lost,N/A,N/A,N/A,No,N/A,N/A,N/A,N/A,No,No,N/A,N/A,N/A,N/A,
Tom Cole,Male,white,,,Pro-Life,,Meredith,6/7/24,Yes,No,Oklahoma,6/18/24,Representative,4,H2OK04055,40393,64.63%,Won,N/A,N/A,N/A,Yes,5/7/24,N/A,N/A,N/A,Yes,Yes,N/A,N/A,N/A,N/A,
Nick Hankins,Male,white,,,No mention,"has issues and about page, does not mention abortion",Meredith,6/7/24,No,Yes,Oklahoma,6/18/24,Representative,4,,1257,2.01%,Lost,N/A,N/A,N/A,No,N/A,N/A,N/A,N/A,No,No,N/A,N/A,N/A,N/A,
Rick Whitebear Harris,Male,white,,,N/A,no website,Meredith,6/7/24,No,Yes,Oklahoma,6/18/24,Representative,4,,2171,3.47%,Lost,N/A,N/A,N/A,No,N/A,N/A,N/A,N/A,No,No,N/A,N/A,N/A,N/A,
Andrew Hayes,Male,white,,,N/A,no website,Meredith,6/7/24,No,Yes,Oklahoma,6/18/24,Representative,4,,2551,4.08%,Lost,N/A,N/A,N/A,No,N/A,N/A,N/A,N/A,No,No,N/A,N/A,N/A,N/A,
Stephanie Bice,Female,middle eastern (iranian),white (dutch),,Pro-Life,,Meredith,6/7/24,Yes,No,Oklahoma,6/18/24,Representative,5,H0OK05205,1,100.00%,Won,N/A,N/A,N/A,Yes,5/26/24,N/A,N/A,N/A,Yes,N/A,N/A,Yes,Yes,N/A,
Robert J. Wittman,Male,white,,,Pro-Life,"""sanctity of life""",Mary,6/7/24,Yes,No,Virginia,6/18/24,Representative,1,H8VA01147,1,100.00%,Won,N/A,N/A,N/A,Yes,5/26/24,N/A,N/A,N/A,Yes,N/A,N/A,N/A,N/A,N/A,
Jen A. Kiggans,Female,white,,,Other,"""abortion laws should be determined at the state level""",Mary,6/7/24,Yes,No,Virginia,6/18/24,Representative,2,H2VA02064,1,100.00%,Won,N/A,N/A,N/A,Yes,5/26/24,N/A,Yes,N/A,Yes,N/A,N/A,Yes,Yes,Yes,
"John Sitka, III",Male,,,,,,,,No,No,Virginia,6/18/24,Representative,3,,1,100.00%,Won,N/A,N/A,N/A,N/A,N/A,N/A,N/A,N/A,N/A,N/A,N/A,N/A,N/A,N/A,
"William J. ""Bill"" Moher III",Male,,,,,,,,No,No,Virginia,6/18/24,Representative,4,,1,100.00%,Won,N/A,N/A,N/A,N/A,N/A,N/A,N/A,N/A,N/A,N/A,N/A,N/A,N/A,N/A,
"Robert G. ""Bob"" Good",Male,white,,,Pro-Life,,Mary,6/7/24,Yes,No,Virginia,6/18/24,Representative,5,H0VA05160,31209,49.70%,Lost,N/A,N/A,N/A,No,N/A,Yes,N/A,N/A,N/A,N/A,N/A,N/A,N/A,N/A,
John J. McGuire III,Male,white,,,Pro-Life,,Mary,6/7/24,No,Yes,Virginia,6/18/24,Representative,5,,31583,50.30%,Won,N/A,N/A,N/A,Yes,5/28/24,No,N/A,N/A,N/A,N/A,N/A,N/A,N/A,N/A,
Ben L. Cline,Male,white,,,Pro-Life,,Mary,6/7/24,Yes,No,Virginia,6/18/24,Representative,6,H8VA06104,1,100.00%,Won,N/A,N/A,N/A,Yes,5/26/24,N/A,N/A,N/A,Yes,N/A,N/A,N/A,N/A,N/A,
Derrick M. Anderson,Male,white,,,No mention,"no issues on page, but in bio doesn't mention abortion terms",Mary,6/7/24,No,No,Virginia,6/18/24,Representative,7,,16338,45.17%,Won,N/A,N/A,N/A,N/A,N/A,N/A,N/A,N/A,N/A,N/A,N/A,N/A,N/A,N/A,
Cameron D. Hamilton,Male,white,,,Pro-Life,,Mary,6/7/24,No,No,Virginia,6/18/24,Representative,7,,13448,37.18%,Lost,N/A,N/A,N/A,N/A,N/A,N/A,N/A,N/A,N/A,N/A,N/A,N/A,N/A,N/A,
Maria E. Martin,Female,white,,,Pro-Life,,Mary,6/7/24,No,No,Virginia,6/18/24,Representative,7,,625,1.73%,Lost,N/A,N/A,N/A,N/A,N/A,N/A,N/A,N/A,N/A,N/A,N/A,N/A,N/A,N/A,
Jon P. Myers,Male,white,,,Pro-Life,supports exceptions,Mary,6/7/24,No,No,Virginia,6/18/24,Representative,7,,4660,12.88%,Lost,N/A,N/A,N/A,N/A,N/A,N/A,N/A,N/A,N/A,N/A,N/A,N/A,N/A,N/A,
John Prabhudoss,Male,asian (indian),,,No mention,"Has issues on site, no mention of abortion or in about",Mary,6/7/24,No,No,Virginia,6/18/24,Representative,7,,729,2.02%,Lost,N/A,N/A,N/A,N/A,N/A,N/A,N/A,N/A,N/A,N/A,N/A,N/A,N/A,N/A,
Terris E. Todd,Male,black,,,No mention,"Has issues on site, no mention of abortion or in about",Mary,6/7/24,No,No,Virginia,6/18/24,Representative,7,,373,1.03%,Lost,N/A,N/A,N/A,N/A,N/A,N/A,N/A,N/A,N/A,N/A,N/A,N/A,N/A,N/A,
Jerry W. Torres,Male,hispanic,,,N/A,website down,Mary,6/7/24,No,No,Virginia,6/18/24,Representative,8,,1,100.00%,Won,N/A,N/A,N/A,N/A,N/A,N/A,N/A,N/A,N/A,N/A,N/A,N/A,N/A,N/A,
H. Morgan Griffith,Male,white,,,Pro-Life,"""right to life""",Mary,6/7/24,Yes,No,Virginia,6/18/24,Representative,9,H0VA09055,1,100.00%,Won,N/A,N/A,N/A,Yes,5/26/24,N/A,N/A,N/A,Yes,N/A,N/A,N/A,N/A,N/A,
Manga A. Anantatmula,Female,asian (indian),,,Pro-Life,,Mary,6/7/24,No,No,Virginia,6/18/24,Representative,10,,1327,4.89%,Lost,N/A,N/A,N/A,N/A,N/A,N/A,N/A,N/A,N/A,N/A,N/A,N/A,N/A,N/A,
Aliscia N. Andrews,Female,white,,,No mention,"Has issues on site, no mention of abortion or in about",Mary,6/7/24,No,No,Virginia,6/18/24,Representative,10,,5832,21.49%,Lost,N/A,N/A,N/A,N/A,N/A,N/A,N/A,N/A,N/A,N/A,N/A,N/A,N/A,N/A,
Mike W. Clancy,Male,white,,,Pro-Life,,Mary,6/7/24,No,No,Virginia,6/18/24,Representative,10,,17434,64.24%,Won,N/A,N/A,N/A,N/A,N/A,N/A,N/A,N/A,N/A,N/A,N/A,N/A,N/A,N/A,
Alex H. Isaac Jr.,Male,middle eastern (iraqi and palestinian),,,No mention,"no issues on page, but in bio doesn't mention abortion terms",Mary,6/7/24,No,No,Virginia,6/18/24,Representative,10,,2544,9.37%,Lost,N/A,N/A,N/A,N/A,N/A,N/A,N/A,N/A,N/A,N/A,N/A,N/A,N/A,N/A,
Mike L. Van Meter,Male,white,,,No mention,"Has issues on site, no mention of abortion or in about",Mary,6/7/24,No,No,Virginia,6/18/24,Representative,11,,1,100.00%,Won,N/A,N/A,N/A,N/A,N/A,N/A,N/A,N/A,N/A,N/A,N/A,N/A,N/A,N/A,
Hung Cao,Male,asian (vietnamese),,,Pro-Life,,Mary,6/7/24,No,No,Virginia,6/18/24,Senator,N/A,,168868,61.79%,Won,N/A,N/A,N/A,Yes,5/26/24,N/A,N/A,N/A,N/A,N/A,N/A,N/A,N/A,N/A,
Jonathan W. Emord,Male,white,,,Pro-Life,"""sanctity of life""",Mary,6/7/24,No,No,Virginia,6/18/24,Senator,N/A,,23614,8.64%,Lost,N/A,N/A,N/A,No,N/A,N/A,N/A,N/A,N/A,N/A,N/A,N/A,N/A,N/A,
"Edward C. ""Eddie"" Garcia Jr.",Male,white,,,Pro-Life,,Mary,6/7/24,No,No,Virginia,6/18/24,Senator,N/A,,26777,9.80%,Lost,N/A,N/A,N/A,No,N/A,N/A,N/A,N/A,N/A,N/A,N/A,N/A,N/A,N/A,
Scott Thomas Parkinson,Male,white,,,No mention,"no issues on page, but in bio doesn't mention abortion terms",Mary,6/7/24,No,No,Virginia,6/18/24,Senator,N/A,,29940,10.95%,Lost,N/A,N/A,N/A,No,N/A,N/A,N/A,N/A,N/A,N/A,N/A,N/A,N/A,N/A,
"C. L. ""Chuck"" Smith, Jr.",Male,black,,,Pro-Life,“Protect life from conception until natural death.”,Mary,6/7/24,No,No,Virginia,6/18/24,Senator,N/A,,24108,8.82%,Lost,N/A,N/A,N/A,No,N/A,N/A,N/A,N/A,N/A,N/A,N/A,N/A,N/A,N/A,
Valdamar Archuleta,Male,hispanic,,,No mention,has issues,Meredith,6/18/24,No,No,Colorado,6/25/24,Representative,1,,11421,100.00%,Won,N/A,N/A,N/A,N/A,N/A,N/A,N/A,N/A,N/A,N/A,N/A,N/A,N/A,N/A,gay; president of log cabin republicans colorado
Marshall Dawson,Male,white,,,No mention,no issues or about page,Meredith,6/18/24,No,No,Colorado,6/25/24,Representative,2,,30825,100.00%,Won,N/A,N/A,N/A,N/A,N/A,N/A,N/A,N/A,N/A,N/A,N/A,N/A,N/A,N/A,
Russ Andrews,Male,white,,,No mention,"has issues and about, but no mention ",Meredith,6/18/24,No,No,Colorado,6/25/24,Representative,3,,5304,5.99%,Lost,N/A,N/A,N/A,N/A,N/A,N/A,No,N/A,N/A,No,N/A,N/A,N/A,N/A,
Ron Hanks,Male,white,,,Pro-Life,,Meredith,6/18/24,No,No,Colorado,6/25/24,Representative,3,,25211,28.48%,Lost,N/A,N/A,N/A,N/A,N/A,N/A,No,N/A,N/A,No,N/A,N/A,N/A,N/A,
Jeff Hurd,Male,white,,,No mention,"has issues and about, but no mention ",Meredith,6/18/24,No,No,Colorado,6/25/24,Representative,3,,36505,41.24%,Won,N/A,N/A,N/A,N/A,N/A,N/A,Yes,N/A,N/A,No,N/A,N/A,N/A,N/A,
Curtis M. McCrackin,Male,white,,,Other,"In issues, while discussing 1st Amendment: ""The freedom to reject ideas such as climate change, abortion access, gun control, participation of transgender men in women's sports, or to disagree with mutilating the sexual organs of teenagers has been labeled as hate speech.""",Meredith,6/18/24,No,No,Colorado,6/25/24,Representative,3,,5772,6.52%,Lost,N/A,N/A,N/A,N/A,N/A,N/A,No,N/A,N/A,No,N/A,N/A,N/A,N/A,
Stephen A. Varela,Male,hispanic,,,Pro-Life,,Meredith,6/18/24,No,No,Colorado,6/25/24,Representative,3,,8638,9.76%,Lost,N/A,N/A,N/A,N/A,N/A,N/A,No,N/A,N/A,Yes,N/A,N/A,N/A,N/A,
Lew Webb,Male,white,,,No mention,"has issues and about, but no mention ",Meredith,6/18/24,No,No,Colorado,6/25/24,Representative,3,,7094,8.01%,Lost,N/A,N/A,N/A,N/A,N/A,N/A,No,N/A,N/A,No,N/A,N/A,N/A,N/A,
Lauren Boebert,Female,white,,,Pro-Life,mentions her SBA Pro-Life marks on the about,Meredith,6/18/24,Yes,No,Colorado,6/25/24,Representative,4,H0CO03165,54605,43.66%,Won,N/A,N/A,N/A,Yes,3/2/24,N/A,N/A,N/A,N/A,N/A,N/A,No,Yes,N/A,
Deborah Flora,Female,white,,,Pro-Life,,Meredith,6/18/24,No,Yes,Colorado,6/25/24,Representative,4,,17069,13.65%,Lost,N/A,N/A,N/A,No,N/A,N/A,N/A,N/A,N/A,N/A,N/A,Yes,No,N/A,
Richard Holtorf,Male,white,,,No mention,no issues,Meredith,6/18/24,No,Yes,Colorado,6/25/24,Representative,4,,13387,10.70%,Lost,N/A,N/A,N/A,No,N/A,N/A,N/A,N/A,N/A,N/A,N/A,No,No,N/A,
Mike Lynch,Male,white,,,No mention,"has issues and about, but no mention ",Meredith,6/18/24,No,Yes,Colorado,6/25/24,Representative,4,,13357,10.68%,Lost,N/A,N/A,N/A,No,N/A,N/A,N/A,N/A,N/A,N/A,N/A,No,No,N/A,
Jerry Sonnenberg,Male,white,,,Pro-Life,,Meredith,6/18/24,No,Yes,Colorado,6/25/24,Representative,4,,17791,14.23%,Lost,N/A,N/A,N/A,No,N/A,N/A,N/A,N/A,N/A,N/A,N/A,No,No,N/A,
Peter Yu,Male,asian (chinese),,,No mention,has issues,Meredith,6/18/24,No,Yes,Colorado,6/25/24,Representative,4,,8854,7.08%,Lost,N/A,N/A,N/A,No,N/A,N/A,N/A,N/A,N/A,N/A,N/A,No,No,N/A,
Jeff Crank,Male,white,,,Pro-Life,"""proud pro-life advocate""",Meredith,6/19/24,No,No,Colorado,6/25/24,Representative,5,,56585,65.16%,Won,N/A,N/A,N/A,No,N/A,N/A,Yes,N/A,N/A,Yes,N/A,N/A,N/A,N/A,
Dave Williams,Male,white,,,Pro-Life,,Meredith,6/19/24,No,No,Colorado,6/25/24,Representative,5,,30257,34.84%,Lost,N/A,N/A,N/A,Yes,3/12/24,N/A,No,N/A,N/A,No,N/A,N/A,N/A,N/A,
John E. Fabbricatore,Male,white,,,No mention,no issues,Meredith,6/19/24,No,No,Colorado,6/25/24,Representative,6,,30895,100.00%,Won,N/A,N/A,N/A,N/A,N/A,N/A,N/A,N/A,N/A,N/A,N/A,N/A,N/A,N/A,
Sergei Matveyuk,Male,white (polish),,,No mention,"has issues and about, but no mention ",Meredith,6/19/24,No,No,Colorado,6/25/24,Representative,7,,46154,100.00%,Won,N/A,N/A,N/A,N/A,N/A,N/A,N/A,N/A,N/A,N/A,N/A,N/A,N/A,N/A,
Gabe Evans,Male,hispanic (mexican),,,Other,"""I am pro-life, believe abortion stops a beating heart, and oppose taxpayer funded abortion. Since the US Supreme Court has returned this issue to the states, I will not vote for a national abortion ban.""",Meredith,6/19/24,No,No,Colorado,6/25/24,Representative,8,,35393,77.47%,Won,N/A,N/A,N/A,Yes,6/3/24,N/A,Yes,N/A,N/A,N/A,N/A,N/A,N/A,N/A,
Janak Joshi,Male,asian (indian),,,Pro-Life,,Meredith,6/19/24,No,No,Colorado,6/25/24,Representative,8,,10294,22.53%,Lost,N/A,N/A,N/A,No,N/A,N/A,No,N/A,N/A,N/A,N/A,N/A,N/A,N/A,
Nicholas J. LaLota,Male,white,,,Other,"""My stance on abortion is much like that of former President Clinton: I do not oppose it in the first trimester or in cases of rape, incest, or when the mother's life is at risk.""",Mary,6/20/24,Yes,No,New York,6/25/24,Representative,1,H2NY01190,1,100.00%,Won,N/A,N/A,N/A,Yes,5/26/24,N/A,N/A,N/A,Yes,N/A,N/A,N/A,N/A,N/A,
Andrew R. Garbarino,Male,white,,,No mention,,Mary,6/20/24,Yes,No,New York,6/25/24,Representative,2,H0NY02234,1,100.00%,Won,N/A,N/A,N/A,Yes,6/13/24,N/A,N/A,N/A,Yes,N/A,N/A,N/A,N/A,N/A,
Michael J. LiPetri Jr.,Male,white,,,Other,"""I do not support a national abortion ban – period. Don’t believe the lies you will hear. What I am wholeheartedly against are abortions in the third trimester only. Surveys show 80% of Americans agree with me on this stance.""",Mary,6/20/24,No,No,New York,6/25/24,Representative,3,,1,100.00%,Won,N/A,N/A,N/A,Yes,6/15/24,N/A,N/A,N/A,N/A,N/A,N/A,N/A,N/A,N/A,
Anthony P. D'Esposito,Male,white (italian),,,No mention,"lists issues, no mention of abortion",Mary,6/20/24,Yes,No,New York,6/25/24,Representative,4,H2NY04277,1,100.00%,Won,N/A,N/A,N/A,Yes,5/26/24,N/A,N/A,N/A,Yes,N/A,N/A,N/A,N/A,N/A,
Paul King,Male,white,,,No mention,"lists issues (""plans""), no mention of abortion",Mary,6/20/24,No,No,New York,6/25/24,Representative,5,,1,100.00%,Won,N/A,N/A,N/A,N/A,N/A,N/A,N/A,N/A,N/A,N/A,N/A,N/A,N/A,N/A,
Thomas Zmich,Male,White,,,N/A,no website,Mary,6/20/24,No,No,New York,6/25/24,Representative,6,,1,100.00%,Won,N/A,N/A,N/A,N/A,N/A,N/A,N/A,N/A,N/A,N/A,N/A,N/A,N/A,N/A,
William Kregler,Male,white,,,No mention,,Mary,6/20/24,No,No,New York,6/25/24,Representative,7,,1,100.00%,Won,N/A,N/A,N/A,N/A,N/A,N/A,N/A,N/A,N/A,N/A,N/A,N/A,N/A,N/A,
John Delaney,Male,,,,N/A,no website,Mary,6/20/24,No,No,New York,6/25/24,Representative,8,,1,100.00%,Won,N/A,N/A,N/A,N/A,N/A,N/A,N/A,N/A,N/A,N/A,N/A,N/A,N/A,N/A,
Menachem M. Raitport,Male,white (orthodox jewish),,,N/A,no working website,Mary,6/20/24,No,No,New York,6/25/24,Representative,9,,1,100.00%,Won,N/A,N/A,N/A,N/A,N/A,N/A,N/A,N/A,N/A,N/A,N/A,N/A,N/A,N/A,
Alexander Dodenhoff,Male,,,,N/A,no website,Mary,6/20/24,No,No,New York,6/25/24,Representative,10,,1,100.00%,Won,N/A,N/A,N/A,N/A,N/A,N/A,N/A,N/A,N/A,N/A,N/A,N/A,N/A,N/A,
Nicole Malliotakis,Female,white (greek),hispanic (cuban),,No mention,"lists issues, no mention of abortion terms",Mary,6/20/24,Yes,No,New York,6/25/24,Representative,11,H0NY11078,1,100.00%,Won,N/A,N/A,N/A,Yes,5/26/24,N/A,N/A,N/A,Yes,N/A,N/A,Yes,N/A,N/A,
Mike Zumbluskas,Male,,,,No mention,"lists issues, no mention of abortion terms",Mary,6/20/24,No,No,New York,6/25/24,Representative,12,,1,100.00%,Won,N/A,N/A,N/A,N/A,N/A,N/A,N/A,N/A,N/A,N/A,N/A,N/A,N/A,N/A,
Ruben D. Vargas,Male,Hispanic,,,N/A,"no current website, found an old one that fails to load",Mary,6/20/24,No,No,New York,6/25/24,Representative,13,,1,100.00%,Won,N/A,N/A,N/A,N/A,N/A,N/A,N/A,N/A,N/A,N/A,N/A,N/A,N/A,N/A,
Tina Forte,Female,white,,,No mention,"lists issues, no mention of abortion terms",Mary,6/20/24,No,No,New York,6/25/24,Representative,14,,1,100.00%,Won,N/A,N/A,N/A,N/A,N/A,N/A,N/A,N/A,N/A,N/A,N/A,N/A,N/A,N/A,
Gonzalo Duran,Male,Unknown,,,No mention,"has list of ""platforms,"" no mention of abortion terms",Mary,6/20/24,No,No,New York,6/25/24,Representative,15,,1,100.00%,Won,N/A,N/A,N/A,N/A,N/A,N/A,N/A,N/A,N/A,N/A,N/A,N/A,N/A,N/A,
Miriam Levitt Flisser,Female,white,,,No mention,"no separate about or issues page, issues on home page do not include abortion terms",Mary,6/20/24,No,No,New York,6/25/24,Representative,16,,1,100.00%,Won,N/A,N/A,N/A,N/A,N/A,N/A,N/A,N/A,N/A,N/A,N/A,N/A,N/A,N/A,
Mike Lawler,Male,white,,,Other,"supports exceptions, opposes federal ban",Mary,6/20/24,Yes,No,New York,6/25/24,Representative,17,H2NY17162,1,100.00%,Won,N/A,N/A,N/A,N/A,N/A,N/A,N/A,N/A,Yes,N/A,N/A,N/A,N/A,N/A,
Alison Esposito,Female,white,,,Other,"supports exceptions, opposes federal ban",Mary,6/20/24,No,No,New York,6/25/24,Representative,18,,1,100.00%,Won,N/A,N/A,N/A,Yes,6/15/24,N/A,N/A,N/A,N/A,N/A,Yes,Yes,N/A,Yes,
Marcus Molinaro,Male,white,,,No mention,"lists issues, no mention of abortion terms",Mary,6/20/24,Yes,No,New York,6/25/24,Representative,19,H2NY19127,1,100.00%,Won,N/A,N/A,N/A,Yes,6/13/24,N/A,N/A,N/A,Yes,N/A,N/A,N/A,N/A,N/A,
Kevin M. Waltz,Male,white,,,No mention,no issues page,Mary,6/20/24,No,No,New York,6/25/24,Representative,20,,1,100.00%,Won,N/A,N/A,N/A,N/A,N/A,N/A,N/A,N/A,N/A,N/A,N/A,N/A,N/A,N/A,
Elise M. Stefanik,Female,white,,,Other,"""She is a well-respected national policy leader on issues ranging from ... life ..."" but she doesn't say pro-life. On her endorsements page (which we're technically not considering for this), she does list Susan B. Anthony List",Mary,6/20/24,Yes,No,New York,6/25/24,Representative,21,H4NY21079,1,100.00%,Won,N/A,N/A,N/A,Yes,5/26/24,N/A,N/A,N/A,Yes,N/A,N/A,Yes,Yes,N/A,
Brandon M. Williams,Male,white,,,Pro-Life,,Mary,6/20/24,Yes,No,New York,6/25/24,Representative,22,H2NY22212,1,100.00%,Won,N/A,N/A,N/A,Yes,5/26/24,N/A,N/A,N/A,Yes,N/A,N/A,N/A,N/A,N/A,
Nicholas A. Langworthy,Male,white,,,Pro-Life,"""protect the lives of unborn children""",Mary,6/20/24,Yes,No,New York,6/25/24,Representative,23,H2NY23228,1,100.00%,Won,N/A,N/A,N/A,Yes,5/26/24,N/A,N/A,N/A,Yes,N/A,N/A,N/A,N/A,N/A,
Claudia Tenney,Female,white,,,No mention,"lists issues, no mention of abortion terms. Her accomplishments page (which we aren't considering) does mention pro-life and Susan B. Anthony List",Mary,6/20/24,Yes,No,New York,6/25/24,Representative,24,H4NY22051,19485,60.20%,Won,N/A,N/A,N/A,Yes,3/27/24,N/A,N/A,N/A,Yes,N/A,N/A,Yes,Yes,N/A,
Mario Fratto,Male,white (italian),,,Pro-Life,"""Mario will fight to protect the lives of unborn children""",Mary,6/20/24,No,Yes,New York,6/25/24,Representative,24,,12233,37.79%,Lost,N/A,N/A,N/A,N/A,N/A,N/A,N/A,N/A,No,N/A,N/A,No,No,N/A,
Gregg A. Sadwick,Male,white,,,Other,pro-choice,Mary,6/20/24,No,No,New York,6/25/24,Representative,25,,1,100.00%,Won,N/A,N/A,N/A,N/A,N/A,N/A,N/A,N/A,N/A,N/A,N/A,N/A,N/A,N/A,
Anthony G. Marecki,Male,white,,,N/A,no website,Mary,6/20/24,No,No,New York,6/25/24,Representative,26,,1,100.00%,Won,N/A,N/A,N/A,N/A,N/A,N/A,N/A,N/A,N/A,N/A,N/A,N/A,N/A,N/A,
Michael D. Sapraicone,Male,white,,,No mention,"lists issues, no mention of abortion terms",Mary,6/20/24,No,No,New York,6/25/24,Senator,N/A,,1,100.00%,Won,N/A,N/A,N/A,Yes,3/3/24,N/A,N/A,N/A,N/A,N/A,N/A,N/A,N/A,N/A,
Paul Miller,Male,white,,,Other,"Personally pro-life, but believes ""this is an issue that the states should decide. I will be voting ""No"" on any federal abortion bills.""",Mary,6/18/24,No,Yes,Utah,6/25/24,Representative,1,,29640,28.96%,Lost,N/A,N/A,N/A,N/A,N/A,N/A,N/A,N/A,No,N/A,N/A,N/A,N/A,N/A,
Blake D. Moore,Male,white,,,Pro-Life,,Mary,6/18/24,Yes,No,Utah,6/25/24,Representative,1,H0UT01205,72702,71.04%,Won,N/A,N/A,N/A,N/A,N/A,N/A,N/A,N/A,Yes,N/A,N/A,N/A,N/A,N/A,
Celeste Maloy,Female,white,,,Pro-Life,,Mary,6/18/24,Yes,No,Utah,6/25/24,Representative,2,H4UT02296,53748,50.10%,Won,N/A,N/A,N/A,Yes,6/17/24,N/A,N/A,N/A,Yes,N/A,N/A,Yes,N/A,Yes,
Colby C. Jenkins,Male,white,,,Pro-Life,,Mary,6/18/24,No,Yes,Utah,6/25/24,Representative,2,,53534,49.90%,Lost,N/A,N/A,N/A,No,N/A,N/A,N/A,N/A,No,N/A,N/A,No,N/A,No,
JR Bird,Male,white,,,Pro-Life,,Mary,6/18/24,No,No,Utah,6/25/24,Representative,3,,17207,15.30%,Lost,N/A,N/A,N/A,N/A,N/A,N/A,N/A,N/A,N/A,N/A,N/A,N/A,N/A,N/A,
"John ""Frugal"" Dougall",Male,white,,,No mention,"has issues and about, but no mention ",Mary,6/20/24,No,No,Utah,6/25/24,Representative,3,,10800,9.60%,Lost,N/A,N/A,N/A,N/A,N/A,N/A,N/A,N/A,N/A,N/A,N/A,N/A,N/A,N/A,
Mike Kennedy,Male,white,,,Pro-Life,,Mary,6/20/24,No,No,Utah,6/25/24,Representative,3,,43618,38.78%,Won,N/A,N/A,N/A,N/A,N/A,N/A,N/A,N/A,N/A,N/A,N/A,N/A,N/A,N/A,
Case Lawrence,Male,white,,,No mention,"has issues and about, but no mention ",Mary,6/20/24,No,No,Utah,6/25/24,Representative,3,,24884,22.13%,Lost,N/A,N/A,N/A,N/A,N/A,N/A,N/A,N/A,N/A,N/A,N/A,N/A,N/A,N/A,
Stewart Peay,Male,white,,,Other,"""we are proudly pro-life and support the Supreme Court’s decision that allows the states, not the federal government, to legislate this issue""",Mary,6/20/24,No,No,Utah,6/25/24,Representative,3,,15954,14.19%,Lost,N/A,N/A,N/A,N/A,N/A,N/A,N/A,N/A,N/A,N/A,N/A,N/A,N/A,N/A,
Burgess Owens,Male,black,,,Pro-Life,,Mary,6/20/24,Yes,No,Utah,6/25/24,Representative,4,H0UT04076,1,100.00%,Won,N/A,N/A,N/A,Yes,5/26/24,N/A,N/A,N/A,Yes,N/A,N/A,N/A,N/A,N/A,
John Curtis,Male,white,,,Pro-Life,,Meredith,6/18/24,No,No,Utah,6/25/24,Senator,N/A,,206094,48.72%,Won,N/A,N/A,N/A,No,N/A,N/A,N/A,N/A,Yes,N/A,N/A,N/A,N/A,N/A,
Trent Staggs,Male,white,,,Pro-Life,"In the about: ""protected the right to life of the unborn""",Meredith,6/18/24,No,No,Utah,6/25/24,Senator,N/A,,138143,32.66%,Lost,N/A,N/A,N/A,Yes,4/27/24,N/A,N/A,N/A,No,N/A,N/A,N/A,N/A,N/A,
Jason J. Walton,Male,white,,,Pro-Life,,Meredith,6/18/24,No,No,Utah,6/25/24,Senator,N/A,,25604,6.05%,Lost,N/A,N/A,N/A,No,N/A,N/A,N/A,N/A,No,N/A,N/A,N/A,N/A,N/A,
Brad Wilson,Male,white,,,Pro-Life,"mentions protecting unborn in ""about""",Meredith,6/18/24,No,No,Utah,6/25/24,Senator,N/A,,53134,12.56%,Lost,N/A,N/A,N/A,No,N/A,N/A,N/A,N/A,No,N/A,N/A,N/A,N/A,N/A,
Spencer J. Cox,Male,white,,,Pro-Life,"under the topic ""protecting life,"" frames as Utahn's right to life, but doesn't say it's a state issue",Meredith,6/18/24,Yes,No,Utah,6/25/24,Governor,N/A,,232164,54.40%,Won,N/A,N/A,N/A,N/A,N/A,N/A,N/A,N/A,N/A,N/A,N/A,N/A,N/A,N/A,
Phil Lyman,Male,white,,,No mention,"has issues and about, but no mention ",Meredith,6/18/24,No,Yes,Utah,6/25/24,Governor,N/A,,194639,45.60%,Lost,N/A,N/A,N/A,N/A,N/A,N/A,N/A,N/A,N/A,N/A,N/A,N/A,N/A,N/A,
Robert Backie,Male,white,,,No mention,"lists issues, no mention of abortion terms",Mary,7/22/24,No,Yes,Arizona,7/30/24,Representative,1,,9854,9.83%,Lost,N/A,N/A,N/A,N/A,N/A,No,No,N/A,No,N/A,N/A,N/A,N/A,N/A,
Kim George,Female,white,,,Pro-Life,,Mary,7/22/24,No,Yes,Arizona,7/30/24,Representative,1,,27587,27.52%,Lost,N/A,N/A,N/A,N/A,N/A,No,No,N/A,No,N/A,N/A,N/A,N/A,N/A,
David Schweikert,Male,white,,,No mention,"lists issues, no mention of abortion terms",Mary,7/22/24,Yes,No,Arizona,7/30/24,Representative,1,H4AZ06045,62811,62.65%,Won,N/A,N/A,N/A,N/A,N/A,Yes,Yes,N/A,Yes,N/A,N/A,N/A,N/A,N/A,
Eli Crane,Male,white,,,Pro-Life,,Mary,7/22/24,Yes,No,Arizona,7/30/24,Representative,2,H2AZ01354,89480,80.53%,Won,N/A,N/A,N/A,Yes,4/24/24,Yes,N/A,N/A,N/A,N/A,N/A,N/A,N/A,N/A,
Jack Smith,Male,white,,,Pro-Life,,Mary,7/22/24,No,Yes,Arizona,7/30/24,Representative,2,,21637,19.47%,Lost,N/A,N/A,N/A,No,N/A,No,N/A,N/A,N/A,N/A,N/A,N/A,N/A,N/A,
Jesus David Mendoza,Male,hispanic (mexican),,,Other,"""I stand in the middle, while I do believe a women’s access to reproductive healthcare is a vital tool for empowering women’s health, autonomy, and financial choice; I also believe an abortion at any stage in a pregnancy should be one of those things nobody wants to do, and those that do so should do so for valid reasons and under proper medical care.""",Mary,7/22/24,No,No,Arizona,7/30/24,Representative,3,,4840,34.28%,Lost,N/A,N/A,N/A,N/A,N/A,N/A,N/A,N/A,N/A,N/A,N/A,N/A,N/A,N/A,
Jeff Zink,Male,white,,,No mention,"lists issues, no mention of abortion terms",Mary,7/22/24,No,No,Arizona,7/30/24,Representative,3,,9243,65.46%,Won,N/A,N/A,N/A,N/A,N/A,N/A,N/A,N/A,N/A,N/A,N/A,N/A,N/A,N/A,
Kelly Cooper,Male,unknown,,,No mention,"lists issues, no mention of abortion terms",Mary,7/22/24,No,No,Arizona,7/30/24,Representative,4,,18902,32.00%,Won,N/A,N/A,N/A,N/A,N/A,N/A,N/A,N/A,N/A,N/A,N/A,N/A,N/A,N/A,
Jerome Davison,Male,black,,,No mention,no issues or about page,Mary,7/22/24,No,No,Arizona,7/30/24,Representative,4,,10664,18.05%,Lost,N/A,N/A,N/A,N/A,N/A,N/A,N/A,N/A,N/A,N/A,N/A,N/A,N/A,N/A,
Dave Giles,Male,white,,,Pro-Life,"""I will work to protect all human life, especially the lives of those who cannot protect themselves.""",Mary,7/22/24,No,No,Arizona,7/30/24,Representative,4,,13575,22.98%,Lost,N/A,N/A,N/A,N/A,N/A,N/A,N/A,N/A,N/A,N/A,N/A,N/A,N/A,N/A,
Zuhdi Jasser,Male,middle eastern (syrian),,,No mention,"lists issues, no mention of abortion terms",Mary,7/22/24,No,No,Arizona,7/30/24,Representative,4,,15929,26.97%,Lost,N/A,N/A,N/A,N/A,N/A,N/A,N/A,N/A,N/A,N/A,N/A,N/A,N/A,N/A,
Andy Biggs,Male,white,,,Pro-Life,,Mary,7/22/24,Yes,No,Arizona,7/30/24,Representative,5,H6AZ05083,91820,100.00%,Won,N/A,N/A,N/A,Yes,5/26/24,N/A,N/A,N/A,Yes,N/A,N/A,N/A,N/A,N/A,
Juan Ciscomani,Male,hispanic (mexican),,,Pro-Life,,Mary,7/22/24,Yes,No,Arizona,7/30/24,Representative,6,H2AZ02360,59021,59.23%,Won,N/A,N/A,N/A,Yes,5/26/24,N/A,Yes,N/A,Yes,N/A,N/A,N/A,N/A,N/A,
Kathleen Winn,Female,white,,,No mention,"lists issues, no mention of abortion terms",Mary,7/22/24,No,Yes,Arizona,7/30/24,Representative,6,,40625,40.77%,Lost,N/A,N/A,N/A,No,N/A,N/A,No,N/A,No,N/A,N/A,N/A,N/A,N/A,
"Daniel Francis Butierez, Sr.",Male,white,,,No mention,"lists issues on homepage, no mention of abortion terms",Mary,7/22/24,No,No,Arizona,7/30/24,Representative,7,,24425,100.00%,Won,N/A,N/A,N/A,N/A,N/A,N/A,N/A,N/A,N/A,N/A,N/A,N/A,N/A,N/A,
"Patrick ""Pat"" Briody",Male,white,,,Pro-Life,,Mary,7/22/24,No,No,Arizona,7/30/24,Representative,8,,2336,2.28%,Lost,N/A,N/A,N/A,No,N/A,N/A,No,N/A,N/A,No,N/A,N/A,N/A,N/A,
Trent Franks,Male,white,,,Pro-Life,,Mary,7/22/24,No,No,Arizona,7/30/24,Representative,8,,16714,16.28%,Lost,N/A,N/A,N/A,No,N/A,N/A,No,N/A,N/A,No,N/A,N/A,N/A,N/A,
"Abraham ""Abe"" Hamadeh",Male,middle eastern (syrian),hispanic (venezuelan),,Pro-Life,"""Abe will always fight for the rights of the unborn""",Mary,7/22/24,No,No,Arizona,7/30/24,Representative,8,,30686,29.89%,Won,N/A,N/A,N/A,Yes,12/8/23,N/A,No,N/A,N/A,No,N/A,N/A,N/A,N/A,
Anthony Kern,Male,white,,,Pro-Life,,Mary,7/22/24,No,No,Arizona,7/30/24,Representative,8,,4922,4.79%,Lost,N/A,N/A,N/A,No,N/A,N/A,No,N/A,N/A,No,N/A,N/A,N/A,N/A,
Blake Masters,Male,white,,,Pro-Life,"""The unborn cannot speak for themselves, so we must speak for them.""",Mary,7/22/24,No,No,Arizona,7/30/24,Representative,8,,26422,25.74%,Lost,N/A,N/A,N/A,Yes,7/28/24,N/A,No,N/A,N/A,Yes,N/A,N/A,N/A,N/A,
Ben Toma,Male,white,,,Pro-Life,,Mary,7/22/24,No,No,Arizona,7/30/24,Representative,8,,21549,20.99%,Lost,N/A,N/A,N/A,No,N/A,N/A,Yes,N/A,N/A,No,N/A,N/A,N/A,N/A,
Paul Gosar,Male,white,,,Pro-Life,,Mary,7/22/24,Yes,No,Arizona,7/30/24,Representative,9,H0AZ01259,89308,100.00%,Won,N/A,N/A,N/A,Yes,5/26/24,N/A,N/A,N/A,N/A,N/A,N/A,N/A,N/A,N/A,
Mark Lamb,Male,white,,,Pro-Life,,Mary,7/22/24,No,No,Arizona,7/30/24,Senator,N/A,,292888,39.55%,Lost,N/A,N/A,N/A,No,N/A,N/A,N/A,No,N/A,N/A,N/A,N/A,N/A,N/A,
Elizabeth Jean Reye,Female,white,,,Other,"""I am in support of federal legislation that would guarantee women abortion access with the restrictions and exceptions supported by the vast majority of Americans, who, like Reagan, have searched their souls too.""",Mary,7/22/24,No,No,Arizona,7/30/24,Senator,N/A,,38208,5.16%,Lost,N/A,N/A,N/A,No,N/A,N/A,N/A,No,N/A,N/A,N/A,N/A,N/A,N/A,
Kari Lake,Female,white,,,Other,"""Abortion is, as the courts decided, an issue for states to decide, not the federal government.""",Mary,7/22/24,No,No,Arizona,7/30/24,Senator,N/A,,409339,55.27%,Won,N/A,N/A,N/A,Yes,10/10/23,N/A,N/A,Yes,N/A,N/A,N/A,N/A,N/A,N/A,
Diana Harshbarger,Female,white,,,Pro-Life,,Meredith,7/29/24,Yes,No,Tennessee,8/1/24,Representative,1,H0TN01118,52190,100.00%,Won,N/A,N/A,N/A,Yes,5/26/24,N/A,N/A,N/A,Yes,N/A,N/A,Yes,N/A,N/A,
Tim Burchett,Male,white,,,Pro-Life,,Meredith,7/29/24,Yes,No,Tennessee,8/1/24,Representative,2,H8TN02119,54617,100.00%,Won,N/A,N/A,N/A,Yes,7/26/24,N/A,N/A,N/A,Yes,N/A,N/A,N/A,N/A,N/A,
Chuck Fleischmann,Male,white,,,Pro-Life,,Meredith,7/29/24,Yes,No,Tennessee,8/1/24,Representative,3,H0TN03254,44990,100.00%,Won,N/A,N/A,N/A,Yes,5/26/24,N/A,N/A,N/A,Yes,N/A,N/A,N/A,N/A,N/A,
Thomas E. Davis,Male,white,,,Other,"""He is pro-life but believes this is an issue that each State decides on its own.""",Meredith,7/29/24,No,Yes,Tennessee,8/1/24,Representative,4,,7988,19.04%,Lost,N/A,N/A,N/A,No,N/A,N/A,N/A,N/A,No,N/A,N/A,N/A,N/A,N/A,
Scott DesJarlais,Male,white,,,No mention,"has issues and an about page, but doesn't mention this issue",Meredith,7/29/24,Yes,No,Tennessee,8/1/24,Representative,4,H0TN04195,30425,72.53%,Won,N/A,N/A,N/A,Yes,5/26/24,N/A,N/A,N/A,Yes,N/A,N/A,N/A,N/A,N/A,
Joshua James,Male,white,,,No mention,"no issues, but an ""about"" that doesnt mention",Meredith,7/29/24,No,Yes,Tennessee,8/1/24,Representative,4,,3535,8.43%,Lost,N/A,N/A,N/A,No,N/A,N/A,N/A,N/A,No,N/A,N/A,N/A,N/A,N/A,
Courtney Johnston,Female,white,,,Pro-Life,"doesn't mention in issues page, but in her ""about"" says she's pro-life",Meredith,7/29/24,No,Yes,Tennessee,8/1/24,Representative,5,,24646,43.46%,Lost,N/A,N/A,N/A,No,N/A,N/A,No,N/A,No,N/A,N/A,N/A,N/A,N/A,
Andy Ogles,Male,white,,,Pro-Life,,Meredith,7/29/24,Yes,No,Tennessee,8/1/24,Representative,5,H2TN05446,32062,56.54%,Won,N/A,N/A,N/A,Yes,5/11/23,N/A,Yes,N/A,Yes,N/A,N/A,N/A,N/A,N/A,
John Rose,Male,white,,,Pro-Life,,Meredith,7/29/24,Yes,No,Tennessee,8/1/24,Representative,6,H8TN06094,38607,100.00%,Won,N/A,N/A,N/A,Yes,5/26/24,N/A,N/A,N/A,Yes,N/A,N/A,N/A,N/A,N/A,
Mark E. Green,Male,white,,,Pro-Life,,Meredith,7/29/24,Yes,No,Tennessee,8/1/24,Representative,7,H8TN07076,31871,100.00%,Won,N/A,N/A,N/A,Yes,2/29/24,N/A,N/A,N/A,Yes,N/A,N/A,N/A,N/A,N/A,
David Kustoff,Male,white,,,Pro-Life,"under ""Standing for west Tennesee values""",Meredith,7/29/24,Yes,No,Tennessee,8/1/24,Representative,8,H2TN07103,55809,100.00%,Won,N/A,N/A,N/A,Yes,5/26/24,N/A,N/A,N/A,Yes,N/A,N/A,N/A,N/A,N/A,
Charlotte Bergmann,Female,black,,,No mention,"has issues and about, but doesnt mention this issue",Meredith,7/29/24,No,No,Tennessee,8/1/24,Representative,9,,10148,100.00%,Won,N/A,N/A,N/A,N/A,N/A,N/A,N/A,N/A,N/A,N/A,N/A,N/A,N/A,N/A,
Tres Wittum,Male,white,,,Pro-Life,"Says ""discussions about women's reproductive rights should be led by women who understand these issues firsthand. It's time we listen and let them lead the conversation."" but still says ""right on LIFE,"" which is close enough to our key phrase ""right to life""",Meredith,7/29/24,No,Yes,Tennessee,8/1/24,Senator,N/A,,43244,10.52%,Lost,N/A,N/A,N/A,No,N/A,N/A,N/A,N/A,No,N/A,N/A,No,No,N/A,
Marsha Blackburn,Female,white,,,Pro-Life,,Meredith,7/29/24,Yes,No,Tennessee,8/1/24,Senator,N/A,S8TN00337,367799,89.48%,Won,N/A,N/A,N/A,Yes,5/26/24,N/A,N/A,N/A,Yes,N/A,N/A,Yes,Yes,N/A,
Eric Bloom,Male,unknown,,,N/A,no website,Meredith,8/1/24,No,Yes,Kansas,8/6/24,Representative,1,,8148,12.47%,Lost,N/A,N/A,N/A,No,N/A,N/A,N/A,N/A,No,N/A,N/A,N/A,N/A,N/A,
Tracey Mann,Male,white,,,Pro-Life,,Meredith,8/1/24,Yes,No,Kansas,8/6/24,Representative,1,H0KS01123,57219,87.53%,Won,N/A,N/A,N/A,Yes,5/26/24,N/A,N/A,N/A,Yes,N/A,N/A,N/A,N/A,N/A,
Jeff Kahrs,Male,white,,,Pro-Life,,Meredith,8/1/24,No,No,Kansas,8/6/24,Representative,2,,11634,17.66%,Lost,N/A,N/A,N/A,No,N/A,N/A,N/A,N/A,N/A,N/A,N/A,N/A,N/A,N/A,
Michael A. Ogle,Male,white,,,N/A,no website,Meredith,8/1/24,No,No,Kansas,8/6/24,Representative,2,,2858,4.34%,Lost,N/A,N/A,N/A,No,N/A,N/A,N/A,N/A,N/A,N/A,N/A,N/A,N/A,N/A,
Derek Schmidt,Male,white,,,No mention,"has the ""Kansans for Life"" endorsement on the homepage, but doesnt say pro-life anywhere; no issues page.",Meredith,8/1/24,No,No,Kansas,8/6/24,Representative,2,,34971,53.08%,Won,N/A,N/A,N/A,Yes,7/26/24,N/A,N/A,N/A,N/A,N/A,N/A,N/A,N/A,N/A,
Shawn Tiffany,Male,white,,,Pro-Life,,Meredith,8/1/24,No,No,Kansas,8/6/24,Representative,2,,13013,19.75%,Lost,N/A,N/A,N/A,No,N/A,N/A,N/A,N/A,N/A,N/A,N/A,N/A,N/A,N/A,
Chad Young,Male,white,,,No mention,no issues page,Meredith,8/1/24,No,No,Kansas,8/6/24,Representative,2,,3412,5.18%,Lost,N/A,N/A,N/A,No,N/A,N/A,N/A,N/A,N/A,N/A,N/A,N/A,N/A,N/A,
Karen Crnkovich,Female,white,,,Pro-Life,"mentions exceptions for rape, incest, life of mother",Meredith,8/1/24,No,No,Kansas,8/6/24,Representative,3,,23510,46.94%,Lost,N/A,N/A,N/A,N/A,N/A,N/A,N/A,No,N/A,N/A,N/A,Yes,N/A,N/A,
Prasanth Reddy,Male,asian (indian),,,Other,"""While Dr. Reddy is personally pro-life, he also strongly believes any legislation must include exceptions for rape, incest, danger to the health of the mother, and fetal abnormalities inconsistent with life. He also believes this issue should be left to the states, and that no federal tax dollars should fund abortions.""",Meredith,8/1/24,No,No,Kansas,8/6/24,Representative,3,,26573,53.06%,Won,N/A,N/A,N/A,N/A,N/A,N/A,N/A,Yes,N/A,N/A,N/A,No,N/A,N/A,
Ron Estes,Male,white,,,Pro-Life,,Meredith,8/1/24,Yes,No,Kansas,8/6/24,Representative,4,H8KS04112,40100,100.00%,Won,N/A,N/A,N/A,Yes,5/26/24,N/A,N/A,N/A,Yes,N/A,N/A,N/A,N/A,N/A,
Jack Bergman,Male,white,,,Pro-Life,,Mary,7/29/24,Yes,No,Michigan,8/6/24,Representative,1,H6MI01226,92498,79.29%,Won,N/A,N/A,N/A,Yes,5/26/24,N/A,N/A,N/A,Yes,N/A,N/A,N/A,N/A,N/A,
Josh Saul,Male,white,,,No mention,"No single issues page, but no mention on any of the individual pages",Mary,7/29/24,No,Yes,Michigan,8/6/24,Representative,1,,24155,20.71%,Lost,N/A,N/A,N/A,No,N/A,N/A,N/A,N/A,No,N/A,N/A,N/A,N/A,N/A,
John Moolenaar,Male,white,,,Pro-Life,,Mary,7/29/24,Yes,No,Michigan,8/6/24,Representative,2,H4MI04126,94937,100.00%,Won,N/A,N/A,N/A,Yes,5/26/24,N/A,N/A,N/A,Yes,N/A,N/A,N/A,N/A,N/A,
Paul Hudson,Male,white,,,No mention,"has issues and about, but doesnt mention this issue",Mary,7/29/24,No,No,Michigan,8/6/24,Representative,3,,39410,54.67%,Won,N/A,N/A,N/A,N/A,N/A,N/A,N/A,N/A,N/A,N/A,N/A,N/A,N/A,N/A,
Michael J. Markey Jr.,Male,white,,,No mention,"has issues and about, but doesnt mention this issue",Mary,7/29/24,No,No,Michigan,8/6/24,Representative,3,,32678,45.33%,Lost,N/A,N/A,N/A,N/A,N/A,N/A,N/A,N/A,N/A,N/A,N/A,N/A,N/A,N/A,
Bill Huizenga,Male,white,,,Pro-Life,"""Protecting life beginning with conception is a value that cannot be compromised""",Mary,7/29/24,Yes,No,Michigan,8/6/24,Representative,4,H0MI02094,67749,73.38%,Won,N/A,N/A,N/A,Yes,5/26/24,N/A,N/A,N/A,Yes,N/A,N/A,N/A,N/A,N/A,
Brendan Muir,Male,white,,,Pro-Life,"""He will promote the sanctity of life""",Mary,7/29/24,No,Yes,Michigan,8/6/24,Representative,4,,24580,26.62%,Lost,N/A,N/A,N/A,No,N/A,N/A,N/A,N/A,No,N/A,N/A,N/A,N/A,N/A,
Tim Walberg,Male,white,,,Pro-Life,"In the ""defending our values"" subsection: ""right to life""",Mary,7/29/24,Yes,No,Michigan,8/6/24,Representative,5,H4MI07103,81651,100.00%,Won,N/A,N/A,N/A,Yes,5/26/24,N/A,N/A,N/A,Yes,N/A,N/A,N/A,N/A,N/A,
Heather Smiley,Female,white,,,Pro-Life,,Mary,7/29/24,No,No,Michigan,8/6/24,Representative,6,,37178,100.00%,Won,N/A,N/A,N/A,N/A,N/A,N/A,N/A,N/A,N/A,N/A,N/A,N/A,N/A,N/A,
Tom Barrett,Male,white,,,No mention,"has issues and about, but doesnt mention this issue",Mary,7/29/24,No,No,Michigan,8/6/24,Representative,7,,63399,100.00%,Won,N/A,N/A,N/A,Yes,6/17/24,N/A,Yes,Yes,N/A,N/A,N/A,N/A,N/A,N/A,
Mary Draves,Female,white,,,No mention,"has issues and about, but doesnt mention this issue",Mary,7/29/24,No,No,Michigan,8/6/24,Representative,8,,8688,15.05%,Lost,N/A,N/A,N/A,No,N/A,N/A,N/A,N/A,N/A,N/A,N/A,Yes,N/A,Yes,
Anthony J. Hudson,Male,white,,,No mention,"has issues and about, but doesnt mention this issue",Mary,7/29/24,No,No,Michigan,8/6/24,Representative,8,,5851,10.13%,Lost,N/A,N/A,N/A,No,N/A,N/A,N/A,N/A,N/A,N/A,N/A,No,N/A,No,
Paul Junge,Male,white,,,Other,"""He believes in the culture of life and knows that a child is a precious gift from God.""",Mary,7/29/24,No,No,Michigan,8/6/24,Representative,8,,43204,74.82%,Won,N/A,N/A,N/A,Yes,7/26/24,N/A,N/A,N/A,N/A,N/A,N/A,No,N/A,No,
Lisa McClain,Female,white,,,Pro-Life,,Mary,7/29/24,Yes,No,Michigan,8/6/24,Representative,9,H0MI10287,97611,100.00%,Won,N/A,N/A,N/A,Yes,5/26/24,N/A,N/A,N/A,Yes,N/A,N/A,Yes,Yes,N/A,
John James,Male,black,,,No mention,No issues or about page,Mary,7/29/24,Yes,No,Michigan,8/6/24,Representative,10,H2MI10150,52871,100.00%,Won,N/A,N/A,N/A,Yes,5/26/24,N/A,Yes,N/A,Yes,N/A,N/A,N/A,N/A,N/A,
Charles Frangie,Male,middle eastern (lebanese),,,Other,"""Stop abortion. Charles is for life but this issue has been decided in Michigan and the voters took the side of pro choice.""",Mary,7/29/24,No,No,Michigan,8/6/24,Representative,11,,15755,39.41%,Lost,N/A,N/A,N/A,N/A,N/A,N/A,N/A,N/A,N/A,N/A,N/A,N/A,N/A,N/A,
Nick Somberg,Male,white,,,Other,"""With the recent overturn of Roe v. Wade, the decision on abortion policies is now up to individual states""",Mary,7/29/24,No,No,Michigan,8/6/24,Representative,11,,24222,60.59%,Won,N/A,N/A,N/A,N/A,N/A,N/A,N/A,N/A,N/A,N/A,N/A,N/A,N/A,N/A,
James D. Hooper,Male,white,,,Pro-Life,,Mary,7/29/24,No,No,Michigan,8/6/24,Representative,12,,12001,60.52%,Won,N/A,N/A,N/A,N/A,N/A,N/A,N/A,N/A,N/A,N/A,N/A,N/A,N/A,N/A,
Linda Sawyer,Female,white,,,Other,"""The Supreme Court has ruled that abortion is a states rights issue. I am running for a Congressional seat in Washington. I have nothing to do with the State Legislature""",Mary,7/29/24,No,No,Michigan,8/6/24,Representative,12,,7828,39.48%,Lost,N/A,N/A,N/A,N/A,N/A,N/A,N/A,N/A,N/A,N/A,N/A,N/A,N/A,N/A,
Martell D. Bivings,Male,black,,,No mention,"has issues and about, but doesnt mention this issue",Mary,7/29/24,No,No,Michigan,8/6/24,Representative,13,,13419,100.00%,Won,N/A,N/A,N/A,N/A,N/A,N/A,N/A,N/A,N/A,N/A,N/A,N/A,N/A,N/A,
Justin Amash,Male,middle eastern (palestinian),,,No mention,"no issues page, no mention on home or about pages",Mary,7/29/24,No,No,Michigan,8/6/24,Senator,N/A,,137565,15.64%,Lost,N/A,N/A,N/A,No,N/A,N/A,N/A,No,N/A,N/A,N/A,N/A,N/A,N/A,
Sherry O'Donnell,Female,white,,,Pro-Life,,Mary,7/29/24,No,No,Michigan,8/6/24,Senator,N/A,,106466,12.10%,Lost,N/A,N/A,N/A,No,N/A,N/A,N/A,No,N/A,N/A,N/A,N/A,N/A,N/A,
Sandy Pensler,Male,white,,,No mention,"has issues and about, but doesnt mention this issue",Mary,7/29/24,No,No,Michigan,8/6/24,Senator,N/A,,79772,9.07%,Lost,N/A,N/A,N/A,No,N/A,N/A,N/A,No,N/A,N/A,N/A,N/A,N/A,N/A,
Mike Rogers,Male,white,,,No mention,"has issues and about, but doesnt mention this issue",Mary,7/29/24,No,No,Michigan,8/6/24,Senator,N/A,,555766,63.19%,Won,N/A,N/A,N/A,Yes,3/11/24,N/A,N/A,Yes,N/A,N/A,N/A,N/A,N/A,N/A,
Timothy Gartin,Male,white,,,N/A,no website,Mary,7/30/24,No,No,Missouri,8/6/24,Representative,1,,996,6.35%,Lost,N/A,N/A,N/A,N/A,N/A,N/A,N/A,N/A,N/A,N/A,N/A,N/A,N/A,N/A,
Stan Hall,Male,white,,,Pro-Life,,Mary,7/30/24,No,No,Missouri,8/6/24,Representative,1,,4008,25.57%,Lost,N/A,N/A,N/A,N/A,N/A,N/A,N/A,N/A,N/A,N/A,N/A,N/A,N/A,N/A,
Mike Hebron,Male,white,,,N/A,no website,Mary,7/30/24,No,No,Missouri,8/6/24,Representative,1,,3247,20.71%,Lost,N/A,N/A,N/A,N/A,N/A,N/A,N/A,N/A,N/A,N/A,N/A,N/A,N/A,N/A,
Andrew Jones,Male,black,,,No mention,"no separate issues/about pages, no mention of abortion terms on homepage",Mary,7/30/24,No,No,Missouri,8/6/24,Representative,1,,4209,26.85%,Won,N/A,N/A,N/A,N/A,N/A,N/A,N/A,N/A,N/A,N/A,N/A,N/A,N/A,N/A,
Laura Mitchell-Riley,Female,unknown,,,Pro-Life,,Mary,7/30/24,No,No,Missouri,8/6/24,Representative,1,,3215,20.51%,Lost,N/A,N/A,N/A,N/A,N/A,N/A,N/A,N/A,N/A,N/A,N/A,N/A,N/A,N/A,
Ann Wagner,Female,white,,,Pro-Life,,Mary,7/30/24,Yes,No,Missouri,8/6/24,Representative,2,H2MO02102,56865,64.83%,Won,N/A,N/A,N/A,Yes,5/26/24,N/A,N/A,N/A,Yes,N/A,N/A,Yes,N/A,N/A,
Peter Pfeifer,Male,white,,,Pro-Life,,Mary,7/30/24,No,Yes,Missouri,8/6/24,Representative,2,,30847,35.17%,Lost,N/A,N/A,N/A,No,N/A,N/A,N/A,N/A,No,N/A,N/A,No,N/A,N/A,
Chad Bicknell,Male,white,,,N/A,no website,Mary,7/30/24,No,No,Missouri,8/6/24,Representative,3,,1842,1.79%,Lost,N/A,N/A,N/A,No,N/A,No,N/A,N/A,N/A,N/A,N/A,N/A,N/A,N/A,
Kyle Bone,Male,white,,,Pro-Life,,Mary,7/30/24,No,No,Missouri,8/6/24,Representative,3,,3548,3.44%,Lost,N/A,N/A,N/A,No,N/A,No,N/A,N/A,N/A,N/A,N/A,N/A,N/A,N/A,
Bruce A. Bowman,Male,white,,,No mention,"issues page has the words ""protecting life"" but they are in a different context",Mary,7/30/24,No,No,Missouri,8/6/24,Representative,3,,4508,4.37%,Lost,N/A,N/A,N/A,No,N/A,No,N/A,N/A,N/A,N/A,N/A,N/A,N/A,N/A,
Arnie C. AC (Arn) Deinoff,Male,white,,,N/A,no website,Mary,7/30/24,No,No,Missouri,8/6/24,Representative,3,,1560,1.51%,Lost,N/A,N/A,N/A,No,N/A,No,N/A,N/A,N/A,N/A,N/A,N/A,N/A,N/A,
Kurt Schaefer,Male,white,,,Pro-Life,,Mary,7/30/24,No,No,Missouri,8/6/24,Representative,3,,38375,37.22%,Lost,N/A,N/A,N/A,No,N/A,No,N/A,N/A,N/A,N/A,N/A,N/A,N/A,N/A,
Bob Onder,Male,white,,,Pro-Life,,Mary,7/30/24,No,No,Missouri,8/6/24,Representative,3,,48833,47.37%,Won,N/A,N/A,N/A,Yes,7/8/24,Yes,N/A,N/A,N/A,N/A,N/A,N/A,N/A,N/A,
Justin Hicks,Male,,,,No mention,"no issues/about pages, no mention on homepage",Mary,7/30/24,No,No,Missouri,8/6/24,Representative,3,,4425,4.29%,Lost,N/A,N/A,N/A,No,N/A,No,N/A,N/A,N/A,N/A,N/A,N/A,N/A,N/A,
Mark Alford,Male,white,,,Pro-Life,,Mary,7/30/24,Yes,No,Missouri,8/6/24,Representative,4,H2MO04207,99650,100.00%,Won,N/A,N/A,N/A,Yes,5/26/24,N/A,N/A,N/A,Yes,N/A,N/A,N/A,N/A,N/A,
Sean E. Smith,Male,white,,,No mention,"has issues and about, but doesnt mention this issue",Mary,7/30/24,No,No,Missouri,8/6/24,Representative,5,,32574,100.00%,Won,N/A,N/A,N/A,N/A,N/A,N/A,N/A,N/A,N/A,N/A,N/A,N/A,N/A,N/A,
Sam Graves,Male,white,,,Pro-Life,"""I believe that we should protect the lives of the unborn""",Mary,7/30/24,Yes,No,Missouri,8/6/24,Representative,6,H0MO06073,80531,78.08%,Won,N/A,N/A,N/A,Yes,5/26/24,N/A,N/A,N/A,Yes,N/A,N/A,N/A,N/A,N/A,
Freddie Griffin Jr.,Male,white,,,Pro-Life,,Mary,7/30/24,No,Yes,Missouri,8/6/24,Representative,6,,8749,8.48%,Lost,N/A,N/A,N/A,No,N/A,N/A,N/A,N/A,No,N/A,N/A,N/A,N/A,N/A,
Brandon Kleinmeyer,Male,white,,,No mention,,Mary,7/30/24,No,Yes,Missouri,8/6/24,Representative,6,,11086,10.75%,Lost,N/A,N/A,N/A,No,N/A,N/A,N/A,N/A,No,N/A,N/A,N/A,N/A,N/A,
Weldon Wray Woodward,Male,unknown,,,N/A,no website,Mary,7/30/24,No,Yes,Missouri,8/6/24,Representative,6,,2776,2.69%,Lost,N/A,N/A,N/A,No,N/A,N/A,N/A,N/A,No,N/A,N/A,N/A,N/A,N/A,
John Adair,Male,white,,,No mention,"no issues/about pages, no mention on homepage",Mary,7/30/24,No,Yes,Missouri,8/6/24,Representative,7,,6358,6.63%,Lost,N/A,N/A,N/A,No,N/A,N/A,N/A,N/A,No,N/A,N/A,N/A,N/A,N/A,
Eric Burlison,Male,white,,,No mention,"mentions abortion on his congressional records page, but not on about or home pages",Mary,7/30/24,Yes,No,Missouri,8/6/24,Representative,7,H2MO07143,79755,83.12%,Won,N/A,N/A,N/A,Yes,5/26/24,N/A,N/A,N/A,Yes,N/A,N/A,N/A,N/A,N/A,
Camille Lombardi-Olive,Female,white,,,N/A,no website,Mary,7/30/24,No,Yes,Missouri,8/6/24,Representative,7,,3400,3.54%,Lost,N/A,N/A,N/A,No,N/A,N/A,N/A,N/A,No,N/A,N/A,N/A,N/A,N/A,
Audrey Richards,Female,white,,,No mention,"has issues and about, but doesnt mention this issue",Mary,7/30/24,No,Yes,Missouri,8/6/24,Representative,7,,6444,6.72%,Lost,N/A,N/A,N/A,No,N/A,N/A,N/A,N/A,No,N/A,N/A,N/A,N/A,N/A,
Grant Heithold,Male,white,,,Pro-Life,,Mary,7/30/24,No,Yes,Missouri,8/6/24,Representative,8,,10149,8.51%,Lost,N/A,N/A,N/A,No,N/A,N/A,N/A,N/A,No,N/A,N/A,N/A,N/A,N/A,
Jason Smith,Male,white,,,Pro-Life,,Mary,7/30/24,Yes,No,Missouri,8/6/24,Representative,8,H4MO08162,98171,82.28%,Won,N/A,N/A,N/A,Yes,5/26/24,N/A,N/A,N/A,Yes,N/A,N/A,N/A,N/A,N/A,
James Snider,Male,white,,,Pro-Life,,Mary,7/30/24,No,Yes,Missouri,8/6/24,Representative,8,,10987,9.21%,Lost,N/A,N/A,N/A,No,N/A,N/A,N/A,N/A,No,N/A,N/A,N/A,N/A,N/A,
John R. (Jay) Ashcroft,Male,white,,,Pro-Life,,Mary,7/30/24,No,No,Missouri,8/6/24,Governor,N/A,,162314,23.25%,Lost,N/A,N/A,N/A,Yes,7/27/24,N/A,N/A,N/A,N/A,N/A,N/A,N/A,N/A,N/A,
Bill Eigel,Male,white,,,Pro-Life,,Mary,7/30/24,No,No,Missouri,8/6/24,Governor,N/A,,227257,32.55%,Lost,N/A,N/A,N/A,Yes,7/27/24,N/A,N/A,N/A,N/A,N/A,N/A,N/A,N/A,N/A,
Darren L. Grant,Male,black,,,N/A,no website,Mary,7/30/24,No,No,Missouri,8/6/24,Governor,N/A,,1871,0.27%,Lost,N/A,N/A,N/A,No,N/A,N/A,N/A,N/A,N/A,N/A,N/A,N/A,N/A,N/A,
Jeremy Gundel,Male,white,,,N/A,no website,Mary,7/30/24,No,No,Missouri,8/6/24,Governor,N/A,,2951,0.42%,Lost,N/A,N/A,N/A,No,N/A,N/A,N/A,N/A,N/A,N/A,N/A,N/A,N/A,N/A,
Mike Kehoe,Male,white,,,Pro-Life,,Mary,7/30/24,No,No,Missouri,8/6/24,Governor,N/A,,275139,39.41%,Won,N/A,N/A,N/A,Yes,7/27/24,N/A,N/A,N/A,N/A,N/A,N/A,N/A,N/A,N/A,
Darrell Leon McClanahan III,Male,white,,,Pro-Life,,Mary,7/30/24,No,No,Missouri,8/6/24,Governor,N/A,,5656,0.81%,Lost,N/A,N/A,N/A,No,N/A,N/A,N/A,N/A,N/A,N/A,N/A,N/A,N/A,N/A,
Robert James Olson,Male,white,,,N/A,no website,Mary,7/30/24,No,No,Missouri,8/6/24,Governor,N/A,,2985,0.43%,Lost,N/A,N/A,N/A,No,N/A,N/A,N/A,N/A,N/A,N/A,N/A,N/A,N/A,N/A,
Amber Thomsen,Female,white,,,N/A,no website,Mary,7/30/24,No,No,Missouri,8/6/24,Governor,N/A,,10653,1.53%,Lost,N/A,N/A,N/A,No,N/A,N/A,N/A,N/A,N/A,N/A,N/A,N/A,N/A,N/A,
Chris Wright,Male,white,,,Pro-Life,"note: has issues dropdown menu rather than full page, but includes ""Pro-Life"" on that menu",Mary,7/30/24,No,No,Missouri,8/6/24,Governor,N/A,,9376,1.34%,Lost,N/A,N/A,N/A,No,N/A,N/A,N/A,N/A,N/A,N/A,N/A,N/A,N/A,N/A,
Josh Hawley,Male,white,,,No mention,"does not have separate issues/about pages, no mention on home page",Mary,7/30/24,Yes,No,Missouri,8/6/24,Senator,N/A,S8MO00160,607602,100.00%,Won,N/A,N/A,N/A,Yes,5/26/24,N/A,N/A,N/A,Yes,N/A,N/A,N/A,N/A,N/A,
Derek Chartrand,Male,white,,,No mention,"has issues, no mention ",Meredith,7/31/24,No,No,Washington,8/6/24,Representative,1,,6980,10.98%,Lost,N/A,N/A,N/A,N/A,N/A,N/A,N/A,N/A,N/A,N/A,N/A,N/A,N/A,N/A,Party: Calm Rational GOP
Jeb Brewer,Male,white,,,No mention,has issues (solutions) no mention ,Meredith,7/31/24,No,No,Washington,8/6/24,Representative,1,,17675,27.80%,Won,N/A,N/A,N/A,N/A,N/A,N/A,N/A,N/A,N/A,N/A,N/A,N/A,N/A,N/A,
Mary Silva,Female,white,,,No mention,no issues,Meredith,7/31/24,No,No,Washington,8/6/24,Representative,1,,11339,17.83%,Lost,N/A,N/A,N/A,N/A,N/A,N/A,N/A,N/A,N/A,N/A,N/A,N/A,N/A,N/A,
Orion Webster,Male,white,,,Pro-Life,"on abortion page (WARNING: Graphic images), mentions protecting life, unborn, etc. ",Meredith,7/31/24,No,No,Washington,8/6/24,Representative,1,,16770,26.38%,Lost,N/A,N/A,N/A,N/A,N/A,N/A,N/A,N/A,N/A,N/A,N/A,N/A,N/A,N/A,
Matt Heines,Male,white,,,No mention,no issues or about pages,Meredith,7/31/24,No,No,Washington,8/6/24,Representative,1,,10815,17.01%,Lost,N/A,N/A,N/A,N/A,N/A,N/A,N/A,N/A,N/A,N/A,N/A,N/A,N/A,N/A,Party: Trump Republican
Cody Hart,Male,white,,,Pro-Life,has issues on home page,Meredith,7/31/24,No,No,Washington,8/6/24,Representative,2,,43637,55.41%,Won,N/A,N/A,N/A,N/A,N/A,N/A,N/A,N/A,N/A,N/A,N/A,N/A,N/A,N/A,Party: MAGA Republican
Leif Johnson,Male,white,,,No mention,"""comprehensive plan"" section. doesnt mention",Meredith,7/31/24,No,No,Washington,8/6/24,Representative,2,,23340,29.64%,Lost,N/A,N/A,N/A,N/A,N/A,N/A,N/A,N/A,N/A,N/A,N/A,N/A,N/A,N/A,
Daniel Miller,Male,white,,,N/A,no website,Meredith,7/31/24,No,No,Washington,8/6/24,Representative,2,,11781,14.96%,Lost,N/A,N/A,N/A,N/A,N/A,N/A,N/A,N/A,N/A,N/A,N/A,N/A,N/A,N/A,
Joe Kent,Male,white,,,No mention,no issues page,Meredith,7/31/24,No,No,Washington,8/6/24,Representative,3,,83389,76.32%,Won,N/A,N/A,N/A,Yes,7/28/24,N/A,N/A,N/A,N/A,N/A,N/A,No,No,No,
Leslie Lewallen,Female,white,,,Pro-Life,"under ""a personal statement from Leslie"" on the issues page, she says that she is pro-life and supports exceptions for rape and incest, and life of mother",Meredith,7/31/24,No,No,Washington,8/6/24,Representative,3,,25868,23.68%,Lost,N/A,N/A,N/A,No,N/A,N/A,N/A,N/A,N/A,N/A,N/A,Yes,Yes,Yes,
Dan Newhouse,Male,white,,,Pro-Life,,Meredith,7/31/24,Yes,No,Washington,8/6/24,Representative,4,H4WA04104,36073,30.87%,Made runoff,,,,No,N/A,N/A,N/A,N/A,Yes,Yes,N/A,N/A,N/A,N/A,
Jerrod Sessler,Male,white,,,Other,"has a video called ""life"" for his issue positions, which wasn't very straightforward. Because we don't usually watch the videos (only use text), will classify based on only the title of the video",Meredith,7/31/24,No,Yes,Washington,8/6/24,Representative,4,,51020,43.66%,Made runoff,,,,Yes,4/12/24,N/A,N/A,N/A,No,No,N/A,N/A,N/A,N/A,
Tiffany Smiley,Female,white,,,No mention,no issues on page,Meredith,7/31/24,No,Yes,Washington,8/6/24,Representative,4,,29761,25.47%,Lost,N/A,N/A,N/A,Yes,8/3/24,N/A,N/A,N/A,No,No,N/A,N/A,N/A,N/A,
Michael Baumgartner,Male,white,,,No mention,no issues on page,Meredith,7/31/24,No,No,Washington,8/6/24,Representative,5,,55859,45.02%,Won,N/A,N/A,N/A,N/A,N/A,N/A,N/A,N/A,N/A,N/A,N/A,No,No,N/A,
Jonathan D. Bingle,Male,white,,,No mention,,Meredith,7/31/24,No,No,Washington,8/6/24,Representative,5,,7510,6.05%,Lost,N/A,N/A,N/A,N/A,N/A,N/A,N/A,N/A,N/A,N/A,N/A,No,No,N/A,
Brian Dansel,Male,white,,,No mention,no issues or about pages,Meredith,7/31/24,No,No,Washington,8/6/24,Representative,5,,21983,17.72%,Lost,N/A,N/A,N/A,N/A,N/A,N/A,N/A,N/A,N/A,N/A,N/A,No,No,N/A,
Rene' Holaday,Female,white,,,No mention,"long ""CV"" and other things on the home page, but no mention of abortion",Meredith,7/31/24,No,No,Washington,8/6/24,Representative,5,,6180,4.98%,Lost,N/A,N/A,N/A,N/A,N/A,N/A,N/A,N/A,N/A,N/A,N/A,No,No,N/A,
Jacquelin Maycumber,Female,white,,,No mention,"says ""Jacquelin’s unwavering conservative principles extend to her advocacy for human life"" but that's pretty vague",Meredith,7/31/24,No,No,Washington,8/6/24,Representative,5,,27717,22.34%,Lost,N/A,N/A,N/A,N/A,N/A,N/A,N/A,N/A,N/A,N/A,N/A,Yes,Yes,N/A,
Rick Valentine Flynn,Male,white,,,Other,"seems to be pro-choice (without calling themselves as such). ""It is clear that taking away reproductive rights is only going to alienate voters and cost the Republican party elections.""",Meredith,7/31/24,No,No,Washington,8/6/24,Representative,5,,4822,3.89%,Lost,N/A,N/A,N/A,N/A,N/A,N/A,N/A,N/A,N/A,N/A,N/A,No,No,N/A,
Janis Clark,Female,black,,,Pro-Life,"""I believe in promoting policies that strengthen family values, support parents, and protect the sanctity of life.""",Meredith,7/31/24,No,No,Washington,8/6/24,Representative,6,,17665,20.03%,Lost,N/A,N/A,N/A,N/A,N/A,N/A,N/A,N/A,N/A,N/A,N/A,N/A,N/A,N/A,
Drew C. MacEwen,Male,white,,,No mention,has issues,Meredith,7/31/24,No,No,Washington,8/6/24,Representative,6,,70513,79.97%,Won,N/A,N/A,N/A,N/A,N/A,N/A,N/A,N/A,N/A,N/A,N/A,N/A,N/A,N/A,
Dan Alexander,Male,white,,,N/A,no website,Meredith,7/31/24,No,No,Washington,8/6/24,Representative,7,,16902,62.66%,Won,N/A,N/A,N/A,N/A,N/A,N/A,N/A,N/A,N/A,N/A,N/A,N/A,N/A,N/A,
Cliff Moon,Male,white,,,No mention,,Meredith,7/31/24,No,No,Washington,8/6/24,Representative,7,,10070,37.34%,Lost,N/A,N/A,N/A,N/A,N/A,N/A,N/A,N/A,N/A,N/A,N/A,N/A,N/A,N/A,
Carmen Goers,Female,black,,,No mention,has issues,Meredith,7/31/24,No,No,Washington,8/6/24,Representative,8,,94322,100.00%,Won,N/A,N/A,N/A,N/A,N/A,N/A,N/A,N/A,N/A,N/A,N/A,N/A,N/A,N/A,
Mark Greene,Male,black,,,Pro-Life,,Meredith,7/31/24,No,No,Washington,8/6/24,Representative,9,,9459,26.20%,Lost,N/A,N/A,N/A,N/A,N/A,N/A,N/A,N/A,N/A,N/A,N/A,N/A,N/A,N/A,
Paul Martin,Male,unknown,,,No mention,,Meredith,7/31/24,No,No,Washington,8/6/24,Representative,9,,26646,73.80%,Lost,N/A,N/A,N/A,N/A,N/A,N/A,N/A,N/A,N/A,N/A,N/A,N/A,N/A,N/A,
Don Hewett,Male,white,,,No mention,has issues,Meredith,7/31/24,No,No,Washington,8/6/24,Representative,10,,46258,69.60%,Won,N/A,N/A,N/A,N/A,N/A,N/A,N/A,N/A,N/A,N/A,N/A,N/A,N/A,N/A,
Nirav Sheth,Male,asian (indian),,,No mention,"has some issues on a carousel, but doesnt mention abortion",Meredith,7/31/24,No,No,Washington,8/6/24,Representative,10,,20208,30.40%,Lost,N/A,N/A,N/A,N/A,N/A,N/A,N/A,N/A,N/A,N/A,N/A,N/A,N/A,N/A,
Raul Garcia,Male,hispanic,,,No mention,"Has issues, no mention",Meredith,7/31/24,No,No,Washington,8/6/24,Senator,N/A,,431182,56.96%,Won,N/A,N/A,N/A,N/A,N/A,N/A,N/A,N/A,N/A,N/A,N/A,N/A,N/A,N/A,
Isaac A. Holyk,Male,white,,,No mention,"Has issues, no mention",Meredith,7/31/24,No,No,Washington,8/6/24,Senator,N/A,,110701,14.62%,Lost,N/A,N/A,N/A,N/A,N/A,N/A,N/A,N/A,N/A,N/A,N/A,N/A,N/A,N/A,
Scott Nazarino,Male,hispanic,,,No mention,,Meredith,7/31/24,No,No,Washington,8/6/24,Senator,N/A,,111386,14.71%,Lost,N/A,N/A,N/A,N/A,N/A,N/A,N/A,N/A,N/A,N/A,N/A,N/A,N/A,N/A,
Goodspaceguy,Male,white,,,N/A,no website,Meredith,7/31/24,No,No,Washington,8/6/24,Senator,N/A,,16826,2.22%,Lost,N/A,N/A,N/A,N/A,N/A,N/A,N/A,N/A,N/A,N/A,N/A,N/A,N/A,N/A,
Mel Ram,Female,unknown,,,N/A,"not much of a website. At time of data collection, there was no mention of candidate name, race, etc. except in the actual URL",Meredith,7/31/24,No,No,Washington,8/6/24,Senator,N/A,,86956,11.49%,Lost,N/A,N/A,N/A,N/A,N/A,N/A,N/A,N/A,N/A,N/A,N/A,N/A,N/A,N/A,
Semi Bird,Male,black,,,No mention,"has platform, but no mention",Meredith,8/1/24,No,No,Washington,8/6/24,Governor,N/A,,212692,25.04%,Lost,N/A,N/A,N/A,N/A,N/A,N/A,N/A,N/A,N/A,N/A,N/A,N/A,N/A,N/A,
A.L. Brown,Male,unknown,,,N/A,no website,Meredith,8/1/24,No,No,Washington,8/6/24,Governor,N/A,,4232,0.50%,Lost,N/A,N/A,N/A,N/A,N/A,N/A,N/A,N/A,N/A,N/A,N/A,N/A,N/A,N/A,
Jim Daniel,Male,white,,,No mention,"has platform, but no mention",Meredith,8/1/24,No,No,Washington,8/6/24,Governor,N/A,,29907,3.52%,Lost,N/A,N/A,N/A,N/A,N/A,N/A,N/A,N/A,N/A,N/A,N/A,N/A,N/A,N/A,
Bill Hirt,Male,white,,,N/A,no website,Meredith,8/1/24,No,No,Washington,8/6/24,Governor,N/A,,1720,0.20%,Lost,N/A,N/A,N/A,N/A,N/A,N/A,N/A,N/A,N/A,N/A,N/A,N/A,N/A,N/A,
Jennifer Hoover,Female,white,,,No mention,no issues page,Meredith,8/1/24,No,No,Washington,8/6/24,Governor,N/A,,15692,1.85%,Lost,N/A,N/A,N/A,N/A,N/A,N/A,N/A,N/A,N/A,N/A,N/A,N/A,N/A,N/A,
Dave Reichert,Male,white,,,No mention,"has issues page and about page, neither mention",Meredith,8/1/24,No,No,Washington,8/6/24,Governor,N/A,,541533,63.75%,Won,N/A,N/A,N/A,N/A,N/A,N/A,N/A,N/A,N/A,N/A,N/A,N/A,N/A,N/A,
Leon A Lawson,Male,white,,,No mention,"I looked at all the pages, since they are not the typical headers; no mention",Meredith,8/1/24,No,No,Washington,8/6/24,Governor,N/A,,35971,4.23%,Lost,N/A,N/A,N/A,N/A,N/A,N/A,N/A,N/A,N/A,N/A,N/A,N/A,N/A,N/A,Party: Trump Republican
Martin Lee Wheeler,Male,white,,,No mention,nothing on home or about pages,Meredith,8/1/24,No,No,Washington,8/6/24,Governor,N/A,,7676,0.90%,Lost,N/A,N/A,N/A,N/A,N/A,N/A,N/A,N/A,N/A,N/A,N/A,N/A,N/A,N/A,
Patrick C. Largey,Male,,,,No mention,"No issues or about page, no abortion terms on home page",Mary,8/6/24,No,No,Hawaii,8/10/24,Representative,1,,17368,100.00%,Won,N/A,N/A,N/A,N/A,N/A,N/A,N/A,N/A,N/A,N/A,N/A,N/A,N/A,N/A,
Steve Bond,Male,,,,No mention,"Has issues and about pages, no mention of abortion terms",Mary,8/6/24,No,No,Hawaii,8/10/24,Representative,2,,19627,100.00%,Won,N/A,N/A,N/A,N/A,N/A,N/A,N/A,N/A,N/A,N/A,N/A,N/A,N/A,N/A,
Melba Amaral,Female,,,,No mention,"No issues or about page, no abortion terms on home page",Mary,8/6/24,No,No,Hawaii,8/10/24,Senator,N/A,,7627,14.15%,Lost,N/A,N/A,N/A,N/A,N/A,N/A,N/A,N/A,N/A,N/A,N/A,N/A,N/A,N/A,
Paul Dolan,Male,,,,N/A,no website,Mary,8/7/24,No,No,Hawaii,8/10/24,Senator,N/A,,4006,7.43%,Lost,N/A,N/A,N/A,N/A,N/A,N/A,N/A,N/A,N/A,N/A,N/A,N/A,N/A,N/A,
Adriel C. Lam,Male,,,,No mention,"no issues page, no mention on home or about pages",Mary,8/7/24,No,No,Hawaii,8/10/24,Senator,N/A,,8913,16.54%,Lost,N/A,N/A,N/A,N/A,N/A,N/A,N/A,N/A,N/A,N/A,N/A,N/A,N/A,N/A,
Bob McDermott,Male,,,,Pro-Life,"hover over ""Cultural Issues""",Mary,8/7/24,No,No,Hawaii,8/10/24,Senator,N/A,,27961,51.87%,Won,N/A,N/A,N/A,N/A,N/A,N/A,N/A,N/A,N/A,N/A,N/A,N/A,N/A,N/A,
Arturo P. Reyes,Male,,,,N/A,no website,Mary,8/7/24,No,No,Hawaii,8/10/24,Senator,N/A,,3319,6.16%,Lost,N/A,N/A,N/A,N/A,N/A,N/A,N/A,N/A,N/A,N/A,N/A,N/A,N/A,N/A,
Emmanuel Tipon,Male,,,,No mention,"No issues or about page, no abortion terms on home page",Mary,8/7/24,No,No,Hawaii,8/10/24,Senator,N/A,,2075,3.85%,Lost,N/A,N/A,N/A,N/A,N/A,N/A,N/A,N/A,N/A,N/A,N/A,N/A,N/A,N/A,
Jim Griffin,Male,,,,N/A,website down it seems? ,Meredith,8/10/24,No,No,Connecticut,8/13/24,Representative,1,,1,100.00%,Won,N/A,N/A,N/A,N/A,N/A,N/A,N/A,N/A,N/A,N/A,N/A,N/A,N/A,N/A,
Mike France,Male,,,,No mention,"no issues page, no mention on home or about pages",Meredith,8/10/24,No,No,Connecticut,8/13/24,Representative,2,,1,100.00%,Won,N/A,N/A,N/A,N/A,N/A,N/A,N/A,N/A,N/A,N/A,N/A,N/A,N/A,N/A,
Michael Massey,Male,Black,,,Other,"has issues page; abortion description isn't straightforward, but I think fits the ""other"" description best. ",Meredith,8/10/24,No,No,Connecticut,8/13/24,Representative,3,,1,100.00%,Won,N/A,N/A,N/A,N/A,N/A,N/A,N/A,N/A,N/A,N/A,N/A,N/A,N/A,N/A,
Michael Goldstein,Male,,,,No mention,"has videos and a list of issues on homepage that say his positions, but doesn't have one that looks related to abortion issues",Meredith,8/10/24,No,No,Connecticut,8/13/24,Representative,4,,4312,53.73%,Won,N/A,N/A,N/A,N/A,N/A,N/A,N/A,N/A,N/A,N/A,N/A,N/A,N/A,N/A,
Bob MacGuffie,Male,,,,No mention,has issues but doesnt list this issue,Meredith,8/10/24,No,No,Connecticut,8/13/24,Representative,4,,3713,46.27%,Lost,N/A,N/A,N/A,N/A,N/A,N/A,N/A,N/A,N/A,N/A,N/A,N/A,N/A,N/A,
George Logan,Male,Black,,,No mention,"has issues, but doesnt list",Meredith,8/10/24,No,No,Connecticut,8/13/24,Representative,5,,1,100.00%,Won,N/A,N/A,N/A,N/A,N/A,N/A,Yes,Yes,N/A,N/A,N/A,N/A,N/A,N/A,
Matthew M. Corey,Male,,,,No mention,"has issues, but doesnt list",Meredith,8/10/24,No,No,Connecticut,8/13/24,Senator,N/A,,19228,54.74%,Won,N/A,N/A,N/A,N/A,N/A,N/A,N/A,N/A,N/A,N/A,N/A,N/A,N/A,N/A,
Gerry Smith,Male,,,,No mention,"has issues, but doesnt list",Meredith,8/10/24,No,No,Connecticut,8/13/24,Senator,N/A,,15900,45.26%,Lost,N/A,N/A,N/A,N/A,N/A,N/A,N/A,N/A,N/A,N/A,N/A,N/A,N/A,N/A,
Brad Finstad,Male,,,,No mention,"No issues page, no mention on home or about pages",Mary,8/9/24,Yes,No,Minnesota,8/13/24,Representative,1,H2MN01223,30057,90.90%,Won,N/A,N/A,N/A,Yes,4/7/24,N/A,N/A,N/A,Yes,N/A,N/A,N/A,N/A,N/A,
Gregory A. Goetzman,Male,,,,N/A,No website,Mary,8/9/24,No,Yes,Minnesota,8/13/24,Representative,1,,1409,4.26%,Lost,N/A,N/A,N/A,No,N/A,N/A,N/A,N/A,No,N/A,N/A,N/A,N/A,N/A,
Shawn Tweten,Male,,,,Other,"""Yes, abortion... and all the other issues that politicians are fighting about are important. IF we focus on loving our neighbor, these values will naturally follow.""",Mary,8/9/24,No,Yes,Minnesota,8/13/24,Representative,1,,1599,4.84%,Lost,N/A,N/A,N/A,No,N/A,N/A,N/A,N/A,No,N/A,N/A,N/A,N/A,N/A,
Tayler J. Rahm,Male,,,,N/A,No website,Mary,8/9/24,No,No,Minnesota,8/13/24,Representative,2,,5290,24.00%,Lost,N/A,N/A,N/A,No,N/A,N/A,N/A,No,N/A,N/A,N/A,N/A,N/A,N/A,
Joe Teirab,Male,Black (Sudanese),,,No mention,,Mary,8/9/24,No,No,Minnesota,8/13/24,Representative,2,,16748,76.00%,Won,N/A,N/A,N/A,Yes,8/3/24,N/A,N/A,Yes,N/A,N/A,N/A,N/A,N/A,N/A,
Tad Jude,Male,,,,No mention,,Mary,8/9/24,No,No,Minnesota,8/13/24,Representative,3,,1,100.00%,Won,N/A,N/A,N/A,N/A,N/A,N/A,N/A,N/A,N/A,N/A,N/A,N/A,N/A,N/A,
May Lor Xiong,Female,Asian (Hmong),,,No mention,,Mary,8/9/24,No,No,Minnesota,8/13/24,Representative,4,,7777,63.05%,Won,N/A,N/A,N/A,N/A,N/A,N/A,N/A,N/A,N/A,N/A,N/A,N/A,N/A,N/A,
Gene Rechtzigel,Male,,,,Pro-Life,"""Protecting peple from conception throughout life"" sounds like ""protect life"" to me, though it isn't an exact match",Mary,8/9/24,No,No,Minnesota,8/13/24,Representative,4,,4558,36.95%,Lost,N/A,N/A,N/A,N/A,N/A,N/A,N/A,N/A,N/A,N/A,N/A,N/A,N/A,N/A,
Dalia Al-Aqidi,Female,Middle Eastern (Iraqi),,,No mention,,Mary,8/9/24,No,No,Minnesota,8/13/24,Representative,5,,3380,100.00%,Won,N/A,N/A,N/A,N/A,N/A,N/A,N/A,N/A,N/A,N/A,N/A,N/A,N/A,N/A,
Chris Corey,Male,,,,N/A,No website,Mary,8/9/24,No,Yes,Minnesota,8/13/24,Representative,6,,3218,12.95%,Lost,N/A,N/A,N/A,No,N/A,N/A,N/A,N/A,No,N/A,N/A,N/A,N/A,N/A,
Tom Emmer,Male,,,,No mention,,Mary,8/9/24,Yes,No,Minnesota,8/13/24,Representative,6,H4MN06087,21624,87.05%,Won,N/A,N/A,N/A,Yes,4/7/24,N/A,N/A,N/A,Yes,N/A,N/A,N/A,N/A,N/A,
Michelle Fischbach,Female,,,,Pro-Life,,Mary,8/9/24,Yes,No,Minnesota,8/13/24,Representative,7,H0MN07091,30458,64.66%,Won,N/A,N/A,N/A,Yes,3/21/24,N/A,N/A,N/A,Yes,Yes,N/A,Yes,Yes,N/A,
Steve Boyd,Male,,,,Pro-Life,,Mary,8/9/24,No,Yes,Minnesota,8/13/24,Representative,7,,16645,35.34%,Lost,N/A,N/A,N/A,No,N/A,N/A,N/A,N/A,No,No,N/A,No,No,N/A,
Pete Stauber,Male,,,,Pro-Life,,Mary,8/9/24,Yes,No,Minnesota,8/13/24,Representative,8,H8MN08043,36928,90.51%,Won,N/A,N/A,N/A,Yes,4/7/24,N/A,N/A,N/A,Yes,N/A,N/A,N/A,N/A,N/A,
Harry R. Welty,Male,,,,N/A,No website,Mary,8/9/24,No,Yes,Minnesota,8/13/24,Representative,8,,3874,9.49%,Lost,N/A,N/A,N/A,No,N/A,N/A,N/A,N/A,No,N/A,N/A,N/A,N/A,N/A,
John Berman,Male,,,,No mention,,Mary,8/9/24,No,No,Minnesota,8/13/24,Senator,N/A,,14158,7.29%,Lost,N/A,N/A,N/A,N/A,N/A,N/A,N/A,N/A,N/A,N/A,N/A,N/A,N/A,N/A,
Loner Blue,Male,,,,N/A,No website,Mary,8/9/24,No,No,Minnesota,8/13/24,Senator,N/A,,2727,1.40%,Lost,N/A,N/A,N/A,N/A,N/A,N/A,N/A,N/A,N/A,N/A,N/A,N/A,N/A,N/A,
Joe Fraser,Male,,,,No mention,,Mary,8/9/24,No,No,Minnesota,8/13/24,Senator,N/A,,56909,29.29%,Lost,N/A,N/A,N/A,N/A,N/A,N/A,N/A,N/A,N/A,N/A,N/A,N/A,N/A,N/A,
Alycia R. Gruenhagen,Female,,,,Pro-Life,,Mary,8/9/24,No,No,Minnesota,8/13/24,Senator,N/A,,15017,7.73%,Lost,N/A,N/A,N/A,N/A,N/A,N/A,N/A,N/A,N/A,N/A,N/A,N/A,N/A,N/A,
Patrick D. Munro,Male,,,,Pro-Life,,Mary,8/9/24,No,No,Minnesota,8/13/24,Senator,N/A,,9444,4.86%,Lost,N/A,N/A,N/A,N/A,N/A,N/A,N/A,N/A,N/A,N/A,N/A,N/A,N/A,N/A,
Raymond D. Petersen,Male,,,,Other,"""Children need to be protected and cared for from the moment that they have developed to the point of having self awareness. This point is somewhere between conception and birth""",Mary,8/9/24,No,No,Minnesota,8/13/24,Senator,N/A,,16237,8.36%,Lost,N/A,N/A,N/A,N/A,N/A,N/A,N/A,N/A,N/A,N/A,N/A,N/A,N/A,N/A,
Christopher Seymore Sr.,Male,,,,Other,"""Social issues are approached with compassion and respect for individual liberties, including a woman's right to make informed decisions about her body within the bounds of reason and morality""",Mary,8/9/24,No,No,Minnesota,8/13/24,Senator,N/A,,5020,2.58%,Lost,N/A,N/A,N/A,N/A,N/A,N/A,N/A,N/A,N/A,N/A,N/A,N/A,N/A,N/A,
Royce White,Male,Black,Hispanic (Mexican),White (Norwegian and Welsh),Other,"""As moral and spiritual matter, I believe that life starts at conception. I defer to the judgment of legal scholars & experts of sending back to the states.""",Mary,8/9/24,No,No,Minnesota,8/13/24,Senator,N/A,,74814,38.50%,Won,N/A,N/A,N/A,N/A,N/A,N/A,N/A,N/A,N/A,N/A,N/A,N/A,N/A,N/A,
Mark Coester,Male,white,,,No mention,"His issue positions are on a carosel, so I didn't save to the drive. I did save his ""about"".",Meredith,8/9/24,No,No,Vermont,8/13/24,Representative,1,,19459,97.25%,Won,N/A,N/A,N/A,N/A,N/A,N/A,N/A,N/A,N/A,N/A,N/A,N/A,N/A,N/A,
Phil Scott,Male,white,,,No mention,No issue page ,Meredith,8/9/24,Yes,No,Vermont,8/13/24,Governor,N/A,,23173,98.10%,Won,N/A,N/A,N/A,N/A,N/A,N/A,N/A,N/A,N/A,N/A,N/A,N/A,N/A,N/A,
Gerald Malloy,Male,white,,,No mention,,Meredith,8/9/24,No,No,Vermont,8/13/24,Senator,N/A,,20383,96.35%,Won,N/A,N/A,N/A,N/A,N/A,N/A,N/A,N/A,N/A,N/A,N/A,N/A,N/A,N/A,
Bryan Steil,Male,,,,Pro-Life,"says the SCOTUS decision is good bc gives choice to the states, but also says he supports federal bills, so I think pro-life. ",Meredith,8/9/24,Yes,No,Wisconsin,8/13/24,Representative,1,H8WI01156,52253,99.38%,Won,N/A,N/A,N/A,Yes,7/26/24,N/A,N/A,N/A,Yes,N/A,N/A,N/A,N/A,N/A,
Charity Barry,Female,,,,No mention,"about and issues, no mention",Meredith,8/9/24,No,No,Wisconsin,8/13/24,Representative,2,,17897,43.61%,Lost,N/A,N/A,N/A,N/A,N/A,N/A,N/A,N/A,N/A,N/A,N/A,N/A,N/A,N/A,
Erik Olsen,Male,,,,No mention,,Meredith,8/9/24,No,No,Wisconsin,8/13/24,Representative,2,,23035,56.13%,Won,N/A,N/A,N/A,N/A,N/A,N/A,N/A,N/A,N/A,N/A,N/A,N/A,N/A,N/A,
Derrick Van Orden,Male,,,,Pro-Life,"On home page says: ""I have a unique understanding of how precious life is and why it should be protected. We must respect and cherish life."" although kind of vague? not on the about page, or issues page",Meredith,8/9/24,Yes,No,Wisconsin,8/13/24,Representative,3,H0WI03175,52533,99.60%,Won,N/A,N/A,N/A,Yes,5/26/24,N/A,N/A,N/A,Yes,N/A,N/A,N/A,N/A,N/A,
Purnima Nath,Female,,,,No mention,,Meredith,8/9/24,No,No,Wisconsin,8/13/24,Representative,4,,5348,28.45%,Lost,N/A,N/A,N/A,N/A,N/A,N/A,N/A,N/A,N/A,N/A,N/A,N/A,N/A,N/A,
Tim Rogers,Male,Black,,,No mention,,Meredith,8/9/24,No,No,Wisconsin,8/13/24,Representative,4,,13382,71.18%,Won,N/A,N/A,N/A,N/A,N/A,N/A,N/A,N/A,N/A,N/A,N/A,N/A,N/A,N/A,
Scott Fitzgerald,Male,,,,Pro-Life,"""right to life"" ",Meredith,8/9/24,Yes,No,Wisconsin,8/13/24,Representative,5,H0WI05113,100916,99.28%,Won,N/A,N/A,N/A,Yes,5/26/24,N/A,N/A,N/A,Yes,N/A,N/A,N/A,N/A,N/A,
Glenn Grothman,Male,,,,No mention,no issues page,Meredith,8/10/24,Yes,No,Wisconsin,8/13/24,Representative,6,H4WI06048,75113,99.23%,Won,N/A,N/A,N/A,Yes,7/26/24,N/A,N/A,N/A,Yes,N/A,N/A,N/A,N/A,N/A,
Tom Tiffany,Male,,,,Pro-Life,,Meredith,8/10/24,Yes,No,Wisconsin,8/13/24,Representative,7,H0WI07101,78503,99.43%,Won,N/A,N/A,N/A,Yes,5/26/24,N/A,N/A,N/A,Yes,N/A,N/A,N/A,N/A,N/A,
André Jacque,Male,,,,Pro-Life,"on homepage has endorsement from ""Pro-Life Wisconsin""",Meredith,8/10/24,No,No,Wisconsin,8/13/24,Representative,8,,23186,23.30%,Lost,N/A,N/A,N/A,No,N/A,N/A,N/A,N/A,N/A,N/A,N/A,N/A,N/A,N/A,
Roger Roth,Male,,,,No mention,no issues page,Meredith,8/10/24,No,No,Wisconsin,8/13/24,Representative,8,,34344,34.51%,Lost,N/A,N/A,N/A,No,N/A,N/A,N/A,N/A,N/A,N/A,N/A,N/A,N/A,N/A,
Tony Wied,Male,,,,No mention,"has issues, no mention",Meredith,8/10/24,No,No,Wisconsin,8/13/24,Representative,8,,41937,42.13%,Won,N/A,N/A,N/A,Yes,4/22/24,N/A,N/A,N/A,N/A,N/A,N/A,N/A,N/A,N/A,
Eric Hovde,Male,,,,No mention,"has issues, no mention",Meredith,8/10/24,No,No,Wisconsin,8/13/24,Senator,N/A,,477197,86.21%,Won,N/A,N/A,N/A,Yes,4/2/24,N/A,N/A,N/A,N/A,N/A,N/A,N/A,N/A,N/A,
Rejani Raveendran,Female,,,,Pro-Life,on homepage    ,Meredith,8/10/24,No,No,Wisconsin,8/13/24,Senator,N/A,,34612,6.25%,Lost,N/A,N/A,N/A,No,N/A,N/A,N/A,N/A,N/A,N/A,N/A,N/A,N/A,N/A,
Charles E. Barman,Male,,,,No mention,,Meredith,8/10/24,No,No,Wisconsin,8/13/24,Senator,N/A,,40990,7.40%,Lost,N/A,N/A,N/A,No,N/A,N/A,N/A,N/A,N/A,N/A,N/A,N/A,N/A,N/A,
Nancy Dahlstrom,Female,white,,,No mention,,Mary,8/16/24,No,No,Alaska,8/20/24,Representative,1,,21574,41.93%,Made runoff,N/A,N/A,N/A,Yes,6/17/24,N/A,N/A,Yes,N/A,Yes,Yes,Yes,N/A,Yes,
Nick Begich,Male,white,,,No mention,"no separate about page, no mention on homepage or issues page",Mary,8/16/24,No,No,Alaska,8/20/24,Representative,1,,28803,55.98%,Made runoff,N/A,N/A,N/A,No,N/A,N/A,N/A,No,N/A,No,No,No,N/A,No,
"Gerald L. ""Jer"" Heikes",Male,white,,,N/A,no website,Mary,8/16/24,No,No,Alaska,8/20/24,Representative,1,,424,0.82%,Lost,N/A,N/A,N/A,No,N/A,N/A,N/A,No,N/A,No,No,No,N/A,No,
Matthew H. Salisbury,Male,unknown,,,N/A,no website,Mary,8/16/24,No,No,Alaska,8/20/24,Representative,1,,652,1.27%,Lost,N/A,N/A,N/A,No,N/A,N/A,N/A,No,N/A,No,No,No,N/A,No,
Aaron Dimmock,Male,white,,,Pro-Life,,Mary,8/16/24,No,Yes,Florida,8/20/24,Representative,1,,26788,27.44%,Lost,N/A,N/A,N/A,No,N/A,N/A,N/A,N/A,N/A,N/A,N/A,N/A,N/A,N/A,
Matt Gaetz,Male,white,,,No mention,"no issues page, no mention on homepage or about page",Mary,8/16/24,Yes,No,Florida,8/20/24,Representative,1,H6FL01119,70824,72.56%,Won,N/A,N/A,N/A,Yes,5/26/24,N/A,N/A,N/A,N/A,N/A,N/A,N/A,N/A,N/A,
Neal Dunn,Male,white,,,Pro-Life,,Mary,8/16/24,Yes,No,Florida,8/20/24,Representative,2,H6FL02208,69113,82.70%,Won,N/A,N/A,N/A,Yes,6/13/24,N/A,N/A,N/A,Yes,Yes,N/A,N/A,N/A,N/A,
Rhonda Woodward,Female,white,,,No mention,,Mary,8/16/24,No,Yes,Florida,8/20/24,Representative,2,,14456,17.30%,Lost,N/A,N/A,N/A,No,N/A,N/A,N/A,N/A,No,No,N/A,N/A,N/A,N/A,
Kat Cammack,Female,white,,,No mention,"mentions pro-life terms on her ""accomplishments"" page, but doesn't have a traditional issues page",Mary,8/16/24,Yes,No,Florida,8/20/24,Representative,3,H0FL03175,69962,87.12%,Won,N/A,N/A,N/A,Yes,6/13/24,N/A,N/A,N/A,Yes,N/A,N/A,Yes,N/A,N/A,
Alec Stevens,Male,unknown,,,No mention,,Mary,8/16/24,No,Yes,Florida,8/20/24,Representative,3,,10340,12.88%,Lost,N/A,N/A,N/A,No,N/A,N/A,N/A,N/A,No,N/A,N/A,No,N/A,N/A,
Aaron Bean,Male,white,,,No mention,,Mary,8/16/24,Yes,No,Florida,8/20/24,Representative,4,H2FL04211,1,100.00%,Won,N/A,N/A,N/A,Yes,6/17/24,N/A,N/A,N/A,Yes,N/A,N/A,N/A,N/A,N/A,
Mara H. Macie,Female,white,,,No mention,"website was down, but I was able to access a recent version on the wayback machine. Date reflects the date of capture of that version. (HF: I was able to access the actual site on 8/19/24, and it looks the same as far as I can tell.)",Mary,7/26/24,No,Yes,Florida,8/20/24,Representative,5,,23792,32.85%,Lost,N/A,N/A,N/A,No,N/A,N/A,N/A,N/A,No,N/A,N/A,N/A,N/A,N/A,
John H. Rutherford,Male,white,,,No mention,,Mary,8/16/24,Yes,No,Florida,8/20/24,Representative,5,H6FL04105,48628,67.15%,Won,N/A,N/A,N/A,Yes,5/26/24,N/A,N/A,N/A,Yes,N/A,N/A,N/A,N/A,N/A,
John Grow,Male,white,,,No mention,,Mary,8/16/24,No,Yes,Florida,8/20/24,Representative,6,,14280,17.96%,Lost,N/A,N/A,N/A,No,N/A,N/A,N/A,N/A,No,N/A,N/A,N/A,N/A,N/A,
Michael Waltz,Male,white,,,No mention,"no issues page, no mention on homepage or about page",Mary,8/16/24,Yes,No,Florida,8/20/24,Representative,6,H8FL06148,65234,82.04%,Won,N/A,N/A,N/A,Yes,5/26/24,N/A,N/A,N/A,Yes,N/A,N/A,N/A,N/A,N/A,
Mike Johnson,Male,white,,,Pro-Life,,Mary,8/16/24,No,Yes,Florida,8/20/24,Representative,7,,10188,19.12%,Lost,N/A,N/A,N/A,No,N/A,N/A,N/A,N/A,No,N/A,N/A,N/A,N/A,N/A,
Cory Lee Mills,Male,white,,,No mention,no issues page,Mary,8/16/24,Yes,No,Florida,8/20/24,Representative,7,H2FL07156,43096,80.88%,Won,N/A,N/A,N/A,Yes,5/26/24,N/A,N/A,N/A,Yes,N/A,N/A,N/A,N/A,N/A,
Joe Babits,Male,white,,,No mention,no separate about page,Mary,8/16/24,No,No,Florida,8/20/24,Representative,8,,5250,6.14%,Lost,N/A,N/A,N/A,No,N/A,N/A,N/A,N/A,No,No,N/A,N/A,N/A,N/A,
Mike Haridopolos,Male,white,,,No mention,,Mary,8/16/24,No,No,Florida,8/20/24,Representative,8,,61710,72.12%,Won,N/A,N/A,N/A,Yes,6/17/24,N/A,N/A,N/A,Yes,Yes,N/A,N/A,N/A,N/A,
John Hearton,Male,white,,,No mention,,Mary,8/16/24,No,No,Florida,8/20/24,Representative,8,,18604,21.74%,Lost,N/A,N/A,N/A,No,N/A,N/A,N/A,N/A,No,No,N/A,N/A,N/A,N/A,
Jose Castillo,Male,hispanic,,,Pro-Life,,Mary,8/16/24,No,No,Florida,8/20/24,Representative,9,,6294,24.67%,Lost,N/A,N/A,N/A,N/A,N/A,N/A,N/A,N/A,N/A,N/A,N/A,N/A,N/A,N/A,
Thomas Chalifoux,Male,white,,,No mention,,Mary,8/16/24,No,No,Florida,8/20/24,Representative,9,,12662,49.63%,Won,N/A,N/A,N/A,N/A,N/A,N/A,N/A,N/A,N/A,N/A,N/A,N/A,N/A,N/A,
"John ""Q"" Quinones",Male,hispanic (puerto rican),,,No mention,,Mary,8/16/24,No,No,Florida,8/20/24,Representative,9,,6557,25.70%,Lost,N/A,N/A,N/A,N/A,N/A,N/A,N/A,N/A,N/A,N/A,N/A,N/A,N/A,N/A,
Tuan Le,Male,asian ,,,No mention,,Mary,8/16/24,No,No,Florida,8/20/24,Representative,10,,9734,46.54%,Lost,N/A,N/A,N/A,N/A,N/A,N/A,N/A,N/A,N/A,N/A,N/A,N/A,N/A,N/A,
Willie J. Montague,Male,black,,,Pro-Life,,Mary,8/16/24,No,No,Florida,8/20/24,Representative,10,,11183,53.46%,Won,N/A,N/A,N/A,N/A,N/A,N/A,N/A,N/A,N/A,N/A,N/A,N/A,N/A,N/A,
John McCloy,Male,white,,,Pro-Life,,Mary,8/16/24,No,Yes,Florida,8/20/24,Representative,11,,16567,23.01%,Lost,N/A,N/A,N/A,No,N/A,N/A,N/A,N/A,No,N/A,N/A,N/A,N/A,N/A,
Daniel Webster,Male,white,,,Pro-Life,"""Life begins at conception and the protection of life ought to begin at conception as well.""",Mary,8/16/24,Yes,No,Florida,8/20/24,Representative,11,H0FL08208,55443,76.99%,Won,N/A,N/A,N/A,Yes,12/1/23,N/A,N/A,N/A,Yes,N/A,N/A,N/A,N/A,N/A,
Gus Michael Bilirakis,Male,white (greek),,,Pro-Life,,Mary,8/16/24,Yes,No,Florida,8/20/24,Representative,12,H6FL09070,59946,84.28%,Won,N/A,N/A,N/A,Yes,3/27/24,N/A,N/A,N/A,Yes,N/A,N/A,N/A,N/A,N/A,
Hank Dunlap,Male,white,,,Other,"""Defining what constitutes life with an amendment ensures clarity in ethical and legal considerations surrounding issues such as abortion...""",Mary,8/16/24,No,Yes,Florida,8/20/24,Representative,12,,11182,15.72%,Lost,N/A,N/A,N/A,No,N/A,N/A,N/A,N/A,No,N/A,N/A,N/A,N/A,N/A,
Anna Paulina Luna,Female,hispanic (mexican),white (german),"*""small fraction ashkenazi jewish""",Other,"""Anna's father... had asked her mother to have an abortion.  But Anna's mother chose life.""",Mary,8/16/24,Yes,No,Florida,8/20/24,Representative,13,H0FL13158,1,100.00%,Won,N/A,N/A,N/A,Yes,5/26/24,N/A,N/A,N/A,Yes,N/A,N/A,N/A,N/A,N/A,
Ehsan Joarder,Male,middle eastern?,,,No mention,,Mary,8/16/24,No,No,Florida,8/20/24,Representative,14,,3837,13.33%,Lost,N/A,N/A,N/A,N/A,N/A,N/A,N/A,N/A,N/A,N/A,N/A,N/A,N/A,N/A,
Neelam Taneja Perry,Female,asian (indian),,,Other,"On 8/16/24, no issues or about pages, no mention on homepage. However, as of 8/19/24: ""Dr. Perry is pro-life, but there has to be balance between pro-life and pro-choice for the economic, social and emotional protections of the unborn child and the mother and society. Medical Termination of Pregnancy (MTP) is a separate medical condition and should be classified separately legally too.""",Mary,8/19/24,No,No,Florida,8/20/24,Representative,14,,1594,5.54%,Lost,N/A,N/A,N/A,N/A,N/A,N/A,N/A,N/A,N/A,N/A,N/A,N/A,N/A,N/A,
John Peters,Male,white,,,No mention,,Mary,8/16/24,No,No,Florida,8/20/24,Representative,14,,7771,27.00%,Lost,N/A,N/A,N/A,N/A,N/A,N/A,N/A,N/A,N/A,N/A,N/A,N/A,N/A,N/A,
"Robert ""Rocky"" Rochford",Male,white,,,No mention,,Mary,8/16/24,No,No,Florida,8/20/24,Representative,14,,15575,54.12%,Won,N/A,N/A,N/A,N/A,N/A,N/A,N/A,N/A,N/A,N/A,N/A,N/A,N/A,N/A,
Laurel Lee,Female,white,,,Pro-Life,,Mary,8/16/24,Yes,No,Florida,8/20/24,Representative,15,H2FL15241,28571,72.30%,Won,N/A,N/A,N/A,Yes,6/13/24,N/A,N/A,N/A,Yes,N/A,N/A,Yes,Yes,N/A,
Jennifer Barbosa,Female,white,,,No mention,No separate issues or about pages. No mention on homepage,Mary,8/16/24,No,Yes,Florida,8/20/24,Representative,15,,3809,9.64%,Lost,N/A,N/A,N/A,No,N/A,N/A,N/A,N/A,No,N/A,N/A,No,No,N/A,
James Judge,Male,white,,,Pro-Life,,Mary,8/16/24,No,Yes,Florida,8/20/24,Representative,15,,7137,18.06%,Lost,N/A,N/A,N/A,No,N/A,N/A,N/A,N/A,No,N/A,N/A,No,No,N/A,
Vern Buchanan,Male,white,,,No mention,"has some issues on home page, doesnt mention there or in about ",Meredith,8/19/24,Yes,No,Florida,8/20/24,Representative,16,H6FL13148,38789,60.93%,Won,N/A,N/A,N/A,Yes,5/26/24,N/A,N/A,N/A,Yes,N/A,N/A,N/A,N/A,N/A,
Eddie Speir,Male,white,,,No mention,,Meredith,8/19/24,No,Yes,Florida,8/20/24,Representative,16,,24868,39.07%,Lost,N/A,N/A,N/A,No,N/A,N/A,N/A,N/A,No,N/A,N/A,N/A,N/A,N/A,
Greg Steube,Male,white,,,No mention,no issues page,Meredith,8/19/24,Yes,No,Florida,8/20/24,Representative,17,H8FL17053,1,100.00%,Won,N/A,N/A,N/A,Yes,5/26/24,N/A,N/A,N/A,Yes,N/A,N/A,N/A,N/A,N/A,
Scott Franklin,Male,white,,,Pro-Life,,Meredith,8/19/24,Yes,No,Florida,8/20/24,Representative,18,H0FL15104,1,100.00%,Won,N/A,N/A,N/A,Yes,5/26/24,N/A,N/A,N/A,Yes,N/A,N/A,N/A,N/A,N/A,
Byron Donalds,Male,black,,,Pro-Life,,Meredith,8/19/24,Yes,No,Florida,8/20/24,Representative,19,H2FL14186,1,100.00%,Won,N/A,N/A,N/A,Yes,5/26/24,N/A,N/A,N/A,Yes,N/A,N/A,N/A,N/A,N/A,
Brian Mast,Male,white,,,Pro-Life,,Meredith,8/19/24,Yes,No,Florida,8/20/24,Representative,21,H6FL18097,60395,85.85%,Won,N/A,N/A,N/A,Yes,5/26/24,N/A,N/A,N/A,Yes,N/A,N/A,N/A,N/A,N/A,
Rick Wiles,Male,white,,,No mention,"has issues, doesnt mention this one",Meredith,8/19/24,No,Yes,Florida,8/20/24,Representative,21,,9957,14.15%,Lost,N/A,N/A,N/A,No,N/A,N/A,N/A,N/A,No,N/A,N/A,N/A,N/A,N/A,
Deborah Adeimy,Female,white,,,No mention,,Meredith,8/19/24,No,No,Florida,8/20/24,Representative,22,,7038,22.17%,Lost,N/A,N/A,N/A,No,N/A,N/A,N/A,N/A,N/A,N/A,N/A,N/A,N/A,N/A,
Dan Franzese,Male,white,,,No mention,,Meredith,8/19/24,No,No,Florida,8/20/24,Representative,22,,16666,52.51%,Won,N/A,N/A,N/A,Yes,8/5/24,N/A,N/A,N/A,N/A,N/A,N/A,N/A,N/A,N/A,
Andrew Gutmann,Male,white,,,Other,"""I personally believe the Supreme Court was correct in its decision in Dobbs v. Jackson Women’s Health Organization to return the issue of abortion to the states, and to the democratic process.""",Meredith,8/19/24,No,No,Florida,8/20/24,Representative,22,,8036,25.32%,Lost,N/A,N/A,N/A,No,N/A,N/A,N/A,N/A,N/A,N/A,N/A,N/A,N/A,N/A,
Gary Barve,Male,asian (indian),,,No mention,,Meredith,8/19/24,No,No,Florida,8/20/24,Representative,23,,1923,7.17%,Lost,N/A,N/A,N/A,N/A,N/A,N/A,N/A,N/A,N/A,N/A,N/A,N/A,N/A,N/A,
Darlene Cerezo Swaffar,Female,hispanic,,,No mention,,Meredith,8/19/24,No,No,Florida,8/20/24,Representative,23,,5118,19.07%,Lost,N/A,N/A,N/A,N/A,N/A,N/A,N/A,N/A,N/A,N/A,N/A,N/A,N/A,N/A,
"Joseph ""Joe"" Kaufman",Male,white,,,No mention,,Meredith,8/19/24,No,No,Florida,8/20/24,Representative,23,,9503,35.41%,Won,N/A,N/A,N/A,N/A,N/A,N/A,N/A,N/A,N/A,N/A,N/A,N/A,N/A,N/A,
Carla Spalding,Female,black,,,No mention,,Meredith,8/19/24,No,No,Florida,8/20/24,Representative,23,,2844,10.60%,Lost,N/A,N/A,N/A,N/A,N/A,N/A,N/A,N/A,N/A,N/A,N/A,N/A,N/A,N/A,
Joe Thelusca,Male,black,,,No mention,no issues page,Meredith,8/19/24,No,No,Florida,8/20/24,Representative,23,,1923,7.17%,Lost,N/A,N/A,N/A,N/A,N/A,N/A,N/A,N/A,N/A,N/A,N/A,N/A,N/A,N/A,
Robert S. Weinroth,Male,white,,,Other,"says ""all life is precious"" under ""family values"" issues",Meredith,8/19/24,No,No,Florida,8/20/24,Representative,23,,5524,20.59%,Lost,N/A,N/A,N/A,N/A,N/A,N/A,N/A,N/A,N/A,N/A,N/A,N/A,N/A,N/A,
"Patricia ""Patti"" Gonzalez",Female,hispanic,,,No mention,,Meredith,8/19/24,No,No,Florida,8/20/24,Representative,24,,4371,43.17%,Lost,N/A,N/A,N/A,N/A,N/A,N/A,N/A,N/A,N/A,N/A,N/A,N/A,N/A,N/A,
Jesus Gabriel Navarro,Male,Hispanic (Cuban),,,No mention,,Meredith,8/19/24,No,No,Florida,8/20/24,Representative,24,,5755,56.83%,Won,N/A,N/A,N/A,N/A,N/A,N/A,N/A,N/A,N/A,N/A,N/A,N/A,N/A,N/A,
Chris Eddy,Male,white,,,No mention,,Meredith,8/19/24,No,No,Florida,8/20/24,Representative,25,,13246,64.95%,Won,N/A,N/A,N/A,N/A,N/A,N/A,N/A,N/A,N/A,N/A,N/A,N/A,N/A,N/A,
Bryan E. Leib,Male,white,,,No mention,,Meredith,8/19/24,No,No,Florida,8/20/24,Representative,25,,7149,35.05%,Lost,N/A,N/A,N/A,N/A,N/A,N/A,N/A,N/A,N/A,N/A,N/A,N/A,N/A,N/A,
Mario Diaz-Balart,Male,hispanic (cuban),,,No mention,no issues on page,Meredith,8/19/24,Yes,No,Florida,8/20/24,Representative,26,H2FL25018,38334,83.53%,Won,N/A,N/A,N/A,Yes,5/26/24,N/A,N/A,N/A,Yes,N/A,N/A,N/A,N/A,N/A,
Richard Evans,Male,white,,,No mention,"says ""protect the life, liberty and pursuit of happiness.."" etc but this is not ""protect life"" in meaning we mean, IMO, for abortion. Has ""agenda,"" but the page is blank",Meredith,8/19/24,No,Yes,Florida,8/20/24,Representative,26,,3178,6.93%,Lost,N/A,N/A,N/A,No,N/A,N/A,N/A,N/A,No,N/A,N/A,N/A,N/A,N/A,
Johnny Fratto,Male,white,,,No mention,,Meredith,8/19/24,No,Yes,Florida,8/20/24,Representative,26,,4378,9.54%,Lost,N/A,N/A,N/A,No,N/A,N/A,N/A,N/A,No,N/A,N/A,N/A,N/A,N/A,
Maria Elvira Salazar,Female,hispanic (cuban and puerto rican),,,No mention,,Meredith,8/19/24,Yes,No,Florida,8/20/24,Representative,27,H8FL27185,38493,88.69%,Won,N/A,N/A,N/A,Yes,5/26/24,N/A,N/A,N/A,Yes,N/A,N/A,Yes,Yes,Yes,
Royland Lara,Male,hispanic (cuban),,,No mention,,Meredith,8/19/24,No,Yes,Florida,8/20/24,Representative,27,,4908,11.31%,Lost,N/A,N/A,N/A,No,N/A,N/A,N/A,N/A,No,N/A,N/A,No,No,No,
Carlos A. Gimenez,Male,hispanic,,,No mention,"he's got a list of issues with check boxes, but its to submit a form about what the visitor cares about. He himself doesnt have issues on the site. ",Meredith,8/19/24,Yes,No,Florida,8/20/24,Representative,28,H0FL26036,1,100.00%,Won,N/A,N/A,N/A,Yes,5/26/24,N/A,N/A,N/A,Yes,N/A,N/A,N/A,N/A,N/A,
John S. Columbus,Male,white,,,Other,"""Personally, I am pro-life, but that does not make me anti-choice. I recognize the spectrum of situations that can occur during pregnancy, and do not believe a binary “Yea” or “Nay” will solve this question that’s been asked since the beginning of human existence.""",Meredith,8/19/24,No,Yes,Florida,8/20/24,Senator,N/A,,95342,6.27%,Lost,N/A,N/A,N/A,No,N/A,No,N/A,N/A,No,N/A,N/A,N/A,N/A,N/A,
Keith Gross,Male,white,,,No mention,,Meredith,8/19/24,No,Yes,Florida,8/20/24,Senator,N/A,,142392,9.36%,Lost,N/A,N/A,N/A,No,N/A,No,N/A,N/A,No,N/A,N/A,N/A,N/A,N/A,
Rick Scott,Male,white,,,Pro-Life,"""Abortion kills human children. To deny that is to deny science""",Meredith,8/19/24,Yes,No,Florida,8/20/24,Senator,N/A,S8FL00273,1283904,84.38%,Won,N/A,N/A,N/A,Yes,12/5/23,Yes,N/A,N/A,Yes,N/A,N/A,N/A,N/A,N/A,
Harriet Hageman,Female,white,,,No mention,,Meredith,8/19/24,Yes,No,Wyoming,8/20/24,Representative,1,H2WY00166,82783,78.88%,Won,N/A,N/A,N/A,Yes,5/26/24,N/A,N/A,N/A,Yes,N/A,N/A,N/A,Yes,N/A,
Steven R. Helling,Male,white,,,N/A,no website,Meredith,8/19/24,No,Yes,Wyoming,8/20/24,Representative,1,,19743,18.81%,Lost,N/A,N/A,N/A,No,N/A,N/A,N/A,N/A,No,N/A,N/A,N/A,No,N/A,
John Barrasso,Male,white,,,No mention,no issues,Meredith,8/19/24,Yes,No,Wyoming,8/20/24,Senator,N/A,S6WY00068,70494,66.79%,Won,N/A,N/A,N/A,Yes,5/26/24,N/A,N/A,N/A,Yes,N/A,N/A,N/A,N/A,N/A,
John Holtz,Male,white,,,N/A,no website,Meredith,8/19/24,No,Yes,Wyoming,8/20/24,Senator,N/A,,7868,7.45%,Lost,N/A,N/A,N/A,No,N/A,N/A,N/A,N/A,No,N/A,N/A,N/A,N/A,N/A,
Reid Rasner,Male,white,,,Pro-Life,,Meredith,8/19/24,No,Yes,Wyoming,8/20/24,Senator,N/A,,25427,24.09%,Lost,N/A,N/A,N/A,No,N/A,N/A,N/A,N/A,No,N/A,N/A,N/A,N/A,N/A,
Robert G. Burke,Male,,,,No mention,,Mary,8/29/24,No,No,Massachusetts,9/3/24,Representative,8,,10335,46.06%,Won,N/A,N/A,N/A,N/A,N/A,N/A,N/A,N/A,N/A,N/A,N/A,N/A,N/A,N/A,
James M. Govatsos,Male,,,,No mention,no issues or about pages,Mary,8/29/24,No,No,Massachusetts,9/3/24,Representative,8,,6216,27.70%,Lost,N/A,N/A,N/A,N/A,N/A,N/A,N/A,N/A,N/A,N/A,N/A,N/A,N/A,N/A,
Daniel Kelly,Male,,,,N/A,no website,Mary,8/29/24,No,No,Massachusetts,9/3/24,Representative,8,,5761,25.67%,Lost,N/A,N/A,N/A,N/A,N/A,N/A,N/A,N/A,N/A,N/A,N/A,N/A,N/A,N/A,
Dan Sullivan,Male,,,,No mention,,Mary,8/29/24,No,No,Massachusetts,9/3/24,Representative,9,,36888,98.53%,Won,N/A,N/A,N/A,N/A,N/A,N/A,N/A,N/A,N/A,N/A,N/A,N/A,N/A,N/A,
Robert J. Antonellis,Male,,,,No mention,,Mary,8/29/24,No,No,Massachusetts,9/3/24,Senator,N/A,,54940,25.91%,Lost,N/A,N/A,N/A,N/A,N/A,N/A,N/A,N/A,N/A,N/A,N/A,N/A,N/A,N/A,
Ian Cain,Male,,,,No mention,,Mary,8/29/24,No,No,Massachusetts,9/3/24,Senator,N/A,,19374,9.14%,Lost,N/A,N/A,N/A,N/A,N/A,N/A,N/A,N/A,N/A,N/A,N/A,N/A,N/A,N/A,
John Deaton,Male,,,,No mention,,Mary,8/29/24,No,No,Massachusetts,9/3/24,Senator,N/A,,136773,64.51%,Won,N/A,N/A,N/A,N/A,N/A,N/A,N/A,N/A,N/A,N/A,N/A,N/A,N/A,N/A,
Donyale Hall,Female,,,,No mention,no separate issues/about pages,Mary,9/4/24,No,No,Delaware,9/10/24,Representative,1,,15752,44.21%,Lost,N/A,N/A,N/A,N/A,N/A,N/A,N/A,N/A,N/A,N/A,N/A,N/A,Yes,N/A,
John J. Whalen III,Male,,,,No mention,no separate issues/about pages,Mary,9/4/24,No,No,Delaware,9/10/24,Representative,1,,19880,55.79%,Won,N/A,N/A,N/A,N/A,N/A,N/A,N/A,N/A,N/A,N/A,N/A,N/A,No,N/A,
Jerrold A. Price,Male,,,,Other,"in response to a comment asked on his page about taxpayer funding for abortions: ""That is a family issue. Not a tax payer issue""",Mary,9/4/24,No,No,Delaware,9/10/24,Governor,N/A,,5971,16.34%,Lost,N/A,N/A,N/A,N/A,N/A,N/A,N/A,N/A,N/A,N/A,N/A,N/A,N/A,N/A,
Mike Ramone,Male,,,,No mention,,Mary,9/4/24,No,No,Delaware,9/10/24,Governor,N/A,,26414,72.29%,Won,N/A,N/A,N/A,N/A,N/A,N/A,N/A,N/A,N/A,N/A,N/A,N/A,N/A,N/A,
Bobby Williamson,Male,,,,No mention,,Mary,9/4/24,No,No,Delaware,9/10/24,Governor,N/A,,4153,11.37%,Lost,N/A,N/A,N/A,N/A,N/A,N/A,N/A,N/A,N/A,N/A,N/A,N/A,N/A,N/A,
Eric Hansen,Male,,,,Other,"""I oppose a national abortion ban and will not support any federal law that overrides Delaware law.""",Mary,9/4/24,No,No,Delaware,9/10/24,Senator,N/A,,1,100.00%,Won,N/A,N/A,N/A,N/A,N/A,N/A,N/A,N/A,N/A,N/A,N/A,N/A,N/A,N/A,
Max Abramson,Male,,,,No mention,"has issues page, doesn't mention ",Meredith,9/7/24,No,No,New Hampshire,9/10/24,Representative,1,,2180,3.25%,Lost,N/A,N/A,N/A,N/A,N/A,N/A,N/A,N/A,N/A,N/A,N/A,N/A,N/A,N/A,
Chris Bright,Male,,,,Other,"""I believe that under the Constitution, this matter is left to the states to decide.""",Meredith,9/7/24,No,No,New Hampshire,9/10/24,Representative,1,,8733,13.03%,Lost,N/A,N/A,N/A,N/A,N/A,N/A,N/A,N/A,N/A,N/A,N/A,N/A,N/A,N/A,
Joseph Kelly Levasseur,Male,,,,No mention,,Meredith,9/7/24,No,No,New Hampshire,9/10/24,Representative,1,,15418,23.00%,Lost,N/A,N/A,N/A,N/A,N/A,N/A,N/A,N/A,N/A,N/A,N/A,N/A,N/A,N/A,
Andy Martin,Male,,,,N/A,"Has a personal website, but it doesn't seem to be a campaign pitch",Meredith,9/7/24,No,No,New Hampshire,9/10/24,Representative,1,,1563,2.33%,Lost,N/A,N/A,N/A,N/A,N/A,N/A,N/A,N/A,N/A,N/A,N/A,N/A,N/A,N/A,
Walter J. McFarlane III,Male,,,,Other,"""I do not believe that the government has a role in this discussion before the point of viability""",Meredith,9/7/24,No,No,New Hampshire,9/10/24,Representative,1,,5421,8.09%,Lost,N/A,N/A,N/A,N/A,N/A,N/A,N/A,N/A,N/A,N/A,N/A,N/A,N/A,N/A,
Hollie Noveletsky,Female,,,,No mention,,Meredith,9/7/24,No,No,New Hampshire,9/10/24,Representative,1,,15896,23.71%,Lost,N/A,N/A,N/A,N/A,N/A,N/A,N/A,N/A,N/A,N/A,N/A,N/A,N/A,N/A,
Russell Prescott,Male,,,,No mention,,Meredith,9/7/24,No,No,New Hampshire,9/10/24,Representative,1,,17408,25.97%,Won,N/A,N/A,N/A,N/A,N/A,N/A,N/A,N/A,N/A,N/A,N/A,N/A,N/A,N/A,
Lily Tang Williams,Female,Asian,,,Other,"""I will respect the right of the people of New Hampshire to vote on it through their representative government.""",Meredith,9/7/24,No,No,New Hampshire,9/10/24,Representative,2,,22040,35.58%,Won,N/A,N/A,N/A,N/A,N/A,N/A,No,N/A,N/A,N/A,N/A,N/A,N/A,N/A,
Tom Alciere,Male,,,,Pro-Life,"""The baby’s unalienable right to life narrowly preempts the other rights of the mother, but this is not to minimize the ordeal she faces.""",Meredith,9/7/24,No,No,New Hampshire,9/10/24,Representative,2,,623,1.01%,Lost,N/A,N/A,N/A,N/A,N/A,N/A,No,N/A,N/A,N/A,N/A,N/A,N/A,N/A,
Gerard Beloin,Male,,,,Pro-Life,,Meredith,9/7/24,No,No,New Hampshire,9/10/24,Representative,2,,552,0.89%,Lost,N/A,N/A,N/A,N/A,N/A,N/A,No,N/A,N/A,N/A,N/A,N/A,N/A,N/A,
Michael Anthony Callis,Male,,,,N/A,no website,Meredith,9/7/24,No,No,New Hampshire,9/10/24,Representative,2,,632,1.02%,Lost,N/A,N/A,N/A,N/A,N/A,N/A,No,N/A,N/A,N/A,N/A,N/A,N/A,N/A,
Randall Clark,Male,,,,No mention,,Meredith,9/7/24,No,No,New Hampshire,9/10/24,Representative,2,,1866,3.01%,Lost,N/A,N/A,N/A,N/A,N/A,N/A,No,N/A,N/A,N/A,N/A,N/A,N/A,N/A,
Casey Crane,Female,,,,No mention,,Meredith,9/7/24,No,No,New Hampshire,9/10/24,Representative,2,,2046,3.30%,Lost,N/A,N/A,N/A,N/A,N/A,N/A,No,N/A,N/A,N/A,N/A,N/A,N/A,N/A,
Robert D'Arcy,Male,,,,N/A,no website,Meredith,9/7/24,No,No,New Hampshire,9/10/24,Representative,2,,714,1.15%,Lost,N/A,N/A,N/A,N/A,N/A,N/A,No,N/A,N/A,N/A,N/A,N/A,N/A,N/A,
Bill Hamlen,Male,,,,No mention,"has priorities, but no mention of abortion",Meredith,9/7/24,No,No,New Hampshire,9/10/24,Representative,2,,9860,15.92%,Lost,N/A,N/A,N/A,N/A,N/A,N/A,No,N/A,N/A,N/A,N/A,N/A,N/A,N/A,
William Harvey,Male,,,,N/A,no website,Meredith,9/7/24,No,No,New Hampshire,9/10/24,Representative,2,,1743,2.81%,Lost,N/A,N/A,N/A,N/A,N/A,N/A,No,N/A,N/A,N/A,N/A,N/A,N/A,N/A,
Vikram Mansharamani,Male,,,,No mention,"has issues, no mention ",Meredith,9/7/24,No,No,New Hampshire,9/10/24,Representative,2,,16565,26.74%,Lost,N/A,N/A,N/A,N/A,N/A,N/A,Yes,N/A,N/A,N/A,N/A,N/A,N/A,N/A,
Jay Mercer,Male,,,,No mention,no issues page,Meredith,9/7/24,No,No,New Hampshire,9/10/24,Representative,2,,1573,2.54%,Lost,N/A,N/A,N/A,N/A,N/A,N/A,No,N/A,N/A,N/A,N/A,N/A,N/A,N/A,
Jason Riddle,Male,,,,N/A,no website,Meredith,9/7/24,No,No,New Hampshire,9/10/24,Representative,2,,869,1.40%,Lost,N/A,N/A,N/A,N/A,N/A,N/A,No,N/A,N/A,N/A,N/A,N/A,N/A,N/A,
Paul M. Wagner,Male,,,,Other,"""I stand by my decision that women, like everyone else should have the right to personal healthcare choices that affects their physical and reproductive health."" Also talks about states deciding",Meredith,9/7/24,No,No,New Hampshire,9/10/24,Representative,2,,2329,3.76%,Lost,N/A,N/A,N/A,N/A,N/A,N/A,No,N/A,N/A,N/A,N/A,N/A,N/A,N/A,
Kelly Ayotte,Female,,,,Other,"""Kelly supports and will not change New Hampshire’s current law, which protects women’s freedom to obtain an abortion for any reason up to six months of pregnancy and provides exceptions in the last three months for a medical emergency or a fatal fetal anomaly""",Meredith,9/7/24,No,No,New Hampshire,9/10/24,Governor,N/A,,88117,63.12%,Won,N/A,N/A,N/A,N/A,N/A,N/A,N/A,N/A,N/A,N/A,N/A,N/A,N/A,N/A,
Shaun Fife,Male,,,,N/A,no website,Meredith,9/7/24,No,No,New Hampshire,9/10/24,Governor,N/A,,876,0.63%,Lost,N/A,N/A,N/A,N/A,N/A,N/A,N/A,N/A,N/A,N/A,N/A,N/A,N/A,N/A,
Robert Wayne McClory,Male,,,,No mention,no issues page,Meredith,9/7/24,No,No,New Hampshire,9/10/24,Governor,N/A,,839,0.60%,Lost,N/A,N/A,N/A,N/A,N/A,N/A,N/A,N/A,N/A,N/A,N/A,N/A,N/A,N/A,
Richard A. McMenamon II,Male,,,,N/A,no website,Meredith,9/7/24,No,No,New Hampshire,9/10/24,Governor,N/A,,527,0.38%,Lost,N/A,N/A,N/A,N/A,N/A,N/A,N/A,N/A,N/A,N/A,N/A,N/A,N/A,N/A,
Chuck Morse,Male,,,,Pro-Life,"third post of the FB feed on the home page says, ""Passed first pro-life legislation in recent NH history.""",Meredith,9/7/24,No,No,New Hampshire,9/10/24,Governor,N/A,,47567,34.07%,Lost,N/A,N/A,N/A,N/A,N/A,N/A,N/A,N/A,N/A,N/A,N/A,N/A,N/A,N/A,
Frank Negus Staples,Male,,,,No mention,no about page,Meredith,9/7/24,No,No,New Hampshire,9/10/24,Governor,N/A,,809,0.58%,Lost,N/A,N/A,N/A,N/A,N/A,N/A,N/A,N/A,N/A,N/A,N/A,N/A,N/A,N/A,
Allen R. Waters,Male,Black,,,No mention,,Mary,9/4/24,No,No,Rhode Island,9/10/24,Representative,1,,5033,100.00%,Won,N/A,N/A,N/A,N/A,N/A,N/A,N/A,N/A,N/A,N/A,N/A,N/A,N/A,N/A,
Steven Corvi,Male,,,,Other,"""Individual choice but government should not be funding it.""",Mary,9/4/24,No,No,Rhode Island,9/10/24,Representative,2,,10542,100.00%,Won,N/A,N/A,N/A,N/A,N/A,N/A,N/A,N/A,N/A,N/A,N/A,N/A,N/A,N/A,
Raymond T. McKay,Male,,,,No mention,no issues page,Mary,9/4/24,No,No,Rhode Island,9/10/24,Senator,N/A,,6681,35.56%,Lost,N/A,N/A,N/A,N/A,N/A,N/A,N/A,N/A,N/A,N/A,N/A,N/A,N/A,N/A,
Patricia Morgan,Female,,,,Pro-Life,"""I am pro-life because I think that life is precious."" Also lists more detail about contraception being more available, but nothing that would contradict her pro-life stance to push her into the Other category",Mary,9/4/24,No,No,Rhode Island,9/10/24,Senator,N/A,,12108,64.44%,Won,N/A,N/A,N/A,N/A,N/A,N/A,N/A,N/A,N/A,N/A,N/A,N/A,N/A,N/A,
Randall Arrington,,,,,,,Mary,,No,Yes,Louisiana,11/5/24,Representative,1,,,,,,,,No,N/A,,,,,,,,,,
Steve Scalise,,,,,,,Mary,,Yes,No,Louisiana,11/5/24,Representative,1,H0LA01087,,,,,,,Yes,5/26/24,,,,,,,,,,
Ross Shales,,,,,,,Mary,,No,Yes,Louisiana,11/5/24,Representative,1,,,,,,,,No,N/A,,,,,,,,,,
Devin Lance Graham,,,,,,,Mary,,No,No,Louisiana,11/5/24,Representative,2,,,,,,,,,,,,,,,,,,,
Christy Lynch,,,,,,,Mary,,No,No,Louisiana,11/5/24,Representative,2,,,,,,,,,,,,,,,,,,,
Shondrell Perrilloux,,Black,,,,,Mary,,No,No,Louisiana,11/5/24,Representative,2,,,,,,,,,,,,,,,,,,,
Clay Higgins,,,,,,,Mary,,Yes,No,Louisiana,11/5/24,Representative,3,H6LA03148,,,,,,,Yes,2/6/24,,,,,,,,,,
"""Xan"" John",,,,,,,Mary,,No,Yes,Louisiana,11/5/24,Representative,3,,,,,,,,No,N/A,,,,,,,,,,
"""Mike"" Johnson",,,,,,,Mary,,Yes,No,Louisiana,11/5/24,Representative,4,H6LA04138,,,,,,,Yes,5/26/24,,,,,,,,,,
Joshua Morott,,,,,,,Mary,,No,Yes,Louisiana,11/5/24,Representative,4,,,,,,,,No,N/A,,,,,,,,,,
Julia Letlow,,,,,,,Mary,,Yes,No,Louisiana,11/5/24,Representative,5,H2LA05126,,,,,,,Yes,2/21/24,,,,,,,,,,
"M.V. ""Vinny"" Mendoza",,Hispanic (Guatemalan),,,,,Mary,,No,Yes,Louisiana,11/5/24,Representative,5,,,,,,,,No,N/A,,,,,,,,,,
Elbert Guillory,,Black,,,,,Mary,,No,No,Louisiana,11/5/24,Representative,6,,,,,,,,,,,,,,,,,,,