,Personal Data,,,,Electoral Data,,,,,,,,,,,,,Endorsement Data,,,,,,,,,,,,Misc. Stuff
Candidate,Gender,Race 1,Race 2,Race 3,Incumbent,Incumbent Challenger,State,Primary Date,Office,District,FEC id,Primary Votes,Primary %,Primary Outcome,Runoff Votes,Runoff %,Runoff Outcome,EMILY's List,Justice Dems,Indivisible,WFP,CPC,Sunrise,Sanders,RFFA,AIPAC,DMFI,J Street,Party Committee,Notes
Tom Holmes,Male,White,,,No,No,Alabama,3/5/24,Representative,1,,1,100.00%,Won,N/A,N/A,N/A,N/A,N/A,N/A,N/A,N/A,N/A,N/A,N/A,N/A,N/A,N/A,N/A,
Anthony Daniels,Male,Black,,,No,No,Alabama,3/5/24,Representative,2,,12879,22.39%,Made runoff,13944,38.83%,Lost,N/A,N/A,N/A,N/A,N/A,N/A,N/A,N/A,N/A,N/A,N/A,N/A,
James Averhart,Male,Black,,,No,No,Alabama,3/5/24,Representative,2,,1623,2.82%,Lost,N/A,N/A,N/A,N/A,N/A,N/A,N/A,N/A,N/A,N/A,N/A,N/A,N/A,N/A,N/A,
Jeremy Gray,Male,Black,,,No,No,Alabama,3/5/24,Representative,2,,1580,2.75%,Lost,N/A,N/A,N/A,N/A,N/A,N/A,N/A,N/A,N/A,N/A,N/A,N/A,N/A,N/A,N/A,
"Juandalynn ""Le Le"" Givan",Female,Black,,,No,No,Alabama,3/5/24,Representative,2,,1261,2.19%,Lost,N/A,N/A,N/A,N/A,N/A,N/A,N/A,N/A,N/A,N/A,N/A,N/A,N/A,N/A,N/A,
Larry Darnell Simpson,Male,Unknown,,,No,No,Alabama,3/5/24,Representative,2,,247,0.43%,Lost,N/A,N/A,N/A,N/A,N/A,N/A,N/A,N/A,N/A,N/A,N/A,N/A,N/A,N/A,N/A,
Merika Coleman,Female,Black,,,No,No,Alabama,3/5/24,Representative,2,,3445,5.99%,Lost,N/A,N/A,N/A,N/A,N/A,N/A,N/A,N/A,N/A,N/A,N/A,N/A,N/A,N/A,N/A,
"Napoleon Bracy, Jr.",Male,Black,,,No,No,Alabama,3/5/24,Representative,2,,9010,15.66%,Lost,N/A,N/A,N/A,N/A,N/A,N/A,N/A,N/A,N/A,N/A,N/A,N/A,N/A,N/A,N/A,
Phyllis Harvey-Hall,Female,Black,,,No,No,Alabama,3/5/24,Representative,2,,2007,3.49%,Lost,N/A,N/A,N/A,N/A,N/A,N/A,N/A,N/A,N/A,N/A,N/A,N/A,N/A,N/A,N/A,
Shomari Figures,Male,Black,,,No,No,Alabama,3/5/24,Representative,2,,24980,43.43%,Made runoff,21962,61.17%,Won,N/A,N/A,N/A,N/A,N/A,N/A,N/A,N/A,N/A,N/A,N/A,N/A,
Vimal Patel,Male,Asian,,,No,No,Alabama,3/5/24,Representative,2,,289,0.50%,Lost,N/A,N/A,N/A,N/A,N/A,N/A,N/A,N/A,N/A,N/A,N/A,N/A,N/A,N/A,N/A,
Willie J. Lenard,Male,Black,,,No,No,Alabama,3/5/24,Representative,2,,199,0.35%,Lost,N/A,N/A,N/A,N/A,N/A,N/A,N/A,N/A,N/A,N/A,N/A,N/A,N/A,N/A,N/A,
Elizabeth Anderson,Female,White,,,No,No,Alabama,3/5/24,Representative,6,,1,100.00%,Won,N/A,N/A,N/A,N/A,N/A,N/A,N/A,N/A,N/A,N/A,N/A,N/A,N/A,N/A,N/A,
Chris Davis,Male,Black,,,No,Yes,Alabama,3/5/24,Representative,7,,4715,7.38%,Lost,N/A,N/A,N/A,N/A,N/A,N/A,N/A,N/A,N/A,N/A,N/A,No,N/A,N/A,N/A,
Terri A. Sewell,Female,Black,,,Yes,No,Alabama,3/5/24,Representative,7,H0AL07086,59153,92.62%,Won,N/A,N/A,N/A,N/A,N/A,N/A,N/A,N/A,N/A,N/A,N/A,Yes,N/A,N/A,N/A,
Rodney Govens,Male,Black,,,No,No,Arkansas,3/5/24,Representative,1,,1,100.00%,Won,N/A,N/A,N/A,N/A,N/A,N/A,N/A,N/A,N/A,N/A,N/A,N/A,N/A,N/A,N/A,
Marcus A. Jones,Male,White,,,No,No,Arkansas,3/5/24,Representative,2,,1,100.00%,Won,N/A,N/A,N/A,N/A,N/A,N/A,N/A,N/A,N/A,N/A,N/A,N/A,N/A,N/A,N/A,
Caitlin Draper,Female,White,,,No,No,Arkansas,3/5/24,Representative,3,,1,100.00%,Won,N/A,N/A,N/A,N/A,N/A,N/A,N/A,N/A,N/A,N/A,N/A,N/A,N/A,N/A,N/A,
Risie Howard,Female,Black,,,No,No,Arkansas,3/5/24,Representative,4,,1,100.00%,Won,N/A,N/A,N/A,N/A,N/A,N/A,N/A,N/A,N/A,N/A,N/A,N/A,N/A,N/A,N/A,
Mike Doran,Male,White,,,No,No,California,3/5/24,Representative,1,,19734,32.14%,Lost,N/A,N/A,N/A,N/A,N/A,N/A,N/A,N/A,N/A,N/A,N/A,N/A,N/A,N/A,N/A,
Rose Penelope Yee,Female,Asian (Filipina),,,No,No,California,3/5/24,Representative,1,,41669,67.86%,Won,N/A,N/A,N/A,N/A,N/A,N/A,N/A,N/A,N/A,N/A,N/A,N/A,N/A,N/A,N/A,
Jared Huffman,Male,White,,,Yes,No,California,3/5/24,Representative,2,H2CA06259,170271,100.00%,Won,N/A,N/A,N/A,N/A,N/A,N/A,N/A,Yes,N/A,N/A,N/A,N/A,N/A,Yes,N/A,
Jessica Morse,Female,White,,,No,No,California,3/5/24,Representative,3,,103443,100.00%,Won,N/A,N/A,N/A,Yes,N/A,N/A,N/A,N/A,N/A,N/A,Yes,N/A,N/A,N/A,N/A,
Andrew David Engdahl,Male,White,,,No,Yes,California,3/5/24,Representative,4,,11492,8.69%,Lost,N/A,N/A,N/A,N/A,N/A,N/A,N/A,N/A,N/A,N/A,N/A,N/A,N/A,No,N/A,
Mike Thompson,Male,White,,,Yes,No,California,3/5/24,Representative,4,H8CA01109,120736,91.31%,Won,N/A,N/A,N/A,N/A,N/A,N/A,N/A,N/A,N/A,N/A,N/A,N/A,N/A,Yes,N/A,
"Michael J. ""Mike"" Barkley",Male,White,,,No,No,California,3/5/24,Representative,5,,66680,100.00%,Won,N/A,N/A,N/A,N/A,N/A,N/A,N/A,N/A,N/A,N/A,N/A,N/A,N/A,N/A,N/A,
Adam Barajas,Male,hispanic,,,No,Yes,California,3/5/24,Representative,6,,8711,10.21%,Lost,N/A,N/A,N/A,N/A,N/A,N/A,N/A,N/A,N/A,N/A,No,No,No,No,N/A,
Ami Bera,Male,Asian (Indian),,,Yes,No,California,3/5/24,Representative,6,H0CA03078,76605,89.79%,Won,N/A,N/A,N/A,N/A,N/A,N/A,N/A,N/A,N/A,N/A,Yes,Yes,Yes,Yes,N/A,
David Lee Mandel,Male,White (Jewish),,,No,Yes,California,3/5/24,Representative,7,,20057,18.31%,Lost,N/A,N/A,N/A,N/A,N/A,N/A,N/A,N/A,N/A,N/A,N/A,N/A,N/A,N/A,N/A,
Doris Matsui,Female,Asian (Japanese),,,Yes,No,California,3/5/24,Representative,7,H6CA05195,89485,81.69%,Won,N/A,N/A,N/A,N/A,N/A,N/A,N/A,N/A,N/A,N/A,N/A,N/A,N/A,N/A,N/A,
John Garamendi,Male,White,,,Yes,No,California,3/5/24,Representative,8,H0CA10149,100193,100.00%,Won,N/A,N/A,N/A,N/A,N/A,N/A,N/A,Yes,N/A,N/A,N/A,N/A,N/A,Yes,N/A,
Josh Harder,Male,White,,,Yes,No,California,3/5/24,Representative,9,H8CA10126,60978,100.00%,Won,N/A,N/A,N/A,N/A,N/A,N/A,N/A,N/A,N/A,N/A,N/A,Yes,N/A,Yes,N/A,
Mark DeSaulnier,Male,White,,,Yes,No,California,3/5/24,Representative,10,H0CA10073,121334,100.00%,Won,N/A,N/A,N/A,N/A,N/A,N/A,N/A,Yes,N/A,N/A,N/A,N/A,N/A,Yes,N/A,
Bianca Von Krieg,Female,White,,,No,Yes,California,3/5/24,Representative,11,,7634,4.78%,Lost,N/A,N/A,N/A,N/A,N/A,N/A,N/A,N/A,N/A,N/A,No,No,No,No,N/A,
Jason Boyce,Male,Black,,,No,Yes,California,3/5/24,Representative,11,,4325,2.71%,Lost,N/A,N/A,N/A,N/A,N/A,N/A,N/A,N/A,N/A,N/A,No,No,No,No,N/A,
Marjorie Mikels,Female,White ,,,No,Yes,California,3/5/24,Representative,11,,9363,5.87%,Lost,N/A,N/A,N/A,N/A,N/A,N/A,N/A,N/A,N/A,N/A,No,No,No,No,N/A,
Nancy Pelosi,Female,White,,,Yes,No,California,3/5/24,Representative,11,H8CA05035,138285,86.64%,Won,N/A,N/A,N/A,N/A,N/A,N/A,N/A,N/A,N/A,N/A,Yes,Yes,Yes,Yes,N/A,
Abdur Sikder,Male,Asian (Indian),,,No,No,California,3/5/24,Representative,12,,2857,2.01%,Lost,N/A,N/A,N/A,No,N/A,N/A,No,No,N/A,N/A,No,N/A,N/A,N/A,N/A,
Andre Todd,Male,Black,,,No,No,California,3/5/24,Representative,12,,1632,1.15%,Lost,N/A,N/A,N/A,No,N/A,N/A,No,No,N/A,N/A,No,N/A,N/A,N/A,N/A,
Eric Wilson,Male,Black,,,No,No,California,3/5/24,Representative,12,,4252,3.00%,Lost,N/A,N/A,N/A,No,N/A,N/A,No,No,N/A,N/A,No,N/A,N/A,N/A,N/A,
Glenn Kaplan,Male,White,,,No,No,California,3/5/24,Representative,12,,6799,4.80%,Lost,N/A,N/A,N/A,No,N/A,N/A,No,No,N/A,N/A,No,N/A,N/A,N/A,N/A,
Jennifer Tran,Female,Asian (Vietnamese),,,No,No,California,3/5/24,Representative,12,,22999,16.22%,Made runoff,,,,No,N/A,N/A,No,No,N/A,N/A,No,N/A,N/A,N/A,N/A,
Tony Daysog,Male,Asian (Japanese),,,No,No,California,3/5/24,Representative,12,,17222,12.15%,Lost,N/A,N/A,N/A,No,N/A,N/A,No,No,N/A,N/A,No,N/A,N/A,N/A,N/A,
Lateefah Simon,Female,Black,,,No,No,California,3/5/24,Representative,12,,86031,60.67%,Made runoff,,,,Yes,N/A,N/A,Yes,Yes,N/A,N/A,Yes,N/A,N/A,N/A,N/A,
Adam Gray,Male,White,,,No,No,California,3/5/24,Representative,13,,38754,100.00%,Won,N/A,N/A,N/A,N/A,N/A,N/A,N/A,N/A,N/A,N/A,N/A,N/A,N/A,N/A,Yes,
Eric Swalwell,Male,White,,,Yes,No,California,3/5/24,Representative,14,H2CA15094,84075,100.00%,Won,N/A,N/A,N/A,N/A,N/A,N/A,N/A,N/A,N/A,N/A,N/A,Yes,N/A,Yes,N/A,
Kevin Mullin,Male,white,,,Yes,No,California,3/5/24,Representative,15,H2CA14162,109172,100.00%,Won,N/A,N/A,N/A,N/A,N/A,N/A,N/A,N/A,N/A,N/A,N/A,Yes,Yes,N/A,N/A,
Ahmed Mostafa,Male,Asian (Indian),,,No,No,California,3/5/24,Representative,16,,5814,3.95%,Lost,N/A,N/A,N/A,No,N/A,N/A,N/A,No,N/A,N/A,N/A,N/A,N/A,No,N/A,
Evan Low,Male,Asian (Indian),,,No,No,California,3/5/24,Representative,16,,30261,20.54%,Made runoff,,,,No,N/A,N/A,N/A,Yes,N/A,N/A,N/A,N/A,N/A,No,N/A,
Greg Lin Tanaka,Male,"Asian (half Japanese, half Chinese)",,,No,No,California,3/5/24,Representative,16,,2421,1.64%,Lost,N/A,N/A,N/A,No,N/A,N/A,N/A,No,N/A,N/A,N/A,N/A,N/A,No,N/A,
Joby B. Bernstein,Male,White (Jewish),,,No,No,California,3/5/24,Representative,16,,1652,1.12%,Lost,N/A,N/A,N/A,No,N/A,N/A,N/A,No,N/A,N/A,N/A,N/A,N/A,Yes,N/A,
Joe Simitian,Male,White,,,No,No,California,3/5/24,Representative,16,,30256,20.53%,Lost,N/A,N/A,N/A,No,N/A,N/A,N/A,No,N/A,N/A,N/A,N/A,N/A,Yes,N/A,
Julie Lythcott-Haims,Female,Black,White (Biracial),,No,No,California,3/5/24,Representative,16,,11386,7.73%,Lost,N/A,N/A,N/A,Yes,N/A,N/A,N/A,No,N/A,N/A,N/A,N/A,N/A,Yes,N/A,
Peter Dixon,Male,White,,,No,No,California,3/5/24,Representative,16,,14677,9.96%,Lost,N/A,N/A,N/A,No,N/A,N/A,N/A,No,N/A,N/A,N/A,N/A,N/A,Yes,N/A,
Rishi Kumar,Male,Asian (Indian),,,No,No,California,3/5/24,Representative,16,,12383,8.40%,Lost,N/A,N/A,N/A,No,N/A,N/A,N/A,No,N/A,N/A,N/A,N/A,N/A,No,N/A,
Sam Liccardo,Male,Asian,,,No,No,California,3/5/24,Representative,16,,38492,26.12%,Made runoff,,,,No,N/A,N/A,N/A,No,N/A,N/A,N/A,N/A,N/A,Yes,N/A,
Mario Art Ramirez,Male,hispanic,,,No,Yes,California,3/5/24,Representative,17,,4498,5.34%,Lost,N/A,N/A,N/A,N/A,No,N/A,N/A,No,N/A,N/A,N/A,N/A,N/A,No,N/A,
Ritesh Tandon,Male,Asian (Indian),,,No,Yes,California,3/5/24,Representative,17,,5738,6.81%,Lost,N/A,N/A,N/A,N/A,No,N/A,N/A,No,N/A,N/A,N/A,N/A,N/A,No,N/A,
Ro Khanna,Male,Asian (Indian),,,Yes,No,California,3/5/24,Representative,17,H4CA12055,74004,87.85%,Won,N/A,N/A,N/A,N/A,Yes,N/A,N/A,Yes,N/A,N/A,N/A,N/A,N/A,Yes,N/A,
Charlene Concepción Nijmeh,Female,Indigenous/Native American,,,No,Yes,California,3/5/24,Representative,18,,10631,16.42%,Lost,N/A,N/A,N/A,N/A,N/A,N/A,N/A,N/A,N/A,N/A,N/A,N/A,N/A,No,N/A,
Lawrence Milan,Male,White,,,No,Yes,California,3/5/24,Representative,18,,2714,4.19%,Lost,N/A,N/A,N/A,N/A,N/A,N/A,N/A,N/A,N/A,N/A,N/A,N/A,N/A,No,N/A,
Luele N. Kifle,Male,Black (Ethiopian),,,No,Yes,California,3/5/24,Representative,18,,2034,3.14%,Lost,N/A,N/A,N/A,N/A,N/A,N/A,N/A,N/A,N/A,N/A,N/A,N/A,N/A,No,N/A,
Zoe Lofgren,Female,White,,,Yes,No,California,3/5/24,Representative,18,H4CA16049,49370,76.25%,Won,N/A,N/A,N/A,N/A,N/A,N/A,N/A,N/A,N/A,N/A,N/A,N/A,N/A,Yes,N/A,
Jimmy Panetta,Male,White,,,Yes,No,California,3/5/24,Representative,19,H6CA20152,132711,100.00%,Won,N/A,N/A,N/A,N/A,N/A,N/A,N/A,Yes,N/A,N/A,N/A,N/A,Yes,N/A,N/A,
Andy Morales,Male,hispanic,,,No,No,California,3/5/24,Representative,20,,4381,11.56%,Lost,N/A,N/A,N/A,N/A,N/A,N/A,N/A,N/A,N/A,N/A,N/A,N/A,N/A,N/A,N/A,
Marisa Wood,Female,White,,,No,No,California,3/5/24,Representative,20,,33509,88.44%,Lost,N/A,N/A,N/A,N/A,N/A,N/A,N/A,N/A,N/A,N/A,N/A,N/A,N/A,N/A,N/A,
Jim Costa,Male,White,,,Yes,No,California,3/5/24,Representative,21,H4CA20082,42697,100.00%,Won,N/A,N/A,N/A,N/A,N/A,N/A,N/A,N/A,N/A,N/A,N/A,Yes,Yes,N/A,N/A,
Melissa Hurtado,Female,hispanic,,,No,No,California,3/5/24,Representative,22,,8733,30.83%,Lost,N/A,N/A,N/A,N/A,N/A,N/A,N/A,N/A,N/A,N/A,No,N/A,N/A,N/A,No,
Rudy Salas,Male,hispanic,,,No,No,California,3/5/24,Representative,22,,19592,69.17%,Won,N/A,N/A,N/A,N/A,N/A,N/A,N/A,N/A,N/A,N/A,Yes,N/A,N/A,N/A,Yes,
Derek Marshall,Male,White,,,No,No,California,3/5/24,Representative,23,,40477,100.00%,Won,N/A,N/A,N/A,N/A,N/A,N/A,Yes,N/A,N/A,N/A,N/A,N/A,N/A,N/A,N/A,
Helen Pasquarella,Female,hispanic (Brazilian),,,No,Yes,California,3/5/24,Representative,24,,17293,14.43%,Lost,N/A,N/A,N/A,N/A,N/A,N/A,N/A,N/A,N/A,N/A,N/A,N/A,N/A,No,N/A,
Salud Carbajal,Male,hispanic (Mexican),,,Yes,No,California,3/5/24,Representative,24,H6CA24303,102516,85.57%,Won,N/A,N/A,N/A,N/A,N/A,N/A,N/A,N/A,N/A,N/A,N/A,N/A,N/A,Yes,N/A,
Oscar Ortiz,Male,hispanic,,,No,Yes,California,3/5/24,Representative,25,,10171,18.15%,Lost,N/A,N/A,N/A,N/A,N/A,N/A,N/A,N/A,N/A,N/A,N/A,No,N/A,No,N/A,
Raul Ruiz,Male,hispanic (Mexican),,,Yes,No,California,3/5/24,Representative,25,H2CA36439,45882,81.85%,Won,N/A,N/A,N/A,N/A,N/A,N/A,N/A,N/A,N/A,N/A,N/A,Yes,N/A,Yes,N/A,
Chris Anstead,Male,white,,,No,Yes,California,3/5/24,Representative,26,,6841,7.45%,Lost,N/A,N/A,N/A,N/A,N/A,N/A,N/A,N/A,N/A,N/A,N/A,No,N/A,No,N/A,
Julia Brownley,Female,White,,,Yes,No,California,3/5/24,Representative,26,H2CA00120,84997,92.55%,Won,N/A,N/A,N/A,N/A,N/A,N/A,N/A,N/A,N/A,N/A,N/A,Yes,N/A,Yes,N/A,
George Whitesides,Male,White,,,No,No,California,3/5/24,Representative,27,,44391,72.87%,Won,N/A,N/A,N/A,N/A,N/A,N/A,N/A,N/A,N/A,N/A,Yes,N/A,N/A,N/A,Yes,
Steve Hill,Male,Black,,,No,No,California,3/5/24,Representative,27,,16525,27.13%,Lost,N/A,N/A,N/A,N/A,N/A,N/A,N/A,N/A,N/A,N/A,No,N/A,N/A,N/A,No,
Judy Chu,Female,Asian (Chinese),,,Yes,No,California,3/5/24,Representative,28,H0CA32101,99261,100.00%,Won,N/A,N/A,N/A,N/A,N/A,N/A,N/A,Yes,N/A,N/A,Yes,N/A,N/A,Yes,N/A,
Angélica María Dueñas,Female,hispanic (Mexican),,,No,No,California,3/5/24,Representative,29,,19844,33.11%,Lost,N/A,N/A,N/A,No,N/A,N/A,N/A,No,N/A,N/A,N/A,N/A,No,N/A,N/A,
Luz Maria Rivas,Female,hispanic,,,No,No,California,3/5/24,Representative,29,,40096,66.89%,Won,N/A,N/A,N/A,Yes,N/A,N/A,N/A,Yes,N/A,N/A,N/A,N/A,Yes,N/A,N/A,
Anthony Portantino,Male,White,,,No,No,California,3/5/24,Representative,30,,20459,17.10%,Lost,N/A,N/A,N/A,No,N/A,N/A,N/A,No,N/A,N/A,N/A,N/A,N/A,N/A,N/A,
Ben Savage,Male,White (Jewish),,,No,No,California,3/5/24,Representative,30,,6147,5.14%,Lost,N/A,N/A,N/A,No,N/A,N/A,N/A,No,N/A,N/A,N/A,N/A,N/A,N/A,N/A,
Courtney Simone Najera,Female,hispanic (Mexican),Middle Eastern,,No,No,California,3/5/24,Representative,30,,1167,0.98%,Lost,N/A,N/A,N/A,No,N/A,N/A,N/A,No,N/A,N/A,N/A,N/A,N/A,N/A,N/A,
Francesco Arreaga,Male,hispanic (Guatemalan),,,No,No,California,3/5/24,Representative,30,,532,0.44%,Lost,N/A,N/A,N/A,No,N/A,N/A,N/A,No,N/A,N/A,N/A,N/A,N/A,N/A,N/A,
"G. ""Maebe"" Pudlo",Female (Trans),White,,,No,No,California,3/5/24,Representative,30,,15791,13.20%,Lost,N/A,N/A,N/A,No,N/A,N/A,N/A,No,N/A,N/A,N/A,N/A,N/A,N/A,N/A,
Jirair Ratevosian,Male,Asian (Armenian),Middle Eastern (Lebanese),,No,No,California,3/5/24,Representative,30,,2889,2.42%,Lost,N/A,N/A,N/A,No,N/A,N/A,N/A,No,N/A,N/A,N/A,N/A,N/A,N/A,N/A,
Laura Friedman,Female,White,,,No,No,California,3/5/24,Representative,30,,46329,38.73%,Won,N/A,N/A,N/A,Yes,N/A,N/A,N/A,Yes,N/A,N/A,N/A,N/A,N/A,N/A,N/A,
Mike Feuer,Male,White,,,No,No,California,3/5/24,Representative,30,,18878,15.78%,Lost,N/A,N/A,N/A,No,N/A,N/A,N/A,No,N/A,N/A,N/A,N/A,N/A,N/A,N/A,
Nick Melvoin,Male,White,,,No,No,California,3/5/24,Representative,30,,4134,3.46%,Lost,N/A,N/A,N/A,No,N/A,N/A,N/A,No,N/A,N/A,N/A,N/A,N/A,N/A,N/A,
Sal Genovese,Male,White,,,No,No,California,3/5/24,Representative,30,,442,0.37%,Lost,N/A,N/A,N/A,No,N/A,N/A,N/A,No,N/A,N/A,N/A,N/A,N/A,N/A,N/A,
Sepi Shyne,Female,Middle Eastern (Iranian),,,No,No,California,3/5/24,Representative,30,,2126,1.78%,Lost,N/A,N/A,N/A,No,N/A,N/A,N/A,No,N/A,N/A,N/A,N/A,N/A,N/A,N/A,
Steve Andraé Dunwoody,Male,Black,,,No,No,California,3/5/24,Representative,30,,727,0.61%,Lost,N/A,N/A,N/A,No,N/A,N/A,N/A,No,N/A,N/A,N/A,N/A,N/A,N/A,N/A,
Bob J. Archuleta,Male,hispanic (Mexican),,,No,No,California,3/5/24,Representative,31,,10151,16.11%,Lost,N/A,N/A,N/A,N/A,N/A,N/A,N/A,N/A,N/A,N/A,N/A,N/A,N/A,N/A,N/A,
Gil Cisneros,Male,hispanic (Mexican),,,No,No,California,3/5/24,Representative,31,,23888,37.92%,Won,N/A,N/A,N/A,N/A,N/A,N/A,N/A,N/A,N/A,N/A,N/A,N/A,N/A,N/A,N/A,
Greg Hafif,Male,White,,,No,No,California,3/5/24,Representative,31,,4914,7.80%,Lost,N/A,N/A,N/A,N/A,N/A,N/A,N/A,N/A,N/A,N/A,N/A,N/A,N/A,N/A,N/A,
Kurt Jose,Male,hispanic,,,No,No,California,3/5/24,Representative,31,,1415,2.25%,Lost,N/A,N/A,N/A,N/A,N/A,N/A,N/A,N/A,N/A,N/A,N/A,N/A,N/A,N/A,N/A,
Mary Ann Lutz,Female,White,,,No,No,California,3/5/24,Representative,31,,6629,10.52%,Lost,N/A,N/A,N/A,N/A,N/A,N/A,N/A,N/A,N/A,N/A,N/A,N/A,N/A,N/A,N/A,
Susan Rubio,Female,hispanic (Mexican),,,No,No,California,3/5/24,Representative,31,,16006,25.41%,Lost,N/A,N/A,N/A,N/A,N/A,N/A,N/A,N/A,N/A,N/A,N/A,N/A,N/A,N/A,N/A,
Brad Sherman,Male,White,,,Yes,No,California,3/5/24,Representative,32,H6CA24113,91952,83.30%,Won,N/A,N/A,N/A,N/A,N/A,N/A,N/A,Yes,N/A,N/A,N/A,Yes,Yes,N/A,N/A,
Christopher A. Ahuja,Male,Asian (Indian/Sikh),,,No,Yes,California,3/5/24,Representative,32,,12637,11.45%,Lost,N/A,N/A,N/A,N/A,N/A,N/A,N/A,No,N/A,N/A,N/A,No,No,N/A,N/A,
Dave Abbitt,Male,Unknown,,,No,Yes,California,3/5/24,Representative,32,,1665,1.51%,Lost,N/A,N/A,N/A,N/A,N/A,N/A,N/A,No,N/A,N/A,N/A,No,No,N/A,N/A,
Douglas Smith,Male,White,,,No,Yes,California,3/5/24,Representative,32,,2504,2.27%,Lost,N/A,N/A,N/A,N/A,N/A,N/A,N/A,No,N/A,N/A,N/A,No,No,N/A,N/A,
Trevor Lucas Witt,Male,White,,,No,Yes,California,3/5/24,Representative,32,,1635,1.48%,Lost,N/A,N/A,N/A,N/A,N/A,N/A,N/A,No,N/A,N/A,N/A,No,No,N/A,N/A,
Pete Aguilar,Male,hispanic (Mexican),,,Yes,No,California,3/5/24,Representative,33,H2CA31125,45065,100.00%,Won,N/A,N/A,N/A,N/A,N/A,N/A,N/A,N/A,N/A,N/A,Yes,Yes,Yes,Yes,N/A,
David Kim,Male,Asian (Korean),,,No,Yes,California,3/5/24,Representative,34,,22703,34.08%,Made runoff,,,,N/A,N/A,N/A,N/A,No,N/A,N/A,N/A,No,No,N/A,N/A,
David M. Ferrell,Male,White,,,No,Yes,California,3/5/24,Representative,34,,2312,3.47%,Lost,N/A,N/A,N/A,N/A,N/A,N/A,N/A,No,N/A,N/A,N/A,No,No,N/A,N/A,
Jimmy Gomez,Male,hispanic (Mexican),,,Yes,No,California,3/5/24,Representative,34,H8CA34266,41611,62.45%,Made runoff,,,,N/A,N/A,N/A,N/A,Yes,N/A,N/A,N/A,Yes,Yes,N/A,N/A,
Melissa May,Female,hispanic,,,No,Yes,California,3/5/24,Representative,35,,6432,14.14%,Lost,N/A,N/A,N/A,N/A,N/A,N/A,N/A,N/A,N/A,N/A,No,No,N/A,N/A,N/A,
Norma J. Torres,Female,hispanic (Guatemalan),,,Yes,No,California,3/5/24,Representative,35,H4CA35031,39051,85.86%,Won,N/A,N/A,N/A,N/A,N/A,N/A,N/A,N/A,N/A,N/A,Yes,Yes,N/A,N/A,N/A,
Ted W. Lieu,Male,Asian (Taiwanese),,,Yes,No,California,3/5/24,Representative,36,H4CA33119,125858,100.00%,Won,N/A,N/A,N/A,N/A,N/A,N/A,N/A,Yes,N/A,N/A,N/A,Yes,Yes,N/A,N/A,
Adam J. Carmichael,Male,White,,,No,Yes,California,3/5/24,Representative,37,,7520,10.75%,Lost,N/A,N/A,N/A,N/A,N/A,N/A,N/A,No,N/A,N/A,No,N/A,N/A,No,N/A,
Sydney Kamlager-Dove,Female,Black,,,Yes,No,California,3/5/24,Representative,37,H2CA37304,62413,89.25%,Won,N/A,N/A,N/A,N/A,N/A,N/A,N/A,Yes,N/A,N/A,Yes,N/A,N/A,Yes,N/A,
Linda T. Sánchez,Female,hispanic (Mexican),,,Yes,No,California,3/5/24,Representative,38,H2CA39078,62325,100.00%,Won,N/A,N/A,N/A,N/A,N/A,N/A,N/A,Yes,N/A,N/A,N/A,Yes,N/A,Yes,N/A,
Mark Takano,Male,Asian (Japanese),,,Yes,No,California,3/5/24,Representative,39,H2CA43245,48351,100.00%,Won,N/A,N/A,N/A,N/A,N/A,N/A,N/A,Yes,N/A,N/A,N/A,N/A,N/A,Yes,N/A,
Allyson Muñiz Damikolas,Female,hispanic (Mexican and Puerto Rican),,,No,No,California,3/5/24,Representative,40,,35153,41.30%,Lost,N/A,N/A,N/A,Yes,N/A,N/A,N/A,No,N/A,N/A,N/A,N/A,N/A,N/A,N/A,
Joe Kerr,Male,White,,,No,No,California,3/5/24,Representative,40,,49965,58.70%,Won,N/A,N/A,N/A,No,N/A,N/A,N/A,Yes,N/A,N/A,N/A,N/A,N/A,N/A,N/A,
Anna Nevenic,Female,White,,,No,No,California,3/5/24,Representative,41,,13862,18.21%,Lost,N/A,N/A,N/A,N/A,N/A,N/A,N/A,N/A,N/A,N/A,No,N/A,No,N/A,No,
Will Rollins,Male,White,,,No,No,California,3/5/24,Representative,41,,62245,81.79%,Won,N/A,N/A,N/A,N/A,N/A,N/A,N/A,N/A,N/A,N/A,Yes,N/A,Yes,N/A,Yes,
J. Nicole Lopez,Female,White,,,No,Yes,California,3/5/24,Representative,42,,8758,13.44%,Lost,N/A,N/A,N/A,N/A,N/A,N/A,N/A,No,N/A,N/A,N/A,N/A,N/A,N/A,N/A,
Joaquín Beltrán,Male,hispanic (Mexican),,,No,Yes,California,3/5/24,Representative,42,,6532,10.02%,Lost,N/A,N/A,N/A,N/A,N/A,N/A,N/A,No,N/A,N/A,N/A,N/A,N/A,N/A,N/A,
Robert Garcia,Male,White,,,Yes,No,California,3/5/24,Representative,42,H2CA47188,49891,76.54%,Won,N/A,N/A,N/A,N/A,N/A,N/A,N/A,Yes,N/A,N/A,N/A,N/A,N/A,N/A,N/A,
Chris B. Wiggins,Male,Black,,,No,Yes,California,3/5/24,Representative,43,,4999,8.10%,Lost,N/A,N/A,N/A,N/A,N/A,N/A,N/A,No,N/A,N/A,N/A,N/A,N/A,N/A,N/A,
Gregory Edward Jackson Cheadle,Male,Black,,,No,Yes,California,3/5/24,Representative,43,,2075,3.36%,Lost,N/A,N/A,N/A,N/A,N/A,N/A,N/A,No,N/A,N/A,N/A,N/A,N/A,N/A,N/A,
Maxine Waters,Female,White,,,Yes,No,California,3/5/24,Representative,43,H4CA23011,54673,88.54%,Won,N/A,N/A,N/A,N/A,N/A,N/A,N/A,Yes,N/A,N/A,N/A,N/A,N/A,N/A,N/A,
Nanette Diaz Barragán,Female,hispanic (Mexican),,,Yes,No,California,3/5/24,Representative,44,H6CA44103,63622,100.00%,Won,N/A,N/A,N/A,N/A,N/A,N/A,N/A,Yes,N/A,N/A,N/A,Yes,Yes,N/A,N/A,
Aditya Pai,Male,Asian (Indian),,,No,No,California,3/5/24,Representative,45,,7399,11.54%,Lost,N/A,N/A,N/A,N/A,N/A,N/A,N/A,N/A,N/A,N/A,N/A,N/A,N/A,N/A,N/A,
Cheyenne Hunt,Female,White,,,No,No,California,3/5/24,Representative,45,,11973,18.68%,Lost,N/A,N/A,N/A,N/A,N/A,N/A,N/A,N/A,N/A,N/A,N/A,N/A,N/A,N/A,N/A,
Derek Tran,Male,Asian (Vietnamese),,,No,No,California,3/5/24,Representative,45,,22546,35.17%,Won,N/A,N/A,N/A,N/A,N/A,N/A,N/A,N/A,N/A,N/A,N/A,N/A,N/A,N/A,N/A,
Kim Bernice Nguyen-Penaloza,Female,Asian (Vietnamese),hispanic (Mexico),,No,No,California,3/5/24,Representative,45,,22179,34.60%,Lost,N/A,N/A,N/A,N/A,N/A,N/A,N/A,N/A,N/A,N/A,N/A,N/A,N/A,N/A,N/A,
Lou Correa,Male,hispanic (Mexican),,,Yes,No,California,3/5/24,Representative,46,H6CA46116,46184,100.00%,Won,N/A,N/A,N/A,N/A,N/A,N/A,N/A,N/A,N/A,N/A,N/A,Yes,N/A,N/A,N/A,
Boyd Roberts,Male,White,,,No,No,California,3/5/24,Representative,47,,2570,3.04%,Lost,N/A,N/A,N/A,No,N/A,N/A,N/A,N/A,N/A,N/A,N/A,N/A,No,N/A,N/A,
Dave Min,Male,Asian (Korean),,,No,No,California,3/5/24,Representative,47,,46393,54.87%,Won,N/A,N/A,N/A,No,N/A,N/A,N/A,N/A,N/A,N/A,N/A,N/A,No,N/A,N/A,
Joanna Weiss,Female,White,,,No,No,California,3/5/24,Representative,47,,34802,41.16%,Lost,N/A,N/A,N/A,Yes,N/A,N/A,N/A,N/A,N/A,N/A,N/A,N/A,Yes,N/A,N/A,
Shariq Zaidi,Male,Asian (Indian),,,No,No,California,3/5/24,Representative,47,,788,0.93%,Lost,N/A,N/A,N/A,No,N/A,N/A,N/A,N/A,N/A,N/A,N/A,N/A,No,N/A,N/A,
Matthew G. Rascon,Male,White,,,No,No,California,3/5/24,Representative,48,,3988,6.10%,Lost,N/A,N/A,N/A,N/A,N/A,N/A,N/A,N/A,N/A,N/A,N/A,N/A,N/A,N/A,N/A,
Mike Simon,Male,White,,,No,No,California,3/5/24,Representative,48,,12950,19.81%,Lost,N/A,N/A,N/A,N/A,N/A,N/A,N/A,N/A,N/A,N/A,N/A,N/A,N/A,N/A,N/A,
Stephen Houlahan,Male,White,,,No,No,California,3/5/24,Representative,48,,26601,40.70%,Won,N/A,N/A,N/A,N/A,N/A,N/A,N/A,N/A,N/A,N/A,N/A,N/A,N/A,N/A,N/A,
Whitney Shanahan,Female,White,,,No,No,California,3/5/24,Representative,48,,21819,33.38%,Lost,N/A,N/A,N/A,N/A,N/A,N/A,N/A,N/A,N/A,N/A,N/A,N/A,N/A,N/A,N/A,
Mike Levin,Male,White,,,Yes,No,California,3/5/24,Representative,49,H8CA49058,97275,100.00%,Won,N/A,N/A,N/A,N/A,N/A,N/A,N/A,Yes,N/A,N/A,Yes,Yes,Yes,Yes,N/A,
Scott Peters,Male,White,,,Yes,No,California,3/5/24,Representative,50,H2CA52089,97601,88.16%,Won,N/A,N/A,N/A,N/A,N/A,N/A,N/A,N/A,N/A,N/A,N/A,N/A,N/A,Yes,N/A,
Timothy Daniel Bilash,Male,White,,,No,Yes,California,3/5/24,Representative,50,,13106,11.84%,Lost,N/A,N/A,N/A,N/A,N/A,N/A,N/A,N/A,N/A,N/A,N/A,N/A,N/A,No,N/A,
Sara Jacobs,Female,White,,,Yes,No,California,3/5/24,Representative,51,H8CA49074,90901,100.00%,Won,N/A,N/A,N/A,N/A,N/A,N/A,N/A,Yes,N/A,N/A,Yes,N/A,N/A,Yes,N/A,
Juan Vargas,Male,hispanic (Mexican),,,Yes,No,California,3/5/24,Representative,52,H2CA50026,62511,100.00%,Won,N/A,N/A,N/A,N/A,N/A,N/A,N/A,Yes,N/A,N/A,N/A,Yes,Yes,N/A,N/A,
Barbara Lee,Female,Black,,,No,No,California,3/5/24,Senator,N/A,,717129,16.52%,Lost,N/A,N/A,N/A,N/A,N/A,N/A,Yes,N/A,N/A,N/A,Yes,No,No,Yes,N/A,
Adam B. Schiff,Male,White,,,No,No,California,3/5/24,Senator,N/A,,2304829,53.09%,Won,N/A,N/A,N/A,N/A,N/A,N/A,No,N/A,N/A,N/A,No,Yes,Yes,Yes,N/A,
Christina Pascucci,Female,White,,,No,No,California,3/5/24,Senator,N/A,,61998,1.43%,Lost,N/A,N/A,N/A,N/A,N/A,N/A,No,N/A,N/A,N/A,No,No,No,No,N/A,
David Peterson,Male,White,,,No,No,California,3/5/24,Senator,N/A,,21170,0.49%,Lost,N/A,N/A,N/A,N/A,N/A,N/A,No,N/A,N/A,N/A,No,No,No,No,N/A,
Douglas H. Pierce,Male,White,,,No,No,California,3/5/24,Senator,N/A,,19458,0.45%,Lost,N/A,N/A,N/A,N/A,N/A,N/A,No,N/A,N/A,N/A,No,No,No,No,N/A,
Harmesh Kumar,Male,Asian (Indian),,,No,No,California,3/5/24,Senator,N/A,,21624,0.50%,Lost,N/A,N/A,N/A,N/A,N/A,N/A,No,N/A,N/A,N/A,No,No,No,No,N/A,
John Rose,Male,White,,,No,No,California,3/5/24,Senator,N/A,,14627,0.34%,Lost,N/A,N/A,N/A,N/A,N/A,N/A,No,N/A,N/A,N/A,No,No,No,No,N/A,
Katie Porter,Female,White,,,No,No,California,3/5/24,Senator,N/A,,1118429,25.76%,Lost,N/A,N/A,N/A,N/A,N/A,N/A,No,N/A,N/A,N/A,No,No,No,Yes,N/A,
Perry Pound,Male,White,,,No,No,California,3/5/24,Senator,N/A,,14195,0.33%,Lost,N/A,N/A,N/A,N/A,N/A,N/A,No,N/A,N/A,N/A,No,No,No,No,N/A,
Raji Rab,Male,Asian (Indian),,,No,No,California,3/5/24,Senator,N/A,,13640,0.31%,Lost,N/A,N/A,N/A,N/A,N/A,N/A,No,N/A,N/A,N/A,No,No,No,No,N/A,
Sepi Gilani,Female,White,,,No,No,California,3/5/24,Senator,N/A,,34316,0.79%,Lost,N/A,N/A,N/A,N/A,N/A,N/A,No,N/A,N/A,N/A,No,No,No,No,N/A,
Don Davis,Male,Black,,,Yes,No,North Carolina,3/5/24,Representative,1,H2NC02287,1,100.00%,Won,N/A,N/A,N/A,N/A,N/A,N/A,N/A,N/A,N/A,N/A,N/A,Yes,Yes,N/A,N/A,
Deborah K. Ross,Female,White,,,Yes,No,North Carolina,3/5/24,Representative,2,H0NC02125,69564,93.59%,Won,N/A,N/A,N/A,N/A,N/A,N/A,N/A,N/A,N/A,N/A,Yes,Yes,Yes,N/A,N/A,
Michael Camero,Male,White,,,No,Yes,North Carolina,3/5/24,Representative,2,,4761,6.41%,Lost,N/A,N/A,N/A,N/A,N/A,N/A,N/A,N/A,N/A,N/A,No,No,No,N/A,N/A,
Valerie P. Foushee,Female,Black,,,Yes,No,North Carolina,3/5/24,Representative,4,H2NC06114,1,100.00%,Won,N/A,N/A,N/A,N/A,N/A,N/A,N/A,Yes,N/A,N/A,N/A,Yes,Yes,N/A,N/A,
Chuck Hubbard,Male,White,,,No,No,North Carolina,3/5/24,Representative,5,,1,100.00%,Won,N/A,N/A,N/A,N/A,N/A,N/A,N/A,N/A,N/A,N/A,N/A,N/A,N/A,N/A,N/A,
Marlando D. Pridgen,Male,Black,,,No,No,North Carolina,3/5/24,Representative,7,,1,100.00%,Won,N/A,N/A,N/A,N/A,N/A,N/A,N/A,N/A,N/A,N/A,N/A,N/A,N/A,N/A,N/A,
Justin E. Dues,Male,White,,,No,No,North Carolina,3/5/24,Representative,8,,1,100.00%,Won,N/A,N/A,N/A,N/A,N/A,N/A,N/A,N/A,N/A,N/A,N/A,N/A,N/A,N/A,N/A,
Nigel William Bristow,Male,Black,,,No,No,North Carolina,3/5/24,Representative,9,,1,100.00%,Won,N/A,N/A,N/A,N/A,N/A,N/A,N/A,N/A,N/A,N/A,N/A,N/A,N/A,N/A,N/A,
"Ralph R. Scott, Jr.",Male,White,,,No,No,North Carolina,3/5/24,Representative,10,,1,100.00%,Won,N/A,N/A,N/A,N/A,N/A,N/A,N/A,N/A,N/A,N/A,N/A,N/A,N/A,N/A,N/A,
Caleb Rudow,Male,White,,,No,No,North Carolina,3/5/24,Representative,11,,1,100.00%,Won,N/A,N/A,N/A,N/A,N/A,N/A,N/A,N/A,N/A,N/A,N/A,N/A,N/A,N/A,N/A,
Alma S. Adams,Female,Black,,,Yes,No,North Carolina,3/5/24,Representative,12,H4NC12100,1,100.00%,Won,N/A,N/A,N/A,N/A,N/A,N/A,N/A,N/A,N/A,N/A,Yes,N/A,N/A,Yes,N/A,
Frank Pierce,Male,White,,,No,No,North Carolina,3/5/24,Representative,13,,1,100.00%,Won,N/A,N/A,N/A,N/A,N/A,N/A,N/A,N/A,N/A,N/A,N/A,N/A,N/A,N/A,N/A,
Brendan K. Maginnis,Male,White,,,No,No,North Carolina,3/5/24,Representative,14,,13121,39.16%,Lost,N/A,N/A,N/A,N/A,N/A,N/A,N/A,N/A,N/A,N/A,N/A,N/A,N/A,N/A,N/A,
Pam Genant,Female,White,,,No,No,North Carolina,3/5/24,Representative,14,,20389,60.84%,Won,N/A,N/A,N/A,N/A,N/A,N/A,N/A,N/A,N/A,N/A,N/A,N/A,N/A,N/A,N/A,
Chrelle Booker,Female,Black,,,No,No,North Carolina,3/5/24,Governor,N/A,,46045,6.69%,Lost,N/A,N/A,N/A,N/A,N/A,N/A,N/A,N/A,N/A,N/A,No,N/A,N/A,N/A,N/A,
Gary Foxx,Male,Black,,,No,No,North Carolina,3/5/24,Governor,N/A,,25283,3.67%,Lost,N/A,N/A,N/A,N/A,N/A,N/A,N/A,N/A,N/A,N/A,No,N/A,N/A,N/A,N/A,
Josh Stein,Male,White,,,No,No,North Carolina,3/5/24,Governor,N/A,,479026,69.60%,Won,N/A,N/A,N/A,N/A,N/A,N/A,N/A,N/A,N/A,N/A,Yes,N/A,N/A,N/A,N/A,
Marcus W. Williams,Male,Black,,,No,No,North Carolina,3/5/24,Governor,N/A,,39257,5.70%,Lost,N/A,N/A,N/A,N/A,N/A,N/A,N/A,N/A,N/A,N/A,No,N/A,N/A,N/A,N/A,
Michael R. (Mike) Morgan,Male,Black,,,No,No,North Carolina,3/5/24,Governor,N/A,,98627,14.33%,Lost,N/A,N/A,N/A,N/A,N/A,N/A,N/A,N/A,N/A,N/A,No,N/A,N/A,N/A,N/A,
Peter Filler,Male,White,,,No,No,Texas,3/5/24,Representative,2,,17044,100.00%,Won,N/A,N/A,N/A,N/A,N/A,N/A,N/A,N/A,N/A,N/A,N/A,N/A,N/A,N/A,N/A,
Sandeep Srivastava,Male,White,,,No,No,Texas,3/5/24,Representative,3,,17422,100.00%,Won,N/A,N/A,N/A,N/A,N/A,N/A,N/A,N/A,N/A,N/A,N/A,N/A,N/A,N/A,N/A,
Simon Cardell,Male,White,,,No,No,Texas,3/5/24,Representative,4,,14954,100.00%,Won,N/A,N/A,N/A,N/A,N/A,N/A,N/A,N/A,N/A,N/A,N/A,N/A,N/A,N/A,N/A,
"Ruth ""Truth"" Torres",Female,hispanic (Puerto Rican),,,No,No,Texas,3/5/24,Representative,5,,17145,100.00%,Won,N/A,N/A,N/A,N/A,N/A,N/A,N/A,N/A,N/A,N/A,N/A,N/A,N/A,N/A,N/A,
John Love III,Male,Black,,,No,No,Texas,3/5/24,Representative,6,,13813,100.00%,Won,N/A,N/A,N/A,N/A,N/A,N/A,N/A,N/A,N/A,N/A,N/A,N/A,N/A,N/A,N/A,
Lizzie Fletcher,Female,White,,,Yes,No,Texas,3/5/24,Representative,7,H8TX07140,27902,74.24%,Won,N/A,N/A,N/A,N/A,N/A,N/A,N/A,N/A,N/A,N/A,Yes,Yes,Yes,N/A,N/A,
Pervez Agwan,Male,Asian (Indian),,,No,Yes,Texas,3/5/24,Representative,7,,9679,25.76%,Lost,N/A,N/A,N/A,N/A,N/A,N/A,N/A,N/A,N/A,N/A,No,No,No,N/A,N/A,
Laura Jones,Female,White,,,No,No,Texas,3/5/24,Representative,8,,14390,100.00%,Won,N/A,N/A,N/A,N/A,N/A,N/A,N/A,N/A,N/A,N/A,N/A,N/A,N/A,N/A,N/A,
Al Green,Male,Black,,,Yes,No,Texas,3/5/24,Representative,9,H4TX09095,42191,100.00%,Won,N/A,N/A,N/A,N/A,N/A,N/A,N/A,N/A,N/A,N/A,N/A,N/A,N/A,Yes,N/A,
Keith McPhail,Male,White,,,No,No,Texas,3/5/24,Representative,10,,5661,27.80%,Lost,N/A,N/A,N/A,N/A,N/A,N/A,N/A,N/A,N/A,N/A,N/A,N/A,N/A,N/A,N/A,
Theresa Boisseau,Female,White,,,No,No,Texas,3/5/24,Representative,10,,14702,72.20%,Won,N/A,N/A,N/A,N/A,N/A,N/A,N/A,N/A,N/A,N/A,N/A,N/A,N/A,N/A,N/A,
Sebastian K. Gehrig,Male,White,,,No,No,Texas,3/5/24,Representative,12,,8638,41.99%,Lost,N/A,N/A,N/A,N/A,N/A,N/A,N/A,N/A,N/A,N/A,N/A,N/A,N/A,N/A,N/A,
Trey J. Hunt,Male,White,,,No,No,Texas,3/5/24,Representative,12,,11935,58.01%,Won,N/A,N/A,N/A,N/A,N/A,N/A,N/A,N/A,N/A,N/A,N/A,N/A,N/A,N/A,N/A,
Rhonda Hart,Female,White,,,No,No,Texas,3/5/24,Representative,14,,15357,100.00%,Won,N/A,N/A,N/A,N/A,N/A,N/A,N/A,N/A,N/A,N/A,N/A,N/A,N/A,N/A,N/A,
John Villarreal Rigney,Male,White,,,No,No,Texas,3/5/24,Representative,15,,7268,25.30%,Lost,N/A,N/A,N/A,No,N/A,N/A,N/A,N/A,N/A,N/A,No,N/A,No,N/A,No,
Michelle Vallejo,Female,hispanic (Mexican),,,No,No,Texas,3/5/24,Representative,15,,21456,74.70%,Won,N/A,N/A,N/A,Yes,N/A,N/A,N/A,N/A,N/A,N/A,Yes,N/A,Yes,N/A,Yes,
Leeland White,Male,White,,,No,Yes,Texas,3/5/24,Representative,16,,4470,13.71%,Lost,N/A,N/A,N/A,N/A,N/A,N/A,N/A,No,N/A,N/A,No,N/A,N/A,No,N/A,
Veronica Escobar,Female,hispanic (Mexican),,,Yes,No,Texas,3/5/24,Representative,16,H8TX16109,28129,86.29%,Won,N/A,N/A,N/A,N/A,N/A,N/A,N/A,Yes,N/A,N/A,Yes,N/A,N/A,Yes,N/A,
Mark Lorenzen,Male,White,,,No,No,Texas,3/5/24,Representative,17,,13925,100.00%,Won,N/A,N/A,N/A,N/A,N/A,N/A,N/A,N/A,N/A,N/A,N/A,N/A,N/A,N/A,N/A,
Amanda Edwards,Female,White,,,No,Yes,Texas,3/5/24,Representative,18,,14668,37.27%,Lost,N/A,N/A,N/A,N/A,N/A,N/A,N/A,No,N/A,N/A,N/A,N/A,N/A,N/A,N/A,
Robert Slater,Male,Black,,,No,Yes,Texas,3/5/24,Representative,18,,1059,2.69%,Lost,N/A,N/A,N/A,N/A,N/A,N/A,N/A,No,N/A,N/A,N/A,N/A,N/A,N/A,N/A,
Sheila Jackson Lee,Female,Black,,,Yes,No,Texas,3/5/24,Representative,18,H4TX18054,23629,60.04%,Won,N/A,N/A,N/A,N/A,N/A,N/A,N/A,Yes,N/A,N/A,N/A,N/A,N/A,N/A,N/A,
Joaquin Castro,Male,hispanic,,,Yes,No,Texas,3/5/24,Representative,20,H2TX35011,25018,100.00%,Won,N/A,N/A,N/A,N/A,N/A,N/A,N/A,Yes,N/A,N/A,N/A,N/A,N/A,Yes,N/A,
Kristin Hook,Female,White,,,No,No,Texas,3/5/24,Representative,21,,28579,100.00%,Won,N/A,N/A,N/A,N/A,N/A,N/A,N/A,N/A,N/A,N/A,N/A,N/A,N/A,N/A,N/A,
Marquette Greene-Scott,Female,Black,,,No,No,Texas,3/5/24,Representative,22,,17290,81.68%,Won,N/A,N/A,N/A,N/A,N/A,N/A,N/A,N/A,N/A,N/A,N/A,N/A,N/A,N/A,N/A,
Wayne Raasch,Male,White,,,No,No,Texas,3/5/24,Representative,22,,3877,18.32%,Lost,N/A,N/A,N/A,N/A,N/A,N/A,N/A,N/A,N/A,N/A,N/A,N/A,N/A,N/A,N/A,
Lee Bausinger,Male,White,,,No,No,Texas,3/5/24,Representative,23,,11577,41.51%,Lost,N/A,N/A,N/A,N/A,N/A,N/A,N/A,N/A,N/A,N/A,N/A,N/A,N/A,N/A,N/A,
S. Limon,Male,hispanic,,,No,No,Texas,3/5/24,Representative,23,,16316,58.49%,Won,N/A,N/A,N/A,N/A,N/A,N/A,N/A,N/A,N/A,N/A,N/A,N/A,N/A,N/A,N/A,
Francine Ly,Female,Asian ,,,No,No,Texas,3/5/24,Representative,24,,12314,41.37%,Lost,N/A,N/A,N/A,N/A,N/A,N/A,N/A,N/A,N/A,N/A,N/A,N/A,N/A,N/A,N/A,
Sam Eppler,Male,White,,,No,No,Texas,3/5/24,Representative,24,,17451,58.63%,Won,N/A,N/A,N/A,N/A,N/A,N/A,N/A,N/A,N/A,N/A,N/A,N/A,N/A,N/A,N/A,
Ernest R. Lineberger III,Male,White,,,No,No,Texas,3/5/24,Representative,26,,18308,100.00%,Won,N/A,N/A,N/A,N/A,N/A,N/A,N/A,N/A,N/A,N/A,N/A,N/A,N/A,N/A,N/A,
Anthony (A.J.) Tristan,Male,White,,,No,No,Texas,3/5/24,Representative,27,,9013,46.66%,Lost,N/A,N/A,N/A,N/A,N/A,N/A,N/A,N/A,N/A,N/A,N/A,N/A,N/A,N/A,N/A,
Tanya Lloyd,Female,White,,,No,No,Texas,3/5/24,Representative,27,,10305,53.34%,Won,N/A,N/A,N/A,N/A,N/A,N/A,N/A,N/A,N/A,N/A,N/A,N/A,N/A,N/A,N/A,
Henry Cuellar,Male,hispanic (Mexican),,,Yes,No,Texas,3/5/24,Representative,28,H2TX23082,35550,100.00%,Won,N/A,N/A,N/A,N/A,N/A,N/A,N/A,N/A,N/A,N/A,N/A,Yes,N/A,N/A,N/A,
Sylvia Garcia,Female,hispanic (Mexican),,,Yes,No,Texas,3/5/24,Representative,29,H8TX29052,17297,100.00%,Won,N/A,N/A,N/A,N/A,N/A,N/A,N/A,Yes,N/A,N/A,Yes,Yes,N/A,N/A,N/A,
Jarred D. Davis,Male,White,,,No,Yes,Texas,3/5/24,Representative,30,,3982,8.46%,Lost,N/A,N/A,N/A,N/A,N/A,N/A,N/A,No,N/A,N/A,N/A,N/A,N/A,N/A,N/A,
Jasmine Crockett,Female,Black,,,Yes,No,Texas,3/5/24,Representative,30,H2TX30178,43059,91.54%,Won,N/A,N/A,N/A,N/A,N/A,N/A,N/A,Yes,N/A,N/A,N/A,N/A,N/A,N/A,N/A,
Brian Walbridge,Male,White,,,No,No,Texas,3/5/24,Representative,31,,5346,25.82%,Made runoff,1614,31.49%,Lost,N/A,N/A,N/A,N/A,N/A,N/A,N/A,N/A,N/A,N/A,N/A,N/A,
Rick Von Pfeil,Male,White,,,No,No,Texas,3/5/24,Representative,31,,5332,25.76%,Lost,N/A,N/A,N/A,N/A,N/A,N/A,N/A,N/A,N/A,N/A,N/A,N/A,N/A,N/A,N/A,
Stuart Whitlow,Male,White,,,No,No,Texas,3/5/24,Representative,31,,10023,48.42%,Made runoff,3512,68.51%,Won,N/A,N/A,N/A,N/A,N/A,N/A,N/A,N/A,N/A,N/A,N/A,N/A,
Alex Cornwallis,Male,White,,,No,No,Texas,3/5/24,Representative,32,,909,2.60%,Lost,N/A,N/A,N/A,No,N/A,N/A,N/A,N/A,N/A,N/A,N/A,N/A,N/A,N/A,N/A,
Brian Williams,Male,Black,,,No,No,Texas,3/5/24,Representative,32,,6704,19.18%,Lost,N/A,N/A,N/A,No,N/A,N/A,N/A,N/A,N/A,N/A,N/A,N/A,N/A,N/A,N/A,
Callie Butcher,Female,White,,,No,No,Texas,3/5/24,Representative,32,,1169,3.34%,Lost,N/A,N/A,N/A,No,N/A,N/A,N/A,N/A,N/A,N/A,N/A,N/A,N/A,N/A,N/A,
Christopher Panayiotou,Male,White,,,No,No,Texas,3/5/24,Representative,32,,361,1.03%,Lost,N/A,N/A,N/A,No,N/A,N/A,N/A,N/A,N/A,N/A,N/A,N/A,N/A,N/A,N/A,
Jan McDowell,Female,White,,,No,No,Texas,3/5/24,Representative,32,,1722,4.93%,Lost,N/A,N/A,N/A,No,N/A,N/A,N/A,N/A,N/A,N/A,N/A,N/A,N/A,N/A,N/A,
Julie Johnson,Female,White,,,No,No,Texas,3/5/24,Representative,32,,17633,50.44%,Won,N/A,N/A,N/A,Yes,N/A,N/A,N/A,N/A,N/A,N/A,N/A,N/A,N/A,N/A,N/A,
Justin A. Moore,Male,Black,,,No,No,Texas,3/5/24,Representative,32,,2483,7.10%,Lost,N/A,N/A,N/A,No,N/A,N/A,N/A,N/A,N/A,N/A,N/A,N/A,N/A,N/A,N/A,
Kevin Felder,Male,Black,,,No,No,Texas,3/5/24,Representative,32,,1101,3.15%,Lost,N/A,N/A,N/A,No,N/A,N/A,N/A,N/A,N/A,N/A,N/A,N/A,N/A,N/A,N/A,
Raja Chaudhry,Male,White,,,No,No,Texas,3/5/24,Representative,32,,1258,3.60%,Lost,N/A,N/A,N/A,No,N/A,N/A,N/A,N/A,N/A,N/A,N/A,N/A,N/A,N/A,N/A,
Zachariah Manning,Male,Black,,,No,No,Texas,3/5/24,Representative,32,,1617,4.63%,Lost,N/A,N/A,N/A,No,N/A,N/A,N/A,N/A,N/A,N/A,N/A,N/A,N/A,N/A,N/A,
Carlos Quintanilla,Male,hispanic,,,No,Yes,Texas,3/5/24,Representative,33,,7102,31.68%,Lost,N/A,N/A,N/A,N/A,N/A,N/A,N/A,N/A,N/A,N/A,N/A,No,N/A,N/A,N/A,
Marc Veasey,Male,Black,,,Yes,No,Texas,3/5/24,Representative,33,H2TX33073,15313,68.32%,Won,N/A,N/A,N/A,N/A,N/A,N/A,N/A,N/A,N/A,N/A,N/A,Yes,N/A,N/A,N/A,
Vicente Gonzalez,Male,hispanic (Mexican),,,Yes,No,Texas,3/5/24,Representative,34,H6TX15162,27745,100.00%,Won,N/A,N/A,N/A,N/A,N/A,N/A,N/A,N/A,N/A,N/A,N/A,Yes,Yes,N/A,N/A,
Greg Casar,Male,hispanic (Mexican),,,Yes,No,Texas,3/5/24,Representative,35,H2TX35144,28830,100.00%,Won,N/A,N/A,N/A,N/A,Yes,N/A,Yes,Yes,Yes,N/A,Yes,N/A,N/A,Yes,N/A,
Dayna Steele,Female,White,,,No,No,Texas,3/5/24,Representative,36,,14973,100.00%,Won,N/A,N/A,N/A,N/A,N/A,N/A,N/A,N/A,N/A,N/A,N/A,N/A,N/A,N/A,N/A,
"Christopher ""Chris"" McNerney",Male,White,,,No,Yes,Texas,3/5/24,Representative,37,,5279,7.87%,Lost,N/A,N/A,N/A,N/A,N/A,N/A,N/A,No,N/A,N/A,No,N/A,N/A,No,N/A,
"Eduardo ""Lalito"" Romero",Male,hispanic,,,No,Yes,Texas,3/5/24,Representative,37,,4048,6.03%,Lost,N/A,N/A,N/A,N/A,N/A,N/A,N/A,No,N/A,N/A,No,N/A,N/A,No,N/A,
Lloyd Doggett,Male,White,,,Yes,No,Texas,3/5/24,Representative,37,H4TX10028,57762,86.10%,Won,N/A,N/A,N/A,N/A,N/A,N/A,N/A,Yes,N/A,N/A,Yes,N/A,N/A,Yes,N/A,
Gion Christopher Thomas,Male,White,,,No,No,Texas,3/5/24,Representative,38,,3910,17.46%,Lost,N/A,N/A,N/A,N/A,N/A,N/A,N/A,N/A,N/A,N/A,N/A,N/A,N/A,N/A,N/A,
Melissa McDonough,Female,White,,,No,No,Texas,3/5/24,Representative,38,,18486,82.54%,Won,N/A,N/A,N/A,N/A,N/A,N/A,N/A,N/A,N/A,N/A,N/A,N/A,N/A,N/A,N/A,
"A. ""Robert"" Hassan",Male,hispanic,,,No,No,Texas,3/5/24,Senator,N/A,,21855,2.26%,Lost,N/A,N/A,N/A,N/A,N/A,N/A,N/A,N/A,N/A,N/A,N/A,N/A,N/A,No,N/A,
Carl Oscar Sherman,Male,Black,,,No,No,Texas,3/5/24,Senator,N/A,,31694,3.28%,Lost,N/A,N/A,N/A,N/A,N/A,N/A,N/A,N/A,N/A,N/A,N/A,N/A,N/A,No,N/A,
Colin Allred,Male,Black,,,No,No,Texas,3/5/24,Senator,N/A,,569585,58.87%,Won,N/A,N/A,N/A,N/A,N/A,N/A,N/A,N/A,N/A,N/A,N/A,N/A,N/A,Yes,N/A,
Heli Rodriguez Prilliman,Female,hispanic,,,No,No,Texas,3/5/24,Senator,N/A,,18801,1.94%,Lost,N/A,N/A,N/A,N/A,N/A,N/A,N/A,N/A,N/A,N/A,N/A,N/A,N/A,No,N/A,
Mark Gonzalez,Male,hispanic,,,No,No,Texas,3/5/24,Senator,N/A,,85228,8.81%,Lost,N/A,N/A,N/A,N/A,N/A,N/A,N/A,N/A,N/A,N/A,N/A,N/A,N/A,No,N/A,
Meri Gomez,Female,hispanic,,,No,No,Texas,3/5/24,Senator,N/A,,44166,4.56%,Lost,N/A,N/A,N/A,N/A,N/A,N/A,N/A,N/A,N/A,N/A,N/A,N/A,N/A,No,N/A,
Roland Gutierrez,Male,hispanic,,,No,No,Texas,3/5/24,Senator,N/A,,160978,16.64%,Lost,N/A,N/A,N/A,N/A,N/A,N/A,N/A,N/A,N/A,N/A,N/A,N/A,N/A,No,N/A,
Steven J. Keough,Male,White,,,No,No,Texas,3/5/24,Senator,N/A,,21801,2.25%,Lost,N/A,N/A,N/A,N/A,N/A,N/A,N/A,N/A,N/A,N/A,N/A,N/A,N/A,No,N/A,
Thierry Tchenko,Male,Black,,,No,No,Texas,3/5/24,Senator,N/A,,13395,1.38%,Lost,N/A,N/A,N/A,N/A,N/A,N/A,N/A,N/A,N/A,N/A,N/A,N/A,N/A,No,N/A,
Bronco Williams,Male,White,,,No,No,Mississippi,3/12/24,Representative,1,,2138,14.97%,Lost,N/A,N/A,N/A,N/A,N/A,N/A,N/A,N/A,N/A,N/A,N/A,N/A,N/A,N/A,N/A,
Dianne Dodson Black,Female,Black,,,No,No,Mississippi,3/12/24,Representative,1,,12147,85.03%,Won,N/A,N/A,N/A,N/A,N/A,N/A,N/A,N/A,N/A,N/A,N/A,N/A,N/A,N/A,N/A,
Bennie G. Thompson,Male,Black,,,Yes,No,Mississippi,3/12/24,Representative,2,H4MS02068,44295,100.00%,Won,N/A,N/A,N/A,N/A,N/A,N/A,N/A,N/A,N/A,N/A,N/A,N/A,N/A,N/A,N/A,
Craig Elliot Raybon,Male,White,,,No,No,Mississippi,3/12/24,Representative,4,,9720,100.00%,Won,N/A,N/A,N/A,N/A,N/A,N/A,N/A,N/A,N/A,N/A,N/A,N/A,N/A,N/A,N/A,
Ty Pinkins,Male,Black,,,No,No,Mississippi,3/12/24,Senator,N/A,,82264,100.00%,Won,N/A,N/A,N/A,N/A,N/A,N/A,N/A,N/A,N/A,N/A,N/A,N/A,N/A,N/A,N/A,
Jonathan L. Jackson,Male,Black,,,Yes,No,Illinois,3/19/24,Representative,1,H2IL01349,72420,100.00%,Won,N/A,N/A,N/A,N/A,N/A,N/A,N/A,Yes,N/A,N/A,N/A,N/A,N/A,N/A,N/A,
Robin Kelly,Female,Black,,,Yes,No,Illinois,3/19/24,Representative,2,H2IL02172,56732,100.00%,Won,N/A,N/A,N/A,N/A,N/A,N/A,N/A,N/A,N/A,N/A,N/A,N/A,N/A,Yes,N/A,
Delia Ramirez,Female,hispanic,,,Yes,No,Illinois,3/19/24,Representative,3,H2IL03162,52644,100.00%,Won,N/A,N/A,N/A,N/A,Yes,N/A,Yes,Yes,Yes,N/A,Yes,N/A,N/A,Yes,N/A,
"Jesus ""Chuy"" Garcia",Male,hispanic,,,Yes,No,Illinois,3/19/24,Representative,4,H8IL04134,30443,69.62%,Won,N/A,N/A,N/A,N/A,N/A,N/A,N/A,Yes,N/A,N/A,N/A,N/A,N/A,Yes,N/A,
Raymond A. Lopez,Male,hispanic,,,No,Yes,Illinois,3/19/24,Representative,4,,13286,30.38%,Lost,N/A,N/A,N/A,N/A,N/A,N/A,N/A,No,N/A,N/A,N/A,N/A,N/A,No,N/A,
Mike Quigley,Male,White,,,Yes,No,Illinois,3/19/24,Representative,5,H0IL05096,87002,100.00%,Won,N/A,N/A,N/A,N/A,N/A,N/A,N/A,N/A,N/A,N/A,N/A,Yes,N/A,Yes,N/A,
Mahnoor Ahmad,Female,middle Eastern ,,,No,Yes,Illinois,3/19/24,Representative,6,,10483,14.24%,Lost,N/A,N/A,N/A,N/A,N/A,N/A,N/A,N/A,N/A,N/A,N/A,N/A,No,No,N/A,
Sean Casten,Male,White,,,Yes,No,Illinois,3/19/24,Representative,6,H8IL06139,56750,77.11%,Won,N/A,N/A,N/A,N/A,N/A,N/A,N/A,N/A,N/A,N/A,N/A,N/A,Yes,Yes,N/A,
Charles M. Hughes,Male,White,,,No,Yes,Illinois,3/19/24,Representative,6,,6366,8.65%,Lost,N/A,N/A,N/A,N/A,N/A,N/A,N/A,N/A,N/A,N/A,N/A,N/A,No,No,N/A,
Nikhil Bhatia,Male,Asian (Indian),,,No,Yes,Illinois,3/19/24,Representative,7,,3808,4.73%,Lost,N/A,N/A,N/A,N/A,N/A,N/A,N/A,No,N/A,N/A,N/A,N/A,N/A,No,N/A,
Kina Collins,Female,Black,,,No,Yes,Illinois,3/19/24,Representative,7,,15188,18.85%,Lost,N/A,N/A,N/A,N/A,N/A,N/A,N/A,No,N/A,N/A,N/A,N/A,N/A,No,N/A,
Melissa Conyears-Ervin,Female,Black,,,No,Yes,Illinois,3/19/24,Representative,7,,17154,21.30%,Lost,N/A,N/A,N/A,N/A,N/A,N/A,N/A,No,N/A,N/A,N/A,N/A,N/A,No,N/A,
Danny K. Davis,Male,Black,,,Yes,No,Illinois,3/19/24,Representative,7,H4IL07037,42248,52.45%,Won,N/A,N/A,N/A,N/A,N/A,N/A,N/A,Yes,N/A,N/A,N/A,N/A,N/A,Yes,N/A,
Kouri Marshall,Male,Black,,,No,Yes,Illinois,3/19/24,Representative,7,,2156,2.68%,Lost,N/A,N/A,N/A,N/A,N/A,N/A,N/A,No,N/A,N/A,N/A,N/A,N/A,No,N/A,
Raja Krishnamoorthi,Male,Asian (Indian),,,Yes,No,Illinois,3/19/24,Representative,8,H6IL08147,34640,100.00%,Won,N/A,N/A,N/A,N/A,N/A,N/A,N/A,N/A,N/A,N/A,N/A,Yes,Yes,Yes,N/A,
Janice D. Schakowsky,Female,White,,,Yes,No,Illinois,3/19/24,Representative,9,H8IL09067,75106,100.00%,Won,N/A,N/A,N/A,N/A,N/A,N/A,N/A,Yes,N/A,N/A,Yes,N/A,N/A,Yes,N/A,
Brad Schneider,Male,White,,,Yes,No,Illinois,3/19/24,Representative,10,H2IL10068,37538,100.00%,Won,N/A,N/A,N/A,N/A,N/A,N/A,N/A,N/A,N/A,N/A,N/A,Yes,Yes,N/A,N/A,
Bill Foster,Male,White,,,Yes,No,Illinois,3/19/24,Representative,11,H8IL14067,35159,76.58%,Won,N/A,N/A,N/A,N/A,N/A,N/A,N/A,N/A,N/A,N/A,N/A,N/A,Yes,Yes,N/A,
Qasim Rashid,Male,Asian (Pakistani),,,No,Yes,Illinois,3/19/24,Representative,11,,10754,23.42%,Lost,N/A,N/A,N/A,N/A,N/A,N/A,N/A,N/A,N/A,N/A,N/A,N/A,No,No,N/A,
Preston Gabriel Nelson,Male,White,,,No,No,Illinois,3/19/24,Representative,12,,7151,39.89%,Lost,N/A,N/A,N/A,N/A,N/A,N/A,N/A,N/A,N/A,N/A,N/A,N/A,N/A,N/A,N/A,
Brian Roberts,Male,White,,,No,No,Illinois,3/19/24,Representative,12,,10775,60.11%,Won,N/A,N/A,N/A,N/A,N/A,N/A,N/A,N/A,N/A,N/A,N/A,N/A,N/A,N/A,N/A,
Nikki Budzinski,Female,White,,,Yes,No,Illinois,3/19/24,Representative,13,H2IL13153,32314,100.00%,Won,N/A,N/A,N/A,Yes,N/A,N/A,N/A,N/A,N/A,N/A,Yes,N/A,Yes,Yes,N/A,
Lauren Underwood,Female,Black,,,Yes,No,Illinois,3/19/24,Representative,14,H8IL14174,32400,100.00%,Won,N/A,N/A,N/A,Yes,N/A,N/A,N/A,N/A,N/A,N/A,Yes,N/A,N/A,N/A,N/A,
Eric Sorensen,Male,White,,,Yes,No,Illinois,3/19/24,Representative,17,H2IL17147,28533,100.00%,Won,N/A,N/A,N/A,N/A,N/A,N/A,N/A,N/A,N/A,N/A,Yes,Yes,Yes,Yes,N/A,
Greg Landsman,Male,White,,,Yes,No,Ohio,3/19/24,Representative,1,H2OH01194,28025,100.00%,Won,N/A,N/A,N/A,N/A,N/A,N/A,N/A,N/A,N/A,N/A,Yes,Yes,Yes,N/A,N/A,
Samantha Meadows,Female,White,,,No,No,Ohio,3/19/24,Representative,2,,15022,100.00%,Won,N/A,N/A,N/A,N/A,N/A,N/A,N/A,N/A,N/A,N/A,N/A,N/A,N/A,N/A,N/A,
Joyce Beatty,Female,Black,,,Yes,No,Ohio,3/19/24,Representative,3,H2OH03125,46733,100.00%,Won,N/A,N/A,N/A,N/A,N/A,N/A,N/A,N/A,N/A,N/A,N/A,Yes,Yes,N/A,N/A,
Tamie Wilson,Female,Black,,,No,No,Ohio,3/19/24,Representative,4,,15149,63.39%,Won,N/A,N/A,N/A,N/A,N/A,N/A,N/A,N/A,N/A,N/A,N/A,N/A,N/A,N/A,N/A,
Steve Thomas,Male,White,,,No,No,Ohio,3/19/24,Representative,4,,8748,36.61%,Lost,N/A,N/A,N/A,N/A,N/A,N/A,N/A,N/A,N/A,N/A,N/A,N/A,N/A,N/A,N/A,
Keith Mundy,Male,White,,,No,No,Ohio,3/19/24,Representative,5,,26920,100.00%,Won,N/A,N/A,N/A,N/A,N/A,N/A,N/A,N/A,N/A,N/A,N/A,N/A,N/A,N/A,N/A,
Rylan Z. Finzer,Male,White,,,No,No,Ohio,3/19/24,Representative,6,,10480,33.68%,Lost,N/A,N/A,N/A,N/A,N/A,N/A,N/A,N/A,N/A,N/A,N/A,N/A,N/A,N/A,N/A,
Michael L. Kripchak,Male,White,,,No,No,Ohio,3/19/24,Representative,6,,20632,66.32%,Won,N/A,N/A,N/A,N/A,N/A,N/A,N/A,N/A,N/A,N/A,N/A,N/A,N/A,N/A,N/A,
Doug Bugie,Male,White,,,No,No,Ohio,3/19/24,Representative,7,,7540,18.25%,Lost,N/A,N/A,N/A,N/A,N/A,N/A,N/A,N/A,N/A,N/A,N/A,N/A,N/A,N/A,N/A,
Matt Diemer,Male,White,,,No,No,Ohio,3/19/24,Representative,7,,33765,81.75%,Won,N/A,N/A,N/A,N/A,N/A,N/A,N/A,N/A,N/A,N/A,N/A,N/A,N/A,N/A,N/A,
Vanessa Enoch,Female,Black,,,No,No,Ohio,3/19/24,Representative,8,,15650,71.97%,Won,N/A,N/A,N/A,N/A,N/A,N/A,N/A,N/A,N/A,N/A,N/A,N/A,N/A,N/A,N/A,
David E. Gelb,Male,White,,,No,No,Ohio,3/19/24,Representative,8,,2407,11.07%,Lost,N/A,N/A,N/A,N/A,N/A,N/A,N/A,N/A,N/A,N/A,N/A,N/A,N/A,N/A,N/A,
Nathaniel Hawkins,Male,hispanic,,,No,No,Ohio,3/19/24,Representative,8,,3689,16.96%,Lost,N/A,N/A,N/A,N/A,N/A,N/A,N/A,N/A,N/A,N/A,N/A,N/A,N/A,N/A,N/A,
Marcy Kaptur,Female,White,,,Yes,No,Ohio,3/19/24,Representative,9,H2OH09031,38398,100.00%,Won,N/A,N/A,N/A,N/A,N/A,N/A,N/A,N/A,N/A,N/A,N/A,N/A,N/A,Yes,N/A,
Amy Cox,Female,White,,,No,No,Ohio,3/19/24,Representative,10,,22640,63.33%,Won,N/A,N/A,N/A,N/A,N/A,N/A,N/A,N/A,N/A,N/A,N/A,N/A,N/A,N/A,N/A,
David Esrati,Male,White,,,No,No,Ohio,3/19/24,Representative,10,,7767,21.73%,Lost,N/A,N/A,N/A,N/A,N/A,N/A,N/A,N/A,N/A,N/A,N/A,N/A,N/A,N/A,N/A,
Joseph Kuzniar,Male,White,,,No,No,Ohio,3/19/24,Representative,10,,2046,5.72%,Lost,N/A,N/A,N/A,N/A,N/A,N/A,N/A,N/A,N/A,N/A,N/A,N/A,N/A,N/A,N/A,
Tony Pombo,Male,White,,,No,No,Ohio,3/19/24,Representative,10,,3296,9.22%,Lost,N/A,N/A,N/A,N/A,N/A,N/A,N/A,N/A,N/A,N/A,N/A,N/A,N/A,N/A,N/A,
Shontel Brown,Female,Black,,,Yes,No,Ohio,3/19/24,Representative,11,H2OH11169,61573,100.00%,Won,N/A,N/A,N/A,N/A,N/A,N/A,N/A,Yes,N/A,N/A,N/A,Yes,Yes,N/A,N/A,
Jerrad Christian,Male,White,,,No,No,Ohio,3/19/24,Representative,12,,22809,100.00%,Won,N/A,N/A,N/A,N/A,N/A,N/A,N/A,N/A,N/A,N/A,N/A,N/A,N/A,N/A,N/A,
Emilia Sykes,Female,Black,,,Yes,No,Ohio,3/19/24,Representative,13,H2OH13264,41257,100.00%,Won,N/A,N/A,N/A,Yes,N/A,N/A,N/A,N/A,N/A,N/A,Yes,Yes,Yes,Yes,N/A,
Brian Bob Kenderes,Male,White,,,No,No,Ohio,3/19/24,Representative,14,,33769,100.00%,Won,N/A,N/A,N/A,N/A,N/A,N/A,N/A,N/A,N/A,N/A,N/A,N/A,N/A,N/A,N/A,
Zerqa Z. Abid,Female,Asian (Pakistani),,,No,No,Ohio,3/19/24,Representative,15,,10399,35.80%,Lost,N/A,N/A,N/A,N/A,N/A,N/A,N/A,N/A,N/A,N/A,N/A,N/A,N/A,N/A,N/A,
Adam Miller,Male,White,,,No,No,Ohio,3/19/24,Representative,15,,18648,64.20%,Won,N/A,N/A,N/A,N/A,N/A,N/A,N/A,N/A,N/A,N/A,N/A,N/A,N/A,N/A,N/A,
Sherrod Brown,Male,White,,,Yes,No,Ohio,3/19/24,Senator,N/A,S6OH00163,535305,100.00%,Won,N/A,N/A,N/A,N/A,N/A,N/A,N/A,N/A,N/A,N/A,Yes,N/A,N/A,Yes,N/A,
Ashley Ehasz,Female,White,,,No,No,Pennsylvania,4/23/24,Representative,1,,68489,100.00%,Won,N/A,N/A,N/A,Yes,N/A,N/A,N/A,N/A,N/A,N/A,Yes,N/A,N/A,Yes,N/A,
Brendan F. Boyle,Male,White,,,Yes,No,Pennsylvania,4/23/24,Representative,2,H4PA13199,43997,100.00%,Won,N/A,N/A,N/A,N/A,N/A,N/A,N/A,Yes,N/A,N/A,N/A,Yes,Yes,N/A,N/A,
Dwight Evans,Male,Black,,,Yes,No,Pennsylvania,4/23/24,Representative,3,H6PA02171,93974,87.71%,Won,N/A,N/A,N/A,N/A,N/A,N/A,N/A,Yes,N/A,N/A,Yes,N/A,N/A,Yes,N/A,
Tracey Gordon,Female,Black,,,No,Yes,Pennsylvania,4/23/24,Representative,3,,13169,12.29%,Lost,N/A,N/A,N/A,N/A,N/A,N/A,N/A,No,N/A,N/A,No,N/A,N/A,No,N/A,
Madeleine Dean,Female,White,,,Yes,No,Pennsylvania,4/23/24,Representative,4,H8PA04116,78235,100.00%,Won,N/A,N/A,N/A,N/A,N/A,N/A,N/A,Yes,N/A,N/A,N/A,N/A,N/A,Yes,N/A,
Mary Gay Scanlon,Female,White,,,Yes,No,Pennsylvania,4/23/24,Representative,5,H8PA07200,70068,100.00%,Won,N/A,N/A,N/A,N/A,N/A,N/A,N/A,Yes,N/A,N/A,N/A,N/A,N/A,Yes,N/A,
Chrissy Houlahan,Female,White,,,Yes,No,Pennsylvania,4/23/24,Representative,6,H8PA06087,58552,100.00%,Won,N/A,N/A,N/A,N/A,N/A,N/A,N/A,N/A,N/A,N/A,N/A,Yes,Yes,N/A,N/A,
Susan Wild,Female,White,,,Yes,No,Pennsylvania,4/23/24,Representative,7,H8PA15229,55259,100.00%,Won,N/A,N/A,N/A,Yes,N/A,N/A,N/A,N/A,N/A,N/A,Yes,Yes,N/A,Yes,N/A,
Matt Cartwright,Male,White,,,Yes,No,Pennsylvania,4/23/24,Representative,8,H2PA17079,58573,100.00%,Won,N/A,N/A,N/A,N/A,N/A,N/A,N/A,Yes,N/A,N/A,N/A,Yes,Yes,Yes,N/A,
Amanda Waldman,Female,White,,,No,No,Pennsylvania,4/23/24,Representative,9,,34851,100.00%,Won,N/A,N/A,N/A,N/A,N/A,N/A,N/A,N/A,N/A,N/A,N/A,N/A,N/A,N/A,N/A,
John Broadhurst,Male,White,,,No,No,Pennsylvania,4/23/24,Representative,10,,2322,3.83%,Lost,N/A,N/A,N/A,No,N/A,N/A,N/A,N/A,N/A,N/A,N/A,N/A,N/A,N/A,N/A,
Rick Coplen,Male,White,,,No,No,Pennsylvania,4/23/24,Representative,10,,5464,9.01%,Lost,N/A,N/A,N/A,No,N/A,N/A,N/A,N/A,N/A,N/A,N/A,N/A,N/A,N/A,N/A,
Shamaine Daniels,Female,hispanic,,,No,No,Pennsylvania,4/23/24,Representative,10,,8773,14.47%,Lost,N/A,N/A,N/A,No,N/A,N/A,N/A,N/A,N/A,N/A,N/A,N/A,N/A,N/A,N/A,
Blake Lynch,Male,Black,,,No,No,Pennsylvania,4/23/24,Representative,10,,3388,5.59%,Lost,N/A,N/A,N/A,No,N/A,N/A,N/A,N/A,N/A,N/A,N/A,N/A,N/A,N/A,N/A,
Mike O'Brien,Male,White,,,No,No,Pennsylvania,4/23/24,Representative,10,,14103,23.26%,Lost,N/A,N/A,N/A,No,N/A,N/A,N/A,N/A,N/A,N/A,N/A,N/A,N/A,N/A,N/A,
Janelle Stelson,Female,White,,,No,No,Pennsylvania,4/23/24,Representative,10,,26591,43.85%,Won,N/A,N/A,N/A,Yes,N/A,N/A,N/A,N/A,N/A,N/A,N/A,N/A,N/A,N/A,N/A,
Jim Atkinson,Male,White,,,No,No,Pennsylvania,4/23/24,Representative,11,,38559,100.00%,Won,N/A,N/A,N/A,N/A,N/A,N/A,N/A,N/A,N/A,N/A,N/A,N/A,N/A,N/A,N/A,
Bhavini Patel,Female,Asian (Indian),,,No,Yes,Pennsylvania,4/23/24,Representative,12,,41902,39.35%,Lost,N/A,N/A,N/A,N/A,No,N/A,No,No,No,No,No,N/A,N/A,No,N/A,
Summer Lee,Female,Black,,,Yes,No,Pennsylvania,4/23/24,Representative,12,H2PA18200,64594,60.65%,Won,N/A,N/A,N/A,N/A,Yes,N/A,Yes,Yes,Yes,Yes,Yes,N/A,N/A,Yes,N/A,
Beth Farnham,Female,White,,,No,No,Pennsylvania,4/23/24,Representative,13,,32568,100.00%,Won,N/A,N/A,N/A,N/A,N/A,N/A,N/A,N/A,N/A,N/A,N/A,N/A,N/A,N/A,N/A,
Ken Bach,Male,White,,,No,No,Pennsylvania,4/23/24,Representative,14,,27193,48.16%,Lost,N/A,N/A,N/A,N/A,N/A,N/A,N/A,N/A,N/A,N/A,N/A,N/A,N/A,N/A,N/A,
Chris Dziados,Male,White,,,No,No,Pennsylvania,4/23/24,Representative,14,,29268,51.84%,Won,N/A,N/A,N/A,N/A,N/A,N/A,N/A,N/A,N/A,N/A,N/A,N/A,N/A,N/A,N/A,
Zach Womer,Male,White,,,No,No,Pennsylvania,4/23/24,Representative,15,,35574,100.00%,Won,N/A,N/A,N/A,N/A,N/A,N/A,N/A,N/A,N/A,N/A,N/A,N/A,N/A,N/A,N/A,
Preston Nouri,Male,Unknown,,,No,No,Pennsylvania,4/23/24,Representative,16,,49283,100.00%,Won,N/A,N/A,N/A,N/A,N/A,N/A,N/A,N/A,N/A,N/A,N/A,N/A,N/A,N/A,N/A,
Chris Deluzio,Male,White,,,Yes,No,Pennsylvania,4/23/24,Representative,17,H2PA17103,85265,100.00%,Won,N/A,N/A,N/A,N/A,N/A,N/A,N/A,Yes,N/A,N/A,Yes,Yes,Yes,Yes,N/A,
Robert P. Casey Jr.,Male,White,,,Yes,No,Pennsylvania,4/23/24,Senator,N/A,S6PA00217,1024545,100.00%,Won,N/A,N/A,N/A,N/A,N/A,N/A,N/A,N/A,N/A,N/A,N/A,Yes,N/A,Yes,N/A,
Frank J. Mrvan,Male,White,,,Yes,No,Indiana,5/7/24,Representative,1,H0IN01150,31155,100.00%,Won,N/A,N/A,N/A,N/A,N/A,N/A,N/A,N/A,N/A,N/A,N/A,Yes,N/A,N/A,N/A,
Lori A. Camp,Female,White,,,No,No,Indiana,5/7/24,Representative,2,,13827,100.00%,Won,N/A,N/A,N/A,N/A,N/A,N/A,N/A,N/A,N/A,N/A,N/A,N/A,N/A,N/A,N/A,
Kiley M. Adolph,Female,White,,,No,No,Indiana,5/7/24,Representative,3,,10286,62.79%,Won,N/A,N/A,N/A,N/A,N/A,N/A,N/A,N/A,N/A,N/A,N/A,N/A,N/A,N/A,N/A,
Phil Goss,Male,White,,,No,No,Indiana,5/7/24,Representative,3,,6095,37.21%,Lost,N/A,N/A,N/A,N/A,N/A,N/A,N/A,N/A,N/A,N/A,N/A,N/A,N/A,N/A,N/A,
Rimpi K. Girn,Female,Asian (Indian),,,No,No,Indiana,5/7/24,Representative,4,,4436,36.53%,Lost,N/A,N/A,N/A,N/A,N/A,N/A,N/A,N/A,N/A,N/A,N/A,N/A,N/A,N/A,N/A,
Derrick Holder,Male,White,,,No,No,Indiana,5/7/24,Representative,4,,7709,63.47%,Won,N/A,N/A,N/A,N/A,N/A,N/A,N/A,N/A,N/A,N/A,N/A,N/A,N/A,N/A,N/A,
Ryan Pfenninger,Male,White,,,No,No,Indiana,5/7/24,Representative,5,,8082,40.53%,Lost,N/A,N/A,N/A,N/A,N/A,N/A,N/A,N/A,N/A,N/A,N/A,N/A,N/A,N/A,N/A,
Deborah A. Pickett,Female,Unknown,,,No,No,Indiana,5/7/24,Representative,5,,11858,59.47%,Won,N/A,N/A,N/A,N/A,N/A,N/A,N/A,N/A,N/A,N/A,N/A,N/A,N/A,N/A,N/A,
Cynthia (Cinde) Wirth,Female,White,,,No,No,Indiana,5/7/24,Representative,6,,11708,100.00%,Won,N/A,N/A,N/A,N/A,N/A,N/A,N/A,N/A,N/A,N/A,N/A,N/A,N/A,N/A,N/A,
André Carson,Male,Black,,,Yes,No,Indiana,5/7/24,Representative,7,H8IN07184,30868,91.08%,Won,N/A,N/A,N/A,N/A,N/A,N/A,N/A,Yes,N/A,N/A,N/A,N/A,N/A,Yes,N/A,
Curtis Godfrey,Male,Black,,,No,Yes,Indiana,5/7/24,Representative,7,,1845,5.44%,Lost,N/A,N/A,N/A,N/A,N/A,N/A,N/A,No,N/A,N/A,N/A,N/A,N/A,No,N/A,
Pierre Quincy Pullins,Male,Black,,,No,Yes,Indiana,5/7/24,Representative,7,,1178,3.48%,Lost,N/A,N/A,N/A,N/A,N/A,N/A,N/A,No,N/A,N/A,N/A,N/A,N/A,No,N/A,
Erik Hurt,Male,White,,,No,No,Indiana,5/7/24,Representative,8,,8204,45.11%,Won,N/A,N/A,N/A,N/A,N/A,N/A,N/A,No,N/A,N/A,N/A,N/A,N/A,N/A,N/A,
Peter FH Priest II,Male,White,,,No,No,Indiana,5/7/24,Representative,8,,2098,11.54%,Lost,N/A,N/A,N/A,N/A,N/A,N/A,N/A,No,N/A,N/A,N/A,N/A,N/A,N/A,N/A,
Edward Upton Sein,Male,White,,,No,No,Indiana,5/7/24,Representative,8,,4087,22.47%,Lost,N/A,N/A,N/A,N/A,N/A,N/A,N/A,No,N/A,N/A,N/A,N/A,N/A,N/A,N/A,
Michael Talarzyk,Male,White,,,No,No,Indiana,5/7/24,Representative,8,,3796,20.87%,Lost,N/A,N/A,N/A,N/A,N/A,N/A,N/A,No,N/A,N/A,N/A,N/A,N/A,N/A,N/A,
D. Liam Dorris,Male,White,,,No,No,Indiana,5/7/24,Representative,9,,7493,33.91%,Lost,N/A,N/A,N/A,N/A,N/A,N/A,N/A,No,N/A,N/A,N/A,N/A,N/A,N/A,N/A,
Timothy (Tim) Peck,Male,White,,,No,No,Indiana,5/7/24,Representative,9,,14606,66.09%,Won,N/A,N/A,N/A,N/A,N/A,N/A,N/A,No,N/A,N/A,N/A,N/A,N/A,N/A,N/A,
Marc Carmichael,Male,White,,,No,No,Indiana,5/7/24,Senator,N/A,,57256,31.99%,Lost,N/A,N/A,N/A,N/A,N/A,N/A,N/A,No,N/A,N/A,N/A,N/A,N/A,N/A,N/A,
Valerie McCray,Female,Black,,,No,No,Indiana,5/7/24,Senator,N/A,,121734,68.01%,Won,N/A,N/A,N/A,N/A,N/A,N/A,N/A,No,N/A,N/A,N/A,N/A,N/A,N/A,N/A,
Jennifer G. McCormick,Female,White,,,No,No,Indiana,5/7/24,Governor,N/A,,180577,100.00%,Won,N/A,N/A,N/A,N/A,N/A,N/A,N/A,No,N/A,N/A,N/A,N/A,N/A,N/A,N/A,
"Blane H. Miller, III",Male,White,,,No,No,Maryland,5/14/24,Representative,1,,26845,60.83%,Won,N/A,N/A,N/A,N/A,N/A,N/A,N/A,N/A,N/A,N/A,N/A,N/A,N/A,N/A,N/A,
Blessing T. Oluwadare,Female,Black (Nigerian Immigrant),,,No,No,Maryland,5/14/24,Representative,1,,17289,39.17%,Lost,N/A,N/A,N/A,N/A,N/A,N/A,N/A,N/A,N/A,N/A,N/A,N/A,N/A,N/A,N/A,
Harry Bhandari,Male,Asian (Nepali Immigrant),,,No,No,Maryland,5/14/24,Representative,2,,7150,8.53%,Lost,N/A,N/A,N/A,N/A,N/A,N/A,N/A,N/A,N/A,N/A,N/A,No,N/A,No,N/A,
Sia Kyriakakos,Female,White (Greek),,,No,No,Maryland,5/14/24,Representative,2,,4080,4.87%,Lost,N/A,N/A,N/A,N/A,N/A,N/A,N/A,N/A,N/A,N/A,N/A,No,N/A,No,N/A,
"John ""Johnny O"" Olszewski, Jr.",Male,white,,,No,No,Maryland,5/14/24,Representative,2,,65995,78.70%,Won,N/A,N/A,N/A,N/A,N/A,N/A,N/A,N/A,N/A,N/A,N/A,Yes,N/A,Yes,N/A,
Sharron Reed-Burns,Female,black,,,No,No,Maryland,5/14/24,Representative,2,,3472,4.14%,Lost,N/A,N/A,N/A,N/A,N/A,N/A,N/A,N/A,N/A,N/A,N/A,No,N/A,No,N/A,
Jessica Sjoberg,Female,white,,,No,No,Maryland,5/14/24,Representative,2,,1692,2.02%,Lost,N/A,N/A,N/A,N/A,N/A,N/A,N/A,N/A,N/A,N/A,N/A,No,N/A,No,N/A,
"Clint Spellman, Jr.",Male,black,,,No,No,Maryland,5/14/24,Representative,2,,1466,1.75%,Lost,N/A,N/A,N/A,N/A,N/A,N/A,N/A,N/A,N/A,N/A,N/A,No,N/A,No,N/A,
Harry Anthony Dunn,Male,black,,,No,No,Maryland,5/14/24,Representative,3,,20380,25.03%,Lost,N/A,N/A,N/A,N/A,N/A,N/A,N/A,Yes,N/A,No,N/A,N/A,N/A,Yes,N/A,
Mark S. Chang,Male,asian (korean),,,No,No,Maryland,5/14/24,Representative,3,,4106,5.04%,Lost,N/A,N/A,N/A,N/A,N/A,N/A,N/A,No,N/A,No,N/A,N/A,N/A,No,N/A,
Michael Coburn,Male,white,,,No,No,Maryland,5/14/24,Representative,3,,583,0.72%,Lost,N/A,N/A,N/A,N/A,N/A,N/A,N/A,No,N/A,No,N/A,N/A,N/A,No,N/A,
Malcolm Thomas Colombo,Male,white,,,No,No,Maryland,5/14/24,Representative,3,,527,0.65%,Lost,N/A,N/A,N/A,N/A,N/A,N/A,N/A,No,N/A,No,N/A,N/A,N/A,No,N/A,
Abigail Diehl,Female,white,,,No,No,Maryland,5/14/24,Representative,3,,1379,1.69%,Lost,N/A,N/A,N/A,N/A,N/A,N/A,N/A,No,N/A,No,N/A,N/A,N/A,No,N/A,
Juan Dominguez,Male,hispanic,,,No,No,Maryland,5/14/24,Representative,3,,1025,1.26%,Lost,N/A,N/A,N/A,N/A,N/A,N/A,N/A,No,N/A,No,N/A,N/A,N/A,No,N/A,
Lindsay Donahue,Female,white,,,No,No,Maryland,5/14/24,Representative,3,,1213,1.49%,Lost,N/A,N/A,N/A,N/A,N/A,N/A,N/A,No,N/A,No,N/A,N/A,N/A,No,N/A,
Sarah Elfreth,Female,white,,,No,No,Maryland,5/14/24,Representative,3,,29459,36.18%,Won,N/A,N/A,N/A,N/A,N/A,N/A,N/A,No,N/A,No,N/A,N/A,N/A,No,N/A,
Mark Steven Gosnell,Male,white,,,No,No,Maryland,5/14/24,Representative,3,,221,0.27%,Lost,N/A,N/A,N/A,N/A,N/A,N/A,N/A,No,N/A,No,N/A,N/A,N/A,No,N/A,
Terri Hill,Female,black,,,No,No,Maryland,5/14/24,Representative,3,,5318,6.53%,Lost,N/A,N/A,N/A,N/A,N/A,N/A,N/A,No,N/A,No,N/A,N/A,N/A,No,N/A,
Aisha Khan,Female,asian,,,No,No,Maryland,5/14/24,Representative,3,,2199,2.70%,Lost,N/A,N/A,N/A,N/A,N/A,N/A,N/A,No,N/A,No,N/A,N/A,N/A,No,N/A,
Clarence Lam,Male,asian,,,No,No,Maryland,5/14/24,Representative,3,,9548,11.73%,Lost,N/A,N/A,N/A,N/A,N/A,N/A,N/A,No,N/A,No,N/A,N/A,N/A,No,N/A,
Matt Libber,Male,white,,,No,No,Maryland,5/14/24,Representative,3,,159,0.20%,Lost,N/A,N/A,N/A,N/A,N/A,N/A,N/A,No,N/A,No,N/A,N/A,N/A,No,N/A,
"John H. Morse, III",Male,white,,,No,No,Maryland,5/14/24,Representative,3,,1447,1.78%,Lost,N/A,N/A,N/A,N/A,N/A,N/A,N/A,No,N/A,Yes,N/A,N/A,N/A,No,N/A,
Kristin Anne Lyman Nabors,Female,white,,,No,No,Maryland,5/14/24,Representative,3,,397,0.49%,Lost,N/A,N/A,N/A,N/A,N/A,N/A,N/A,No,N/A,No,N/A,N/A,N/A,No,N/A,
Jake Pretot,Male,white,,,No,No,Maryland,5/14/24,Representative,3,,162,0.20%,Lost,N/A,N/A,N/A,N/A,N/A,N/A,N/A,No,N/A,No,N/A,N/A,N/A,No,N/A,
Don Quinn,Male,black,,,No,No,Maryland,5/14/24,Representative,3,,408,0.50%,Lost,N/A,N/A,N/A,N/A,N/A,N/A,N/A,No,N/A,No,N/A,N/A,N/A,No,N/A,
Mike Rogers,Male,black,,,No,No,Maryland,5/14/24,Representative,3,,2147,2.64%,Lost,N/A,N/A,N/A,N/A,N/A,N/A,N/A,No,N/A,No,N/A,N/A,N/A,No,N/A,
Danny Craig Rupli,Male,white,,,No,No,Maryland,5/14/24,Representative,3,,34,0.04%,Lost,N/A,N/A,N/A,N/A,N/A,N/A,N/A,No,N/A,No,N/A,N/A,N/A,No,N/A,
Gary Schuman,Male,white,,,No,No,Maryland,5/14/24,Representative,3,,286,0.35%,Lost,N/A,N/A,N/A,N/A,N/A,N/A,N/A,No,N/A,No,N/A,N/A,N/A,No,N/A,
Stewart Fred Silver,Male,unknown,,,No,No,Maryland,5/14/24,Representative,3,,78,0.10%,Lost,N/A,N/A,N/A,N/A,N/A,N/A,N/A,No,N/A,No,N/A,N/A,N/A,No,N/A,
Jeff Woodard,Male,black,,,No,No,Maryland,5/14/24,Representative,3,,352,0.43%,Lost,N/A,N/A,N/A,N/A,N/A,N/A,N/A,No,N/A,No,N/A,N/A,N/A,No,N/A,
Glenn F. Ivey,Male,black,,,Yes,No,Maryland,5/14/24,Representative,4,H2MD04315,66659,84.88%,Won,N/A,N/A,N/A,N/A,N/A,N/A,N/A,N/A,N/A,N/A,N/A,Yes,Yes,N/A,N/A,
Joseph Gomes,Male,asian (bangladeshi),,,No,Yes,Maryland,5/14/24,Representative,4,,3673,4.68%,Lost,N/A,N/A,N/A,N/A,N/A,N/A,N/A,N/A,N/A,N/A,N/A,No,No,N/A,N/A,
Emmett Johnson,Male,black,,,No,Yes,Maryland,5/14/24,Representative,4,,3835,4.88%,Lost,N/A,N/A,N/A,N/A,N/A,N/A,N/A,N/A,N/A,N/A,N/A,No,No,N/A,N/A,
Gabriel Njinimbot,Male,black (west african),,,No,Yes,Maryland,5/14/24,Representative,4,,4366,5.56%,Lost,N/A,N/A,N/A,N/A,N/A,N/A,N/A,N/A,N/A,N/A,N/A,No,No,N/A,N/A,
Steny Hoyer,Male,white,,,Yes,No,Maryland,5/14/24,Representative,5,H2MD05155,69723,72.33%,Won,N/A,N/A,N/A,N/A,N/A,N/A,N/A,N/A,N/A,N/A,N/A,Yes,Yes,N/A,N/A,
Quincy Bareebe,Female,black,,,No,Yes,Maryland,5/14/24,Representative,5,,9970,10.34%,Lost,N/A,N/A,N/A,N/A,N/A,N/A,N/A,N/A,N/A,N/A,N/A,No,No,N/A,N/A,
Andrea L. Crooms,Female,white,,,No,Yes,Maryland,5/14/24,Representative,5,,6955,7.22%,Lost,N/A,N/A,N/A,N/A,N/A,N/A,N/A,N/A,N/A,N/A,N/A,No,No,N/A,N/A,
McKayla Wilkes,Female,black,,,No,Yes,Maryland,5/14/24,Representative,5,,9743,10.11%,Lost,N/A,N/A,N/A,N/A,N/A,N/A,N/A,N/A,N/A,N/A,N/A,No,No,N/A,N/A,
Peter Choharis,Male,white,,,No,No,Maryland,5/14/24,Representative,6,,818,1.44%,Lost,N/A,N/A,N/A,N/A,N/A,N/A,N/A,N/A,N/A,N/A,N/A,N/A,N/A,No,N/A,
April McClain Delaney,Female,white,,,No,No,Maryland,5/14/24,Representative,6,,22985,40.38%,Won,N/A,N/A,N/A,N/A,N/A,N/A,N/A,N/A,N/A,N/A,N/A,N/A,N/A,No,N/A,
George Gluck,Male,white,,,No,No,Maryland,5/14/24,Representative,6,,437,0.77%,Lost,N/A,N/A,N/A,N/A,N/A,N/A,N/A,N/A,N/A,N/A,N/A,N/A,N/A,No,N/A,
Geoffrey Grammer,Male,white,,,No,No,Maryland,5/14/24,Representative,6,,651,1.14%,Lost,N/A,N/A,N/A,N/A,N/A,N/A,N/A,N/A,N/A,N/A,N/A,N/A,N/A,No,N/A,
Ashwani Jain,Male,asian,,,No,No,Maryland,5/14/24,Representative,6,,4750,8.34%,Lost,N/A,N/A,N/A,N/A,N/A,N/A,N/A,N/A,N/A,N/A,N/A,N/A,N/A,No,N/A,
Lesley J. Lopez,Female,"white* adopted by latno father, capitalizes his family's immigration story",,,No,No,Maryland,5/14/24,Representative,6,,2600,4.57%,Lost,N/A,N/A,N/A,N/A,N/A,N/A,N/A,N/A,N/A,N/A,N/A,N/A,N/A,No,N/A,
Tekesha A. Martinez,Female,black,,,No,No,Maryland,5/14/24,Representative,6,,3992,7.01%,Lost,N/A,N/A,N/A,N/A,N/A,N/A,N/A,N/A,N/A,N/A,N/A,N/A,N/A,Yes,N/A,
"Stephen R. McDow, II",Male,black,,,No,No,Maryland,5/14/24,Representative,6,,246,0.43%,Lost,N/A,N/A,N/A,N/A,N/A,N/A,N/A,N/A,N/A,N/A,N/A,N/A,N/A,No,N/A,
Mohammad S. Mozumder,Male,asian,,,No,No,Maryland,5/14/24,Representative,6,,1005,1.77%,Lost,N/A,N/A,N/A,N/A,N/A,N/A,N/A,N/A,N/A,N/A,N/A,N/A,N/A,No,N/A,
Adrian Petrus,Male,white,,,No,No,Maryland,5/14/24,Representative,6,,166,0.29%,Lost,N/A,N/A,N/A,N/A,N/A,N/A,N/A,N/A,N/A,N/A,N/A,N/A,N/A,No,N/A,
Joel Rubin,Male,white,,,No,No,Maryland,5/14/24,Representative,6,,820,1.44%,Lost,N/A,N/A,N/A,N/A,N/A,N/A,N/A,N/A,N/A,N/A,N/A,N/A,N/A,No,N/A,
Laurie-Anne Sayles,Female,black,,,No,No,Maryland,5/14/24,Representative,6,,1845,3.24%,Lost,N/A,N/A,N/A,N/A,N/A,N/A,N/A,N/A,N/A,N/A,N/A,N/A,N/A,No,N/A,
Joe Vogel,Male,hispanic (uruguayan),,,No,No,Maryland,5/14/24,Representative,6,,14940,26.25%,Lost,N/A,N/A,N/A,N/A,N/A,N/A,N/A,N/A,N/A,N/A,N/A,N/A,N/A,Yes,N/A,
Destiny Drake-West,Female,black,,,No,No,Maryland,5/14/24,Representative,6,,1086,1.91%,Lost,N/A,N/A,N/A,N/A,N/A,N/A,N/A,N/A,N/A,N/A,N/A,N/A,N/A,No,N/A,
"Kiambo ""Bo"" White",Male,black,,,No,No,Maryland,5/14/24,Representative,6,,401,0.70%,Lost,N/A,N/A,N/A,N/A,N/A,N/A,N/A,N/A,N/A,N/A,N/A,N/A,N/A,No,N/A,
Altimont Mark Wilks,Male,black,,,No,No,Maryland,5/14/24,Representative,6,,179,0.31%,Lost,N/A,N/A,N/A,N/A,N/A,N/A,N/A,N/A,N/A,N/A,N/A,N/A,N/A,No,N/A,
Tashi Kimandus Davis,Male,black,,,No,Yes,Maryland,5/14/24,Representative,7,,11640,11.60%,Lost,N/A,N/A,N/A,N/A,N/A,N/A,N/A,No,N/A,N/A,N/A,No,N/A,N/A,N/A,
Kweisi Mfume,Male,black,,,Yes,No,Maryland,5/14/24,Representative,7,H6MD07020,88727,88.40%,Won,N/A,N/A,N/A,N/A,N/A,N/A,N/A,Yes,N/A,N/A,N/A,Yes,N/A,N/A,N/A,
Jamie Raskin,Male,white (jewish),,,Yes,No,Maryland,5/14/24,Representative,8,H6MD08457,103071,94.82%,Won,N/A,N/A,N/A,N/A,N/A,N/A,N/A,N/A,N/A,N/A,N/A,N/A,N/A,Yes,N/A,
Eric Felber,Male,white,,,No,Yes,Maryland,5/14/24,Representative,8,,5636,5.18%,Lost,N/A,N/A,N/A,N/A,N/A,N/A,N/A,N/A,N/A,N/A,N/A,N/A,N/A,No,N/A,
David J. Trone,Male,white,,,No,No,Maryland,5/14/24,Senator,N/A,,286381,42.80%,Lost,N/A,N/A,N/A,No,N/A,N/A,N/A,N/A,N/A,N/A,No,N/A,N/A,No,N/A,
Angela Alsobrooks,Female,black,,,No,No,Maryland,5/14/24,Senator,N/A,,357052,53.37%,Won,N/A,N/A,N/A,Yes,N/A,N/A,N/A,N/A,N/A,N/A,Yes,N/A,N/A,Yes,N/A,
"Michael W. Cobb, Sr.",Male,white,,,No,No,Maryland,5/14/24,Senator,N/A,,4524,0.68%,Lost,N/A,N/A,N/A,No,N/A,N/A,N/A,N/A,N/A,N/A,No,N/A,N/A,No,N/A,
Marcellus Crews,Male,black,,,No,No,Maryland,5/14/24,Senator,N/A,,3379,0.51%,Lost,N/A,N/A,N/A,No,N/A,N/A,N/A,N/A,N/A,N/A,No,N/A,N/A,No,N/A,
Brian E. Frydenborg,Male,white,,,No,No,Maryland,5/14/24,Senator,N/A,,3635,0.54%,Lost,N/A,N/A,N/A,No,N/A,N/A,N/A,N/A,N/A,N/A,No,N/A,N/A,No,N/A,
Scottie J. Griffin,Female,black,,,No,No,Maryland,5/14/24,Senator,N/A,,3579,0.53%,Lost,N/A,N/A,N/A,No,N/A,N/A,N/A,N/A,N/A,N/A,No,N/A,N/A,No,N/A,
Robert K. Houton,Male,white,,,No,No,Maryland,5/14/24,Senator,N/A,,1946,0.29%,Lost,N/A,N/A,N/A,No,N/A,N/A,N/A,N/A,N/A,N/A,No,N/A,N/A,No,N/A,
Joseph Perez,Male,asian (fillipino),,,No,No,Maryland,5/14/24,Senator,N/A,,4688,0.70%,Lost,N/A,N/A,N/A,No,N/A,N/A,N/A,N/A,N/A,N/A,No,N/A,N/A,No,N/A,
Steven Henry Seuferer,Male,unknown,,,No,No,Maryland,5/14/24,Senator,N/A,,1664,0.25%,Lost,N/A,N/A,N/A,No,N/A,N/A,N/A,N/A,N/A,N/A,No,N/A,N/A,No,N/A,
Andrew Jaye Wildman,Male,white,,,No,No,Maryland,5/14/24,Senator,N/A,,2198,0.33%,Lost,N/A,N/A,N/A,No,N/A,N/A,N/A,N/A,N/A,N/A,No,N/A,N/A,No,N/A,
Carol Blood,Female,white,,,No,No,Nebraska,5/14/24,Representative,1,,34888,100.00%,Won,N/A,N/A,N/A,N/A,N/A,N/A,N/A,N/A,N/A,N/A,N/A,N/A,N/A,N/A,N/A,
Tony Vargas,Male,hispanic,,,No,No,Nebraska,5/14/24,Representative,2,,39038,100.00%,Won,N/A,N/A,N/A,N/A,N/A,N/A,N/A,N/A,N/A,N/A,Yes,N/A,Yes,Yes,Yes,
Daniel Ebers,Male,white,,,No,No,Nebraska,5/14/24,Representative,3,,7841,52.90%,Won,N/A,N/A,N/A,N/A,N/A,N/A,N/A,N/A,N/A,N/A,N/A,N/A,N/A,N/A,N/A,
David J. Else,Male,white,,,No,No,Nebraska,5/14/24,Representative,3,,6982,47.10%,Lost,N/A,N/A,N/A,N/A,N/A,N/A,N/A,N/A,N/A,N/A,N/A,N/A,N/A,N/A,N/A,
Preston Love Jr.,Male,black,,,No,No,Nebraska,5/14/24,Senator (unexpired term),N/A,,85114,100.00%,Won,N/A,N/A,N/A,N/A,N/A,N/A,N/A,N/A,N/A,N/A,N/A,N/A,N/A,N/A,N/A,
Chris Bob Reed,Male,unknown,,,No,No,West Virginia,5/14/24,Representative,1,,27509,56.41%,Won,N/A,N/A,N/A,N/A,N/A,N/A,N/A,N/A,N/A,N/A,N/A,N/A,N/A,N/A,N/A,
Jim Umberger,Male,white,,,No,No,West Virginia,5/14/24,Representative,1,,21253,43.59%,Lost,N/A,N/A,N/A,N/A,N/A,N/A,N/A,N/A,N/A,N/A,N/A,N/A,N/A,N/A,N/A,
Steven Wendelin,Male,white,,,No,No,West Virginia,5/14/24,Representative,2,,39832,100.00%,Won,N/A,N/A,N/A,N/A,N/A,N/A,N/A,N/A,N/A,N/A,N/A,N/A,N/A,N/A,N/A,
Don Blankenship,Male,white,,,No,No,West Virginia,5/14/24,Senator,N/A,,18778,18.46%,Lost,N/A,N/A,N/A,N/A,N/A,N/A,N/A,N/A,N/A,N/A,N/A,N/A,N/A,N/A,N/A,
Glenn Elliott,Male,white,,,No,No,West Virginia,5/14/24,Senator,N/A,,46176,45.40%,Won,N/A,N/A,N/A,N/A,N/A,N/A,N/A,N/A,N/A,N/A,N/A,N/A,N/A,N/A,N/A,
Zachary Shrewsbury,Male,white,,,No,No,West Virginia,5/14/24,Senator,N/A,,36754,36.14%,Lost,N/A,N/A,N/A,N/A,N/A,N/A,N/A,N/A,N/A,N/A,N/A,N/A,N/A,N/A,N/A,
Steve Williams,Male,white,,,No,No,West Virginia,5/14/24,Governor,N/A,,89576,100.00%,Won,N/A,N/A,N/A,N/A,N/A,N/A,N/A,N/A,N/A,N/A,N/A,N/A,N/A,N/A,N/A,
Patti Hewitt,Female,white,,,No,No,Georgia,5/21/24,Representative,1,,25082,100.00%,Won,N/A,N/A,N/A,N/A,N/A,N/A,N/A,N/A,N/A,N/A,N/A,N/A,N/A,N/A,N/A,
Sanford Bishop,Male,black,,,Yes,No,Georgia,5/21/24,Representative,2,H2GA02031,46379,100.00%,Won,N/A,N/A,N/A,N/A,N/A,N/A,N/A,N/A,N/A,N/A,N/A,Yes,N/A,N/A,N/A,
Val Almonord,Male,black (haitian),,,No,No,Georgia,5/21/24,Representative,3,,11730,46.98%,Lost,N/A,N/A,N/A,N/A,N/A,N/A,N/A,N/A,N/A,N/A,N/A,N/A,N/A,N/A,N/A,
Maura Keller,Female,white,,,No,No,Georgia,5/21/24,Representative,3,,13237,53.02%,Won,N/A,N/A,N/A,N/A,N/A,N/A,N/A,N/A,N/A,N/A,N/A,N/A,N/A,N/A,N/A,
"Henry ""Hank"" Johnson Jr.",Male,black,,,Yes,No,Georgia,5/21/24,Representative,4,H6GA04129,53269,100.00%,Won,N/A,N/A,N/A,N/A,N/A,N/A,N/A,Yes,N/A,N/A,Yes,N/A,N/A,Yes,N/A,
Nikema Williams,Female,black,,,Yes,No,Georgia,5/21/24,Representative,5,H0GA05301,69116,100.00%,Won,N/A,N/A,N/A,N/A,N/A,N/A,N/A,Yes,N/A,N/A,Yes,Yes,Yes,N/A,N/A,
Lucy McBath,Female,black,,,Yes,No,Georgia,5/21/24,Representative,6,H8GA06393,60837,84.75%,Won,N/A,N/A,N/A,Yes,N/A,N/A,N/A,N/A,N/A,N/A,Yes,Yes,Yes,N/A,N/A,
Jerica Richardson,Female,black,,,No,Yes,Georgia,5/21/24,Representative,6,,6699,9.33%,Lost,N/A,N/A,N/A,No,N/A,N/A,N/A,N/A,N/A,N/A,No,No,No,N/A,N/A,
Mandisha Ann-Marie Thomas,Female,black,,,No,Yes,Georgia,5/21/24,Representative,6,,4247,5.92%,Lost,N/A,N/A,N/A,No,N/A,N/A,N/A,N/A,N/A,N/A,No,No,No,N/A,N/A,
Bob Christian,Male,white,,,No,No,Georgia,5/21/24,Representative,7,,20958,100.00%,Won,N/A,N/A,N/A,N/A,N/A,N/A,N/A,N/A,N/A,N/A,N/A,N/A,N/A,N/A,N/A,
Darrius Maurice Butler,Male,black,,,No,No,Georgia,5/21/24,Representative,8,,15755,71.64%,Won,N/A,N/A,N/A,N/A,N/A,N/A,N/A,N/A,N/A,N/A,N/A,N/A,N/A,N/A,N/A,
Vince Watkins,Male,white,,,No,No,Georgia,5/21/24,Representative,8,,6236,28.36%,Lost,N/A,N/A,N/A,N/A,N/A,N/A,N/A,N/A,N/A,N/A,N/A,N/A,N/A,N/A,N/A,
Tambrei Cash,Female,white,,,No,No,Georgia,5/21/24,Representative,9,,16654,100.00%,Won,N/A,N/A,N/A,N/A,N/A,N/A,N/A,N/A,N/A,N/A,N/A,N/A,N/A,N/A,N/A,
"Alexandra ""Lexy"" Doherty",Female,white,,,No,No,Georgia,5/21/24,Representative,10,,18040,59.01%,Won,N/A,N/A,N/A,N/A,N/A,N/A,N/A,N/A,N/A,N/A,N/A,N/A,N/A,N/A,N/A,
Jessica Fore,Female,white,,,No,No,Georgia,5/21/24,Representative,10,,12532,40.99%,Lost,N/A,N/A,N/A,N/A,N/A,N/A,N/A,N/A,N/A,N/A,N/A,N/A,N/A,N/A,N/A,
Antonio Daza,Male,hispanic (venezuelan),,,No,No,Georgia,5/21/24,Representative,11,,10449,43.42%,Lost,N/A,N/A,N/A,N/A,N/A,N/A,N/A,N/A,N/A,N/A,N/A,N/A,N/A,N/A,N/A,
"Katy ""Kate"" L. Stamper",Female,white,,,No,No,Georgia,5/21/24,Representative,11,,13615,56.58%,Won,N/A,N/A,N/A,N/A,N/A,N/A,N/A,N/A,N/A,N/A,N/A,N/A,N/A,N/A,N/A,
"Daniel ""DJ"" Jackson",Male,black,,,No,No,Georgia,5/21/24,Representative,12,,16238,41.01%,Lost,N/A,N/A,N/A,N/A,N/A,N/A,N/A,N/A,N/A,N/A,N/A,N/A,N/A,N/A,N/A,
"Elizabeth ""Liz"" Johnson",Female,black,,,No,No,Georgia,5/21/24,Representative,12,,23358,58.99%,Won,N/A,N/A,N/A,N/A,N/A,N/A,N/A,N/A,N/A,N/A,N/A,N/A,N/A,N/A,N/A,
Mark Baker,Male,black,,,No,Yes,Georgia,5/21/24,Representative,13,,7480,11.60%,Lost,N/A,N/A,N/A,N/A,N/A,N/A,N/A,N/A,N/A,N/A,N/A,No,No,N/A,N/A,
Marcus Flowers,Male,black,,,No,Yes,Georgia,5/21/24,Representative,13,,6439,9.99%,Lost,N/A,N/A,N/A,N/A,N/A,N/A,N/A,N/A,N/A,N/A,N/A,No,No,N/A,N/A,
Brian K. Johnson,Male,black,,,No,Yes,Georgia,5/21/24,Representative,13,,3201,4.97%,Lost,N/A,N/A,N/A,N/A,N/A,N/A,N/A,N/A,N/A,N/A,N/A,No,No,N/A,N/A,
Uloma Kama,Female,black (nigerian),,,No,Yes,Georgia,5/21/24,Representative,13,,1274,1.98%,Lost,N/A,N/A,N/A,N/A,N/A,N/A,N/A,N/A,N/A,N/A,N/A,No,No,N/A,N/A,
Rashid Malik,Male,asian (bangladeshi),,,No,Yes,Georgia,5/21/24,Representative,13,,3073,4.77%,Lost,N/A,N/A,N/A,N/A,N/A,N/A,N/A,N/A,N/A,N/A,N/A,No,No,N/A,N/A,
Karen Rene,Female,black,,,No,Yes,Georgia,5/21/24,Representative,13,,5859,9.09%,Lost,N/A,N/A,N/A,N/A,N/A,N/A,N/A,N/A,N/A,N/A,N/A,No,No,N/A,N/A,
David Scott,Male,black,,,Yes,No,Georgia,5/21/24,Representative,13,H2GA13012,37135,57.61%,Won,N/A,N/A,N/A,N/A,N/A,N/A,N/A,N/A,N/A,N/A,N/A,Yes,Yes,N/A,N/A,
Clarence Blalock,Male,white,,,No,No,Georgia,5/21/24,Representative,14,,7005,38.74%,Made runoff,3245,31.01%,Lost,N/A,N/A,N/A,N/A,N/A,N/A,N/A,N/A,N/A,N/A,N/A,N/A,
Shawn General Harris,Male,black,,,No,No,Georgia,5/21/24,Representative,14,,6881,38.05%,Made runoff,7219,68.99%,Won,N/A,N/A,N/A,N/A,N/A,N/A,N/A,N/A,N/A,N/A,N/A,N/A,
Deric Houston,Male,white,,,No,No,Georgia,5/21/24,Representative,14,,2630,14.54%,Lost,N/A,N/A,N/A,N/A,N/A,N/A,N/A,N/A,N/A,N/A,N/A,N/A,N/A,N/A,N/A,
Joseph Leigh,Male,white ,,,No,No,Georgia,5/21/24,Representative,14,,1566,8.66%,Lost,N/A,N/A,N/A,N/A,N/A,N/A,N/A,N/A,N/A,N/A,N/A,N/A,N/A,N/A,N/A,
Kaylee Peterson,Female,white,,,No,No,Idaho,5/21/24,Representative,1,,13982,100.00%,Won,N/A,N/A,N/A,N/A,N/A,N/A,N/A,N/A,N/A,N/A,N/A,N/A,N/A,N/A,N/A,
David Roth,Male,white,,,No,No,Idaho,5/21/24,Representative,2,,17234,100.00%,Won,N/A,N/A,N/A,N/A,N/A,N/A,N/A,N/A,N/A,N/A,N/A,N/A,N/A,N/A,N/A,
Erin Marshall,Female,white,,,No,No,Kentucky,5/21/24,Representative,1,,1,100.00%,Won,N/A,N/A,N/A,N/A,N/A,N/A,N/A,N/A,N/A,N/A,N/A,N/A,N/A,N/A,N/A,
William Dakota Compton,Male,white,,,No,No,Kentucky,5/21/24,Representative,2,,9313,42.67%,Lost,N/A,N/A,N/A,N/A,N/A,N/A,N/A,N/A,N/A,N/A,N/A,N/A,N/A,N/A,N/A,
Hank Linderman,Male,white,,,No,No,Kentucky,5/21/24,Representative,2,,12515,57.33%,Won,N/A,N/A,N/A,N/A,N/A,N/A,N/A,N/A,N/A,N/A,N/A,N/A,N/A,N/A,N/A,
Morgan McGarvey,Male,white,,,Yes,No,Kentucky,5/21/24,Representative,3,H2KY03206,44275,84.11%,Won,N/A,N/A,N/A,N/A,N/A,N/A,N/A,Yes,N/A,N/A,N/A,Yes,N/A,N/A,N/A,
Jared Randall,Male,white,,,No,Yes,Kentucky,5/21/24,Representative,3,,2491,4.73%,Lost,N/A,N/A,N/A,N/A,N/A,N/A,N/A,No,N/A,N/A,N/A,No,N/A,N/A,N/A,
"Geoffrey M. ""Geoff"" Young",Male,white,,,No,Yes,Kentucky,5/21/24,Representative,3,,5875,11.16%,Lost,N/A,N/A,N/A,N/A,N/A,N/A,N/A,No,N/A,N/A,N/A,No,N/A,N/A,N/A,
Randy Cravens,Male,white,,,No,No,Kentucky,5/21/24,Representative,6,,9305,25.99%,Won,N/A,N/A,N/A,N/A,N/A,N/A,N/A,N/A,N/A,N/A,N/A,N/A,N/A,N/A,N/A,
Todd Kelly,Male,white,,,No,No,Kentucky,5/21/24,Representative,6,,9104,25.43%,Lost,N/A,N/A,N/A,N/A,N/A,N/A,N/A,N/A,N/A,N/A,N/A,N/A,N/A,N/A,N/A,
Don B. Pratt,Male,white,,,No,No,Kentucky,5/21/24,Representative,6,,4335,12.11%,Lost,N/A,N/A,N/A,N/A,N/A,N/A,N/A,N/A,N/A,N/A,N/A,N/A,N/A,N/A,N/A,
Jonathan Richardson,Male,black,,,No,No,Kentucky,5/21/24,Representative,6,,4433,12.38%,Lost,N/A,N/A,N/A,N/A,N/A,N/A,N/A,N/A,N/A,N/A,N/A,N/A,N/A,N/A,N/A,
Shauna Rudd,Female,white,,,No,No,Kentucky,5/21/24,Representative,6,,8627,24.10%,Lost,N/A,N/A,N/A,N/A,N/A,N/A,N/A,N/A,N/A,N/A,N/A,N/A,N/A,N/A,N/A,
Suzanne Bonamici,Female,white,,,Yes,No,Oregon,5/21/24,Representative,1,H2OR01133,75577,90.55%,Won,N/A,N/A,N/A,N/A,N/A,N/A,N/A,Yes,N/A,N/A,N/A,Yes,N/A,Yes,N/A,
Courtney E. Casgraux (Moore),Female,white,,,No,Yes,Oregon,5/21/24,Representative,1,,2500,3.00%,Lost,N/A,N/A,N/A,N/A,N/A,N/A,N/A,No,N/A,N/A,N/A,No,N/A,No,N/A,
Jamil O. Ahmad,Male,middle eastern,,,No,Yes,Oregon,5/21/24,Representative,1,,5007,6.00%,Lost,N/A,N/A,N/A,N/A,N/A,N/A,N/A,No,N/A,N/A,N/A,No,N/A,No,N/A,
Steve William Laible,Male,white,,,No,No,Oregon,5/21/24,Representative,2,,5325,13.47%,Lost,N/A,N/A,N/A,N/A,N/A,N/A,N/A,N/A,N/A,N/A,N/A,N/A,N/A,N/A,N/A,
Dan Ruby,Male,white,,,No,No,Oregon,5/21/24,Representative,2,,33585,84.96%,Won,N/A,N/A,N/A,N/A,N/A,N/A,N/A,N/A,N/A,N/A,N/A,N/A,N/A,N/A,N/A,
Eddy Morales,Male,hispanic (mexican),,,No,No,Oregon,5/21/24,Representative,3,,13391,13.41%,Lost,N/A,N/A,N/A,N/A,N/A,N/A,Yes,N/A,N/A,No,N/A,N/A,N/A,No,N/A,
Ricardo Barajas,Male,hispanic (mexican),,,No,No,Oregon,5/21/24,Representative,3,,649,0.65%,Lost,N/A,N/A,N/A,N/A,N/A,N/A,No,N/A,N/A,No,N/A,N/A,N/A,No,N/A,
Nolan Bylenga,Male,black,,,No,No,Oregon,5/21/24,Representative,3,,2138,2.14%,Lost,N/A,N/A,N/A,N/A,N/A,N/A,No,N/A,N/A,No,N/A,N/A,N/A,No,N/A,
Maxine E. Dexter,Female,white,,,No,No,Oregon,5/21/24,Representative,3,,47254,47.32%,Won,N/A,N/A,N/A,N/A,N/A,N/A,No,N/A,N/A,No,N/A,N/A,N/A,No,N/A,
Michael Jonas,Male,white,,,No,No,Oregon,5/21/24,Representative,3,,2359,2.36%,Lost,N/A,N/A,N/A,N/A,N/A,N/A,No,N/A,N/A,No,N/A,N/A,N/A,No,N/A,
Rachel Lydia Rand,Female,white,,,No,No,Oregon,5/21/24,Representative,3,,856,0.86%,Lost,N/A,N/A,N/A,N/A,N/A,N/A,No,N/A,N/A,No,N/A,N/A,N/A,No,N/A,
Susheela Jayapal,Female,Asian (Indian),,,No,No,Oregon,5/21/24,Representative,3,,32793,32.84%,Lost,N/A,N/A,N/A,N/A,N/A,N/A,Yes,N/A,N/A,Yes,N/A,N/A,N/A,Yes,N/A,
Val Hoyle,Female,white,,,Yes,No,Oregon,5/21/24,Representative,4,H2OR04095,73444,98.38%,Won,N/A,N/A,N/A,Yes,N/A,N/A,N/A,Yes,N/A,N/A,Yes,N/A,N/A,Yes,N/A,
Janelle S. Bynum,Female,black,,,No,No,Oregon,5/21/24,Representative,5,,55473,69.44%,Won,N/A,N/A,N/A,Yes,N/A,N/A,N/A,N/A,N/A,N/A,N/A,N/A,Yes,No,Yes,
Jamie McLeod-Skinner,Female,white,,,No,No,Oregon,5/21/24,Representative,5,,23905,29.92%,Lost,N/A,N/A,N/A,No,N/A,N/A,N/A,N/A,N/A,N/A,N/A,N/A,No,Yes,No,
Cody Reynolds,Male,white,,,No,Yes,Oregon,5/21/24,Representative,6,,7463,12.38%,Lost,N/A,N/A,N/A,No,N/A,N/A,N/A,No,N/A,N/A,No,No,N/A,No,N/A,
Andrea Salinas,Female,hispanic (mexican),white,,Yes,No,Oregon,5/21/24,Representative,6,H2OR06066,52509,87.08%,Won,N/A,N/A,N/A,Yes,N/A,N/A,N/A,Yes,N/A,N/A,Yes,Yes,Yes,Yes,N/A,
Christina Bohannan,Female,white,,,No,No,Iowa,6/4/24,Representative,1,,13870,99.33%,Won,N/A,N/A,N/A,Yes,N/A,N/A,N/A,N/A,N/A,N/A,Yes,N/A,N/A,Yes,Yes,
Sarah Corkery,Female,white,,,No,No,Iowa,6/4/24,Representative,2,,10479,99.38%,Won,N/A,N/A,N/A,N/A,N/A,N/A,N/A,N/A,N/A,N/A,Yes,N/A,N/A,N/A,N/A,
Lanon Baccam,Male,asian,,,No,No,Iowa,6/4/24,Representative,3,,19357,84.01%,Won,N/A,N/A,N/A,N/A,N/A,N/A,N/A,N/A,N/A,N/A,N/A,N/A,N/A,Yes,Yes,
Melissa Vine,Female,white,,,No,No,Iowa,6/4/24,Representative,3,,3642,15.81%,Lost,N/A,N/A,N/A,N/A,N/A,N/A,N/A,N/A,N/A,N/A,N/A,N/A,N/A,No,No,
Ryan Melton,Male,white,,,No,No,Iowa,6/4/24,Representative,4,,6482,99.19%,Won,N/A,N/A,N/A,N/A,N/A,N/A,N/A,N/A,N/A,N/A,N/A,N/A,N/A,N/A,N/A,
Monica Tranel,Female,white,,,No,No,Montana,6/4/24,Representative,1,,59806,100.00%,Won,N/A,N/A,N/A,Yes,N/A,N/A,N/A,N/A,N/A,N/A,Yes,N/A,Yes,Yes,Yes,
Ming Cabrera,Male,unknown,,,No,No,Montana,6/4/24,Representative,2,,8408,20.87%,Lost,N/A,N/A,N/A,N/A,N/A,N/A,N/A,N/A,N/A,N/A,N/A,N/A,N/A,N/A,N/A,
John B. Driscoll,Male,white,,,No,No,Montana,6/4/24,Representative,2,,13420,33.31%,Won,N/A,N/A,N/A,N/A,N/A,N/A,N/A,N/A,N/A,N/A,N/A,N/A,N/A,N/A,N/A,
Kevin Hamm,Male,white,,,No,No,Montana,6/4/24,Representative,2,,7813,19.39%,Lost,N/A,N/A,N/A,N/A,N/A,N/A,N/A,N/A,N/A,N/A,N/A,N/A,N/A,N/A,N/A,
Steve Held,Male,white,,,No,No,Montana,6/4/24,Representative,2,,10649,26.43%,Lost,N/A,N/A,N/A,N/A,N/A,N/A,N/A,N/A,N/A,N/A,N/A,N/A,N/A,N/A,N/A,
Ryan Busse,Male,white,,,No,No,Montana,6/4/24,Governor,N/A,,70857,70.96%,Won,N/A,N/A,N/A,N/A,N/A,N/A,N/A,N/A,N/A,N/A,N/A,N/A,N/A,N/A,N/A,
Jim Hunt,Male,white,,,No,No,Montana,6/4/24,Governor,N/A,,29004,29.04%,Lost,N/A,N/A,N/A,N/A,N/A,N/A,N/A,N/A,N/A,N/A,N/A,N/A,N/A,N/A,N/A,
Michael Hummert,Male,white,,,No,Yes,Montana,6/4/24,Senator,N/A,,3272,3.04%,Lost,N/A,N/A,N/A,N/A,N/A,N/A,N/A,N/A,N/A,N/A,No,No,No,No,N/A,
Jon Tester,Male,white,,,Yes,No,Montana,6/4/24,Senator,N/A,S6MT00162,104279,96.96%,Won,N/A,N/A,N/A,N/A,N/A,N/A,N/A,N/A,N/A,N/A,Yes,Yes,Yes,Yes,N/A,
Donald Norcross,Male,white,,,Yes,No,New Jersey,6/4/24,Representative,1,H4NJ01084,61308,100.00%,Won,N/A,N/A,N/A,N/A,N/A,N/A,N/A,Yes,N/A,N/A,N/A,Yes,Yes,N/A,N/A,
Tim Alexander,Male,black,,,No,No,New Jersey,6/4/24,Representative,2,,13621,37.06%,Lost,N/A,N/A,N/A,N/A,N/A,N/A,N/A,N/A,N/A,N/A,N/A,N/A,N/A,N/A,N/A,
Rodney A. Dean Sr.,Male,black,,,No,No,New Jersey,6/4/24,Representative,2,,1235,3.36%,Lost,N/A,N/A,N/A,N/A,N/A,N/A,N/A,N/A,N/A,N/A,N/A,N/A,N/A,N/A,N/A,
Carolyn Rush,Female,white,,,No,No,New Jersey,6/4/24,Representative,2,,7836,21.32%,Lost,N/A,N/A,N/A,N/A,N/A,N/A,N/A,N/A,N/A,N/A,N/A,N/A,N/A,N/A,N/A,
Joseph F. Salerno,Male,white,,,No,No,New Jersey,6/4/24,Representative,2,,14060,38.26%,Won,N/A,N/A,N/A,N/A,N/A,N/A,N/A,N/A,N/A,N/A,N/A,N/A,N/A,N/A,N/A,
Joe Cohn,Male,while,,,No,No,New Jersey,6/4/24,Representative,3,,6517,11.75%,Lost,N/A,N/A,N/A,No,N/A,N/A,N/A,N/A,N/A,N/A,N/A,N/A,N/A,N/A,N/A,
Herb Conaway,Male,black,,,No,No,New Jersey,6/4/24,Representative,3,,27528,49.62%,Won,N/A,N/A,N/A,No,N/A,N/A,N/A,N/A,N/A,N/A,N/A,N/A,N/A,N/A,N/A,
Carol Murphy,Female,white,,,No,No,New Jersey,6/4/24,Representative,3,,14049,25.32%,Lost,N/A,N/A,N/A,Yes,N/A,N/A,N/A,N/A,N/A,N/A,N/A,N/A,N/A,N/A,N/A,
Brian Schkeeper,Male,white,,,No,No,New Jersey,6/4/24,Representative,3,,1862,3.36%,Lost,N/A,N/A,N/A,No,N/A,N/A,N/A,N/A,N/A,N/A,N/A,N/A,N/A,N/A,N/A,
Sarah Schoengood,Female,white,,,No,No,New Jersey,6/4/24,Representative,3,,5524,9.96%,Lost,N/A,N/A,N/A,No,N/A,N/A,N/A,N/A,N/A,N/A,N/A,N/A,N/A,N/A,N/A,
Matthew Jenkins,Male,white,,,No,No,New Jersey,6/4/24,Representative,4,,25389,100.00%,Won,N/A,N/A,N/A,N/A,N/A,N/A,N/A,N/A,N/A,N/A,N/A,N/A,N/A,N/A,N/A,
Josh Gottheimer,Male,white,,,Yes,No,New Jersey,6/4/24,Representative,5,H6NJ05171,42819,100.00%,Won,N/A,N/A,N/A,N/A,N/A,N/A,N/A,N/A,N/A,N/A,N/A,Yes,Yes,N/A,N/A,
John Hsu,Male,asian,,,No,Yes,New Jersey,6/4/24,Representative,6,,6992,16.02%,Lost,N/A,N/A,N/A,N/A,N/A,N/A,N/A,N/A,N/A,N/A,N/A,No,N/A,N/A,N/A,
Frank Pallone Jr.,Male,white,,,Yes,No,New Jersey,6/4/24,Representative,6,H8NJ03073,36649,83.98%,Won,N/A,N/A,N/A,N/A,N/A,N/A,N/A,Yes,N/A,N/A,N/A,Yes,N/A,N/A,N/A,
Sue Altman,Female,white,,,No,No,New Jersey,6/4/24,Representative,7,,38030,100.00%,Won,N/A,N/A,N/A,Yes,N/A,N/A,Yes,Yes,N/A,N/A,Yes,N/A,N/A,N/A,Yes,
Ravinder S. Bhalla,Male,asian (sikh),,,No,Yes,New Jersey,6/4/24,Representative,8,,16218,37.53%,Lost,N/A,N/A,N/A,N/A,N/A,N/A,N/A,N/A,N/A,N/A,N/A,No,No,N/A,N/A,
Kyle Fort Jasey,Male,white,black (jamaican),,No,Yes,New Jersey,6/4/24,Representative,8,,4528,10.48%,Lost,N/A,N/A,N/A,N/A,N/A,N/A,N/A,N/A,N/A,N/A,N/A,No,No,N/A,N/A,
Rob Menendez,Male,hispanic (cuban),,,Yes,No,New Jersey,6/4/24,Representative,8,H2NJ08232,22465,51.99%,Won,N/A,N/A,N/A,N/A,N/A,N/A,N/A,N/A,N/A,N/A,N/A,Yes,Yes,N/A,N/A,
Mohamed T. Khairullah,Male,middle eastern (syrian; muslim),,,No,Yes,New Jersey,6/4/24,Representative,9,,8328,23.90%,Lost,N/A,N/A,N/A,N/A,N/A,N/A,N/A,N/A,N/A,N/A,N/A,No,N/A,N/A,N/A,
Bill Pascrell Jr.,Male,white,,,Yes,No,New Jersey,6/4/24,Representative,9,H6NJ08118,26514,76.10%,Won,N/A,N/A,N/A,N/A,N/A,N/A,N/A,N/A,N/A,N/A,N/A,Yes,N/A,N/A,N/A,
Donald M. Payne Jr.,Male,black,,,Yes,No,New Jersey,6/4/24,Representative,10,H2NJ10154,30180,100.00%,Won,N/A,N/A,N/A,N/A,N/A,N/A,N/A,N/A,N/A,N/A,N/A,N/A,N/A,Yes,N/A,
Mark Delotto,Male,white,,,No,Yes,New Jersey,6/4/24,Representative,11,,3309,6.38%,Lost,N/A,N/A,N/A,N/A,N/A,N/A,N/A,N/A,N/A,N/A,N/A,No,No,N/A,N/A,
Mikie Sherrill,Female,white,,,Yes,No,New Jersey,6/4/24,Representative,11,H8NJ11142,48539,93.62%,Won,N/A,N/A,N/A,N/A,N/A,N/A,N/A,N/A,N/A,N/A,N/A,Yes,Yes,N/A,N/A,
Daniel J. Dart,Male,white,,,No,Yes,New Jersey,6/4/24,Representative,12,,6623,13.21%,Lost,N/A,N/A,N/A,N/A,N/A,N/A,N/A,N/A,N/A,N/A,N/A,N/A,N/A,No,N/A,
Bonnie Watson Coleman,Female,black,,,Yes,No,New Jersey,6/4/24,Representative,12,H4NJ12149,43510,86.79%,Won,N/A,N/A,N/A,N/A,N/A,N/A,N/A,Yes,N/A,N/A,N/A,N/A,N/A,Yes,N/A,
Patricia Campos-Medina,Female,hispanic,,,No,No,New Jersey,6/4/24,Senator,N/A,,84286,16.06%,Lost,N/A,N/A,N/A,N/A,N/A,No,N/A,N/A,N/A,N/A,No,N/A,N/A,No,N/A,
Lawrence Hamm,Male,black,,,No,No,New Jersey,6/4/24,Senator,N/A,,47796,9.11%,Lost,N/A,N/A,N/A,N/A,N/A,No,N/A,N/A,N/A,N/A,No,N/A,N/A,No,N/A,
Andy Kim,Male,asian,,,No,No,New Jersey,6/4/24,Senator,N/A,,392602,74.83%,Won,N/A,N/A,N/A,N/A,N/A,Yes,N/A,N/A,N/A,N/A,Yes,N/A,N/A,Yes,N/A,
Melanie Ann Stansbury,Female,white,,,Yes,No,New Mexico,6/4/24,Representative,1,H2NM01144,47157,100.00%,Won,N/A,N/A,N/A,N/A,N/A,Yes,N/A,Yes,N/A,N/A,N/A,N/A,N/A,Yes,N/A,
Gabriel Vasquez,Male,hispanic (mexican),,,Yes,No,New Mexico,6/4/24,Representative,2,H2NM02191,29613,100.00%,Won,N/A,N/A,N/A,N/A,N/A,N/A,N/A,N/A,N/A,N/A,Yes,N/A,N/A,Yes,N/A,
Teresa Leger Fernandez,Female,hispanic ,native american,,Yes,No,New Mexico,6/4/24,Representative,3,H0NM03102,46008,100.00%,Won,N/A,N/A,N/A,N/A,N/A,N/A,N/A,Yes,N/A,N/A,Yes,N/A,Yes,N/A,N/A,
Martin Heinrich,Male,white,,,Yes,No,New Mexico,6/4/24,Senator,N/A,S2NM00088,122961,100.00%,Won,N/A,N/A,N/A,N/A,N/A,N/A,N/A,N/A,N/A,N/A,N/A,N/A,N/A,Yes,N/A,
Sheryl Johnson,Female,white,,,No,No,South Dakota,6/4/24,Representative,1,,1,100.00%,Won,N/A,N/A,N/A,N/A,N/A,N/A,N/A,N/A,N/A,N/A,N/A,N/A,N/A,N/A,N/A,
Chellie Pingree,Female,white,,,Yes,No,Maine,6/11/24,Representative,1,H8ME01120,46307,100.00%,Won,N/A,N/A,N/A,N/A,N/A,N/A,N/A,Yes,N/A,N/A,N/A,N/A,N/A,Yes,N/A,
Jared Forrest Golden,Male,white,,,Yes,No,Maine,6/11/24,Representative,2,H8ME02185,23183,100.00%,Won,N/A,N/A,N/A,N/A,N/A,N/A,N/A,N/A,N/A,N/A,Yes,Yes,Yes,N/A,N/A,
David Allen Costello,Male,white,,,No,No,Maine,6/11/24,Senator,N/A,,54537,100.00%,Won,N/A,N/A,N/A,N/A,N/A,N/A,N/A,N/A,N/A,N/A,N/A,N/A,N/A,N/A,N/A,
Dina Titus,Female,white,,,Yes,No,Nevada,6/11/24,Representative,1,H8NV03036,1,100.00%,Won,N/A,N/A,N/A,Yes,N/A,N/A,N/A,N/A,N/A,N/A,Yes,Yes,Yes,N/A,N/A,
RockAthena Brittain,Female,white,,,No,Yes,Nevada,6/11/24,Representative,3,,3036,8.22%,Lost,N/A,N/A,N/A,No,N/A,N/A,N/A,N/A,N/A,N/A,No,No,No,N/A,N/A,
Susie Lee,Female,while,,,Yes,No,Nevada,6/11/24,Representative,3,H6NV04020,33901,91.78%,Won,N/A,N/A,N/A,Yes,N/A,N/A,N/A,N/A,N/A,N/A,Yes,Yes,Yes,N/A,N/A,
Steven Horsford,Male,black,,,Yes,No,Nevada,6/11/24,Representative,4,H2NV04011,34861,89.51%,Won,N/A,N/A,N/A,N/A,N/A,N/A,N/A,Yes,N/A,N/A,Yes,Yes,Yes,N/A,N/A,
Levy Shultz,Male,black,,,No,Yes,Nevada,6/11/24,Representative,4,,4084,10.49%,Lost,N/A,N/A,N/A,N/A,N/A,N/A,N/A,N/A,N/A,N/A,No,No,No,N/A,N/A,
Jacky S. Rosen,Female,white,,,Yes,No,Nevada,6/11/24,Senator,N/A,S8NV00156,144090,91.51%,Won,N/A,N/A,N/A,Yes,N/A,N/A,N/A,N/A,N/A,N/A,Yes,Yes,Yes,N/A,N/A,
Mike Schaefer,Male,white,,,No,Yes,Nevada,6/11/24,Senator,N/A,,3521,2.24%,Lost,N/A,N/A,N/A,No,N/A,N/A,N/A,N/A,N/A,N/A,No,No,No,N/A,N/A,
Troy Zakari Walker,Male,black,,,No,Yes,Nevada,6/11/24,Senator,N/A,,5899,3.75%,Lost,N/A,N/A,N/A,No,N/A,N/A,N/A,N/A,N/A,N/A,No,No,No,N/A,N/A,
Trygve Hammer,Male,white,,,No,No,North Dakota,6/11/24,Representative,1,,14088,73.36%,Won,N/A,N/A,N/A,N/A,N/A,N/A,N/A,N/A,N/A,N/A,N/A,N/A,N/A,N/A,N/A,
Roland Clifford Riemers,Male,white,,,No,No,North Dakota,6/11/24,Representative,1,,5042,26.25%,Lost,N/A,N/A,N/A,N/A,N/A,N/A,N/A,N/A,N/A,N/A,N/A,N/A,N/A,N/A,N/A,
Merrill Piepkorn,Male,white,,,No,No,North Dakota,6/11/24,Governor,N/A,,19609,99.84%,Won,N/A,N/A,N/A,N/A,N/A,N/A,N/A,N/A,N/A,N/A,N/A,N/A,N/A,N/A,N/A,
Katrina Christiansen,Female,white,,,No,No,North Dakota,6/11/24,Senator,N/A,,19690,99.76%,Won,N/A,N/A,N/A,N/A,N/A,N/A,N/A,N/A,N/A,N/A,N/A,N/A,N/A,N/A,N/A,
Mac Deford,Male,white,,,No,No,South Carolina,6/11/24,Representative,1,,10209,48.38%,Lost,N/A,N/A,N/A,N/A,N/A,N/A,N/A,N/A,N/A,N/A,N/A,N/A,N/A,N/A,N/A,
Michael B. Moore,Male,black,,,No,No,South Carolina,6/11/24,Representative,1,,10893,51.62%,Won,N/A,N/A,N/A,N/A,N/A,N/A,N/A,N/A,N/A,N/A,N/A,N/A,N/A,N/A,N/A,
David Robinson II,Male,black,,,No,No,South Carolina,6/11/24,Representative,2,,16299,84.05%,Won,N/A,N/A,N/A,N/A,N/A,N/A,N/A,N/A,N/A,N/A,N/A,N/A,N/A,N/A,N/A,
Daniel J. Shrief,Male,white,,,No,No,South Carolina,6/11/24,Representative,2,,3093,15.95%,Lost,N/A,N/A,N/A,N/A,N/A,N/A,N/A,N/A,N/A,N/A,N/A,N/A,N/A,N/A,N/A,
Bryon L. Best,Male,black,,,No,No,South Carolina,6/11/24,Representative,3,,5188,62.38%,Won,N/A,N/A,N/A,N/A,N/A,N/A,N/A,N/A,N/A,N/A,N/A,N/A,N/A,N/A,N/A,
Frances Guldner,Female,white,,,No,No,South Carolina,6/11/24,Representative,3,,3129,37.62%,Lost,N/A,N/A,N/A,N/A,N/A,N/A,N/A,N/A,N/A,N/A,N/A,N/A,N/A,N/A,N/A,
Kathryn Harvey,Female,white,,,No,No,South Carolina,6/11/24,Representative,4,,1,100.00%,Won,N/A,N/A,N/A,N/A,N/A,N/A,N/A,N/A,N/A,N/A,N/A,N/A,N/A,N/A,N/A,
Evangeline Hundley,Female,black,,,No,No,South Carolina,6/11/24,Representative,5,,1,100.00%,Won,N/A,N/A,N/A,N/A,N/A,N/A,N/A,N/A,N/A,N/A,N/A,N/A,N/A,N/A,N/A,
"James E. ""Jim"" Clyburn",Male,black,,,Yes,No,South Carolina,6/11/24,Representative,6,H2SC02042,1,100.00%,Won,N/A,N/A,N/A,N/A,N/A,N/A,N/A,N/A,N/A,N/A,N/A,Yes,Yes,Yes,N/A,
Mal Hyman,Male,white,,,No,No,South Carolina,6/11/24,Representative,7,,12617,50.80%,Won,N/A,N/A,N/A,N/A,N/A,N/A,N/A,N/A,N/A,N/A,N/A,N/A,N/A,N/A,N/A,
Daryl W. Scott,Male,black,,,No,No,South Carolina,6/11/24,Representative,7,,12218,49.20%,Lost,N/A,N/A,N/A,N/A,N/A,N/A,N/A,N/A,N/A,N/A,N/A,N/A,N/A,N/A,N/A,
Dennis Baker,Male,native american (Yuchi),,,No,No,Oklahoma,6/18/24,Representative,1,,8527,59.22%,Won,N/A,N/A,N/A,N/A,N/A,N/A,N/A,N/A,N/A,N/A,N/A,N/A,N/A,N/A,N/A,
Evelyn L. Rogers,Female,white,,,No,No,Oklahoma,6/18/24,Representative,1,,5871,40.78%,Lost,N/A,N/A,N/A,N/A,N/A,N/A,N/A,N/A,N/A,N/A,N/A,N/A,N/A,N/A,N/A,
Brandon Wade,Male,white,,,No,No,Oklahoma,6/18/24,Representative,2,,1,100.00%,Won,N/A,N/A,N/A,N/A,N/A,N/A,N/A,N/A,N/A,N/A,N/A,N/A,N/A,N/A,N/A,
Mary Brannon,Female,white,,,No,No,Oklahoma,6/18/24,Representative,4,,8532,60.67%,Won,N/A,N/A,N/A,N/A,N/A,N/A,N/A,N/A,N/A,N/A,N/A,N/A,N/A,N/A,N/A,
Kody Macaulay,Male,white,,,No,No,Oklahoma,6/18/24,Representative,4,,5530,39.33%,Lost,N/A,N/A,N/A,N/A,N/A,N/A,N/A,N/A,N/A,N/A,N/A,N/A,N/A,N/A,N/A,
Madison Horn,Female,white,,,No,No,Oklahoma,6/18/24,Representative,5,,1,100.00%,Won,N/A,N/A,N/A,N/A,N/A,N/A,N/A,N/A,N/A,N/A,N/A,N/A,N/A,N/A,N/A,
"Herbert C. Jones, Jr.",Male,black,,,No,No,Virginia,6/18/24,Representative,1,,7653,33.41%,Lost,N/A,N/A,N/A,N/A,N/A,N/A,N/A,N/A,N/A,N/A,N/A,N/A,N/A,N/A,N/A,
Leslie C. Mehta,Female,black,,,No,No,Virginia,6/18/24,Representative,1,,15253,66.59%,Won,N/A,N/A,N/A,N/A,N/A,N/A,N/A,N/A,N/A,N/A,N/A,N/A,N/A,N/A,N/A,
Missy Cotter Smasal,Female,white,,,No,No,Virginia,6/18/24,Representative,2,,20480,70.11%,Won,N/A,N/A,N/A,Yes,N/A,N/A,N/A,N/A,N/A,N/A,Yes,N/A,N/A,N/A,Yes,
"Jeremiah A. ""Jake"" Denton IV",Male,white,,,No,No,Virginia,6/18/24,Representative,2,,8732,29.89%,Lost,N/A,N/A,N/A,No,N/A,N/A,N/A,N/A,N/A,N/A,No,N/A,N/A,N/A,No,
"Robert C. ""Bobby"" Scott",Male,Black,Asian (Fillipino),,Yes,No,Virginia,6/18/24,Representative,3,H6VA01117,1,100.00%,Won,N/A,N/A,N/A,N/A,N/A,N/A,N/A,N/A,N/A,N/A,N/A,N/A,N/A,N/A,N/A,
Jennifer L. McClellan,Female,white,,,Yes,No,Virginia,6/18/24,Representative,4,H4VA04066,1,100.00%,Won,N/A,N/A,N/A,N/A,N/A,N/A,N/A,Yes,N/A,N/A,Yes,Yes,Yes,Yes,N/A,
Paul A. Riley,Male,white,,,No,No,Virginia,6/18/24,Representative,5,,5063,20.40%,Lost,N/A,N/A,N/A,N/A,N/A,N/A,N/A,N/A,N/A,N/A,N/A,N/A,N/A,N/A,N/A,
Gary L. Terry,Male,black,,,No,No,Virginia,6/18/24,Representative,5,,5566,22.43%,Lost,N/A,N/A,N/A,N/A,N/A,N/A,N/A,N/A,N/A,N/A,N/A,N/A,N/A,N/A,N/A,
Gloria Tinsley Witt,Female,black,,,No,No,Virginia,6/18/24,Representative,5,,14188,57.17%,Won,N/A,N/A,N/A,N/A,N/A,N/A,N/A,N/A,N/A,N/A,N/A,N/A,N/A,N/A,N/A,
Ken L. Mitchell,Male,white,,,No,No,Virginia,6/18/24,Representative,6,,1,100.00%,Won,N/A,N/A,N/A,N/A,N/A,N/A,N/A,N/A,N/A,N/A,N/A,N/A,N/A,N/A,N/A,
Andrea O. Bailey,Female,black,,,No,No,Virginia,6/18/24,Representative,7,,4381,12.51%,Lost,N/A,N/A,N/A,N/A,N/A,N/A,N/A,N/A,N/A,N/A,N/A,N/A,N/A,N/A,N/A,
Carl B. Bedell,Male,white,,,No,No,Virginia,6/18/24,Representative,7,,738,2.11%,Lost,N/A,N/A,N/A,N/A,N/A,N/A,N/A,N/A,N/A,N/A,N/A,N/A,N/A,N/A,N/A,
Margaret Angela Franklin,Female,black,,,No,No,Virginia,6/18/24,Representative,7,,2034,5.81%,Lost,N/A,N/A,N/A,N/A,N/A,N/A,N/A,N/A,N/A,N/A,N/A,N/A,N/A,N/A,N/A,
Elizabeth R. Guzman,Female,hispanic (peruvian),,,No,No,Virginia,6/18/24,Representative,7,,5283,15.08%,Lost,N/A,N/A,N/A,N/A,N/A,N/A,N/A,N/A,N/A,N/A,N/A,N/A,N/A,N/A,N/A,
Cliff D. Heinzer,Male,white,,,No,No,Virginia,6/18/24,Representative,7,,621,1.77%,Lost,N/A,N/A,N/A,N/A,N/A,N/A,N/A,N/A,N/A,N/A,N/A,N/A,N/A,N/A,N/A,
Briana D. Sewell,Female,black,,,No,No,Virginia,6/18/24,Representative,7,,4706,13.44%,Lost,N/A,N/A,N/A,N/A,N/A,N/A,N/A,N/A,N/A,N/A,N/A,N/A,N/A,N/A,N/A,
Eugene S. Vindman,Male,white,,,No,No,Virginia,6/18/24,Representative,7,,17263,49.29%,Won,N/A,N/A,N/A,N/A,N/A,N/A,N/A,N/A,N/A,N/A,N/A,N/A,N/A,N/A,N/A,
"Donald S. Beyer, Jr.",Male,white,,,Yes,No,Virginia,6/18/24,Representative,8,H4VA08224,1,100.00%,Won,N/A,N/A,N/A,N/A,N/A,N/A,N/A,Yes,N/A,N/A,N/A,N/A,N/A,Yes,N/A,
Karen G. H. Baker,Female,white,,,No,No,Virginia,6/18/24,Representative,9,,1,100.00%,Won,N/A,N/A,N/A,N/A,N/A,N/A,N/A,N/A,N/A,N/A,N/A,N/A,N/A,N/A,N/A,
Mark D. Leighton,Male,white,,,No,No,Virginia,6/18/24,Representative,10,,224,0.50%,Lost,N/A,N/A,N/A,N/A,N/A,N/A,N/A,N/A,N/A,N/A,N/A,N/A,N/A,N/A,N/A,
Jennifer B. Boysko,Female,white,,,No,No,Virginia,6/18/24,Representative,10,,4016,9.05%,Lost,N/A,N/A,N/A,N/A,N/A,N/A,N/A,N/A,N/A,N/A,N/A,N/A,N/A,N/A,N/A,
Marion Devoe Sr.,Male,black,,,No,No,Virginia,6/18/24,Representative,10,,386,0.87%,Lost,N/A,N/A,N/A,N/A,N/A,N/A,N/A,N/A,N/A,N/A,N/A,N/A,N/A,N/A,N/A,
Eileen Filler-Corn,Female,white (jewish),,,No,No,Virginia,6/18/24,Representative,10,,4131,9.31%,Lost,N/A,N/A,N/A,N/A,N/A,N/A,N/A,N/A,N/A,N/A,N/A,N/A,N/A,N/A,N/A,
Dan I. Helmer,Male,white,,,No,No,Virginia,6/18/24,Representative,10,,11784,26.55%,Lost,N/A,N/A,N/A,N/A,N/A,N/A,N/A,N/A,N/A,N/A,N/A,N/A,N/A,N/A,N/A,
Krystle Veda Kaul,Female,Asian (Indian),,,No,No,Virginia,6/18/24,Representative,10,,982,2.21%,Lost,N/A,N/A,N/A,N/A,N/A,N/A,N/A,N/A,N/A,N/A,N/A,N/A,N/A,N/A,N/A,
Michelle-Ann E. Lopes Maldonado,Female,black,,,No,No,Virginia,6/18/24,Representative,10,,1412,3.18%,Lost,N/A,N/A,N/A,N/A,N/A,N/A,N/A,N/A,N/A,N/A,N/A,N/A,N/A,N/A,N/A,
Travis S. Nembhard,Male,black,,,No,No,Virginia,6/18/24,Representative,10,,722,1.63%,Lost,N/A,N/A,N/A,N/A,N/A,N/A,N/A,N/A,N/A,N/A,N/A,N/A,N/A,N/A,N/A,
Adrian A. Pokharel,Male,asian (indian),,,No,No,Virginia,6/18/24,Representative,10,,1028,2.32%,Lost,N/A,N/A,N/A,N/A,N/A,N/A,N/A,N/A,N/A,N/A,N/A,N/A,N/A,N/A,N/A,
Atif M. Qarni,Male,asian (pakistani),,,No,No,Virginia,6/18/24,Representative,10,,4768,10.74%,Lost,N/A,N/A,N/A,N/A,N/A,N/A,N/A,N/A,N/A,N/A,N/A,N/A,N/A,N/A,N/A,
David A. Reid,Male,white,,,No,No,Virginia,6/18/24,Representative,10,,1419,3.20%,Lost,N/A,N/A,N/A,N/A,N/A,N/A,N/A,N/A,N/A,N/A,N/A,N/A,N/A,N/A,N/A,
Suhas Subramanyam,Male,asian (indian),,,No,No,Virginia,6/18/24,Representative,10,,13504,30.43%,Won,N/A,N/A,N/A,N/A,N/A,N/A,N/A,N/A,N/A,N/A,N/A,N/A,N/A,N/A,N/A,
"Gerald E. ""Gerry"" Connolly",Male,white,,,Yes,No,Virginia,6/18/24,Representative,11,H8VA11062,37378,85.64%,Won,N/A,N/A,N/A,N/A,N/A,N/A,N/A,N/A,N/A,N/A,N/A,N/A,N/A,Yes,N/A,
Ahsan M. Nasar,Male,asian,,,No,Yes,Virginia,6/18/24,Representative,11,,6270,14.36%,Lost,N/A,N/A,N/A,N/A,N/A,N/A,N/A,N/A,N/A,N/A,N/A,N/A,N/A,No,N/A,
Timothy Michael Kaine,Male,white,,,Yes,No,Virginia,6/18/24,Senator,N/A,S2VA00142,1,100.00%,Won,N/A,N/A,N/A,N/A,N/A,N/A,N/A,N/A,N/A,N/A,N/A,N/A,N/A,Yes,N/A,
Diana DeGette,Female,white,,,Yes,No,Colorado,6/25/24,Representative,1,H6CO01141,78548,100.00%,Won,N/A,N/A,N/A,N/A,N/A,N/A,N/A,Yes,N/A,N/A,Yes,N/A,N/A,Yes,N/A,
Joe Neguse,Male,black,,,Yes,No,Colorado,6/25/24,Representative,2,H8CO02160,91218,100.00%,Won,N/A,N/A,N/A,N/A,N/A,N/A,N/A,Yes,N/A,N/A,N/A,Yes,N/A,Yes,N/A,
Adam Frisch,Male,white,,,No,No,Colorado,6/25/24,Representative,3,,51719,100.00%,Won,N/A,N/A,N/A,N/A,N/A,N/A,N/A,N/A,N/A,N/A,N/A,N/A,Yes,N/A,Yes,
John Padora Jr.,Male,white,,,No,No,Colorado,6/25/24,Representative,4,,6882,13.67%,Lost,N/A,N/A,N/A,N/A,N/A,N/A,Yes,N/A,N/A,N/A,N/A,N/A,N/A,N/A,N/A,
Trisha Calvarese,Female,white,,,No,No,Colorado,6/25/24,Representative,4,,22756,45.19%,Won,N/A,N/A,N/A,N/A,N/A,N/A,No,N/A,N/A,N/A,N/A,N/A,N/A,N/A,N/A,
Ike McCorkle,Male,white,,,No,No,Colorado,6/25/24,Representative,4,,20723,41.15%,Lost,N/A,N/A,N/A,N/A,N/A,N/A,No,N/A,N/A,N/A,N/A,N/A,N/A,N/A,N/A,
Joe Reagan,Male,white,,,No,No,Colorado,6/25/24,Representative,5,,20313,49.41%,Lost,N/A,N/A,N/A,N/A,N/A,N/A,No,N/A,N/A,N/A,N/A,N/A,N/A,N/A,N/A,
River Gassen,Female,white,,,No,No,Colorado,6/25/24,Representative,5,,20802,50.59%,Won,N/A,N/A,N/A,N/A,N/A,N/A,Yes,N/A,N/A,N/A,N/A,N/A,N/A,N/A,N/A,
Jason Crow,Male,white,,,Yes,No,Colorado,6/25/24,Representative,6,H8CO06229,55837,100.00%,Won,N/A,N/A,N/A,N/A,N/A,N/A,N/A,N/A,N/A,N/A,N/A,Yes,N/A,Yes,N/A,
Brittany Pettersen,Female,white,,,Yes,No,Colorado,6/25/24,Representative,7,H8CO07045,71052,100.00%,Won,N/A,N/A,N/A,Yes,N/A,N/A,N/A,N/A,N/A,N/A,Yes,Yes,Yes,Yes,N/A,
Yadira Caraveo,Female,hispanic (mexican),,,Yes,No,Colorado,6/25/24,Representative,8,H2CO08020,35409,100.00%,Won,N/A,N/A,N/A,Yes,N/A,N/A,N/A,N/A,N/A,N/A,Yes,Yes,Yes,Yes,N/A,
John P. Avlon,Male,white,,,No,No,New York,6/25/24,Representative,1,,19380,69.64%,Won,N/A,N/A,N/A,No,N/A,N/A,No,N/A,N/A,N/A,N/A,N/A,Yes,No,N/A,
Nancy S. Goroff,Female,white,,,No,No,New York,6/25/24,Representative,1,,8253,29.66%,Lost,N/A,N/A,N/A,Yes,N/A,N/A,Yes,N/A,N/A,N/A,N/A,N/A,No,Yes,N/A,
Rob Lubin,Male,white,,,No,No,New York,6/25/24,Representative,2,,1,100.00%,Won,N/A,N/A,N/A,N/A,N/A,N/A,Yes,N/A,N/A,N/A,N/A,N/A,N/A,N/A,N/A,
Thomas R. Suozzi,Male,white,,,Yes,No,New York,6/25/24,Representative,3,H6NY03247,1,100.00%,Won,N/A,N/A,N/A,N/A,N/A,N/A,N/A,N/A,N/A,N/A,Yes,N/A,Yes,N/A,N/A,
Laura A. Gillen,Female,white,,,No,No,New York,6/25/24,Representative,4,,1,100.00%,Won,N/A,N/A,N/A,Yes,N/A,N/A,N/A,N/A,N/A,N/A,Yes,N/A,Yes,N/A,Yes,
Gregory W. Meeks,Male,black,,,Yes,No,New York,6/25/24,Representative,5,H8NY06048,1,100.00%,Won,N/A,N/A,N/A,N/A,N/A,N/A,N/A,N/A,N/A,N/A,N/A,Yes,Yes,Yes,N/A,
Grace Meng,Female,asian,,,Yes,No,New York,6/25/24,Representative,6,H2NY06116,1,100.00%,Won,N/A,N/A,N/A,N/A,N/A,N/A,N/A,N/A,N/A,N/A,Yes,Yes,Yes,N/A,N/A,
Nydia M. Velazquez,Female,Hispanic (puerto rican),,,Yes,No,New York,6/25/24,Representative,7,H2NY00010,1,100.00%,Won,N/A,N/A,N/A,N/A,N/A,N/A,Yes,Yes,N/A,N/A,N/A,N/A,N/A,Yes,N/A,
Hakeem Jeffries,Male,black,,,Yes,No,New York,6/25/24,Representative,8,H2NY10092,1,100.00%,Won,N/A,N/A,N/A,N/A,N/A,N/A,N/A,N/A,N/A,N/A,Yes,Yes,Yes,N/A,N/A,
Yvette D. Clarke,Female,black,,,Yes,No,New York,6/25/24,Representative,9,H4NY11138,1,100.00%,Won,N/A,N/A,N/A,N/A,N/A,N/A,N/A,Yes,N/A,N/A,N/A,Yes,N/A,Yes,N/A,
Daniel Goldman,Male,white,,,Yes,No,New York,6/25/24,Representative,10,H2NY10308,23595,63.09%,Won,N/A,N/A,N/A,N/A,N/A,N/A,N/A,Yes,N/A,N/A,N/A,Yes,Yes,Yes,N/A,
Bruno Grandsard,Male,white,,,No,Yes,New York,6/25/24,Representative,10,,3792,10.14%,Lost,N/A,N/A,N/A,N/A,N/A,N/A,N/A,No,N/A,N/A,N/A,No,No,No,N/A,
Evan Hutchison,Male,white,,,No,Yes,New York,6/25/24,Representative,10,,8412,22.49%,Lost,N/A,N/A,N/A,N/A,N/A,N/A,N/A,No,N/A,N/A,N/A,No,No,No,N/A,
Andrea Morse,Female,white,,,No,No,New York,6/25/24,Representative,11,,1,100.00%,Won,N/A,N/A,N/A,N/A,N/A,N/A,N/A,N/A,N/A,N/A,N/A,N/A,N/A,N/A,N/A,
Jerry Nadler,Male,white,,,Yes,No,New York,6/25/24,Representative,12,H2NY17071,1,100.00%,Won,N/A,N/A,N/A,N/A,N/A,N/A,Yes,Yes,N/A,N/A,Yes,N/A,N/A,Yes,N/A,
Adriano Espaillat,Male,hispanic (dominican),,,Yes,No,New York,6/25/24,Representative,13,H2NY13096,1,100.00%,Won,N/A,N/A,N/A,N/A,N/A,N/A,N/A,Yes,N/A,N/A,N/A,Yes,Yes,N/A,N/A,
Alexandria Ocasio-Cortez,Female,Hispanic (puerto rican),,,Yes,No,New York,6/25/24,Representative,14,H8NY15148,20136,80.41%,Won,N/A,N/A,N/A,N/A,Yes,N/A,Yes,Yes,Yes,N/A,N/A,N/A,N/A,N/A,N/A,
Martin W. Dolan,Male,white,,,No,Yes,New York,6/25/24,Representative,14,,4355,17.39%,Lost,N/A,N/A,N/A,N/A,No,N/A,No,No,No,N/A,N/A,N/A,N/A,N/A,N/A,
Ritchie Torres,Male,black,,,Yes,No,New York,6/25/24,Representative,15,H0NY15160,1,100.00%,Won,N/A,N/A,N/A,N/A,N/A,N/A,N/A,N/A,N/A,N/A,N/A,Yes,Yes,N/A,N/A,
Jamaal A. Bowman,Male,black,,,Yes,No,New York,6/25/24,Representative,16,H0NY16143,32440,41.16%,Lost,N/A,N/A,N/A,N/A,Yes,N/A,Yes,Yes,Yes,Yes,N/A,No,No,N/A,N/A,
George S. Latimer,Male,white,,,No,Yes,New York,6/25/24,Representative,16,,45909,58.26%,Won,N/A,N/A,N/A,N/A,No,N/A,No,No,No,No,N/A,Yes,Yes,N/A,N/A,
Mondaire L. Jones,Male,black,,,No,No,New York,6/25/24,Representative,17,,1,100.00%,Won,N/A,N/A,N/A,N/A,N/A,N/A,Yes,N/A,N/A,N/A,Yes,N/A,N/A,Yes,Yes,
Pat Ryan,Male,white,,,Yes,No,New York,6/25/24,Representative,18,H8NY19223,1,100.00%,Won,N/A,N/A,N/A,N/A,N/A,N/A,Yes,N/A,N/A,N/A,Yes,Yes,Yes,N/A,N/A,
Josh Riley,Male,white,,,No,No,New York,6/25/24,Representative,19,,1,100.00%,Won,N/A,N/A,N/A,N/A,N/A,N/A,Yes,N/A,N/A,N/A,Yes,N/A,Yes,N/A,Yes,
Paul D. Tonko,Male,white,,,Yes,No,New York,6/25/24,Representative,20,H8NY21203,1,100.00%,Won,N/A,N/A,N/A,N/A,N/A,N/A,Yes,Yes,N/A,N/A,N/A,N/A,N/A,Yes,N/A,
Paula Collins,Female,white,,,No,No,New York,6/25/24,Representative,21,,1,100.00%,Won,N/A,N/A,N/A,N/A,N/A,N/A,Yes,N/A,N/A,N/A,N/A,N/A,N/A,N/A,N/A,
John W. Mannion,Male,white,,,No,No,New York,6/25/24,Representative,22,,16624,61.13%,Won,N/A,N/A,N/A,N/A,N/A,N/A,Yes,N/A,N/A,N/A,N/A,N/A,N/A,Yes,N/A,
Sarah Klee Hood,Female,white,,,No,No,New York,6/25/24,Representative,22,,10373,38.14%,Lost,N/A,N/A,N/A,N/A,N/A,N/A,No,N/A,N/A,N/A,N/A,N/A,N/A,Yes,N/A,
Thomas A. Carle,Male,white,,,No,No,New York,6/25/24,Representative,23,,1,100.00%,Won,N/A,N/A,N/A,N/A,N/A,N/A,Yes,N/A,N/A,N/A,N/A,N/A,N/A,N/A,N/A,
David Wagenhauser,Male,white,,,No,No,New York,6/25/24,Representative,24,,1,100.00%,Won,N/A,N/A,N/A,N/A,N/A,N/A,N/A,N/A,N/A,N/A,N/A,N/A,N/A,N/A,N/A,
Joseph D. Morelle,Male,white,,,Yes,No,New York,6/25/24,Representative,25,H8NY25105,1,100.00%,Won,N/A,N/A,N/A,N/A,N/A,N/A,Yes,N/A,N/A,N/A,N/A,Yes,Yes,N/A,N/A,
Timothy M. Kennedy,Male,white,,,Yes,No,New York,6/25/24,Representative,26,H4NY26078,1,100.00%,Won,N/A,N/A,N/A,N/A,N/A,N/A,Yes,N/A,N/A,N/A,N/A,Yes,Yes,N/A,N/A,
Kirsten E. Gillibrand,Female,white,,,Yes,No,New York,6/25/24,Senator,N/A,S0NY00410,1,100.00%,Won,N/A,N/A,N/A,Yes,N/A,N/A,N/A,N/A,N/A,N/A,Yes,Yes,Yes,N/A,N/A,
Bill Campbell,Male,white,,,No,No,Utah,6/25/24,Representative,1,,1,100.00%,Won,N/A,N/A,N/A,N/A,N/A,N/A,N/A,N/A,N/A,N/A,N/A,N/A,N/A,N/A,N/A,
Nathaniel Woodward,Male,,,,No,No,Utah,6/25/24,Representative,2,,1,100.00%,Won,N/A,N/A,N/A,N/A,N/A,N/A,N/A,N/A,N/A,N/A,N/A,N/A,N/A,N/A,N/A,
Glenn J. Wright,Male,white,,,No,No,Utah,6/25/24,Representative,3,,1,100.00%,Won,N/A,N/A,N/A,N/A,N/A,N/A,N/A,N/A,N/A,N/A,N/A,N/A,N/A,N/A,N/A,
Katrina Fallick-Wang,Female,white,,,No,No,Utah,6/25/24,Representative,4,,1,100.00%,Won,N/A,N/A,N/A,N/A,N/A,N/A,N/A,N/A,N/A,N/A,N/A,N/A,N/A,N/A,N/A,
Caroline Gleich,Female,white,,,No,No,Utah,6/25/24,Senator,N/A,,1,100.00%,Won,N/A,N/A,N/A,N/A,N/A,N/A,N/A,N/A,N/A,N/A,N/A,N/A,N/A,N/A,N/A,
Brian Smith King,Male,white,,,No,No,Utah,6/25/24,Governor,N/A,,1,100.00%,Won,N/A,N/A,N/A,N/A,N/A,N/A,N/A,N/A,N/A,N/A,N/A,N/A,N/A,N/A,N/A,
Andrei Cherny,Male,white (jewish),,,No,No,Arizona,7/30/24,Representative,1,,15596,21.31%,Lost,N/A,N/A,N/A,No,N/A,N/A,N/A,N/A,N/A,N/A,N/A,N/A,N/A,No,N/A,
Marlene Galán-Woods,Female,hispanic (cuban),,,No,No,Arizona,7/30/24,Representative,1,,15490,21.17%,Lost,N/A,N/A,N/A,Yes,N/A,N/A,N/A,N/A,N/A,N/A,N/A,N/A,N/A,Yes,N/A,
Andrew Horne,Male,white,,,No,No,Arizona,7/30/24,Representative,1,,8991,12.29%,Lost,N/A,N/A,N/A,No,N/A,N/A,N/A,N/A,N/A,N/A,N/A,N/A,N/A,No,N/A,
Kurt Kroemer,Male,white,,,No,No,Arizona,7/30/24,Representative,1,,2356,3.22%,Lost,N/A,N/A,N/A,No,N/A,N/A,N/A,N/A,N/A,N/A,N/A,N/A,N/A,No,N/A,
Conor O'Callaghan,Male,white,,,No,No,Arizona,7/30/24,Representative,1,,13539,18.50%,Lost,N/A,N/A,N/A,No,N/A,N/A,N/A,N/A,N/A,N/A,N/A,N/A,N/A,No,N/A,
Amish Shah,Male,asian (indian),,,No,No,Arizona,7/30/24,Representative,1,,17214,23.52%,Won,N/A,N/A,N/A,No,N/A,N/A,N/A,N/A,N/A,N/A,N/A,N/A,N/A,No,N/A,
Jonathan Nez,Male,native american (navajo),,,No,No,Arizona,7/30/24,Representative,2,,62033,100.00%,Won,N/A,N/A,N/A,N/A,N/A,N/A,N/A,N/A,N/A,N/A,N/A,N/A,N/A,N/A,N/A,
Raquel Terán,Female,hispanic,,,No,No,Arizona,7/30/24,Representative,3,,19045,44.48%,Lost,N/A,N/A,N/A,N/A,N/A,Yes,Yes,Yes,Yes,N/A,Yes,N/A,No,Yes,N/A,
Yassamin Ansari,Female,middle eastern (iranian),,,No,No,Arizona,7/30/24,Representative,3,,19087,44.58%,Won,N/A,N/A,N/A,N/A,N/A,No,No,No,No,N/A,No,N/A,Yes,No,N/A,
Duane Wooten,Male,black,,,No,No,Arizona,7/30/24,Representative,3,,4687,10.95%,Lost,N/A,N/A,N/A,N/A,N/A,No,No,No,No,N/A,No,N/A,No,No,N/A,
Greg Stanton,Male,white,,,Yes,No,Arizona,7/30/24,Representative,4,H8AZ09040,49178,100.00%,Won,N/A,N/A,N/A,N/A,N/A,N/A,N/A,N/A,N/A,N/A,Yes,Yes,Yes,N/A,N/A,
Katrina Schaffner,Female,white (german),,,No,No,Arizona,7/30/24,Representative,5,,42396,100.00%,Won,N/A,N/A,N/A,N/A,N/A,N/A,N/A,N/A,N/A,N/A,N/A,N/A,N/A,N/A,N/A,
Kirsten Engel,Female,white,,,No,No,Arizona,7/30/24,Representative,6,,78178,100.00%,Won,N/A,N/A,N/A,Yes,N/A,N/A,N/A,N/A,N/A,N/A,Yes,N/A,N/A,Yes,Yes,
Raúl Grijalva,Male,hispanic (mexican),,,Yes,No,Arizona,7/30/24,Representative,7,H2AZ07070,55133,100.00%,Won,N/A,N/A,N/A,N/A,Yes,N/A,N/A,Yes,N/A,N/A,N/A,N/A,N/A,Yes,N/A,
Gregory Whitten,Male,white,,,No,No,Arizona,7/30/24,Representative,8,,47406,100.00%,Won,N/A,N/A,N/A,N/A,N/A,N/A,N/A,N/A,N/A,N/A,N/A,N/A,N/A,N/A,N/A,
Quacy Smith,Male,black,,,No,No,Arizona,7/30/24,Representative,9,,33784,100.00%,Won,N/A,N/A,N/A,N/A,N/A,N/A,N/A,N/A,N/A,N/A,N/A,N/A,N/A,N/A,N/A,
Ruben Gallego,Male,white,,,No,No,Arizona,7/30/24,Senator,N/A,,498927,100.00%,Won,N/A,N/A,N/A,N/A,N/A,Yes,N/A,N/A,N/A,N/A,Yes,N/A,N/A,N/A,N/A,
Kevin Jenkins,Male,black,,,No,No,Tennessee,8/1/24,Representative,1,,5179,67.80%,Won,N/A,N/A,N/A,N/A,N/A,N/A,N/A,N/A,N/A,N/A,N/A,N/A,N/A,N/A,N/A,
Bennett H. Lapides,Male,white,,,No,No,Tennessee,8/1/24,Representative,1,,2460,32.20%,Lost,N/A,N/A,N/A,N/A,N/A,N/A,N/A,N/A,N/A,N/A,N/A,N/A,N/A,N/A,N/A,
Jane George,Female,white,,,No,No,Tennessee,8/1/24,Representative,2,,25910,100.00%,Won,N/A,N/A,N/A,N/A,N/A,N/A,N/A,N/A,N/A,N/A,N/A,N/A,N/A,N/A,N/A,
Jack Allen,Male,white,,,No,No,Tennessee,8/1/24,Representative,3,,17918,100.00%,Won,N/A,N/A,N/A,N/A,N/A,N/A,N/A,N/A,N/A,N/A,N/A,N/A,N/A,N/A,N/A,
Victoria Isabel Broderick,Female,white,,,No,No,Tennessee,8/1/24,Representative,4,,11708,100.00%,Won,N/A,N/A,N/A,N/A,N/A,N/A,N/A,N/A,N/A,N/A,N/A,N/A,N/A,N/A,N/A,
Maryam Abolfazli,Female,middle eastern (iranian),,,No,No,Tennessee,8/1/24,Representative,5,,29242,100.00%,Won,N/A,N/A,N/A,N/A,N/A,N/A,N/A,N/A,N/A,N/A,N/A,N/A,N/A,N/A,N/A,
Lore Bergman,Female,white,,,No,No,Tennessee,8/1/24,Representative,6,,8684,42.20%,Won,N/A,N/A,N/A,N/A,N/A,N/A,N/A,N/A,N/A,N/A,N/A,N/A,N/A,N/A,N/A,
Clay Faircloth,Male,white,,,No,No,Tennessee,8/1/24,Representative,6,,7474,36.32%,Lost,N/A,N/A,N/A,N/A,N/A,N/A,N/A,N/A,N/A,N/A,N/A,N/A,N/A,N/A,N/A,
Cyril Focht,Male,white,,,No,No,Tennessee,8/1/24,Representative,6,,4422,21.49%,Lost,N/A,N/A,N/A,N/A,N/A,N/A,N/A,N/A,N/A,N/A,N/A,N/A,N/A,N/A,N/A,
Megan Barry,Female,white,,,No,No,Tennessee,8/1/24,Representative,7,,22512,100.00%,Won,N/A,N/A,N/A,N/A,N/A,N/A,N/A,N/A,N/A,N/A,N/A,N/A,N/A,N/A,N/A,
Sarah Freeman,Female,white,,,No,No,Tennessee,8/1/24,Representative,8,,5552,33.73%,Won,N/A,N/A,N/A,N/A,N/A,N/A,N/A,N/A,N/A,N/A,N/A,N/A,N/A,N/A,N/A,
Leonard Perkins,Male,black,,,No,No,Tennessee,8/1/24,Representative,8,,2160,13.12%,Lost,N/A,N/A,N/A,N/A,N/A,N/A,N/A,N/A,N/A,N/A,N/A,N/A,N/A,N/A,N/A,
Lawrence A. Pivnick,Male,white,,,No,No,Tennessee,8/1/24,Representative,8,,1279,7.77%,Lost,N/A,N/A,N/A,N/A,N/A,N/A,N/A,N/A,N/A,N/A,N/A,N/A,N/A,N/A,N/A,
Lynnette P. Williams,Female,black,,,No,No,Tennessee,8/1/24,Representative,8,,2887,17.54%,Lost,N/A,N/A,N/A,N/A,N/A,N/A,N/A,N/A,N/A,N/A,N/A,N/A,N/A,N/A,N/A,
Brenda Woods,Female,unknown,,,No,No,Tennessee,8/1/24,Representative,8,,4580,27.83%,Lost,N/A,N/A,N/A,N/A,N/A,N/A,N/A,N/A,N/A,N/A,N/A,N/A,N/A,N/A,N/A,
M. Latroy A.-Williams,Male,black,,,No,Yes,Tennessee,8/1/24,Representative,9,,1936,4.75%,Lost,N/A,N/A,N/A,N/A,N/A,N/A,N/A,N/A,N/A,N/A,N/A,N/A,N/A,No,N/A,
Steve Cohen,Male,white,,,Yes,No,Tennessee,8/1/24,Representative,9,H6TN09068,30042,73.71%,Won,N/A,N/A,N/A,N/A,N/A,N/A,N/A,N/A,N/A,N/A,N/A,N/A,N/A,Yes,N/A,
Kasandra L. Smith,Female,black,,,No,Yes,Tennessee,8/1/24,Representative,9,,1523,3.74%,Lost,N/A,N/A,N/A,N/A,N/A,N/A,N/A,N/A,N/A,N/A,N/A,N/A,N/A,No,N/A,
Corey Strong,Male,black,,,No,Yes,Tennessee,8/1/24,Representative,9,,7258,17.81%,Lost,N/A,N/A,N/A,N/A,N/A,N/A,N/A,N/A,N/A,N/A,N/A,N/A,N/A,No,N/A,
Marquita Bradshaw,Female,black,,,No,No,Tennessee,8/1/24,Senator,N/A,,44657,21.78%,Lost,N/A,N/A,N/A,N/A,N/A,N/A,N/A,N/A,N/A,N/A,N/A,N/A,N/A,N/A,N/A,
Lola Denise Brown,Female,black,,,No,No,Tennessee,8/1/24,Senator,N/A,,10027,4.89%,Lost,N/A,N/A,N/A,N/A,N/A,N/A,N/A,N/A,N/A,N/A,N/A,N/A,N/A,N/A,N/A,
Gloria Johnson,Female,white,,,No,No,Tennessee,8/1/24,Senator,N/A,,143962,70.20%,Won,N/A,N/A,N/A,N/A,N/A,N/A,N/A,N/A,N/A,N/A,N/A,N/A,N/A,N/A,N/A,
Civil Miller-Watkins,Female,black,,,No,No,Tennessee,8/1/24,Senator,N/A,,6420,3.13%,Lost,N/A,N/A,N/A,N/A,N/A,N/A,N/A,N/A,N/A,N/A,N/A,N/A,N/A,N/A,N/A,
Paul Buskirk,Male,white,,,No,No,Kansas,8/6/24,Representative,1,,15240,100.00%,Won,N/A,N/A,N/A,N/A,N/A,N/A,N/A,N/A,N/A,N/A,N/A,N/A,N/A,N/A,N/A,
Nancy Boyda,Female,white,,,No,No,Kansas,8/6/24,Representative,2,,13571,51.72%,Won,N/A,N/A,N/A,N/A,N/A,N/A,N/A,N/A,N/A,N/A,N/A,N/A,N/A,N/A,N/A,
Matt Kleinmann,Male,white,,,No,No,Kansas,8/6/24,Representative,2,,12670,48.28%,Lost,N/A,N/A,N/A,N/A,N/A,N/A,N/A,N/A,N/A,N/A,N/A,N/A,N/A,N/A,N/A,
Sharice Davids,Female,native american (ho-chunk nation),,,Yes,No,Kansas,8/6/24,Representative,3,H8KS03155,37837,100.00%,Won,N/A,N/A,N/A,Yes,N/A,N/A,N/A,N/A,N/A,N/A,Yes,Yes,Yes,Yes,N/A,
Esau Freeman,Male,white,,,No,No,Kansas,8/6/24,Representative,4,,10641,100.00%,Won,N/A,N/A,N/A,N/A,N/A,N/A,N/A,N/A,N/A,N/A,N/A,N/A,N/A,N/A,N/A,
Callie Barr,Female,white,,,No,No,Michigan,8/6/24,Representative,1,,40787,58.50%,Won,N/A,N/A,N/A,N/A,N/A,N/A,N/A,N/A,N/A,N/A,N/A,N/A,N/A,N/A,N/A,
Bob Lorinser,Male,white,,,No,No,Michigan,8/6/24,Representative,1,,28936,41.50%,Lost,N/A,N/A,N/A,N/A,N/A,N/A,N/A,N/A,N/A,N/A,N/A,N/A,N/A,N/A,N/A,
Michael Lynch,Male,white,,,No,No,Michigan,8/6/24,Representative,2,,39503,100.00%,Won,N/A,N/A,N/A,N/A,N/A,N/A,N/A,N/A,N/A,N/A,N/A,N/A,N/A,N/A,N/A,
Salim Al-Shatel,Male,middle eastern (grandson of palestinian refugee),white (czech),,No,Yes,Michigan,8/6/24,Representative,3,,6665,9.36%,Lost,N/A,N/A,N/A,No,N/A,N/A,N/A,N/A,N/A,N/A,No,No,No,No,N/A,
Hillary Scholten,Female,white,,,Yes,No,Michigan,8/6/24,Representative,3,H0MI03316,64546,90.64%,Won,N/A,N/A,N/A,Yes,N/A,N/A,N/A,N/A,N/A,N/A,Yes,Yes,Yes,Yes,N/A,
Jessica Swartz,Female,white,,,No,No,Michigan,8/6/24,Representative,4,,49169,100.00%,Won,N/A,N/A,N/A,N/A,N/A,N/A,N/A,N/A,N/A,N/A,N/A,N/A,N/A,N/A,N/A,
Libbi Urban,Female,white,,,No,No,Michigan,8/6/24,Representative,5,,36087,100.00%,Won,N/A,N/A,N/A,N/A,N/A,N/A,N/A,N/A,N/A,N/A,N/A,N/A,N/A,N/A,N/A,
Debbie Dingell,Female,white,,,Yes,No,Michigan,8/6/24,Representative,6,H4MI12079,101234,100.00%,Won,N/A,N/A,N/A,N/A,N/A,N/A,N/A,N/A,N/A,N/A,Yes,N/A,N/A,Yes,N/A,
Curtis Hertel,Male,white,,,No,No,Michigan,8/6/24,Representative,7,,72083,100.00%,Won,N/A,N/A,N/A,N/A,N/A,N/A,N/A,N/A,N/A,N/A,Yes,N/A,N/A,N/A,Yes,
Matt Collier,Male,white,,,No,No,Michigan,8/6/24,Representative,8,,21482,26.39%,Lost,N/A,N/A,N/A,No,N/A,N/A,N/A,N/A,N/A,N/A,N/A,N/A,N/A,No,No,
Kristen McDonald Rivet,Female,white,,,No,No,Michigan,8/6/24,Representative,8,,43393,53.31%,Won,N/A,N/A,N/A,Yes,N/A,N/A,N/A,N/A,N/A,N/A,N/A,N/A,N/A,Yes,Yes,
Pamela Pugh,Female,black,,,No,No,Michigan,8/6/24,Representative,8,,16525,20.30%,Lost,N/A,N/A,N/A,No,N/A,N/A,N/A,N/A,N/A,N/A,N/A,N/A,N/A,No,No,
Clinton St. Mosley,Male,white,,,No,No,Michigan,8/6/24,Representative,9,,41492,100.00%,Won,N/A,N/A,N/A,N/A,N/A,N/A,N/A,N/A,N/A,N/A,N/A,N/A,N/A,N/A,N/A,
Emily Busch,Female,white,,,No,No,Michigan,8/6/24,Representative,10,,8541,12.80%,Lost,N/A,N/A,N/A,N/A,N/A,N/A,N/A,N/A,N/A,N/A,N/A,N/A,N/A,N/A,N/A,
Carl J. Marlinga,Male,white,,,No,No,Michigan,8/6/24,Representative,10,,32561,48.81%,Won,N/A,N/A,N/A,N/A,N/A,N/A,N/A,N/A,N/A,N/A,N/A,N/A,N/A,N/A,N/A,
Tiffany Tilley,Female,black,,,No,No,Michigan,8/6/24,Representative,10,,8861,13.28%,Lost,N/A,N/A,N/A,N/A,N/A,N/A,N/A,N/A,N/A,N/A,N/A,N/A,N/A,N/A,N/A,
Diane Young,Female,white,,,No,No,Michigan,8/6/24,Representative,10,,16282,24.41%,Lost,N/A,N/A,N/A,N/A,N/A,N/A,N/A,N/A,N/A,N/A,N/A,N/A,N/A,N/A,N/A,
Ahmed Ghanim,Male,middle eastern (egyptian),,,No,Yes,Michigan,8/6/24,Representative,11,,12391,12.91%,Lost,N/A,N/A,N/A,N/A,N/A,N/A,N/A,N/A,N/A,N/A,No,No,No,N/A,N/A,
Haley Stevens,Female,white,,,Yes,No,Michigan,8/6/24,Representative,11,H8MI11254,83571,87.09%,Won,N/A,N/A,N/A,N/A,N/A,N/A,N/A,N/A,N/A,N/A,Yes,Yes,Yes,N/A,N/A,
Rashida Tlaib,Female,middle eastern (palestinian),,,Yes,No,Michigan,8/6/24,Representative,12,H8MI13250,84138,99.87%,Won,N/A,N/A,N/A,N/A,Yes,N/A,Yes,N/A,Yes,N/A,Yes,N/A,N/A,N/A,N/A,
Shakira Lynn Hawkins,Female,black,,,No,Yes,Michigan,8/6/24,Representative,13,,9171,11.30%,Lost,N/A,N/A,N/A,N/A,N/A,N/A,N/A,N/A,N/A,N/A,N/A,No,N/A,N/A,N/A,
Shri Thanedar,Male,asian (indian),,,Yes,No,Michigan,8/6/24,Representative,13,H2MI13204,44546,54.91%,Won,N/A,N/A,N/A,N/A,N/A,N/A,N/A,N/A,N/A,N/A,N/A,Yes,N/A,N/A,N/A,
Mary Waters,Female,black,,,No,Yes,Michigan,8/6/24,Representative,13,,27408,33.78%,Lost,N/A,N/A,N/A,N/A,N/A,N/A,N/A,N/A,N/A,N/A,N/A,No,N/A,N/A,N/A,
Harper Hill,Male,black,,,No,No,Michigan,8/6/24,Senator,N/A,,221053,23.67%,Lost,N/A,N/A,N/A,No,N/A,N/A,N/A,N/A,N/A,N/A,No,N/A,N/A,N/A,N/A,
Elissa Slotkin,Female,white (jewish),,,No,No,Michigan,8/6/24,Senator,N/A,,712791,76.33%,Won,N/A,N/A,N/A,Yes,N/A,N/A,N/A,N/A,N/A,N/A,Yes,N/A,N/A,N/A,N/A,
Cori Bush,Female,black,,,Yes,No,Missouri,8/6/24,Representative,1,H8MO01143,56723,45.65%,Lost,N/A,N/A,N/A,N/A,Yes,N/A,Yes,Yes,Yes,Yes,Yes,No,No,N/A,N/A,
Wesley Bell,Male,black,,,No,Yes,Missouri,8/6/24,Representative,1,,63521,51.12%,Won,N/A,N/A,N/A,N/A,No,N/A,No,N/A,No,N/A,No,Yes,Yes,N/A,N/A,
Maria N. Chappelle-Nadal,Female,black,,,No,Yes,Missouri,8/6/24,Representative,1,,3279,2.64%,Lost,N/A,N/A,N/A,N/A,No,N/A,No,N/A,No,N/A,No,No,No,N/A,N/A,
Ron Harshaw,Male,black,,,No,Yes,Missouri,8/6/24,Representative,1,,735,0.59%,Lost,N/A,N/A,N/A,N/A,No,N/A,No,N/A,No,N/A,No,No,No,N/A,N/A,
Ray Hartmann,Male,white,,,No,No,Missouri,8/6/24,Representative,2,,42605,77.74%,Won,N/A,N/A,N/A,N/A,N/A,N/A,N/A,N/A,N/A,N/A,N/A,N/A,N/A,N/A,N/A,
Chuck Summers,Male,white,,,No,No,Missouri,8/6/24,Representative,2,,12200,22.26%,Lost,N/A,N/A,N/A,N/A,N/A,N/A,N/A,N/A,N/A,N/A,N/A,N/A,N/A,N/A,N/A,
Andrew Daly,Male,white,,,No,No,Missouri,8/6/24,Representative,3,,9313,26.55%,Lost,N/A,N/A,N/A,N/A,N/A,N/A,N/A,N/A,N/A,N/A,N/A,N/A,N/A,N/A,N/A,
Bethany E. Mann,Female,white,,,No,No,Missouri,8/6/24,Representative,3,,25769,73.45%,Won,N/A,N/A,N/A,N/A,N/A,N/A,N/A,N/A,N/A,N/A,N/A,N/A,N/A,N/A,N/A,
Jeanette Cass,Female,white,,,No,No,Missouri,8/6/24,Representative,4,,16077,61.53%,Won,N/A,N/A,N/A,N/A,N/A,N/A,N/A,N/A,N/A,N/A,N/A,N/A,N/A,N/A,N/A,
Mike McCaffree,Male,white,,,No,No,Missouri,8/6/24,Representative,4,,10053,38.47%,Lost,N/A,N/A,N/A,N/A,N/A,N/A,N/A,N/A,N/A,N/A,N/A,N/A,N/A,N/A,N/A,
Emanuel Cleaver II,Male,black,,,Yes,No,Missouri,8/6/24,Representative,5,H4MO05234,65248,100.00%,Won,N/A,N/A,N/A,N/A,N/A,N/A,N/A,N/A,N/A,N/A,N/A,Yes,N/A,Yes,N/A,
Rich Gold,Male,white,,,No,No,Missouri,8/6/24,Representative,6,,7781,27.87%,Lost,N/A,N/A,N/A,N/A,N/A,N/A,N/A,N/A,N/A,N/A,N/A,N/A,N/A,N/A,N/A,
Pam May,Female,white,,,No,No,Missouri,8/6/24,Representative,6,,20135,72.13%,Won,N/A,N/A,N/A,N/A,N/A,N/A,N/A,N/A,N/A,N/A,N/A,N/A,N/A,N/A,N/A,
Missi Hesketh,Female,white,,,No,No,Missouri,8/6/24,Representative,7,,21854,100.00%,Won,N/A,N/A,N/A,N/A,N/A,N/A,N/A,N/A,N/A,N/A,N/A,N/A,N/A,N/A,N/A,
Randi McCallian,Female,white,,,No,No,Missouri,8/6/24,Representative,8,,12571,70.41%,Won,N/A,N/A,N/A,N/A,N/A,N/A,N/A,N/A,N/A,N/A,N/A,N/A,N/A,N/A,N/A,
Franklin Delano Roth II,Male,white,,,No,No,Missouri,8/6/24,Representative,8,,5283,29.59%,Lost,N/A,N/A,N/A,N/A,N/A,N/A,N/A,N/A,N/A,N/A,N/A,N/A,N/A,N/A,N/A,
Sheryl Gladney,Female,black,,,No,No,Missouri,8/6/24,Governor,N/A,,25370,6.70%,Lost,N/A,N/A,N/A,N/A,N/A,N/A,N/A,N/A,N/A,N/A,N/A,N/A,N/A,N/A,N/A,
Mike Hamra,Male,white,,,No,No,Missouri,8/6/24,Governor,N/A,,119901,31.67%,Lost,N/A,N/A,N/A,N/A,N/A,N/A,N/A,N/A,N/A,N/A,N/A,N/A,N/A,N/A,N/A,
Hollis L. Laster,Male,black,,,No,No,Missouri,8/6/24,Governor,N/A,,5990,1.58%,Lost,N/A,N/A,N/A,N/A,N/A,N/A,N/A,N/A,N/A,N/A,N/A,N/A,N/A,N/A,N/A,
Eric Morrison,Male,white,,,No,No,Missouri,8/6/24,Governor,N/A,,37084,9.80%,Lost,N/A,N/A,N/A,N/A,N/A,N/A,N/A,N/A,N/A,N/A,N/A,N/A,N/A,N/A,N/A,
Crystal Quade,Female,white,,,No,No,Missouri,8/6/24,Governor,N/A,,190228,50.25%,Won,N/A,N/A,N/A,N/A,N/A,N/A,N/A,N/A,N/A,N/A,N/A,N/A,N/A,N/A,N/A,
Mita Biswas,Female,,,,No,No,Missouri,8/6/24,Senator,N/A,,7647,2.02%,Lost,N/A,N/A,N/A,N/A,N/A,N/A,N/A,N/A,N/A,N/A,N/A,N/A,N/A,No,N/A,
December L. Harmon,Female,black,,,No,No,Missouri,8/6/24,Senator,N/A,,26804,7.09%,Lost,N/A,N/A,N/A,N/A,N/A,N/A,N/A,N/A,N/A,N/A,N/A,N/A,N/A,No,N/A,
Lucas Kunce,Male,white,,,No,No,Missouri,8/6/24,Senator,N/A,,255775,67.64%,Won,N/A,N/A,N/A,N/A,N/A,N/A,N/A,N/A,N/A,N/A,N/A,N/A,N/A,Yes,N/A,
Karla May,Female,black,,,No,No,Missouri,8/6/24,Senator,N/A,,87908,23.25%,Lost,N/A,N/A,N/A,N/A,N/A,N/A,N/A,N/A,N/A,N/A,N/A,N/A,N/A,No,N/A,
Suzan DelBene,Female,white,,,Yes,No,Washington,8/6/24,Representative,1,H0WA08046,109456,100.00%,Won,N/A,N/A,N/A,N/A,N/A,N/A,N/A,N/A,N/A,N/A,Yes,Yes,Yes,Yes,N/A,
Josh Binda,Male,black,,,No,Yes,Washington,8/6/24,Representative,2,,10497,7.83%,Lost,N/A,N/A,N/A,N/A,N/A,N/A,N/A,N/A,N/A,N/A,N/A,No,N/A,N/A,N/A,
Devin Hermanson,Male,unknown,,,No,Yes,Washington,8/6/24,Representative,2,,9578,7.15%,Lost,N/A,N/A,N/A,N/A,N/A,N/A,N/A,N/A,N/A,N/A,N/A,No,N/A,N/A,N/A,
Rick Larsen,Male,white,,,Yes,No,Washington,8/6/24,Representative,2,H0WA02080,106276,79.29%,Won,N/A,N/A,N/A,N/A,N/A,N/A,N/A,N/A,N/A,N/A,N/A,Yes,N/A,N/A,N/A,
Edwin Stickle,Male,white,,,No,Yes,Washington,8/6/24,Representative,2,,7692,5.74%,Lost,N/A,N/A,N/A,N/A,N/A,N/A,N/A,N/A,N/A,N/A,N/A,No,N/A,N/A,N/A,
Marie Gluesenkamp Perez,Female,hispanic,,,Yes,No,Washington,8/6/24,Representative,3,H2WA03217,97274,100.00%,Won,N/A,N/A,N/A,Yes,N/A,N/A,N/A,N/A,N/A,N/A,N/A,Yes,Yes,N/A,N/A,
Mary Baechler,Female,native american (yakama),,,No,No,Washington,8/6/24,Representative,4,,22353,62.12%,Lost,N/A,N/A,N/A,N/A,N/A,N/A,N/A,N/A,N/A,N/A,N/A,N/A,N/A,N/A,N/A,
Barry Knowles,Male,white,,,No,No,Washington,8/6/24,Representative,4,,3329,9.25%,Lost,N/A,N/A,N/A,N/A,N/A,N/A,N/A,N/A,N/A,N/A,N/A,N/A,N/A,N/A,N/A,
John Malan,Male,unknown,,,No,No,Washington,8/6/24,Representative,4,,711,1.98%,Lost,N/A,N/A,N/A,N/A,N/A,N/A,N/A,N/A,N/A,N/A,N/A,N/A,N/A,N/A,N/A,Party: MAGA Democrat
"""Birdie"" Jane Muchlinski",Female,white,,,No,No,Washington,8/6/24,Representative,4,,9593,26.66%,Lost,N/A,N/A,N/A,N/A,N/A,N/A,N/A,N/A,N/A,N/A,N/A,N/A,N/A,N/A,N/A,
Bernadine Bank,Female,white,,,No,No,Washington,8/6/24,Representative,5,,24111,30.46%,Lost,N/A,N/A,N/A,N/A,N/A,N/A,N/A,N/A,N/A,N/A,N/A,N/A,N/A,N/A,N/A,
Bobbi Bennett-Wolcott,Female,white,,,No,No,Washington,8/6/24,Representative,5,,2336,2.95%,Lost,N/A,N/A,N/A,N/A,N/A,N/A,N/A,N/A,N/A,N/A,N/A,N/A,N/A,N/A,N/A,
Carmela Conroy,Female,white,,,No,No,Washington,8/6/24,Representative,5,,37227,47.03%,Won,N/A,N/A,N/A,N/A,N/A,N/A,N/A,N/A,N/A,N/A,N/A,N/A,N/A,N/A,N/A,
Ann Marie Danimus,Female,white,,,No,No,Washington,8/6/24,Representative,5,,11306,14.28%,Lost,N/A,N/A,N/A,N/A,N/A,N/A,N/A,N/A,N/A,N/A,N/A,N/A,N/A,N/A,N/A,
Matthew Welde,Male,white,,,No,No,Washington,8/6/24,Representative,5,,4183,5.28%,Lost,N/A,N/A,N/A,N/A,N/A,N/A,N/A,N/A,N/A,N/A,N/A,N/A,N/A,N/A,N/A,
Hilary Franz,Female,white,,,No,No,Washington,8/6/24,Representative,6,,57824,41.88%,Lost,N/A,N/A,N/A,N/A,N/A,N/A,N/A,N/A,N/A,N/A,N/A,N/A,N/A,N/A,N/A,
Emily Randall,Female,hispanic,,,No,No,Washington,8/6/24,Representative,6,,80249,58.12%,Won,N/A,N/A,N/A,N/A,N/A,N/A,N/A,N/A,N/A,N/A,N/A,N/A,N/A,N/A,N/A,
Liz Hallock,Female,white,,,No,Yes,Washington,8/6/24,Representative,7,,16494,8.66%,Lost,N/A,N/A,N/A,N/A,No,N/A,N/A,N/A,N/A,No,No,N/A,N/A,No,N/A,
Pramila Jayapal,Female,asian (indian),,,Yes,No,Washington,8/6/24,Representative,7,H6WA07458,174019,91.34%,Won,N/A,N/A,N/A,N/A,Yes,N/A,N/A,N/A,N/A,Yes,Yes,N/A,N/A,Yes,N/A,
Keith Arnold,Male,black,,,No,Yes,Washington,8/6/24,Representative,8,,2603,2.26%,Lost,N/A,N/A,N/A,No,N/A,N/A,N/A,N/A,N/A,N/A,No,No,No,No,N/A,
Kim Schrier,Female,white,,,Yes,No,Washington,8/6/24,Representative,8,H8WA08189,105069,91.33%,Won,N/A,N/A,N/A,Yes,N/A,N/A,N/A,N/A,N/A,N/A,Yes,Yes,Yes,Yes,N/A,
Imraan Siddiqi,Male,middle eastern,,,No,Yes,Washington,8/6/24,Representative,8,,7374,6.41%,Lost,N/A,N/A,N/A,No,N/A,N/A,N/A,N/A,N/A,N/A,No,No,No,No,N/A,
Melissa Chaudhry,Female,asian (indian)*,white,,No,Yes,Washington,8/6/24,Representative,9,,30229,27.74%,Made runoff,,,,N/A,N/A,N/A,N/A,N/A,N/A,N/A,N/A,No,N/A,No,N/A,
Adam Smith,Male,white,,,Yes,No,Washington,8/6/24,Representative,9,H6WA09025,78761,72.26%,Made runoff,,,,N/A,N/A,N/A,N/A,N/A,N/A,N/A,N/A,Yes,N/A,Yes,N/A,
Eric Mahaffy,Male,white,,,No,Yes,Washington,8/6/24,Representative,10,,3527,3.39%,Lost,N/A,N/A,N/A,N/A,N/A,N/A,N/A,N/A,N/A,N/A,No,No,No,N/A,N/A,
Marilyn Strickland,Female,black,,,Yes,No,Washington,8/6/24,Representative,10,H0WA10034,93942,90.42%,Won,N/A,N/A,N/A,N/A,N/A,N/A,N/A,N/A,N/A,N/A,Yes,Yes,Yes,N/A,N/A,
Desirée C. Toliver,Female,black,,,No,Yes,Washington,8/6/24,Representative,10,,6424,6.18%,Lost,N/A,N/A,N/A,N/A,N/A,N/A,N/A,N/A,N/A,N/A,No,No,No,N/A,N/A,
Bob Ferguson,Male,black,,,No,No,Washington,8/6/24,Governor,N/A,,884268,81.74%,Won,N/A,N/A,N/A,N/A,N/A,N/A,N/A,N/A,N/A,N/A,N/A,N/A,N/A,N/A,N/A,
Ricky Anthony,Male,black,,,No,No,Washington,8/6/24,Governor,N/A,,6226,0.58%,Lost,N/A,N/A,N/A,N/A,N/A,N/A,N/A,N/A,N/A,N/A,N/A,N/A,N/A,N/A,N/A,
Edward Cale IV,Male,white,,,No,No,Washington,8/6/24,Governor,N/A,,1975,0.18%,Lost,N/A,N/A,N/A,N/A,N/A,N/A,N/A,N/A,N/A,N/A,N/A,N/A,N/A,N/A,N/A,
Fred Grant,Male,white,,,No,No,Washington,8/6/24,Governor,N/A,,5503,0.51%,Lost,N/A,N/A,N/A,N/A,N/A,N/A,N/A,N/A,N/A,N/A,N/A,N/A,N/A,N/A,N/A,
Cassondra Magdalene Hanson,Female,white,,,No,No,Washington,8/6/24,Governor,N/A,,24512,2.27%,Lost,N/A,N/A,N/A,N/A,N/A,N/A,N/A,N/A,N/A,N/A,N/A,N/A,N/A,N/A,N/A,
Chaytan Inman,Male,white,,,No,No,Washington,8/6/24,Governor,N/A,,6427,0.59%,Lost,N/A,N/A,N/A,N/A,N/A,N/A,N/A,N/A,N/A,N/A,N/A,N/A,N/A,N/A,N/A,
EL'ona Kearney,Female,black,,,No,No,Washington,8/6/24,Governor,N/A,,24374,2.25%,Lost,N/A,N/A,N/A,N/A,N/A,N/A,N/A,N/A,N/A,N/A,N/A,N/A,N/A,N/A,N/A,
Mark Mullet,Male,white,,,No,No,Washington,8/6/24,Governor,N/A,,119048,11.00%,Lost,N/A,N/A,N/A,N/A,N/A,N/A,N/A,N/A,N/A,N/A,N/A,N/A,N/A,N/A,N/A,
Don L. Rivers,Male,black,,,No,No,Washington,8/6/24,Governor,N/A,,9453,0.87%,Lost,N/A,N/A,N/A,N/A,N/A,N/A,N/A,N/A,N/A,N/A,N/A,N/A,N/A,N/A,N/A,
Maria Cantwell,Female,white,,,Yes,No,Washington,8/6/24,Senator,N/A,S8WA00194,1114327,98.46%,Won,N/A,N/A,N/A,Yes,N/A,N/A,N/A,N/A,N/A,N/A,N/A,Yes,N/A,Yes,N/A,
Paul Lawrence Giesick,Male,black,,,No,Yes,Washington,8/6/24,Senator,N/A,,17433,1.54%,Lost,N/A,N/A,N/A,No,N/A,N/A,N/A,N/A,N/A,N/A,N/A,No,N/A,No,N/A,
Ed Case,Male,,,,Yes,No,Hawaii,8/10/24,Representative,1,H2HI02128,84114,92.01%,Won,N/A,N/A,N/A,N/A,N/A,N/A,N/A,N/A,N/A,N/A,N/A,Yes,N/A,N/A,N/A,
Cecil R. Hale,Male,,,,No,Yes,Hawaii,8/10/24,Representative,1,,7308,7.99%,Lost,N/A,N/A,N/A,N/A,N/A,N/A,N/A,N/A,N/A,N/A,N/A,No,N/A,N/A,N/A,
Jill N. Tokuda,Female,,,,Yes,No,Hawaii,8/10/24,Representative,2,H2HI02581,84978,100.00%,Won,N/A,N/A,N/A,N/A,N/A,N/A,N/A,N/A,N/A,N/A,N/A,N/A,N/A,Yes,N/A,
Ron Curtis,Male,,,,No,Yes,Hawaii,8/10/24,Senator,N/A,,14271,7.33%,Lost,N/A,N/A,N/A,No,N/A,N/A,N/A,N/A,N/A,N/A,No,N/A,N/A,No,N/A,
Mazie K. Hirono,Female,,,,Yes,No,Hawaii,8/10/24,Senator,N/A,S2HI00106,176131,90.47%,Won,N/A,N/A,N/A,Yes,N/A,N/A,N/A,N/A,N/A,N/A,Yes,N/A,N/A,Yes,N/A,
Clyde McClain (Mac) Lewman,Male,,,,No,Yes,Hawaii,8/10/24,Senator,N/A,,4287,2.20%,Lost,N/A,N/A,N/A,No,N/A,N/A,N/A,N/A,N/A,N/A,No,N/A,N/A,No,N/A,
John B. Larson,Male,,,,Yes,No,Connecticut,8/13/24,Representative,1,H8CT01046,1,100.00%,Won,N/A,N/A,N/A,N/A,N/A,N/A,N/A,N/A,N/A,N/A,N/A,Yes,N/A,Yes,N/A,
Joe Courtney,Male,,,,Yes,No,Connecticut,8/13/24,Representative,2,H2CT02112,1,100.00%,Won,N/A,N/A,N/A,N/A,N/A,N/A,N/A,N/A,N/A,N/A,N/A,Yes,N/A,Yes,N/A,
Rosa L. DeLauro,Female,,,,Yes,No,Connecticut,8/13/24,Representative,3,H0CT03072,1,100.00%,Won,N/A,N/A,N/A,N/A,N/A,N/A,N/A,Yes,N/A,N/A,Yes,Yes,N/A,Yes,N/A,
Jim Himes,Male,,,,Yes,No,Connecticut,8/13/24,Representative,4,H8CT04172,1,100.00%,Won,N/A,N/A,N/A,N/A,N/A,N/A,N/A,N/A,N/A,N/A,N/A,Yes,N/A,N/A,N/A,
Jahana Hayes,Female,,,,Yes,No,Connecticut,8/13/24,Representative,5,H8CT05245,1,100.00%,Won,N/A,N/A,N/A,Yes,N/A,N/A,N/A,N/A,N/A,N/A,Yes,N/A,N/A,Yes,N/A,
Christopher S. Murphy,Male,,,,Yes,No,Connecticut,8/13/24,Senator,N/A,S2CT00132,1,100.00%,Won,N/A,N/A,N/A,N/A,N/A,N/A,N/A,N/A,N/A,N/A,N/A,N/A,N/A,Yes,N/A,
Rachel Bohman,Female,,,,No,No,Minnesota,8/13/24,Representative,1,,26406,100.00%,Won,N/A,N/A,N/A,N/A,N/A,N/A,N/A,N/A,N/A,N/A,N/A,N/A,N/A,N/A,N/A,
Angie Craig,Female,,,,Yes,No,Minnesota,8/13/24,Representative,2,H6MN02131,26865,91.02%,Won,N/A,N/A,N/A,Yes,N/A,N/A,N/A,N/A,N/A,N/A,Yes,Yes,Yes,N/A,N/A,
Marc Ives,Male,,,,No,Yes,Minnesota,8/13/24,Representative,2,,2649,8.98%,Lost,N/A,N/A,N/A,No,N/A,N/A,N/A,N/A,N/A,N/A,No,No,No,N/A,N/A,
Kelly Morrison,Female,,,,No,No,Minnesota,8/13/24,Representative,3,,1,100.00%,Won,N/A,N/A,N/A,Yes,N/A,N/A,N/A,N/A,N/A,N/A,Yes,N/A,N/A,N/A,N/A,
Betty McCollum,Female,,,,Yes,No,Minnesota,8/13/24,Representative,4,H0MN04049,37530,100.00%,Won,N/A,N/A,N/A,N/A,N/A,N/A,N/A,N/A,N/A,N/A,N/A,N/A,N/A,Yes,N/A,
Ilhan Omar,Female,,,,Yes,No,Minnesota,8/13/24,Representative,5,H8MN05239,67926,56.23%,Won,N/A,N/A,N/A,N/A,Yes,N/A,Yes,Yes,Yes,Yes,N/A,N/A,N/A,N/A,N/A,
Abena A. McKenzie,Female,,,,No,Yes,Minnesota,8/13/24,Representative,5,,461,0.38%,Lost,N/A,N/A,N/A,N/A,No,N/A,No,No,No,No,N/A,N/A,N/A,N/A,N/A,
Don Samuels,Male,,,,No,Yes,Minnesota,8/13/24,Representative,5,,51839,42.91%,Lost,N/A,N/A,N/A,N/A,No,N/A,No,No,No,No,N/A,N/A,N/A,N/A,N/A,
Nate Schluter,Male,,,,No,Yes,Minnesota,8/13/24,Representative,5,,575,0.48%,Lost,N/A,N/A,N/A,N/A,No,N/A,No,No,No,No,N/A,N/A,N/A,N/A,N/A,
Jeanne Hendricks,Female,,,,No,No,Minnesota,8/13/24,Representative,6,,14895,83.81%,Won,N/A,N/A,N/A,N/A,N/A,N/A,N/A,N/A,N/A,N/A,N/A,N/A,N/A,N/A,N/A,
Austin D. Winkelman,Male,,,,No,No,Minnesota,8/13/24,Representative,6,,2878,16.19%,Lost,N/A,N/A,N/A,N/A,N/A,N/A,N/A,N/A,N/A,N/A,N/A,N/A,N/A,N/A,N/A,
AJ (John) Peters,Male,,,,No,No,Minnesota,8/13/24,Representative,7,,16828,100.00%,Won,N/A,N/A,N/A,N/A,N/A,N/A,N/A,N/A,N/A,N/A,N/A,N/A,N/A,N/A,N/A,
John Munter,Male,,,,No,no,Minnesota,8/13/24,Representative,8,,3194,9.04%,Lost,N/A,N/A,N/A,N/A,N/A,N/A,N/A,N/A,N/A,N/A,N/A,N/A,N/A,N/A,N/A,
Jen Schultz,Female,,,,No,no,Minnesota,8/13/24,Representative,8,,32149,90.96%,Won,N/A,N/A,N/A,N/A,N/A,N/A,N/A,N/A,N/A,N/A,N/A,N/A,N/A,N/A,N/A,
Steve Carlson,Male,,,,No,Yes,Minnesota,8/13/24,Senator,N/A,,9535,2.95%,Lost,N/A,N/A,N/A,No,N/A,N/A,N/A,N/A,N/A,N/A,No,No,N/A,No,N/A,
Ahmad R. Hassan,Male,,,,No,Yes,Minnesota,8/13/24,Senator,N/A,,4891,1.51%,Lost,N/A,N/A,N/A,No,N/A,N/A,N/A,N/A,N/A,N/A,No,No,N/A,No,N/A,
George H. Kalberer,Male,,,,No,Yes,Minnesota,8/13/24,Senator,N/A,,1578,0.49%,Lost,N/A,N/A,N/A,No,N/A,N/A,N/A,N/A,N/A,N/A,No,No,N/A,No,N/A,
Amy Klobuchar,Female,,,,Yes,No,Minnesota,8/13/24,Senator,N/A,S6MN00267,305055,94.29%,Won,N/A,N/A,N/A,Yes,N/A,N/A,N/A,N/A,N/A,N/A,Yes,Yes,N/A,Yes,N/A,
Ole Savior,Male,,,,No,Yes,Minnesota,8/13/24,Senator,N/A,,2478,0.77%,Lost,N/A,N/A,N/A,No,N/A,N/A,N/A,N/A,N/A,N/A,No,No,N/A,No,N/A,
Becca Balint,Female,white (jewish),,,Yes,No,Vermont,8/13/24,Representative,1,H2VT01076,47638,99.03%,Won,N/A,N/A,N/A,N/A,N/A,N/A,N/A,Yes,N/A,N/A,N/A,N/A,N/A,N/A,N/A,
Esther Charlestin,Female,black,,,No,No,Vermont,8/13/24,Governor,N/A,,24007,62.29%,Won,N/A,N/A,N/A,N/A,N/A,N/A,N/A,N/A,N/A,N/A,N/A,N/A,N/A,N/A,N/A,
Peter K. Duval,Male,white,,,No,No,Vermont,8/13/24,Governor,N/A,,9377,24.33%,Lost,N/A,N/A,N/A,N/A,N/A,N/A,N/A,N/A,N/A,N/A,N/A,N/A,N/A,N/A,N/A,
Bernie Sanders,Male,,,,Yes,No,Vermont,8/13/24,Senator,N/A,S4VT00033,48189,98.80%,Won,N/A,N/A,N/A,N/A,N/A,N/A,N/A,N/A,N/A,N/A,N/A,N/A,N/A,N/A,N/A,
Peter Barca,Male,,,,No,No,Wisconsin,8/13/24,Representative,1,,59758,99.83%,Won,N/A,N/A,N/A,N/A,N/A,N/A,N/A,N/A,N/A,N/A,N/A,N/A,N/A,N/A,Yes,
Mark Pocan,Male,,,,Yes,No,Wisconsin,8/13/24,Representative,2,H2WI02124,149581,99.79%,Won,N/A,N/A,N/A,N/A,N/A,N/A,N/A,Yes,N/A,N/A,N/A,N/A,N/A,N/A,N/A,
Rebecca Cooke,Female,,,,No,No,Wisconsin,8/13/24,Representative,3,,42316,50.51%,Won,N/A,N/A,N/A,N/A,N/A,N/A,N/A,N/A,N/A,N/A,N/A,N/A,Yes,N/A,N/A,
Katrina Shankland,Female,,,,No,No,Wisconsin,8/13/24,Representative,3,,34812,41.55%,Lost,N/A,N/A,N/A,N/A,N/A,N/A,N/A,N/A,N/A,N/A,N/A,N/A,No,N/A,N/A,
Eric Wilson,Male,,,,No,No,Wisconsin,8/13/24,Representative,3,,6624,7.91%,Lost,N/A,N/A,N/A,N/A,N/A,N/A,N/A,N/A,N/A,N/A,N/A,N/A,No,N/A,N/A,
Gwen Moore,Female,,,,Yes,No,Wisconsin,8/13/24,Representative,4,H4WI04183,85017,99.52%,Won,N/A,N/A,N/A,N/A,N/A,N/A,N/A,Yes,N/A,N/A,Yes,N/A,N/A,N/A,N/A,
Ben Steinhoff,Male,,,,No,No,Wisconsin,8/13/24,Representative,5,,57039,99.84%,Won,N/A,N/A,N/A,N/A,N/A,N/A,N/A,N/A,N/A,N/A,N/A,N/A,N/A,N/A,N/A,
John Zarbano,Male,,,,No,No,Wisconsin,8/13/24,Representative,6,,54212,99.88%,Won,N/A,N/A,N/A,N/A,N/A,N/A,N/A,N/A,N/A,N/A,N/A,N/A,N/A,N/A,N/A,
Elsa Rae Duranceau,Female,,,,No,No,Wisconsin,8/13/24,Representative,7,,23795,41.91%,Lost,N/A,N/A,N/A,N/A,N/A,N/A,N/A,N/A,N/A,N/A,N/A,N/A,N/A,N/A,N/A,
Kyle Kilbourn,Male,,,,No,No,Wisconsin,8/13/24,Representative,7,,32917,57.98%,Won,N/A,N/A,N/A,N/A,N/A,N/A,N/A,N/A,N/A,N/A,N/A,N/A,N/A,N/A,N/A,
Kristin Lyerly,Female,,,,No,No,Wisconsin,8/13/24,Representative,8,,56469,99.96%,Won,N/A,N/A,N/A,N/A,N/A,N/A,N/A,N/A,N/A,N/A,Yes,N/A,N/A,N/A,N/A,
Tammy Baldwin,Female,,,,Yes,No,Wisconsin,8/13/24,Senator,N/A,S2WI00219,639049,99.81%,Won,N/A,N/A,N/A,Yes,N/A,N/A,N/A,N/A,N/A,N/A,Yes,N/A,N/A,N/A,N/A,
Eric Hafner,Male,white,,,No,Yes,Alaska,8/20/24,Representative,1,,467,0.84%,Lost,N/A,N/A,N/A,No,N/A,N/A,N/A,N/A,N/A,N/A,No,No,No,N/A,N/A,
Mary S. Peltola,Female,alaskan indigenous (yup'ik),,,Yes,No,Alaska,8/20/24,Representative,1,H2AK01158,55166,99.16%,Won,N/A,N/A,N/A,Yes,N/A,N/A,N/A,N/A,N/A,N/A,Yes,Yes,Yes,N/A,N/A,
Gay Valimont,Female,white,,,No,No,Florida,8/20/24,Representative,1,,1,100.00%,Won,N/A,N/A,N/A,N/A,N/A,N/A,N/A,N/A,N/A,N/A,N/A,N/A,N/A,N/A,N/A,
Yen Bailey,Female,,,,No,No,Florida,8/20/24,Representative,2,,1,100.00%,Won,N/A,N/A,N/A,N/A,N/A,N/A,N/A,N/A,N/A,N/A,N/A,N/A,N/A,N/A,N/A,
Tom Wells,Male,white,,,No,No,Florida,8/20/24,Representative,3,,1,100.00%,Won,N/A,N/A,N/A,N/A,N/A,N/A,N/A,N/A,N/A,N/A,N/A,N/A,N/A,N/A,N/A,
"LaShonda ""L.J."" Holloway",Female,black,,,No,No,Florida,8/20/24,Representative,4,,1,100.00%,Won,N/A,N/A,N/A,N/A,N/A,N/A,N/A,N/A,N/A,N/A,N/A,N/A,N/A,N/A,N/A,
Jay McGovern,Male,white,,,No,No,Florida,8/20/24,Representative,5,,1,100.00%,Won,N/A,N/A,N/A,N/A,N/A,N/A,N/A,N/A,N/A,N/A,N/A,N/A,N/A,N/A,N/A,
James David Stockton III,Male,black,,,No,No,Florida,8/20/24,Representative,6,,1,100.00%,Won,N/A,N/A,N/A,N/A,N/A,N/A,N/A,N/A,N/A,N/A,N/A,N/A,N/A,N/A,N/A,
Jennifer Adams,Female,white,,,No,No,Florida,8/20/24,Representative,7,,23191,62.65%,Won,N/A,N/A,N/A,N/A,N/A,N/A,N/A,N/A,N/A,N/A,N/A,N/A,N/A,N/A,N/A,
Tatiana Fernandez,Female,hispanic,,,No,No,Florida,8/20/24,Representative,7,,5982,16.16%,Lost,N/A,N/A,N/A,N/A,N/A,N/A,N/A,N/A,N/A,N/A,N/A,N/A,N/A,N/A,N/A,
Allek Pastrana,Male,hispanic,,,No,No,Florida,8/20/24,Representative,7,,7844,21.19%,Lost,N/A,N/A,N/A,N/A,N/A,N/A,N/A,N/A,N/A,N/A,N/A,N/A,N/A,N/A,N/A,
Sandy Kennedy,Female,white,,,No,No,Florida,8/20/24,Representative,8,,24701,60.69%,Won,N/A,N/A,N/A,N/A,N/A,N/A,N/A,N/A,N/A,N/A,N/A,N/A,N/A,N/A,N/A,
Daniel McDow,Male,white,,,No,No,Florida,8/20/24,Representative,8,,15999,39.31%,Lost,N/A,N/A,N/A,N/A,N/A,N/A,N/A,N/A,N/A,N/A,N/A,N/A,N/A,N/A,N/A,
Darren Soto,Male,white,,,Yes,No,Florida,8/20/24,Representative,9,H6FL09179,1,100.00%,Won,N/A,N/A,N/A,N/A,N/A,N/A,N/A,N/A,N/A,N/A,N/A,Yes,Yes,N/A,N/A,
Wade Darius,Male,black,,,No,Yes,Florida,8/20/24,Representative,10,,5106,12.57%,Lost,N/A,N/A,N/A,N/A,N/A,N/A,N/A,N/A,N/A,N/A,N/A,N/A,N/A,N/A,N/A,
Maxwell Alejandro Frost,Male,middle eastern (lebanese),hispanic (argentine),,Yes,No,Florida,8/20/24,Representative,10,H2FL10259,33208,81.77%,Won,N/A,N/A,N/A,N/A,N/A,N/A,N/A,N/A,N/A,N/A,N/A,N/A,N/A,N/A,N/A,
"V. ""Issa"" White",Male,black,,,No,Yes,Florida,8/20/24,Representative,10,,2295,5.65%,Lost,N/A,N/A,N/A,N/A,N/A,N/A,N/A,N/A,N/A,N/A,N/A,N/A,N/A,N/A,N/A,
Barbie Harden Hall,Female,white,,,No,No,Florida,8/20/24,Representative,11,,1,100.00%,Won,N/A,N/A,N/A,N/A,N/A,N/A,N/A,N/A,N/A,N/A,N/A,N/A,N/A,N/A,N/A,
Rock Aboujaoude Jr.,Male,hispanic,,,No,No,Florida,8/20/24,Representative,12,,1,100.00%,Won,N/A,N/A,N/A,N/A,N/A,N/A,N/A,N/A,N/A,N/A,N/A,N/A,N/A,N/A,N/A,
Sabrina Bousbar,Female,hispanic,,,No,No,Florida,8/20/24,Representative,13,,8929,17.43%,Lost,N/A,N/A,N/A,No,N/A,N/A,N/A,N/A,N/A,N/A,N/A,N/A,N/A,N/A,N/A,
Liz Dahan,Female,hispanic,,,No,No,Florida,8/20/24,Representative,13,,6904,13.48%,Lost,N/A,N/A,N/A,No,N/A,N/A,N/A,N/A,N/A,N/A,N/A,N/A,N/A,N/A,N/A,
Whitney Fox,Female,,,,No,No,Florida,8/20/24,Representative,13,,29678,57.94%,Won,N/A,N/A,N/A,Yes,N/A,N/A,N/A,N/A,N/A,N/A,N/A,N/A,N/A,N/A,N/A,
John William Liccione,Male,white,,,No,No,Florida,8/20/24,Representative,13,,2013,3.93%,Lost,N/A,N/A,N/A,No,N/A,N/A,N/A,N/A,N/A,N/A,N/A,N/A,N/A,N/A,N/A,
Mark Weinkrantz,Male,white (jewish),,,No,No,Florida,8/20/24,Representative,13,,3697,7.22%,Lost,N/A,N/A,N/A,No,N/A,N/A,N/A,N/A,N/A,N/A,N/A,N/A,N/A,N/A,N/A,
Kathy Castor,Female,white,,,Yes,No,Florida,8/20/24,Representative,14,H6FL11126,1,100.00%,Won,N/A,N/A,N/A,N/A,N/A,N/A,N/A,N/A,N/A,N/A,N/A,Yes,Yes,N/A,N/A,
"Patricia ""Pat"" Kemp",Female,white,,,No,No,Florida,8/20/24,Representative,15,,1,100.00%,Won,N/A,N/A,N/A,N/A,N/A,N/A,N/A,N/A,N/A,N/A,N/A,N/A,N/A,N/A,N/A,
Trent Miller,Male,white,,,No,No,Florida,8/20/24,Representative,16,,12395,34.34%,Lost,N/A,N/A,N/A,N/A,N/A,N/A,N/A,N/A,N/A,N/A,N/A,N/A,N/A,N/A,N/A,
Jan Schneider,Female,white,,,No,No,Florida,8/20/24,Representative,16,,23701,65.66%,Won,N/A,N/A,N/A,N/A,N/A,N/A,N/A,N/A,N/A,N/A,N/A,N/A,N/A,N/A,N/A,
Manny Lopez,Male,hispanic,,,No,No,Florida,8/20/24,Representative,17,,25017,52.93%,Won,N/A,N/A,N/A,N/A,N/A,N/A,N/A,N/A,N/A,N/A,N/A,N/A,N/A,N/A,N/A,
Matthew Montavon,Male,white,,,No,No,Florida,8/20/24,Representative,17,,22244,47.07%,Lost,N/A,N/A,N/A,N/A,N/A,N/A,N/A,N/A,N/A,N/A,N/A,N/A,N/A,N/A,N/A,
Peter A. Braunston,Male,white,,,No,No,Florida,8/20/24,Representative,18,,8291,33.07%,Lost,N/A,N/A,N/A,N/A,N/A,N/A,N/A,N/A,N/A,N/A,N/A,N/A,N/A,N/A,N/A,
Andrea Doria Kale,Female,white,,,No,No,Florida,8/20/24,Representative,18,,16778,66.93%,Won,N/A,N/A,N/A,N/A,N/A,N/A,N/A,N/A,N/A,N/A,N/A,N/A,N/A,N/A,N/A,
Kari L. Lerner,Female,white,,,No,No,Florida,8/20/24,Representative,19,,1,100.00%,Won,N/A,N/A,N/A,N/A,N/A,N/A,N/A,N/A,N/A,N/A,N/A,N/A,N/A,N/A,N/A,
Sheila Cherfilus-McCormick,Female,black,,,Yes,No,Florida,8/20/24,Representative,20,H8FL20032,1,100.00%,Won,N/A,N/A,N/A,N/A,N/A,N/A,N/A,N/A,N/A,N/A,N/A,Yes,Yes,N/A,N/A,
Thomas Wiktop,Male,white,,,No,No,Florida,8/20/24,Representative,21,,1,100.00%,Won,N/A,N/A,N/A,N/A,N/A,N/A,N/A,N/A,N/A,N/A,N/A,N/A,N/A,N/A,N/A,
Lois Frankel,Female,white (jewish),,,Yes,No,Florida,8/20/24,Representative,22,H2FL14053,1,100.00%,Won,N/A,N/A,N/A,N/A,N/A,N/A,N/A,N/A,N/A,N/A,Yes,Yes,Yes,N/A,N/A,
Jared Moskowitz,Male,white,,,Yes,No,Florida,8/20/24,Representative,23,H2FL22171,1,100.00%,Won,N/A,N/A,N/A,N/A,N/A,N/A,N/A,N/A,N/A,N/A,N/A,Yes,Yes,N/A,N/A,
Frederica Wilson,Female,black,,,Yes,No,Florida,8/20/24,Representative,24,H0FL17068,1,100.00%,Won,N/A,N/A,N/A,N/A,N/A,N/A,N/A,N/A,N/A,N/A,N/A,Yes,Yes,N/A,N/A,
"Jennifer ""Jen"" Perelman",Female,white,,,No,Yes,Florida,8/20/24,Representative,25,,7349,16.77%,Lost,N/A,N/A,N/A,N/A,N/A,N/A,N/A,N/A,N/A,N/A,N/A,No,No,N/A,N/A,
Debbie Wasserman Schultz,Female,white,,,Yes,No,Florida,8/20/24,Representative,25,H4FL20023,36479,83.23%,Won,N/A,N/A,N/A,N/A,N/A,N/A,N/A,N/A,N/A,N/A,N/A,Yes,Yes,N/A,N/A,
Joey Atkins,Male,unknown...ambigious (italian or hispanic...seemingly not white),,,No,No,Florida,8/20/24,Representative,26,,1,100.00%,Won,N/A,N/A,N/A,N/A,N/A,N/A,N/A,N/A,N/A,N/A,N/A,N/A,N/A,N/A,N/A,
Lucia Baez-Geller,Female,hispanic (columbian and cuban),,,No,No,Florida,8/20/24,Representative,27,,18591,54.16%,Won,N/A,N/A,N/A,Yes,N/A,N/A,N/A,N/A,N/A,N/A,Yes,N/A,N/A,N/A,N/A,
Mike Davey,Male,white,,,No,No,Florida,8/20/24,Representative,27,,15738,45.84%,Lost,N/A,N/A,N/A,No,N/A,N/A,N/A,N/A,N/A,N/A,No,N/A,N/A,N/A,N/A,
Phil Ehr,Male,white,,,No,No,Florida,8/20/24,Representative,28,,1,100.00%,Won,N/A,N/A,N/A,N/A,N/A,N/A,N/A,N/A,N/A,N/A,N/A,N/A,N/A,N/A,N/A,
Stanley Campbell,Male,black,,,No,No,Florida,8/20/24,Senator,N/A,,213777,19.59%,Lost,N/A,N/A,N/A,No,N/A,N/A,N/A,N/A,N/A,N/A,No,N/A,N/A,N/A,N/A,
Rod Joseph,Male,black,,,No,No,Florida,8/20/24,Senator,N/A,,56961,5.22%,Lost,N/A,N/A,N/A,No,N/A,N/A,N/A,N/A,N/A,N/A,No,N/A,N/A,N/A,N/A,
Debbie Mucarsel-Powell,Female,white,,,No,No,Florida,8/20/24,Senator,N/A,,747397,68.50%,Won,N/A,N/A,N/A,Yes,N/A,N/A,N/A,N/A,N/A,N/A,Yes,N/A,N/A,Yes,N/A,
Brian Rush,Male,white,,,No,No,Florida,8/20/24,Senator,N/A,,73013,6.69%,Lost,N/A,N/A,N/A,No,N/A,N/A,N/A,N/A,N/A,N/A,No,N/A,N/A,N/A,N/A,
Kyle G. Cameron,Female,white,,,No,No,Wyoming,8/20/24,Representative,1,,10047,98.65%,Won,N/A,N/A,N/A,N/A,N/A,N/A,N/A,N/A,N/A,N/A,N/A,N/A,N/A,N/A,N/A,
Scott D. Morrow,Male,white,,,No,No,Wyoming,8/20/24,Senator,N/A,,10088,98.27%,Won,N/A,N/A,N/A,N/A,N/A,N/A,N/A,N/A,N/A,N/A,N/A,N/A,N/A,N/A,N/A,
Richard E. Neal,Male,,,,Yes,No,Massachusetts,9/3/24,Representative,1,H8MA02041,56364,99.07%,Won,N/A,N/A,N/A,N/A,N/A,N/A,N/A,N/A,N/A,N/A,N/A,Yes,Yes,Yes,N/A,
James P. McGovern,Male,,,,Yes,No,Massachusetts,9/3/24,Representative,2,H4MA03022,56343,99.60%,Won,N/A,N/A,N/A,N/A,N/A,N/A,N/A,Yes,N/A,N/A,N/A,N/A,N/A,Yes,N/A,
Lori Loureiro Trahan,Female,,,,Yes,No,Massachusetts,9/3/24,Representative,3,H8MA03106,54612,99.35%,Won,N/A,N/A,N/A,N/A,N/A,N/A,N/A,Yes,N/A,N/A,N/A,N/A,N/A,Yes,N/A,
Jake Auchincloss,Male,,,,Yes,No,Massachusetts,9/3/24,Representative,4,H0MA04192,64238,98.86%,Won,N/A,N/A,N/A,N/A,N/A,N/A,N/A,N/A,N/A,N/A,N/A,Yes,Yes,N/A,N/A,
Katherine M. Clark,Female,,,,Yes,No,Massachusetts,9/3/24,Representative,5,H4MA05084,76806,99.21%,Won,N/A,N/A,N/A,N/A,N/A,N/A,N/A,N/A,N/A,N/A,Yes,Yes,Yes,Yes,N/A,
Seth Moulton,Male,,,,Yes,No,Massachusetts,9/3/24,Representative,6,H4MA06090,62986,99.38%,Won,N/A,N/A,N/A,N/A,N/A,N/A,N/A,N/A,N/A,N/A,N/A,Yes,N/A,Yes,N/A,
Ayanna S. Pressley,Female,,,,Yes,No,Massachusetts,9/3/24,Representative,7,H8MA07032,57172,98.25%,Won,N/A,N/A,N/A,N/A,Yes,N/A,N/A,Yes,Yes,N/A,Yes,N/A,N/A,N/A,N/A,
Stephen F. Lynch,Male,,,,Yes,No,Massachusetts,9/3/24,Representative,8,H2MA09072,64761,98.69%,Won,N/A,N/A,N/A,N/A,N/A,N/A,N/A,N/A,N/A,N/A,N/A,N/A,N/A,Yes,N/A,
Bill Keating,Male,,,,Yes,No,Massachusetts,9/3/24,Representative,9,H0MA10082,71814,99.62%,Won,N/A,N/A,N/A,N/A,N/A,N/A,N/A,N/A,N/A,N/A,N/A,Yes,N/A,Yes,N/A,
Elizabeth Ann Warren,Female,,,,Yes,No,Massachusetts,9/3/24,Senator,N/A,S2MA00170,562709,98.58%,Won,N/A,N/A,N/A,Yes,N/A,N/A,Yes,N/A,N/A,N/A,Yes,N/A,N/A,Yes,N/A,
Earl Cooper,Male,,,,No,No,Delaware,9/10/24,Representative,1,,13557,16.22%,Lost,N/A,N/A,N/A,No,N/A,N/A,N/A,No,N/A,N/A,No,No,N/A,No,N/A,
Sarah McBride,Female,,,,No,No,Delaware,9/10/24,Representative,1,,66764,79.85%,Won,N/A,N/A,N/A,Yes,N/A,N/A,N/A,Yes,N/A,N/A,Yes,Yes,N/A,Yes,N/A,
Elias Weir,Male,,,,No,No,Delaware,9/10/24,Representative,1,,3286,3.93%,Lost,N/A,N/A,N/A,No,N/A,N/A,N/A,No,N/A,N/A,No,No,N/A,No,N/A,
Collin O'Mara,Male,,,,No,No,Delaware,9/10/24,Governor,N/A,,14142,16.40%,Lost,N/A,N/A,N/A,N/A,N/A,N/A,Yes,N/A,N/A,N/A,N/A,N/A,N/A,N/A,N/A,
Bethany Hall-Long,Female,,,,No,No,Delaware,9/10/24,Governor,N/A,,31588,36.62%,Lost,N/A,N/A,N/A,N/A,N/A,N/A,No,N/A,N/A,N/A,N/A,N/A,N/A,N/A,N/A,
Matt Meyer,Male,,,,No,No,Delaware,9/10/24,Governor,N/A,,40518,46.98%,Won,N/A,N/A,N/A,N/A,N/A,N/A,No,N/A,N/A,N/A,N/A,N/A,N/A,N/A,N/A,
Lisa Blunt Rochester,Female,,,,No,No,Delaware,9/10/24,Senator,N/A,,1,100.00%,Won,N/A,N/A,N/A,Yes,N/A,N/A,N/A,N/A,N/A,N/A,Yes,N/A,N/A,Yes,N/A,
Chris Pappas,Male,,,,Yes,No,New Hampshire,9/10/24,Representative,1,H8NH01210,54950,94.84%,Won,N/A,N/A,N/A,N/A,N/A,N/A,N/A,N/A,N/A,N/A,Yes,Yes,Yes,N/A,N/A,
Kevin Rondeau,Male,,,,No,Yes,New Hampshire,9/10/24,Representative,1,,2783,4.80%,Lost,N/A,N/A,N/A,N/A,N/A,N/A,N/A,N/A,N/A,N/A,No,No,No,N/A,N/A,
Maggie Goodlander,Female,,,,No,No,New Hampshire,9/10/24,Representative,2,,42960,63.82%,Won,N/A,N/A,N/A,Yes,N/A,N/A,N/A,N/A,N/A,N/A,N/A,N/A,N/A,N/A,N/A,
Colin Van Ostern,Male,,,,No,No,New Hampshire,9/10/24,Representative,2,,24190,35.94%,Lost,N/A,N/A,N/A,No,N/A,N/A,N/A,N/A,N/A,N/A,N/A,N/A,N/A,N/A,N/A,
Joyce Craig,Female,,,,No,No,New Hampshire,9/10/24,Governor,N/A,,60104,47.93%,Won,N/A,N/A,N/A,N/A,N/A,N/A,N/A,N/A,N/A,N/A,N/A,N/A,N/A,N/A,N/A,
Jon Kiper,Male,,,,No,No,New Hampshire,9/10/24,Governor,N/A,,11789,9.40%,Lost,N/A,N/A,N/A,N/A,N/A,N/A,N/A,N/A,N/A,N/A,N/A,N/A,N/A,N/A,N/A,
Cinde Warmington,Female,,,,No,No,New Hampshire,9/10/24,Governor,N/A,,52420,41.81%,Lost,N/A,N/A,N/A,N/A,N/A,N/A,N/A,N/A,N/A,N/A,N/A,N/A,N/A,N/A,N/A,
Gabe Amo,Male,,,,Yes,No,Rhode Island,9/10/24,Representative,1,H4RI01265,26696,100.00%,Won,N/A,N/A,N/A,N/A,N/A,N/A,N/A,N/A,N/A,N/A,N/A,Yes,Yes,Yes,N/A,
Seth Magaziner,Male,,,,Yes,No,Rhode Island,9/10/24,Representative,2,H2RI02184,25157,100.00%,Won,N/A,N/A,N/A,N/A,N/A,N/A,N/A,N/A,N/A,N/A,Yes,Yes,Yes,Yes,N/A,
Michael J. Costa,Male,,,,No,Yes,Rhode Island,9/10/24,Senator,N/A,,9572,16.23%,Lost,N/A,N/A,N/A,N/A,N/A,N/A,N/A,N/A,N/A,N/A,No,No,N/A,No,N/A,
Sheldon Whitehouse,Male,,,,Yes,No,Rhode Island,9/10/24,Senator,N/A,S6RI00221,49401,83.77%,Won,N/A,N/A,N/A,N/A,N/A,N/A,N/A,N/A,N/A,N/A,Yes,Yes,N/A,Yes,N/A,
Mel Manuel,,,,,No,No,Louisiana,11/5/24,Representative,1,,,,,,,,,,,,,,,,,,,,
Troy A. Carter Sr.,,,,,Yes,No,Louisiana,11/5/24,Representative,2,H2LA02149,,,,,,,,,,,,,,,,,,,
Devin Davis,,,,,No,Yes,Louisiana,11/5/24,Representative,2,,,,,,,,,,,,,,,,,,,,
Priscilla Gonzalez,,,,,No,No,Louisiana,11/5/24,Representative,3,,,,,,,,,,,,,,,,,,,,
Sadi Summerlin,,,,,No,No,Louisiana,11/5/24,Representative,3,,,,,,,,,,,,,,,,,,,,
Michael Vallien Jr.,,,,,No,No,Louisiana,11/5/24,Representative,5,,,,,,,,,,,,,,,,,,,,
Quentin Anthony Anderson,,,,,No,No,Louisiana,11/5/24,Representative,6,,,,,,,,,,,,,,,,,,,,
Cleo Fields,,,,,No,No,Louisiana,11/5/24,Representative,6,,,,,,,,,,,,,,,,,,,,
Wilken Jones Jr.,,,,,No,No,Louisiana,11/5/24,Representative,6,,,,,,,,,,,,,,,,,,,,
Peter Williams,,,,,No,No,Louisiana,11/5/24,Representative,6,,,,,,,,,,,,,,,,,,,,